"time","circ1.bats[1].v","circ1.bats[2].v","circ1.bats[3].v","circ1.bats[1].vr","circ1.bats[2].vr","circ1.bats[3].vr","circ1.gnd.p.i","circ1.gnd.p.v","circ1.r_load.i","circ1.r_load.r_int","circ1.r_load.v","circ1.s[1].i","circ1.s[2].i","circ1.s[3].i","circ1.s[1].r_int","circ1.s[2].r_int","circ1.s[3].r_int","circ1.s[1].v","circ1.s[2].v","circ1.s[3].v","circ1.target_v","circ1.tolerance","circ1.r_load.percentage","circ1.bat_num","circ1.bats[1].state","circ1.bats[2].state","circ1.bats[3].state","circ1.r_load.state","circ1.s[1].mode","circ1.s[2].mode","circ1.s[3].mode","circ1.s[1].state","circ1.s[2].state","circ1.s[3].state","on","circ1.bats[1].i","circ1.bats[2].i","circ1.bats[3].i","circ1.bats[1].m.i","circ1.bats[2].m.i","circ1.bats[3].m.i","circ1.bats[1].m.v","circ1.bats[2].m.v","circ1.bats[3].m.v","circ1.bats[1].p.i","circ1.bats[2].p.i","circ1.bats[3].p.i","circ1.bats[1].p.v","circ1.bats[2].p.v","circ1.bats[3].p.v","circ1.r_load.m.i","circ1.r_load.m.v","circ1.r_load.p.i","circ1.r_load.p.v","circ1.s[1].m.i","circ1.s[2].m.i","circ1.s[3].m.i","circ1.s[1].m.v","circ1.s[2].m.v","circ1.s[3].m.v","circ1.s[1].p.i","circ1.s[2].p.i","circ1.s[3].p.i","circ1.s[1].p.v","circ1.s[2].p.v","circ1.s[3].p.v"
0,83.33333611113815,99.99999833333376,99.99999833333378,-16.66666388886186,-1.666666222236228e-06,-1.66666622223623e-06,0,0,0.166666672221943,500,83.33333611097149,0.1666666388886185,1.666666222236228e-08,1.66666622223623e-08,1e-09,1000000000,1000000000,1.666666388886186e-10,16.66666222236228,16.6666622223623,60,0.9,100,3,1,1,1,1,2,1,1,1,1,1,1,-0.1666666388886185,-1.666666222236228e-08,-1.66666622223623e-08,0.1666666388886185,1.666666222236228e-08,1.66666622223623e-08,-83.33333611097149,-83.33333611097149,-83.33333611097149,-0.1666666388886185,-1.666666222236228e-08,-1.66666622223623e-08,1.666666388886186e-10,16.66666222236228,16.6666622223623,-0.166666672221943,-83.33333611097149,0.166666672221943,0,-0.1666666388886185,-1.666666222236228e-08,-1.66666622223623e-08,0,0,0,0.1666666388886185,1.666666222236228e-08,1.66666622223623e-08,1.666666388886186e-10,16.66666222236228,16.6666622223623
1.004082150757313e-10,83.33333611113815,99.99999833333379,99.99999833333378,-16.66666388886186,-1.66666622223623e-06,-1.66666622223623e-06,0,0,0.166666672221943,500,83.33333611097149,0.1666666388886185,1.66666622223623e-08,1.66666622223623e-08,1e-09,1000000000,1000000000,1.666666388886186e-10,16.6666622223623,16.6666622223623,60,0.9,100,3,1,1,1,1,2,1,1,1,1,1,1,-0.1666666388886185,-1.66666622223623e-08,-1.66666622223623e-08,0.1666666388886185,1.66666622223623e-08,1.66666622223623e-08,-83.33333611097149,-83.33333611097149,-83.33333611097149,-0.1666666388886185,-1.66666622223623e-08,-1.66666622223623e-08,1.666666388886186e-10,16.6666622223623,16.6666622223623,-0.166666672221943,-83.33333611097149,0.166666672221943,0,-0.1666666388886185,-1.66666622223623e-08,-1.66666622223623e-08,0,0,0,0.1666666388886185,1.66666622223623e-08,1.66666622223623e-08,1.666666388886186e-10,16.6666622223623,16.6666622223623
1.004082150757313e-10,60.00000000016,60.00000000016,60.00000000016,-39.99999999984001,-39.99999999984001,-39.99999999984,0,0,1.1999999999952,50,59.99999999976,0.3999999999984001,0.3999999999984001,0.3999999999984,1e-09,1e-09,1e-09,3.999999999984001e-10,3.999999999984001e-10,3.999999999984e-10,60,0.9,10,3,1,1,1,1,2,2,2,1,1,1,3,-0.3999999999984001,-0.3999999999984001,-0.3999999999984,0.3999999999984001,0.3999999999984001,0.3999999999984,-59.99999999976,-59.99999999976,-59.99999999976,-0.3999999999984001,-0.3999999999984001,-0.3999999999984,3.999999999984001e-10,3.999999999984001e-10,3.999999999984e-10,-1.1999999999952,-59.99999999976,1.1999999999952,0,-0.3999999999984001,-0.3999999999984001,-0.3999999999984,0,0,0,0.3999999999984001,0.3999999999984001,0.3999999999984,3.999999999984001e-10,3.999999999984001e-10,3.999999999984e-10
0.1,60.00000000016,60.00000000016,60.00000000016,-39.99999999984,-39.99999999984,-39.99999999984,-5.551115123125783e-17,0,1.1999999999952,50,59.99999999976,0.3999999999984,0.3999999999984,0.3999999999984,1e-09,1e-09,1e-09,3.999999999984e-10,3.999999999984e-10,3.999999999984e-10,60,0.9,10,3,1,1,1,1,2,2,2,1,1,1,3,-0.3999999999984,-0.3999999999984,-0.3999999999984,0.3999999999984,0.3999999999984,0.3999999999984,-59.99999999976,-59.99999999976,-59.99999999976,-0.3999999999984,-0.3999999999984,-0.3999999999984,3.999999999984e-10,3.999999999984e-10,3.999999999984e-10,-1.1999999999952,-59.99999999976,1.1999999999952,0,-0.3999999999984,-0.3999999999984,-0.3999999999984,0,0,0,0.3999999999984,0.3999999999984,0.3999999999984,3.999999999984e-10,3.999999999984e-10,3.999999999984e-10
0.2,60.00000000016,60.00000000016,60.00000000016,-39.99999999984,-39.99999999984,-39.99999999984,-5.551115123125783e-17,0,1.1999999999952,50,59.99999999976,0.3999999999984,0.3999999999984,0.3999999999984,1e-09,1e-09,1e-09,3.999999999984e-10,3.999999999984e-10,3.999999999984e-10,60,0.9,10,3,1,1,1,1,2,2,2,1,1,1,3,-0.3999999999984,-0.3999999999984,-0.3999999999984,0.3999999999984,0.3999999999984,0.3999999999984,-59.99999999976,-59.99999999976,-59.99999999976,-0.3999999999984,-0.3999999999984,-0.3999999999984,3.999999999984e-10,3.999999999984e-10,3.999999999984e-10,-1.1999999999952,-59.99999999976,1.1999999999952,0,-0.3999999999984,-0.3999999999984,-0.3999999999984,0,0,0,0.3999999999984,0.3999999999984,0.3999999999984,3.999999999984e-10,3.999999999984e-10,3.999999999984e-10
0.3,60.00000000016,60.00000000016,60.00000000016,-39.99999999984,-39.99999999984,-39.99999999984,-5.551115123125783e-17,0,1.1999999999952,50,59.99999999976,0.3999999999984,0.3999999999984,0.3999999999984,1e-09,1e-09,1e-09,3.999999999984e-10,3.999999999984e-10,3.999999999984e-10,60,0.9,10,3,1,1,1,1,2,2,2,1,1,1,3,-0.3999999999984,-0.3999999999984,-0.3999999999984,0.3999999999984,0.3999999999984,0.3999999999984,-59.99999999976,-59.99999999976,-59.99999999976,-0.3999999999984,-0.3999999999984,-0.3999999999984,3.999999999984e-10,3.999999999984e-10,3.999999999984e-10,-1.1999999999952,-59.99999999976,1.1999999999952,0,-0.3999999999984,-0.3999999999984,-0.3999999999984,0,0,0,0.3999999999984,0.3999999999984,0.3999999999984,3.999999999984e-10,3.999999999984e-10,3.999999999984e-10
0.4,60.00000000016,60.00000000016,60.00000000016,-39.99999999984,-39.99999999984,-39.99999999984,-5.551115123125783e-17,0,1.1999999999952,50,59.99999999976,0.3999999999984,0.3999999999984,0.3999999999984,1e-09,1e-09,1e-09,3.999999999984e-10,3.999999999984e-10,3.999999999984e-10,60,0.9,10,3,1,1,1,1,2,2,2,1,1,1,3,-0.3999999999984,-0.3999999999984,-0.3999999999984,0.3999999999984,0.3999999999984,0.3999999999984,-59.99999999976,-59.99999999976,-59.99999999976,-0.3999999999984,-0.3999999999984,-0.3999999999984,3.999999999984e-10,3.999999999984e-10,3.999999999984e-10,-1.1999999999952,-59.99999999976,1.1999999999952,0,-0.3999999999984,-0.3999999999984,-0.3999999999984,0,0,0,0.3999999999984,0.3999999999984,0.3999999999984,3.999999999984e-10,3.999999999984e-10,3.999999999984e-10
0.5,60.00000000016,60.00000000016,60.00000000016,-39.99999999984,-39.99999999984,-39.99999999984,-5.551115123125783e-17,0,1.1999999999952,50,59.99999999976,0.3999999999984,0.3999999999984,0.3999999999984,1e-09,1e-09,1e-09,3.999999999984e-10,3.999999999984e-10,3.999999999984e-10,60,0.9,10,3,1,1,1,1,2,2,2,1,1,1,3,-0.3999999999984,-0.3999999999984,-0.3999999999984,0.3999999999984,0.3999999999984,0.3999999999984,-59.99999999976,-59.99999999976,-59.99999999976,-0.3999999999984,-0.3999999999984,-0.3999999999984,3.999999999984e-10,3.999999999984e-10,3.999999999984e-10,-1.1999999999952,-59.99999999976,1.1999999999952,0,-0.3999999999984,-0.3999999999984,-0.3999999999984,0,0,0,0.3999999999984,0.3999999999984,0.3999999999984,3.999999999984e-10,3.999999999984e-10,3.999999999984e-10
0.6,60.00000000016,60.00000000016,60.00000000016,-39.99999999984,-39.99999999984,-39.99999999984,-5.551115123125783e-17,0,1.1999999999952,50,59.99999999976,0.3999999999984,0.3999999999984,0.3999999999984,1e-09,1e-09,1e-09,3.999999999984e-10,3.999999999984e-10,3.999999999984e-10,60,0.9,10,3,1,1,1,1,2,2,2,1,1,1,3,-0.3999999999984,-0.3999999999984,-0.3999999999984,0.3999999999984,0.3999999999984,0.3999999999984,-59.99999999976,-59.99999999976,-59.99999999976,-0.3999999999984,-0.3999999999984,-0.3999999999984,3.999999999984e-10,3.999999999984e-10,3.999999999984e-10,-1.1999999999952,-59.99999999976,1.1999999999952,0,-0.3999999999984,-0.3999999999984,-0.3999999999984,0,0,0,0.3999999999984,0.3999999999984,0.3999999999984,3.999999999984e-10,3.999999999984e-10,3.999999999984e-10
0.7,60.00000000016,60.00000000016,60.00000000016,-39.99999999984,-39.99999999984,-39.99999999984,-5.551115123125783e-17,0,1.1999999999952,50,59.99999999976,0.3999999999984,0.3999999999984,0.3999999999984,1e-09,1e-09,1e-09,3.999999999984e-10,3.999999999984e-10,3.999999999984e-10,60,0.9,10,3,1,1,1,1,2,2,2,1,1,1,3,-0.3999999999984,-0.3999999999984,-0.3999999999984,0.3999999999984,0.3999999999984,0.3999999999984,-59.99999999976,-59.99999999976,-59.99999999976,-0.3999999999984,-0.3999999999984,-0.3999999999984,3.999999999984e-10,3.999999999984e-10,3.999999999984e-10,-1.1999999999952,-59.99999999976,1.1999999999952,0,-0.3999999999984,-0.3999999999984,-0.3999999999984,0,0,0,0.3999999999984,0.3999999999984,0.3999999999984,3.999999999984e-10,3.999999999984e-10,3.999999999984e-10
0.8,60.00000000016,60.00000000016,60.00000000016,-39.99999999984,-39.99999999984,-39.99999999984,-5.551115123125783e-17,0,1.1999999999952,50,59.99999999976,0.3999999999984,0.3999999999984,0.3999999999984,1e-09,1e-09,1e-09,3.999999999984e-10,3.999999999984e-10,3.999999999984e-10,60,0.9,10,3,1,1,1,1,2,2,2,1,1,1,3,-0.3999999999984,-0.3999999999984,-0.3999999999984,0.3999999999984,0.3999999999984,0.3999999999984,-59.99999999976,-59.99999999976,-59.99999999976,-0.3999999999984,-0.3999999999984,-0.3999999999984,3.999999999984e-10,3.999999999984e-10,3.999999999984e-10,-1.1999999999952,-59.99999999976,1.1999999999952,0,-0.3999999999984,-0.3999999999984,-0.3999999999984,0,0,0,0.3999999999984,0.3999999999984,0.3999999999984,3.999999999984e-10,3.999999999984e-10,3.999999999984e-10
0.9,60.00000000016,60.00000000016,60.00000000016,-39.99999999984,-39.99999999984,-39.99999999984,-5.551115123125783e-17,0,1.1999999999952,50,59.99999999976,0.3999999999984,0.3999999999984,0.3999999999984,1e-09,1e-09,1e-09,3.999999999984e-10,3.999999999984e-10,3.999999999984e-10,60,0.9,10,3,1,1,1,1,2,2,2,1,1,1,3,-0.3999999999984,-0.3999999999984,-0.3999999999984,0.3999999999984,0.3999999999984,0.3999999999984,-59.99999999976,-59.99999999976,-59.99999999976,-0.3999999999984,-0.3999999999984,-0.3999999999984,3.999999999984e-10,3.999999999984e-10,3.999999999984e-10,-1.1999999999952,-59.99999999976,1.1999999999952,0,-0.3999999999984,-0.3999999999984,-0.3999999999984,0,0,0,0.3999999999984,0.3999999999984,0.3999999999984,3.999999999984e-10,3.999999999984e-10,3.999999999984e-10
1,60.00000000016,60.00000000016,60.00000000016,-39.99999999984,-39.99999999984,-39.99999999984,-5.551115123125783e-17,0,1.1999999999952,50,59.99999999976,0.3999999999984,0.3999999999984,0.3999999999984,1e-09,1e-09,1e-09,3.999999999984e-10,3.999999999984e-10,3.999999999984e-10,60,0.9,10,3,1,1,1,1,2,2,2,1,1,1,3,-0.3999999999984,-0.3999999999984,-0.3999999999984,0.3999999999984,0.3999999999984,0.3999999999984,-59.99999999976,-59.99999999976,-59.99999999976,-0.3999999999984,-0.3999999999984,-0.3999999999984,3.999999999984e-10,3.999999999984e-10,3.999999999984e-10,-1.1999999999952,-59.99999999976,1.1999999999952,0,-0.3999999999984,-0.3999999999984,-0.3999999999984,0,0,0,0.3999999999984,0.3999999999984,0.3999999999984,3.999999999984e-10,3.999999999984e-10,3.999999999984e-10
1.000000000200089,60.00000000016,60.00000000016,60.00000000016,-39.99999999984,-39.99999999984,-39.99999999984,-5.551115123125783e-17,0,1.1999999999952,50,59.99999999976,0.3999999999984,0.3999999999984,0.3999999999984,1e-09,1e-09,1e-09,3.999999999984e-10,3.999999999984e-10,3.999999999984e-10,60,0.9,10,3,1,1,1,1,2,2,2,1,1,1,3,-0.3999999999984,-0.3999999999984,-0.3999999999984,0.3999999999984,0.3999999999984,0.3999999999984,-59.99999999976,-59.99999999976,-59.99999999976,-0.3999999999984,-0.3999999999984,-0.3999999999984,3.999999999984e-10,3.999999999984e-10,3.999999999984e-10,-1.1999999999952,-59.99999999976,1.1999999999952,0,-0.3999999999984,-0.3999999999984,-0.3999999999984,0,0,0,0.3999999999984,0.3999999999984,0.3999999999984,3.999999999984e-10,3.999999999984e-10,3.999999999984e-10
1.000000000200089,60.00000123950297,60.00000123950297,99.99999600000052,-39.99999874814246,-39.99999874814246,-3.999999476089755e-06,0,0,0.8000000149628439,75,60.00000123910297,0.3999999874814246,0.3999999874814246,3.999999476089755e-08,1e-09,1e-09,1000000000,3.999999874814246e-10,3.999999874814246e-10,39.99999476089755,60,0.9,15,3,1,1,1,1,2,2,1,1,1,1,2,-0.3999999874814246,-0.3999999874814246,-3.999999476089755e-08,0.3999999874814246,0.3999999874814246,3.999999476089755e-08,-60.00000123910297,-60.00000123910297,-60.00000123910297,-0.3999999874814246,-0.3999999874814246,-3.999999476089755e-08,3.999999874814246e-10,3.999999874814246e-10,39.99999476089755,-0.8000000149628439,-60.00000123910297,0.8000000149628439,0,-0.3999999874814246,-0.3999999874814246,-3.999999476089755e-08,0,0,0,0.3999999874814246,0.3999999874814246,3.999999476089755e-08,3.999999874814246e-10,3.999999874814246e-10,39.99999476089755
1.1,60.00000120015984,60.00000120015984,99.99999600000052,-39.99999879984016,-39.99999879984016,-3.999999480024067e-06,-5.551115123125783e-17,0,0.8000000159967979,75,60.00000119975984,0.3999999879984015,0.3999999879984015,3.999999480024068e-08,1e-09,1e-09,1000000000,3.999999879984016e-10,3.999999879984016e-10,39.99999480024068,60,0.9,15,3,1,1,1,1,2,2,1,1,1,1,2,-0.3999999879984015,-0.3999999879984015,-3.999999480024068e-08,0.3999999879984015,0.3999999879984015,3.999999480024068e-08,-60.00000119975984,-60.00000119975984,-60.00000119975984,-0.3999999879984015,-0.3999999879984015,-3.999999480024068e-08,3.999999879984016e-10,3.999999879984016e-10,39.99999480024068,-0.8000000159967979,-60.00000119975984,0.8000000159967979,0,-0.3999999879984015,-0.3999999879984015,-3.999999480024068e-08,0,0,0,0.3999999879984015,0.3999999879984015,3.999999480024068e-08,3.999999879984016e-10,3.999999879984016e-10,39.99999480024068
1.2,60.00000120015984,60.00000120015984,99.99999600000052,-39.99999879984016,-39.99999879984016,-3.999999480024067e-06,-5.551115123125783e-17,0,0.8000000159967979,75,60.00000119975984,0.3999999879984015,0.3999999879984015,3.999999480024068e-08,1e-09,1e-09,1000000000,3.999999879984016e-10,3.999999879984016e-10,39.99999480024068,60,0.9,15,3,1,1,1,1,2,2,1,1,1,1,2,-0.3999999879984015,-0.3999999879984015,-3.999999480024068e-08,0.3999999879984015,0.3999999879984015,3.999999480024068e-08,-60.00000119975984,-60.00000119975984,-60.00000119975984,-0.3999999879984015,-0.3999999879984015,-3.999999480024068e-08,3.999999879984016e-10,3.999999879984016e-10,39.99999480024068,-0.8000000159967979,-60.00000119975984,0.8000000159967979,0,-0.3999999879984015,-0.3999999879984015,-3.999999480024068e-08,0,0,0,0.3999999879984015,0.3999999879984015,3.999999480024068e-08,3.999999879984016e-10,3.999999879984016e-10,39.99999480024068
1.3,60.00000120015984,60.00000120015984,99.99999600000052,-39.99999879984016,-39.99999879984016,-3.999999480024067e-06,-5.551115123125783e-17,0,0.8000000159967979,75,60.00000119975984,0.3999999879984015,0.3999999879984015,3.999999480024068e-08,1e-09,1e-09,1000000000,3.999999879984016e-10,3.999999879984016e-10,39.99999480024068,60,0.9,15,3,1,1,1,1,2,2,1,1,1,1,2,-0.3999999879984015,-0.3999999879984015,-3.999999480024068e-08,0.3999999879984015,0.3999999879984015,3.999999480024068e-08,-60.00000119975984,-60.00000119975984,-60.00000119975984,-0.3999999879984015,-0.3999999879984015,-3.999999480024068e-08,3.999999879984016e-10,3.999999879984016e-10,39.99999480024068,-0.8000000159967979,-60.00000119975984,0.8000000159967979,0,-0.3999999879984015,-0.3999999879984015,-3.999999480024068e-08,0,0,0,0.3999999879984015,0.3999999879984015,3.999999480024068e-08,3.999999879984016e-10,3.999999879984016e-10,39.99999480024068
1.4,60.00000120015984,60.00000120015984,99.99999600000052,-39.99999879984016,-39.99999879984016,-3.999999480024067e-06,-5.551115123125783e-17,0,0.8000000159967979,75,60.00000119975984,0.3999999879984015,0.3999999879984015,3.999999480024068e-08,1e-09,1e-09,1000000000,3.999999879984016e-10,3.999999879984016e-10,39.99999480024068,60,0.9,15,3,1,1,1,1,2,2,1,1,1,1,2,-0.3999999879984015,-0.3999999879984015,-3.999999480024068e-08,0.3999999879984015,0.3999999879984015,3.999999480024068e-08,-60.00000119975984,-60.00000119975984,-60.00000119975984,-0.3999999879984015,-0.3999999879984015,-3.999999480024068e-08,3.999999879984016e-10,3.999999879984016e-10,39.99999480024068,-0.8000000159967979,-60.00000119975984,0.8000000159967979,0,-0.3999999879984015,-0.3999999879984015,-3.999999480024068e-08,0,0,0,0.3999999879984015,0.3999999879984015,3.999999480024068e-08,3.999999879984016e-10,3.999999879984016e-10,39.99999480024068
1.5,60.00000120015984,60.00000120015984,99.99999600000052,-39.99999879984016,-39.99999879984016,-3.999999480024067e-06,-5.551115123125783e-17,0,0.8000000159967979,75,60.00000119975984,0.3999999879984015,0.3999999879984015,3.999999480024068e-08,1e-09,1e-09,1000000000,3.999999879984016e-10,3.999999879984016e-10,39.99999480024068,60,0.9,15,3,1,1,1,1,2,2,1,1,1,1,2,-0.3999999879984015,-0.3999999879984015,-3.999999480024068e-08,0.3999999879984015,0.3999999879984015,3.999999480024068e-08,-60.00000119975984,-60.00000119975984,-60.00000119975984,-0.3999999879984015,-0.3999999879984015,-3.999999480024068e-08,3.999999879984016e-10,3.999999879984016e-10,39.99999480024068,-0.8000000159967979,-60.00000119975984,0.8000000159967979,0,-0.3999999879984015,-0.3999999879984015,-3.999999480024068e-08,0,0,0,0.3999999879984015,0.3999999879984015,3.999999480024068e-08,3.999999879984016e-10,3.999999879984016e-10,39.99999480024068
1.6,60.00000120015984,60.00000120015984,99.99999600000052,-39.99999879984016,-39.99999879984016,-3.999999480024067e-06,-5.551115123125783e-17,0,0.8000000159967979,75,60.00000119975984,0.3999999879984015,0.3999999879984015,3.999999480024068e-08,1e-09,1e-09,1000000000,3.999999879984016e-10,3.999999879984016e-10,39.99999480024068,60,0.9,15,3,1,1,1,1,2,2,1,1,1,1,2,-0.3999999879984015,-0.3999999879984015,-3.999999480024068e-08,0.3999999879984015,0.3999999879984015,3.999999480024068e-08,-60.00000119975984,-60.00000119975984,-60.00000119975984,-0.3999999879984015,-0.3999999879984015,-3.999999480024068e-08,3.999999879984016e-10,3.999999879984016e-10,39.99999480024068,-0.8000000159967979,-60.00000119975984,0.8000000159967979,0,-0.3999999879984015,-0.3999999879984015,-3.999999480024068e-08,0,0,0,0.3999999879984015,0.3999999879984015,3.999999480024068e-08,3.999999879984016e-10,3.999999879984016e-10,39.99999480024068
1.7,60.00000120015984,60.00000120015984,99.99999600000052,-39.99999879984016,-39.99999879984016,-3.999999480024067e-06,-5.551115123125783e-17,0,0.8000000159967979,75,60.00000119975984,0.3999999879984015,0.3999999879984015,3.999999480024068e-08,1e-09,1e-09,1000000000,3.999999879984016e-10,3.999999879984016e-10,39.99999480024068,60,0.9,15,3,1,1,1,1,2,2,1,1,1,1,2,-0.3999999879984015,-0.3999999879984015,-3.999999480024068e-08,0.3999999879984015,0.3999999879984015,3.999999480024068e-08,-60.00000119975984,-60.00000119975984,-60.00000119975984,-0.3999999879984015,-0.3999999879984015,-3.999999480024068e-08,3.999999879984016e-10,3.999999879984016e-10,39.99999480024068,-0.8000000159967979,-60.00000119975984,0.8000000159967979,0,-0.3999999879984015,-0.3999999879984015,-3.999999480024068e-08,0,0,0,0.3999999879984015,0.3999999879984015,3.999999480024068e-08,3.999999879984016e-10,3.999999879984016e-10,39.99999480024068
1.8,60.00000120015984,60.00000120015984,99.99999600000052,-39.99999879984016,-39.99999879984016,-3.999999480024067e-06,-5.551115123125783e-17,0,0.8000000159967979,75,60.00000119975984,0.3999999879984015,0.3999999879984015,3.999999480024068e-08,1e-09,1e-09,1000000000,3.999999879984016e-10,3.999999879984016e-10,39.99999480024068,60,0.9,15,3,1,1,1,1,2,2,1,1,1,1,2,-0.3999999879984015,-0.3999999879984015,-3.999999480024068e-08,0.3999999879984015,0.3999999879984015,3.999999480024068e-08,-60.00000119975984,-60.00000119975984,-60.00000119975984,-0.3999999879984015,-0.3999999879984015,-3.999999480024068e-08,3.999999879984016e-10,3.999999879984016e-10,39.99999480024068,-0.8000000159967979,-60.00000119975984,0.8000000159967979,0,-0.3999999879984015,-0.3999999879984015,-3.999999480024068e-08,0,0,0,0.3999999879984015,0.3999999879984015,3.999999480024068e-08,3.999999879984016e-10,3.999999879984016e-10,39.99999480024068
1.9,60.00000120015984,60.00000120015984,99.99999600000052,-39.99999879984016,-39.99999879984016,-3.999999480024067e-06,-5.551115123125783e-17,0,0.8000000159967979,75,60.00000119975984,0.3999999879984015,0.3999999879984015,3.999999480024068e-08,1e-09,1e-09,1000000000,3.999999879984016e-10,3.999999879984016e-10,39.99999480024068,60,0.9,15,3,1,1,1,1,2,2,1,1,1,1,2,-0.3999999879984015,-0.3999999879984015,-3.999999480024068e-08,0.3999999879984015,0.3999999879984015,3.999999480024068e-08,-60.00000119975984,-60.00000119975984,-60.00000119975984,-0.3999999879984015,-0.3999999879984015,-3.999999480024068e-08,3.999999879984016e-10,3.999999879984016e-10,39.99999480024068,-0.8000000159967979,-60.00000119975984,0.8000000159967979,0,-0.3999999879984015,-0.3999999879984015,-3.999999480024068e-08,0,0,0,0.3999999879984015,0.3999999879984015,3.999999480024068e-08,3.999999879984016e-10,3.999999879984016e-10,39.99999480024068
2,60.00000120015984,60.00000120015984,99.99999600000052,-39.99999879984016,-39.99999879984016,-3.999999480024067e-06,-5.551115123125783e-17,0,0.8000000159967979,75,60.00000119975984,0.3999999879984015,0.3999999879984015,3.999999480024068e-08,1e-09,1e-09,1000000000,3.999999879984016e-10,3.999999879984016e-10,39.99999480024068,60,0.9,15,3,1,1,1,1,2,2,1,1,1,1,2,-0.3999999879984015,-0.3999999879984015,-3.999999480024068e-08,0.3999999879984015,0.3999999879984015,3.999999480024068e-08,-60.00000119975984,-60.00000119975984,-60.00000119975984,-0.3999999879984015,-0.3999999879984015,-3.999999480024068e-08,3.999999879984016e-10,3.999999879984016e-10,39.99999480024068,-0.8000000159967979,-60.00000119975984,0.8000000159967979,0,-0.3999999879984015,-0.3999999879984015,-3.999999480024068e-08,0,0,0,0.3999999879984015,0.3999999879984015,3.999999480024068e-08,3.999999879984016e-10,3.999999879984016e-10,39.99999480024068
2.000000000400178,60.00000120015984,60.00000120015984,99.99999600000052,-39.99999879984016,-39.99999879984016,-3.999999480024067e-06,-5.551115123125783e-17,0,0.8000000159967979,75,60.00000119975984,0.3999999879984015,0.3999999879984015,3.999999480024068e-08,1e-09,1e-09,1000000000,3.999999879984016e-10,3.999999879984016e-10,39.99999480024068,60,0.9,15,3,1,1,1,1,2,2,1,1,1,1,2,-0.3999999879984015,-0.3999999879984015,-3.999999480024068e-08,0.3999999879984015,0.3999999879984015,3.999999480024068e-08,-60.00000119975984,-60.00000119975984,-60.00000119975984,-0.3999999879984015,-0.3999999879984015,-3.999999480024068e-08,3.999999879984016e-10,3.999999879984016e-10,39.99999480024068,-0.8000000159967979,-60.00000119975984,0.8000000159967979,0,-0.3999999879984015,-0.3999999879984015,-3.999999480024068e-08,0,0,0,0.3999999879984015,0.3999999879984015,3.999999480024068e-08,3.999999879984016e-10,3.999999879984016e-10,39.99999480024068
2.000000000400178,81.8181847934207,99.99999818143502,99.99999818181865,-18.18181520657929,-1.818181338819613e-06,-1.818181338857976e-06,0,0,0.1818181884294197,450,81.81818479323888,0.1818181520657929,1.818181338819613e-08,1.818181338857976e-08,1e-09,1000000000,1000000000,1.818181520657929e-10,18.18181338819613,18.18181338857976,60,0.9,90,3,1,1,1,1,2,1,1,1,1,1,1,-0.1818181520657929,-1.818181338819613e-08,-1.818181338857976e-08,0.1818181520657929,1.818181338819613e-08,1.818181338857976e-08,-81.81818479323888,-81.81818479323888,-81.81818479323888,-0.1818181520657929,-1.818181338819613e-08,-1.818181338857976e-08,1.818181520657929e-10,18.18181338819613,18.18181338857976,-0.1818181884294197,-81.81818479323888,0.1818181884294197,0,-0.1818181520657929,-1.818181338819613e-08,-1.818181338857976e-08,0,0,0,0.1818181520657929,1.818181338819613e-08,1.818181338857976e-08,1.818181520657929e-10,18.18181338819613,18.18181338857976
2.1,81.81818479342071,99.99999818181865,99.99999818181865,-18.1818152065793,-1.818181338857976e-06,-1.818181338857976e-06,0,0,0.1818181884294198,450,81.8181847932389,0.181818152065793,1.818181338857976e-08,1.818181338857976e-08,1e-09,1000000000,1000000000,1.81818152065793e-10,18.18181338857976,18.18181338857976,60,0.9,90,3,1,1,1,1,2,1,1,1,1,1,1,-0.181818152065793,-1.818181338857976e-08,-1.818181338857976e-08,0.181818152065793,1.818181338857976e-08,1.818181338857976e-08,-81.8181847932389,-81.8181847932389,-81.8181847932389,-0.181818152065793,-1.818181338857976e-08,-1.818181338857976e-08,1.81818152065793e-10,18.18181338857976,18.18181338857976,-0.1818181884294198,-81.8181847932389,0.1818181884294198,0,-0.181818152065793,-1.818181338857976e-08,-1.818181338857976e-08,0,0,0,0.181818152065793,1.818181338857976e-08,1.818181338857976e-08,1.81818152065793e-10,18.18181338857976,18.18181338857976
2.2,81.8181847934207,99.99999818181865,99.99999818181865,-18.1818152065793,-1.818181338857978e-06,-1.818181338857977e-06,0,0,0.1818181884294197,450,81.81818479323888,0.181818152065793,1.818181338857978e-08,1.818181338857977e-08,1e-09,1000000000,1000000000,1.81818152065793e-10,18.18181338857978,18.18181338857977,60,0.9,90,3,1,1,1,1,2,1,1,1,1,1,1,-0.181818152065793,-1.818181338857978e-08,-1.818181338857977e-08,0.181818152065793,1.818181338857978e-08,1.818181338857977e-08,-81.81818479323888,-81.81818479323888,-81.81818479323888,-0.181818152065793,-1.818181338857978e-08,-1.818181338857977e-08,1.81818152065793e-10,18.18181338857978,18.18181338857977,-0.1818181884294197,-81.81818479323888,0.1818181884294197,0,-0.181818152065793,-1.818181338857978e-08,-1.818181338857977e-08,0,0,0,0.181818152065793,1.818181338857978e-08,1.818181338857977e-08,1.81818152065793e-10,18.18181338857978,18.18181338857977
2.3,81.8181847934207,99.99999818181865,99.99999818181865,-18.1818152065793,-1.818181338857978e-06,-1.818181338857977e-06,0,0,0.1818181884294197,450,81.81818479323888,0.181818152065793,1.818181338857978e-08,1.818181338857977e-08,1e-09,1000000000,1000000000,1.81818152065793e-10,18.18181338857978,18.18181338857977,60,0.9,90,3,1,1,1,1,2,1,1,1,1,1,1,-0.181818152065793,-1.818181338857978e-08,-1.818181338857977e-08,0.181818152065793,1.818181338857978e-08,1.818181338857977e-08,-81.81818479323888,-81.81818479323888,-81.81818479323888,-0.181818152065793,-1.818181338857978e-08,-1.818181338857977e-08,1.81818152065793e-10,18.18181338857978,18.18181338857977,-0.1818181884294197,-81.81818479323888,0.1818181884294197,0,-0.181818152065793,-1.818181338857978e-08,-1.818181338857977e-08,0,0,0,0.181818152065793,1.818181338857978e-08,1.818181338857977e-08,1.81818152065793e-10,18.18181338857978,18.18181338857977
2.4,81.8181847934207,99.99999818181865,99.99999818181865,-18.1818152065793,-1.818181338857978e-06,-1.818181338857977e-06,0,0,0.1818181884294197,450,81.81818479323888,0.181818152065793,1.818181338857978e-08,1.818181338857977e-08,1e-09,1000000000,1000000000,1.81818152065793e-10,18.18181338857978,18.18181338857977,60,0.9,90,3,1,1,1,1,2,1,1,1,1,1,1,-0.181818152065793,-1.818181338857978e-08,-1.818181338857977e-08,0.181818152065793,1.818181338857978e-08,1.818181338857977e-08,-81.81818479323888,-81.81818479323888,-81.81818479323888,-0.181818152065793,-1.818181338857978e-08,-1.818181338857977e-08,1.81818152065793e-10,18.18181338857978,18.18181338857977,-0.1818181884294197,-81.81818479323888,0.1818181884294197,0,-0.181818152065793,-1.818181338857978e-08,-1.818181338857977e-08,0,0,0,0.181818152065793,1.818181338857978e-08,1.818181338857977e-08,1.81818152065793e-10,18.18181338857978,18.18181338857977
2.5,81.8181847934207,99.99999818181865,99.99999818181865,-18.1818152065793,-1.818181338857978e-06,-1.818181338857977e-06,0,0,0.1818181884294197,450,81.81818479323888,0.181818152065793,1.818181338857978e-08,1.818181338857977e-08,1e-09,1000000000,1000000000,1.81818152065793e-10,18.18181338857978,18.18181338857977,60,0.9,90,3,1,1,1,1,2,1,1,1,1,1,1,-0.181818152065793,-1.818181338857978e-08,-1.818181338857977e-08,0.181818152065793,1.818181338857978e-08,1.818181338857977e-08,-81.81818479323888,-81.81818479323888,-81.81818479323888,-0.181818152065793,-1.818181338857978e-08,-1.818181338857977e-08,1.81818152065793e-10,18.18181338857978,18.18181338857977,-0.1818181884294197,-81.81818479323888,0.1818181884294197,0,-0.181818152065793,-1.818181338857978e-08,-1.818181338857977e-08,0,0,0,0.181818152065793,1.818181338857978e-08,1.818181338857977e-08,1.81818152065793e-10,18.18181338857978,18.18181338857977
2.6,81.8181847934207,99.99999818181865,99.99999818181865,-18.1818152065793,-1.818181338857978e-06,-1.818181338857977e-06,0,0,0.1818181884294197,450,81.81818479323888,0.181818152065793,1.818181338857978e-08,1.818181338857977e-08,1e-09,1000000000,1000000000,1.81818152065793e-10,18.18181338857978,18.18181338857977,60,0.9,90,3,1,1,1,1,2,1,1,1,1,1,1,-0.181818152065793,-1.818181338857978e-08,-1.818181338857977e-08,0.181818152065793,1.818181338857978e-08,1.818181338857977e-08,-81.81818479323888,-81.81818479323888,-81.81818479323888,-0.181818152065793,-1.818181338857978e-08,-1.818181338857977e-08,1.81818152065793e-10,18.18181338857978,18.18181338857977,-0.1818181884294197,-81.81818479323888,0.1818181884294197,0,-0.181818152065793,-1.818181338857978e-08,-1.818181338857977e-08,0,0,0,0.181818152065793,1.818181338857978e-08,1.818181338857977e-08,1.81818152065793e-10,18.18181338857978,18.18181338857977
2.7,81.8181847934207,99.99999818181865,99.99999818181865,-18.1818152065793,-1.818181338857978e-06,-1.818181338857977e-06,0,0,0.1818181884294197,450,81.81818479323888,0.181818152065793,1.818181338857978e-08,1.818181338857977e-08,1e-09,1000000000,1000000000,1.81818152065793e-10,18.18181338857978,18.18181338857977,60,0.9,90,3,1,1,1,1,2,1,1,1,1,1,1,-0.181818152065793,-1.818181338857978e-08,-1.818181338857977e-08,0.181818152065793,1.818181338857978e-08,1.818181338857977e-08,-81.81818479323888,-81.81818479323888,-81.81818479323888,-0.181818152065793,-1.818181338857978e-08,-1.818181338857977e-08,1.81818152065793e-10,18.18181338857978,18.18181338857977,-0.1818181884294197,-81.81818479323888,0.1818181884294197,0,-0.181818152065793,-1.818181338857978e-08,-1.818181338857977e-08,0,0,0,0.181818152065793,1.818181338857978e-08,1.818181338857977e-08,1.81818152065793e-10,18.18181338857978,18.18181338857977
2.8,81.8181847934207,99.99999818181865,99.99999818181865,-18.1818152065793,-1.818181338857978e-06,-1.818181338857977e-06,0,0,0.1818181884294197,450,81.81818479323888,0.181818152065793,1.818181338857978e-08,1.818181338857977e-08,1e-09,1000000000,1000000000,1.81818152065793e-10,18.18181338857978,18.18181338857977,60,0.9,90,3,1,1,1,1,2,1,1,1,1,1,1,-0.181818152065793,-1.818181338857978e-08,-1.818181338857977e-08,0.181818152065793,1.818181338857978e-08,1.818181338857977e-08,-81.81818479323888,-81.81818479323888,-81.81818479323888,-0.181818152065793,-1.818181338857978e-08,-1.818181338857977e-08,1.81818152065793e-10,18.18181338857978,18.18181338857977,-0.1818181884294197,-81.81818479323888,0.1818181884294197,0,-0.181818152065793,-1.818181338857978e-08,-1.818181338857977e-08,0,0,0,0.181818152065793,1.818181338857978e-08,1.818181338857977e-08,1.81818152065793e-10,18.18181338857978,18.18181338857977
2.9,81.8181847934207,99.99999818181865,99.99999818181865,-18.1818152065793,-1.818181338857978e-06,-1.818181338857977e-06,0,0,0.1818181884294197,450,81.81818479323888,0.181818152065793,1.818181338857978e-08,1.818181338857977e-08,1e-09,1000000000,1000000000,1.81818152065793e-10,18.18181338857978,18.18181338857977,60,0.9,90,3,1,1,1,1,2,1,1,1,1,1,1,-0.181818152065793,-1.818181338857978e-08,-1.818181338857977e-08,0.181818152065793,1.818181338857978e-08,1.818181338857977e-08,-81.81818479323888,-81.81818479323888,-81.81818479323888,-0.181818152065793,-1.818181338857978e-08,-1.818181338857977e-08,1.81818152065793e-10,18.18181338857978,18.18181338857977,-0.1818181884294197,-81.81818479323888,0.1818181884294197,0,-0.181818152065793,-1.818181338857978e-08,-1.818181338857977e-08,0,0,0,0.181818152065793,1.818181338857978e-08,1.818181338857977e-08,1.81818152065793e-10,18.18181338857978,18.18181338857977
3,81.8181847934207,99.99999818181865,99.99999818181865,-18.1818152065793,-1.818181338857978e-06,-1.818181338857977e-06,0,0,0.1818181884294197,450,81.81818479323888,0.181818152065793,1.818181338857978e-08,1.818181338857977e-08,1e-09,1000000000,1000000000,1.81818152065793e-10,18.18181338857978,18.18181338857977,60,0.9,90,3,1,1,1,1,2,1,1,1,1,1,1,-0.181818152065793,-1.818181338857978e-08,-1.818181338857977e-08,0.181818152065793,1.818181338857978e-08,1.818181338857977e-08,-81.81818479323888,-81.81818479323888,-81.81818479323888,-0.181818152065793,-1.818181338857978e-08,-1.818181338857977e-08,1.81818152065793e-10,18.18181338857978,18.18181338857977,-0.1818181884294197,-81.81818479323888,0.1818181884294197,0,-0.181818152065793,-1.818181338857978e-08,-1.818181338857977e-08,0,0,0,0.181818152065793,1.818181338857978e-08,1.818181338857977e-08,1.81818152065793e-10,18.18181338857978,18.18181338857977
3.000000000600267,81.8181847934207,99.99999818181865,99.99999818181865,-18.1818152065793,-1.818181338857978e-06,-1.818181338857977e-06,0,0,0.1818181884294197,450,81.81818479323888,0.181818152065793,1.818181338857978e-08,1.818181338857977e-08,1e-09,1000000000,1000000000,1.81818152065793e-10,18.18181338857978,18.18181338857977,60,0.9,90,3,1,1,1,1,2,1,1,1,1,1,1,-0.181818152065793,-1.818181338857978e-08,-1.818181338857977e-08,0.181818152065793,1.818181338857978e-08,1.818181338857977e-08,-81.81818479323888,-81.81818479323888,-81.81818479323888,-0.181818152065793,-1.818181338857978e-08,-1.818181338857977e-08,1.81818152065793e-10,18.18181338857978,18.18181338857977,-0.1818181884294197,-81.81818479323888,0.1818181884294197,0,-0.181818152065793,-1.818181338857978e-08,-1.818181338857977e-08,0,0,0,0.181818152065793,1.818181338857978e-08,1.818181338857977e-08,1.81818152065793e-10,18.18181338857978,18.18181338857977
3.000000000600267,50.000005000249,99.99999500000099,99.99999500000099,-49.999994999751,-4.999999000025199e-06,-4.999999000025199e-06,0,0,0.5000000499974899,100,50.000004999749,0.49999994999751,4.999999000025199e-08,4.999999000025199e-08,1e-09,1000000000,1000000000,4.9999994999751e-10,49.99999000025199,49.99999000025199,60,0.9,20,3,1,1,1,1,2,1,1,1,1,1,1,-0.49999994999751,-4.999999000025199e-08,-4.999999000025199e-08,0.49999994999751,4.999999000025199e-08,4.999999000025199e-08,-50.000004999749,-50.000004999749,-50.000004999749,-0.49999994999751,-4.999999000025199e-08,-4.999999000025199e-08,4.9999994999751e-10,49.99999000025199,49.99999000025199,-0.5000000499974899,-50.000004999749,0.5000000499974899,0,-0.49999994999751,-4.999999000025199e-08,-4.999999000025199e-08,0,0,0,0.49999994999751,4.999999000025199e-08,4.999999000025199e-08,4.9999994999751e-10,49.99999000025199,49.99999000025199
3.1,50.000005000249,99.99999500000099,99.99999500000099,-49.999994999751,-4.9999990000252e-06,-4.9999990000252e-06,-5.551115123125783e-17,0,0.50000004999749,100,50.000004999749,0.49999994999751,4.9999990000252e-08,4.9999990000252e-08,1e-09,1000000000,1000000000,4.999999499975101e-10,49.999990000252,49.999990000252,60,0.9,20,3,1,1,1,1,2,1,1,1,1,1,1,-0.49999994999751,-4.9999990000252e-08,-4.9999990000252e-08,0.49999994999751,4.9999990000252e-08,4.9999990000252e-08,-50.000004999749,-50.000004999749,-50.000004999749,-0.49999994999751,-4.9999990000252e-08,-4.9999990000252e-08,4.999999499975101e-10,49.999990000252,49.999990000252,-0.50000004999749,-50.000004999749,0.50000004999749,0,-0.49999994999751,-4.9999990000252e-08,-4.9999990000252e-08,0,0,0,0.49999994999751,4.9999990000252e-08,4.9999990000252e-08,4.999999499975101e-10,49.999990000252,49.999990000252
3.2,50.000005000249,99.99999500000099,99.99999500000099,-49.999994999751,-4.999999000025199e-06,-4.999999000025199e-06,0,0,0.5000000499974899,100,50.000004999749,0.49999994999751,4.999999000025199e-08,4.999999000025199e-08,1e-09,1000000000,1000000000,4.9999994999751e-10,49.99999000025199,49.99999000025199,60,0.9,20,3,1,1,1,1,2,1,1,1,1,1,1,-0.49999994999751,-4.999999000025199e-08,-4.999999000025199e-08,0.49999994999751,4.999999000025199e-08,4.999999000025199e-08,-50.000004999749,-50.000004999749,-50.000004999749,-0.49999994999751,-4.999999000025199e-08,-4.999999000025199e-08,4.9999994999751e-10,49.99999000025199,49.99999000025199,-0.5000000499974899,-50.000004999749,0.5000000499974899,0,-0.49999994999751,-4.999999000025199e-08,-4.999999000025199e-08,0,0,0,0.49999994999751,4.999999000025199e-08,4.999999000025199e-08,4.9999994999751e-10,49.99999000025199,49.99999000025199
3.3,50.000005000249,99.99999500000099,99.99999500000099,-49.999994999751,-4.9999990000252e-06,-4.9999990000252e-06,-5.551115123125783e-17,0,0.50000004999749,100,50.000004999749,0.49999994999751,4.9999990000252e-08,4.9999990000252e-08,1e-09,1000000000,1000000000,4.999999499975101e-10,49.999990000252,49.999990000252,60,0.9,20,3,1,1,1,1,2,1,1,1,1,1,1,-0.49999994999751,-4.9999990000252e-08,-4.9999990000252e-08,0.49999994999751,4.9999990000252e-08,4.9999990000252e-08,-50.000004999749,-50.000004999749,-50.000004999749,-0.49999994999751,-4.9999990000252e-08,-4.9999990000252e-08,4.999999499975101e-10,49.999990000252,49.999990000252,-0.50000004999749,-50.000004999749,0.50000004999749,0,-0.49999994999751,-4.9999990000252e-08,-4.9999990000252e-08,0,0,0,0.49999994999751,4.9999990000252e-08,4.9999990000252e-08,4.999999499975101e-10,49.999990000252,49.999990000252
3.4,50.000005000249,99.99999500000099,99.99999500000099,-49.999994999751,-4.999999000025199e-06,-4.999999000025199e-06,0,0,0.5000000499974899,100,50.000004999749,0.49999994999751,4.999999000025199e-08,4.999999000025199e-08,1e-09,1000000000,1000000000,4.9999994999751e-10,49.99999000025199,49.99999000025199,60,0.9,20,3,1,1,1,1,2,1,1,1,1,1,1,-0.49999994999751,-4.999999000025199e-08,-4.999999000025199e-08,0.49999994999751,4.999999000025199e-08,4.999999000025199e-08,-50.000004999749,-50.000004999749,-50.000004999749,-0.49999994999751,-4.999999000025199e-08,-4.999999000025199e-08,4.9999994999751e-10,49.99999000025199,49.99999000025199,-0.5000000499974899,-50.000004999749,0.5000000499974899,0,-0.49999994999751,-4.999999000025199e-08,-4.999999000025199e-08,0,0,0,0.49999994999751,4.999999000025199e-08,4.999999000025199e-08,4.9999994999751e-10,49.99999000025199,49.99999000025199
3.5,50.000005000249,99.99999500000099,99.99999500000099,-49.999994999751,-4.9999990000252e-06,-4.9999990000252e-06,-5.551115123125783e-17,0,0.50000004999749,100,50.000004999749,0.49999994999751,4.9999990000252e-08,4.9999990000252e-08,1e-09,1000000000,1000000000,4.999999499975101e-10,49.999990000252,49.999990000252,60,0.9,20,3,1,1,1,1,2,1,1,1,1,1,1,-0.49999994999751,-4.9999990000252e-08,-4.9999990000252e-08,0.49999994999751,4.9999990000252e-08,4.9999990000252e-08,-50.000004999749,-50.000004999749,-50.000004999749,-0.49999994999751,-4.9999990000252e-08,-4.9999990000252e-08,4.999999499975101e-10,49.999990000252,49.999990000252,-0.50000004999749,-50.000004999749,0.50000004999749,0,-0.49999994999751,-4.9999990000252e-08,-4.9999990000252e-08,0,0,0,0.49999994999751,4.9999990000252e-08,4.9999990000252e-08,4.999999499975101e-10,49.999990000252,49.999990000252
3.6,50.000005000249,99.99999500000099,99.99999500000099,-49.999994999751,-4.999999000025199e-06,-4.999999000025199e-06,0,0,0.5000000499974899,100,50.000004999749,0.49999994999751,4.999999000025199e-08,4.999999000025199e-08,1e-09,1000000000,1000000000,4.9999994999751e-10,49.99999000025199,49.99999000025199,60,0.9,20,3,1,1,1,1,2,1,1,1,1,1,1,-0.49999994999751,-4.999999000025199e-08,-4.999999000025199e-08,0.49999994999751,4.999999000025199e-08,4.999999000025199e-08,-50.000004999749,-50.000004999749,-50.000004999749,-0.49999994999751,-4.999999000025199e-08,-4.999999000025199e-08,4.9999994999751e-10,49.99999000025199,49.99999000025199,-0.5000000499974899,-50.000004999749,0.5000000499974899,0,-0.49999994999751,-4.999999000025199e-08,-4.999999000025199e-08,0,0,0,0.49999994999751,4.999999000025199e-08,4.999999000025199e-08,4.9999994999751e-10,49.99999000025199,49.99999000025199
3.7,50.000005000249,99.99999500000099,99.99999500000099,-49.999994999751,-4.9999990000252e-06,-4.9999990000252e-06,-5.551115123125783e-17,0,0.50000004999749,100,50.000004999749,0.49999994999751,4.9999990000252e-08,4.9999990000252e-08,1e-09,1000000000,1000000000,4.999999499975101e-10,49.999990000252,49.999990000252,60,0.9,20,3,1,1,1,1,2,1,1,1,1,1,1,-0.49999994999751,-4.9999990000252e-08,-4.9999990000252e-08,0.49999994999751,4.9999990000252e-08,4.9999990000252e-08,-50.000004999749,-50.000004999749,-50.000004999749,-0.49999994999751,-4.9999990000252e-08,-4.9999990000252e-08,4.999999499975101e-10,49.999990000252,49.999990000252,-0.50000004999749,-50.000004999749,0.50000004999749,0,-0.49999994999751,-4.9999990000252e-08,-4.9999990000252e-08,0,0,0,0.49999994999751,4.9999990000252e-08,4.9999990000252e-08,4.999999499975101e-10,49.999990000252,49.999990000252
3.8,50.000005000249,99.99999500000099,99.99999500000099,-49.999994999751,-4.999999000025199e-06,-4.999999000025199e-06,0,0,0.5000000499974899,100,50.000004999749,0.49999994999751,4.999999000025199e-08,4.999999000025199e-08,1e-09,1000000000,1000000000,4.9999994999751e-10,49.99999000025199,49.99999000025199,60,0.9,20,3,1,1,1,1,2,1,1,1,1,1,1,-0.49999994999751,-4.999999000025199e-08,-4.999999000025199e-08,0.49999994999751,4.999999000025199e-08,4.999999000025199e-08,-50.000004999749,-50.000004999749,-50.000004999749,-0.49999994999751,-4.999999000025199e-08,-4.999999000025199e-08,4.9999994999751e-10,49.99999000025199,49.99999000025199,-0.5000000499974899,-50.000004999749,0.5000000499974899,0,-0.49999994999751,-4.999999000025199e-08,-4.999999000025199e-08,0,0,0,0.49999994999751,4.999999000025199e-08,4.999999000025199e-08,4.9999994999751e-10,49.99999000025199,49.99999000025199
3.9,50.000005000249,99.99999500000099,99.99999500000099,-49.999994999751,-4.9999990000252e-06,-4.9999990000252e-06,-5.551115123125783e-17,0,0.50000004999749,100,50.000004999749,0.49999994999751,4.9999990000252e-08,4.9999990000252e-08,1e-09,1000000000,1000000000,4.999999499975101e-10,49.999990000252,49.999990000252,60,0.9,20,3,1,1,1,1,2,1,1,1,1,1,1,-0.49999994999751,-4.9999990000252e-08,-4.9999990000252e-08,0.49999994999751,4.9999990000252e-08,4.9999990000252e-08,-50.000004999749,-50.000004999749,-50.000004999749,-0.49999994999751,-4.9999990000252e-08,-4.9999990000252e-08,4.999999499975101e-10,49.999990000252,49.999990000252,-0.50000004999749,-50.000004999749,0.50000004999749,0,-0.49999994999751,-4.9999990000252e-08,-4.9999990000252e-08,0,0,0,0.49999994999751,4.9999990000252e-08,4.9999990000252e-08,4.999999499975101e-10,49.999990000252,49.999990000252
4,50.000005000249,99.99999500000099,99.99999500000099,-49.999994999751,-4.999999000025199e-06,-4.999999000025199e-06,0,0,0.5000000499974899,100,50.000004999749,0.49999994999751,4.999999000025199e-08,4.999999000025199e-08,1e-09,1000000000,1000000000,4.9999994999751e-10,49.99999000025199,49.99999000025199,60,0.9,20,3,1,1,1,1,2,1,1,1,1,1,1,-0.49999994999751,-4.999999000025199e-08,-4.999999000025199e-08,0.49999994999751,4.999999000025199e-08,4.999999000025199e-08,-50.000004999749,-50.000004999749,-50.000004999749,-0.49999994999751,-4.999999000025199e-08,-4.999999000025199e-08,4.9999994999751e-10,49.99999000025199,49.99999000025199,-0.5000000499974899,-50.000004999749,0.5000000499974899,0,-0.49999994999751,-4.999999000025199e-08,-4.999999000025199e-08,0,0,0,0.49999994999751,4.999999000025199e-08,4.999999000025199e-08,4.9999994999751e-10,49.99999000025199,49.99999000025199
4.000000000800355,50.000005000249,99.99999500000099,99.99999500000099,-49.999994999751,-4.9999990000252e-06,-4.9999990000252e-06,-5.551115123125783e-17,0,0.50000004999749,100,50.000004999749,0.49999994999751,4.9999990000252e-08,4.9999990000252e-08,1e-09,1000000000,1000000000,4.999999499975101e-10,49.999990000252,49.999990000252,60,0.9,20,3,1,1,1,1,2,1,1,1,1,1,1,-0.49999994999751,-4.9999990000252e-08,-4.9999990000252e-08,0.49999994999751,4.9999990000252e-08,4.9999990000252e-08,-50.000004999749,-50.000004999749,-50.000004999749,-0.49999994999751,-4.9999990000252e-08,-4.9999990000252e-08,4.999999499975101e-10,49.999990000252,49.999990000252,-0.50000004999749,-50.000004999749,0.50000004999749,0,-0.49999994999751,-4.9999990000252e-08,-4.9999990000252e-08,0,0,0,0.49999994999751,4.9999990000252e-08,4.9999990000252e-08,4.999999499975101e-10,49.999990000252,49.999990000252
4.000000000800355,80.00000320003917,99.99999800000052,99.99999800000052,-19.99999679996083,-1.999999480016134e-06,-1.999999480016134e-06,0,0,0.2000000079995979,400,80.00000319983917,0.1999999679996083,1.999999480016135e-08,1.999999480016135e-08,1e-09,1000000000,1000000000,1.999999679996083e-10,19.99999480016135,19.99999480016135,60,0.9,80,3,1,1,1,1,2,1,1,1,1,1,1,-0.1999999679996083,-1.999999480016135e-08,-1.999999480016135e-08,0.1999999679996083,1.999999480016135e-08,1.999999480016135e-08,-80.00000319983917,-80.00000319983917,-80.00000319983917,-0.1999999679996083,-1.999999480016135e-08,-1.999999480016135e-08,1.999999679996083e-10,19.99999480016135,19.99999480016135,-0.2000000079995979,-80.00000319983917,0.2000000079995979,0,-0.1999999679996083,-1.999999480016135e-08,-1.999999480016135e-08,0,0,0,0.1999999679996083,1.999999480016135e-08,1.999999480016135e-08,1.999999679996083e-10,19.99999480016135,19.99999480016135
4.1,80.00000320003917,99.99999800000052,99.99999800000052,-19.99999679996083,-1.999999480016135e-06,-1.999999480016135e-06,0,0,0.2000000079995979,400,80.00000319983917,0.1999999679996083,1.999999480016135e-08,1.999999480016135e-08,1e-09,1000000000,1000000000,1.999999679996083e-10,19.99999480016135,19.99999480016135,60,0.9,80,3,1,1,1,1,2,1,1,1,1,1,1,-0.1999999679996083,-1.999999480016135e-08,-1.999999480016135e-08,0.1999999679996083,1.999999480016135e-08,1.999999480016135e-08,-80.00000319983917,-80.00000319983917,-80.00000319983917,-0.1999999679996083,-1.999999480016135e-08,-1.999999480016135e-08,1.999999679996083e-10,19.99999480016135,19.99999480016135,-0.2000000079995979,-80.00000319983917,0.2000000079995979,0,-0.1999999679996083,-1.999999480016135e-08,-1.999999480016135e-08,0,0,0,0.1999999679996083,1.999999480016135e-08,1.999999480016135e-08,1.999999679996083e-10,19.99999480016135,19.99999480016135
4.2,80.00000320003917,99.99999800000052,99.99999800000052,-19.99999679996083,-1.999999480016135e-06,-1.999999480016135e-06,0,0,0.2000000079995979,400,80.00000319983917,0.1999999679996083,1.999999480016135e-08,1.999999480016135e-08,1e-09,1000000000,1000000000,1.999999679996083e-10,19.99999480016135,19.99999480016135,60,0.9,80,3,1,1,1,1,2,1,1,1,1,1,1,-0.1999999679996083,-1.999999480016135e-08,-1.999999480016135e-08,0.1999999679996083,1.999999480016135e-08,1.999999480016135e-08,-80.00000319983917,-80.00000319983917,-80.00000319983917,-0.1999999679996083,-1.999999480016135e-08,-1.999999480016135e-08,1.999999679996083e-10,19.99999480016135,19.99999480016135,-0.2000000079995979,-80.00000319983917,0.2000000079995979,0,-0.1999999679996083,-1.999999480016135e-08,-1.999999480016135e-08,0,0,0,0.1999999679996083,1.999999480016135e-08,1.999999480016135e-08,1.999999679996083e-10,19.99999480016135,19.99999480016135
4.3,80.00000320003917,99.99999800000052,99.99999800000052,-19.99999679996083,-1.999999480016135e-06,-1.999999480016135e-06,0,0,0.2000000079995979,400,80.00000319983917,0.1999999679996083,1.999999480016135e-08,1.999999480016135e-08,1e-09,1000000000,1000000000,1.999999679996083e-10,19.99999480016135,19.99999480016135,60,0.9,80,3,1,1,1,1,2,1,1,1,1,1,1,-0.1999999679996083,-1.999999480016135e-08,-1.999999480016135e-08,0.1999999679996083,1.999999480016135e-08,1.999999480016135e-08,-80.00000319983917,-80.00000319983917,-80.00000319983917,-0.1999999679996083,-1.999999480016135e-08,-1.999999480016135e-08,1.999999679996083e-10,19.99999480016135,19.99999480016135,-0.2000000079995979,-80.00000319983917,0.2000000079995979,0,-0.1999999679996083,-1.999999480016135e-08,-1.999999480016135e-08,0,0,0,0.1999999679996083,1.999999480016135e-08,1.999999480016135e-08,1.999999679996083e-10,19.99999480016135,19.99999480016135
4.4,80.00000320003917,99.99999800000052,99.99999800000052,-19.99999679996083,-1.999999480016135e-06,-1.999999480016135e-06,0,0,0.2000000079995979,400,80.00000319983917,0.1999999679996083,1.999999480016135e-08,1.999999480016135e-08,1e-09,1000000000,1000000000,1.999999679996083e-10,19.99999480016135,19.99999480016135,60,0.9,80,3,1,1,1,1,2,1,1,1,1,1,1,-0.1999999679996083,-1.999999480016135e-08,-1.999999480016135e-08,0.1999999679996083,1.999999480016135e-08,1.999999480016135e-08,-80.00000319983917,-80.00000319983917,-80.00000319983917,-0.1999999679996083,-1.999999480016135e-08,-1.999999480016135e-08,1.999999679996083e-10,19.99999480016135,19.99999480016135,-0.2000000079995979,-80.00000319983917,0.2000000079995979,0,-0.1999999679996083,-1.999999480016135e-08,-1.999999480016135e-08,0,0,0,0.1999999679996083,1.999999480016135e-08,1.999999480016135e-08,1.999999679996083e-10,19.99999480016135,19.99999480016135
4.5,80.00000320003917,99.99999800000052,99.99999800000052,-19.99999679996083,-1.999999480016135e-06,-1.999999480016135e-06,0,0,0.2000000079995979,400,80.00000319983917,0.1999999679996083,1.999999480016135e-08,1.999999480016135e-08,1e-09,1000000000,1000000000,1.999999679996083e-10,19.99999480016135,19.99999480016135,60,0.9,80,3,1,1,1,1,2,1,1,1,1,1,1,-0.1999999679996083,-1.999999480016135e-08,-1.999999480016135e-08,0.1999999679996083,1.999999480016135e-08,1.999999480016135e-08,-80.00000319983917,-80.00000319983917,-80.00000319983917,-0.1999999679996083,-1.999999480016135e-08,-1.999999480016135e-08,1.999999679996083e-10,19.99999480016135,19.99999480016135,-0.2000000079995979,-80.00000319983917,0.2000000079995979,0,-0.1999999679996083,-1.999999480016135e-08,-1.999999480016135e-08,0,0,0,0.1999999679996083,1.999999480016135e-08,1.999999480016135e-08,1.999999679996083e-10,19.99999480016135,19.99999480016135
4.6,80.00000320003917,99.99999800000052,99.99999800000052,-19.99999679996083,-1.999999480016135e-06,-1.999999480016135e-06,0,0,0.2000000079995979,400,80.00000319983917,0.1999999679996083,1.999999480016135e-08,1.999999480016135e-08,1e-09,1000000000,1000000000,1.999999679996083e-10,19.99999480016135,19.99999480016135,60,0.9,80,3,1,1,1,1,2,1,1,1,1,1,1,-0.1999999679996083,-1.999999480016135e-08,-1.999999480016135e-08,0.1999999679996083,1.999999480016135e-08,1.999999480016135e-08,-80.00000319983917,-80.00000319983917,-80.00000319983917,-0.1999999679996083,-1.999999480016135e-08,-1.999999480016135e-08,1.999999679996083e-10,19.99999480016135,19.99999480016135,-0.2000000079995979,-80.00000319983917,0.2000000079995979,0,-0.1999999679996083,-1.999999480016135e-08,-1.999999480016135e-08,0,0,0,0.1999999679996083,1.999999480016135e-08,1.999999480016135e-08,1.999999679996083e-10,19.99999480016135,19.99999480016135
4.7,80.00000320003917,99.99999800000052,99.99999800000052,-19.99999679996083,-1.999999480016135e-06,-1.999999480016135e-06,0,0,0.2000000079995979,400,80.00000319983917,0.1999999679996083,1.999999480016135e-08,1.999999480016135e-08,1e-09,1000000000,1000000000,1.999999679996083e-10,19.99999480016135,19.99999480016135,60,0.9,80,3,1,1,1,1,2,1,1,1,1,1,1,-0.1999999679996083,-1.999999480016135e-08,-1.999999480016135e-08,0.1999999679996083,1.999999480016135e-08,1.999999480016135e-08,-80.00000319983917,-80.00000319983917,-80.00000319983917,-0.1999999679996083,-1.999999480016135e-08,-1.999999480016135e-08,1.999999679996083e-10,19.99999480016135,19.99999480016135,-0.2000000079995979,-80.00000319983917,0.2000000079995979,0,-0.1999999679996083,-1.999999480016135e-08,-1.999999480016135e-08,0,0,0,0.1999999679996083,1.999999480016135e-08,1.999999480016135e-08,1.999999679996083e-10,19.99999480016135,19.99999480016135
4.8,80.00000320003917,99.99999800000052,99.99999800000052,-19.99999679996083,-1.999999480016135e-06,-1.999999480016135e-06,0,0,0.2000000079995979,400,80.00000319983917,0.1999999679996083,1.999999480016135e-08,1.999999480016135e-08,1e-09,1000000000,1000000000,1.999999679996083e-10,19.99999480016135,19.99999480016135,60,0.9,80,3,1,1,1,1,2,1,1,1,1,1,1,-0.1999999679996083,-1.999999480016135e-08,-1.999999480016135e-08,0.1999999679996083,1.999999480016135e-08,1.999999480016135e-08,-80.00000319983917,-80.00000319983917,-80.00000319983917,-0.1999999679996083,-1.999999480016135e-08,-1.999999480016135e-08,1.999999679996083e-10,19.99999480016135,19.99999480016135,-0.2000000079995979,-80.00000319983917,0.2000000079995979,0,-0.1999999679996083,-1.999999480016135e-08,-1.999999480016135e-08,0,0,0,0.1999999679996083,1.999999480016135e-08,1.999999480016135e-08,1.999999679996083e-10,19.99999480016135,19.99999480016135
4.9,80.00000320003917,99.99999800000052,99.99999800000052,-19.99999679996083,-1.999999480016135e-06,-1.999999480016135e-06,0,0,0.2000000079995979,400,80.00000319983917,0.1999999679996083,1.999999480016135e-08,1.999999480016135e-08,1e-09,1000000000,1000000000,1.999999679996083e-10,19.99999480016135,19.99999480016135,60,0.9,80,3,1,1,1,1,2,1,1,1,1,1,1,-0.1999999679996083,-1.999999480016135e-08,-1.999999480016135e-08,0.1999999679996083,1.999999480016135e-08,1.999999480016135e-08,-80.00000319983917,-80.00000319983917,-80.00000319983917,-0.1999999679996083,-1.999999480016135e-08,-1.999999480016135e-08,1.999999679996083e-10,19.99999480016135,19.99999480016135,-0.2000000079995979,-80.00000319983917,0.2000000079995979,0,-0.1999999679996083,-1.999999480016135e-08,-1.999999480016135e-08,0,0,0,0.1999999679996083,1.999999480016135e-08,1.999999480016135e-08,1.999999679996083e-10,19.99999480016135,19.99999480016135
5,80.00000320003917,99.99999800000052,99.99999800000052,-19.99999679996083,-1.999999480016135e-06,-1.999999480016135e-06,0,0,0.2000000079995979,400,80.00000319983917,0.1999999679996083,1.999999480016135e-08,1.999999480016135e-08,1e-09,1000000000,1000000000,1.999999679996083e-10,19.99999480016135,19.99999480016135,60,0.9,80,3,1,1,1,1,2,1,1,1,1,1,1,-0.1999999679996083,-1.999999480016135e-08,-1.999999480016135e-08,0.1999999679996083,1.999999480016135e-08,1.999999480016135e-08,-80.00000319983917,-80.00000319983917,-80.00000319983917,-0.1999999679996083,-1.999999480016135e-08,-1.999999480016135e-08,1.999999679996083e-10,19.99999480016135,19.99999480016135,-0.2000000079995979,-80.00000319983917,0.2000000079995979,0,-0.1999999679996083,-1.999999480016135e-08,-1.999999480016135e-08,0,0,0,0.1999999679996083,1.999999480016135e-08,1.999999480016135e-08,1.999999679996083e-10,19.99999480016135,19.99999480016135
5.000000001000445,80.00000320003917,99.99999800000052,99.99999800000052,-19.99999679996083,-1.999999480016135e-06,-1.999999480016135e-06,0,0,0.2000000079995979,400,80.00000319983917,0.1999999679996083,1.999999480016135e-08,1.999999480016135e-08,1e-09,1000000000,1000000000,1.999999679996083e-10,19.99999480016135,19.99999480016135,60,0.9,80,3,1,1,1,1,2,1,1,1,1,1,1,-0.1999999679996083,-1.999999480016135e-08,-1.999999480016135e-08,0.1999999679996083,1.999999480016135e-08,1.999999480016135e-08,-80.00000319983917,-80.00000319983917,-80.00000319983917,-0.1999999679996083,-1.999999480016135e-08,-1.999999480016135e-08,1.999999679996083e-10,19.99999480016135,19.99999480016135,-0.2000000079995979,-80.00000319983917,0.2000000079995979,0,-0.1999999679996083,-1.999999480016135e-08,-1.999999480016135e-08,0,0,0,0.1999999679996083,1.999999480016135e-08,1.999999480016135e-08,1.999999679996083e-10,19.99999480016135,19.99999480016135
5.000000001000445,78.94737174519582,99.99999789473739,99.99999789473739,-21.05262825480418,-2.105262614975209e-06,-2.105262614975209e-06,-2.775557561562891e-17,0,0.2105263246532941,375,78.9473717449853,0.2105262825480418,2.105262614975209e-08,2.105262614975209e-08,1e-09,1000000000,1000000000,2.105262825480418e-10,21.05262614975209,21.05262614975209,60,0.9,75,3,1,1,1,1,2,1,1,1,1,1,1,-0.2105262825480418,-2.105262614975209e-08,-2.105262614975209e-08,0.2105262825480418,2.105262614975209e-08,2.105262614975209e-08,-78.9473717449853,-78.9473717449853,-78.9473717449853,-0.2105262825480418,-2.105262614975209e-08,-2.105262614975209e-08,2.105262825480418e-10,21.05262614975209,21.05262614975209,-0.2105263246532941,-78.9473717449853,0.2105263246532941,0,-0.2105262825480418,-2.105262614975209e-08,-2.105262614975209e-08,0,0,0,0.2105262825480418,2.105262614975209e-08,2.105262614975209e-08,2.105262825480418e-10,21.05262614975209,21.05262614975209
5.1,78.94737174519582,99.99999789473739,99.99999789473739,-21.05262825480418,-2.105262614975209e-06,-2.105262614975209e-06,-2.775557561562891e-17,0,0.2105263246532941,375,78.9473717449853,0.2105262825480418,2.105262614975209e-08,2.105262614975209e-08,1e-09,1000000000,1000000000,2.105262825480418e-10,21.05262614975209,21.05262614975209,60,0.9,75,3,1,1,1,1,2,1,1,1,1,1,1,-0.2105262825480418,-2.105262614975209e-08,-2.105262614975209e-08,0.2105262825480418,2.105262614975209e-08,2.105262614975209e-08,-78.9473717449853,-78.9473717449853,-78.9473717449853,-0.2105262825480418,-2.105262614975209e-08,-2.105262614975209e-08,2.105262825480418e-10,21.05262614975209,21.05262614975209,-0.2105263246532941,-78.9473717449853,0.2105263246532941,0,-0.2105262825480418,-2.105262614975209e-08,-2.105262614975209e-08,0,0,0,0.2105262825480418,2.105262614975209e-08,2.105262614975209e-08,2.105262825480418e-10,21.05262614975209,21.05262614975209
5.2,78.94737174519582,99.99999789473739,99.99999789473739,-21.05262825480418,-2.105262614975209e-06,-2.105262614975209e-06,-2.775557561562891e-17,0,0.2105263246532941,375,78.9473717449853,0.2105262825480418,2.105262614975209e-08,2.105262614975209e-08,1e-09,1000000000,1000000000,2.105262825480418e-10,21.05262614975209,21.05262614975209,60,0.9,75,3,1,1,1,1,2,1,1,1,1,1,1,-0.2105262825480418,-2.105262614975209e-08,-2.105262614975209e-08,0.2105262825480418,2.105262614975209e-08,2.105262614975209e-08,-78.9473717449853,-78.9473717449853,-78.9473717449853,-0.2105262825480418,-2.105262614975209e-08,-2.105262614975209e-08,2.105262825480418e-10,21.05262614975209,21.05262614975209,-0.2105263246532941,-78.9473717449853,0.2105263246532941,0,-0.2105262825480418,-2.105262614975209e-08,-2.105262614975209e-08,0,0,0,0.2105262825480418,2.105262614975209e-08,2.105262614975209e-08,2.105262825480418e-10,21.05262614975209,21.05262614975209
5.3,78.94737174519582,99.99999789473739,99.99999789473739,-21.05262825480418,-2.105262614975209e-06,-2.105262614975209e-06,-2.775557561562891e-17,0,0.2105263246532941,375,78.9473717449853,0.2105262825480418,2.105262614975209e-08,2.105262614975209e-08,1e-09,1000000000,1000000000,2.105262825480418e-10,21.05262614975209,21.05262614975209,60,0.9,75,3,1,1,1,1,2,1,1,1,1,1,1,-0.2105262825480418,-2.105262614975209e-08,-2.105262614975209e-08,0.2105262825480418,2.105262614975209e-08,2.105262614975209e-08,-78.9473717449853,-78.9473717449853,-78.9473717449853,-0.2105262825480418,-2.105262614975209e-08,-2.105262614975209e-08,2.105262825480418e-10,21.05262614975209,21.05262614975209,-0.2105263246532941,-78.9473717449853,0.2105263246532941,0,-0.2105262825480418,-2.105262614975209e-08,-2.105262614975209e-08,0,0,0,0.2105262825480418,2.105262614975209e-08,2.105262614975209e-08,2.105262825480418e-10,21.05262614975209,21.05262614975209
5.4,78.94737174519582,99.99999789473739,99.99999789473739,-21.05262825480418,-2.105262614975209e-06,-2.105262614975209e-06,-2.775557561562891e-17,0,0.2105263246532941,375,78.9473717449853,0.2105262825480418,2.105262614975209e-08,2.105262614975209e-08,1e-09,1000000000,1000000000,2.105262825480418e-10,21.05262614975209,21.05262614975209,60,0.9,75,3,1,1,1,1,2,1,1,1,1,1,1,-0.2105262825480418,-2.105262614975209e-08,-2.105262614975209e-08,0.2105262825480418,2.105262614975209e-08,2.105262614975209e-08,-78.9473717449853,-78.9473717449853,-78.9473717449853,-0.2105262825480418,-2.105262614975209e-08,-2.105262614975209e-08,2.105262825480418e-10,21.05262614975209,21.05262614975209,-0.2105263246532941,-78.9473717449853,0.2105263246532941,0,-0.2105262825480418,-2.105262614975209e-08,-2.105262614975209e-08,0,0,0,0.2105262825480418,2.105262614975209e-08,2.105262614975209e-08,2.105262825480418e-10,21.05262614975209,21.05262614975209
5.5,78.94737174519582,99.99999789473739,99.99999789473739,-21.05262825480418,-2.105262614975209e-06,-2.105262614975209e-06,-2.775557561562891e-17,0,0.2105263246532941,375,78.9473717449853,0.2105262825480418,2.105262614975209e-08,2.105262614975209e-08,1e-09,1000000000,1000000000,2.105262825480418e-10,21.05262614975209,21.05262614975209,60,0.9,75,3,1,1,1,1,2,1,1,1,1,1,1,-0.2105262825480418,-2.105262614975209e-08,-2.105262614975209e-08,0.2105262825480418,2.105262614975209e-08,2.105262614975209e-08,-78.9473717449853,-78.9473717449853,-78.9473717449853,-0.2105262825480418,-2.105262614975209e-08,-2.105262614975209e-08,2.105262825480418e-10,21.05262614975209,21.05262614975209,-0.2105263246532941,-78.9473717449853,0.2105263246532941,0,-0.2105262825480418,-2.105262614975209e-08,-2.105262614975209e-08,0,0,0,0.2105262825480418,2.105262614975209e-08,2.105262614975209e-08,2.105262825480418e-10,21.05262614975209,21.05262614975209
5.6,78.94737174519582,99.99999789473739,99.99999789473739,-21.05262825480418,-2.105262614975209e-06,-2.105262614975209e-06,-2.775557561562891e-17,0,0.2105263246532941,375,78.9473717449853,0.2105262825480418,2.105262614975209e-08,2.105262614975209e-08,1e-09,1000000000,1000000000,2.105262825480418e-10,21.05262614975209,21.05262614975209,60,0.9,75,3,1,1,1,1,2,1,1,1,1,1,1,-0.2105262825480418,-2.105262614975209e-08,-2.105262614975209e-08,0.2105262825480418,2.105262614975209e-08,2.105262614975209e-08,-78.9473717449853,-78.9473717449853,-78.9473717449853,-0.2105262825480418,-2.105262614975209e-08,-2.105262614975209e-08,2.105262825480418e-10,21.05262614975209,21.05262614975209,-0.2105263246532941,-78.9473717449853,0.2105263246532941,0,-0.2105262825480418,-2.105262614975209e-08,-2.105262614975209e-08,0,0,0,0.2105262825480418,2.105262614975209e-08,2.105262614975209e-08,2.105262825480418e-10,21.05262614975209,21.05262614975209
5.7,78.94737174519582,99.99999789473739,99.99999789473739,-21.05262825480418,-2.105262614975209e-06,-2.105262614975209e-06,-2.775557561562891e-17,0,0.2105263246532941,375,78.9473717449853,0.2105262825480418,2.105262614975209e-08,2.105262614975209e-08,1e-09,1000000000,1000000000,2.105262825480418e-10,21.05262614975209,21.05262614975209,60,0.9,75,3,1,1,1,1,2,1,1,1,1,1,1,-0.2105262825480418,-2.105262614975209e-08,-2.105262614975209e-08,0.2105262825480418,2.105262614975209e-08,2.105262614975209e-08,-78.9473717449853,-78.9473717449853,-78.9473717449853,-0.2105262825480418,-2.105262614975209e-08,-2.105262614975209e-08,2.105262825480418e-10,21.05262614975209,21.05262614975209,-0.2105263246532941,-78.9473717449853,0.2105263246532941,0,-0.2105262825480418,-2.105262614975209e-08,-2.105262614975209e-08,0,0,0,0.2105262825480418,2.105262614975209e-08,2.105262614975209e-08,2.105262825480418e-10,21.05262614975209,21.05262614975209
5.8,78.94737174519582,99.99999789473739,99.99999789473739,-21.05262825480418,-2.105262614975209e-06,-2.105262614975209e-06,-2.775557561562891e-17,0,0.2105263246532941,375,78.9473717449853,0.2105262825480418,2.105262614975209e-08,2.105262614975209e-08,1e-09,1000000000,1000000000,2.105262825480418e-10,21.05262614975209,21.05262614975209,60,0.9,75,3,1,1,1,1,2,1,1,1,1,1,1,-0.2105262825480418,-2.105262614975209e-08,-2.105262614975209e-08,0.2105262825480418,2.105262614975209e-08,2.105262614975209e-08,-78.9473717449853,-78.9473717449853,-78.9473717449853,-0.2105262825480418,-2.105262614975209e-08,-2.105262614975209e-08,2.105262825480418e-10,21.05262614975209,21.05262614975209,-0.2105263246532941,-78.9473717449853,0.2105263246532941,0,-0.2105262825480418,-2.105262614975209e-08,-2.105262614975209e-08,0,0,0,0.2105262825480418,2.105262614975209e-08,2.105262614975209e-08,2.105262825480418e-10,21.05262614975209,21.05262614975209
5.9,78.94737174519582,99.99999789473739,99.99999789473739,-21.05262825480418,-2.105262614975209e-06,-2.105262614975209e-06,-2.775557561562891e-17,0,0.2105263246532941,375,78.9473717449853,0.2105262825480418,2.105262614975209e-08,2.105262614975209e-08,1e-09,1000000000,1000000000,2.105262825480418e-10,21.05262614975209,21.05262614975209,60,0.9,75,3,1,1,1,1,2,1,1,1,1,1,1,-0.2105262825480418,-2.105262614975209e-08,-2.105262614975209e-08,0.2105262825480418,2.105262614975209e-08,2.105262614975209e-08,-78.9473717449853,-78.9473717449853,-78.9473717449853,-0.2105262825480418,-2.105262614975209e-08,-2.105262614975209e-08,2.105262825480418e-10,21.05262614975209,21.05262614975209,-0.2105263246532941,-78.9473717449853,0.2105263246532941,0,-0.2105262825480418,-2.105262614975209e-08,-2.105262614975209e-08,0,0,0,0.2105262825480418,2.105262614975209e-08,2.105262614975209e-08,2.105262825480418e-10,21.05262614975209,21.05262614975209
6,78.94737174519582,99.99999789473739,99.99999789473739,-21.05262825480418,-2.105262614975209e-06,-2.105262614975209e-06,-2.775557561562891e-17,0,0.2105263246532941,375,78.9473717449853,0.2105262825480418,2.105262614975209e-08,2.105262614975209e-08,1e-09,1000000000,1000000000,2.105262825480418e-10,21.05262614975209,21.05262614975209,60,0.9,75,3,1,1,1,1,2,1,1,1,1,1,1,-0.2105262825480418,-2.105262614975209e-08,-2.105262614975209e-08,0.2105262825480418,2.105262614975209e-08,2.105262614975209e-08,-78.9473717449853,-78.9473717449853,-78.9473717449853,-0.2105262825480418,-2.105262614975209e-08,-2.105262614975209e-08,2.105262825480418e-10,21.05262614975209,21.05262614975209,-0.2105263246532941,-78.9473717449853,0.2105263246532941,0,-0.2105262825480418,-2.105262614975209e-08,-2.105262614975209e-08,0,0,0,0.2105262825480418,2.105262614975209e-08,2.105262614975209e-08,2.105262825480418e-10,21.05262614975209,21.05262614975209
6.000000001200535,78.94737174519582,99.99999789473739,99.99999789473739,-21.05262825480418,-2.105262614975209e-06,-2.105262614975209e-06,-2.775557561562891e-17,0,0.2105263246532941,375,78.9473717449853,0.2105262825480418,2.105262614975209e-08,2.105262614975209e-08,1e-09,1000000000,1000000000,2.105262825480418e-10,21.05262614975209,21.05262614975209,60,0.9,75,3,1,1,1,1,2,1,1,1,1,1,1,-0.2105262825480418,-2.105262614975209e-08,-2.105262614975209e-08,0.2105262825480418,2.105262614975209e-08,2.105262614975209e-08,-78.9473717449853,-78.9473717449853,-78.9473717449853,-0.2105262825480418,-2.105262614975209e-08,-2.105262614975209e-08,2.105262825480418e-10,21.05262614975209,21.05262614975209,-0.2105263246532941,-78.9473717449853,0.2105263246532941,0,-0.2105262825480418,-2.105262614975209e-08,-2.105262614975209e-08,0,0,0,0.2105262825480418,2.105262614975209e-08,2.105262614975209e-08,2.105262825480418e-10,21.05262614975209,21.05262614975209
6.000000001200535,75.00000375006157,99.99999750000063,99.99999750000063,-24.99999624993844,-2.499999375018906e-06,-2.499999375018906e-06,0,0,0.2500000124993719,300,75.00000374981157,0.2499999624993844,2.499999375018906e-08,2.499999375018906e-08,1e-09,1000000000,1000000000,2.499999624993844e-10,24.99999375018906,24.99999375018906,60,0.9,60,3,1,1,1,1,2,1,1,1,1,1,1,-0.2499999624993844,-2.499999375018906e-08,-2.499999375018906e-08,0.2499999624993844,2.499999375018906e-08,2.499999375018906e-08,-75.00000374981157,-75.00000374981157,-75.00000374981157,-0.2499999624993844,-2.499999375018906e-08,-2.499999375018906e-08,2.499999624993844e-10,24.99999375018906,24.99999375018906,-0.2500000124993719,-75.00000374981157,0.2500000124993719,0,-0.2499999624993844,-2.499999375018906e-08,-2.499999375018906e-08,0,0,0,0.2499999624993844,2.499999375018906e-08,2.499999375018906e-08,2.499999624993844e-10,24.99999375018906,24.99999375018906
6.1,75.00000375006157,99.99999750000063,99.99999750000063,-24.99999624993844,-2.499999375018907e-06,-2.499999375018907e-06,-2.775557561562891e-17,0,0.2500000124993719,300,75.00000374981157,0.2499999624993844,2.499999375018907e-08,2.499999375018907e-08,1e-09,1000000000,1000000000,2.499999624993844e-10,24.99999375018907,24.99999375018907,60,0.9,60,3,1,1,1,1,2,1,1,1,1,1,1,-0.2499999624993844,-2.499999375018907e-08,-2.499999375018907e-08,0.2499999624993844,2.499999375018907e-08,2.499999375018907e-08,-75.00000374981157,-75.00000374981157,-75.00000374981157,-0.2499999624993844,-2.499999375018907e-08,-2.499999375018907e-08,2.499999624993844e-10,24.99999375018907,24.99999375018907,-0.2500000124993719,-75.00000374981157,0.2500000124993719,0,-0.2499999624993844,-2.499999375018907e-08,-2.499999375018907e-08,0,0,0,0.2499999624993844,2.499999375018907e-08,2.499999375018907e-08,2.499999624993844e-10,24.99999375018907,24.99999375018907
6.2,75.00000375006155,99.99999750000063,99.99999750000063,-24.99999624993843,-2.499999375018907e-06,-2.499999375018907e-06,0,0,0.2500000124993718,300,75.00000374981155,0.2499999624993843,2.499999375018907e-08,2.499999375018907e-08,1e-09,1000000000,1000000000,2.499999624993843e-10,24.99999375018907,24.99999375018907,60,0.9,60,3,1,1,1,1,2,1,1,1,1,1,1,-0.2499999624993843,-2.499999375018907e-08,-2.499999375018907e-08,0.2499999624993843,2.499999375018907e-08,2.499999375018907e-08,-75.00000374981155,-75.00000374981155,-75.00000374981155,-0.2499999624993843,-2.499999375018907e-08,-2.499999375018907e-08,2.499999624993843e-10,24.99999375018907,24.99999375018907,-0.2500000124993718,-75.00000374981155,0.2500000124993718,0,-0.2499999624993843,-2.499999375018907e-08,-2.499999375018907e-08,0,0,0,0.2499999624993843,2.499999375018907e-08,2.499999375018907e-08,2.499999624993843e-10,24.99999375018907,24.99999375018907
6.3,75.00000375006157,99.99999750000063,99.99999750000063,-24.99999624993844,-2.499999375018907e-06,-2.499999375018907e-06,-2.775557561562891e-17,0,0.2500000124993719,300,75.00000374981157,0.2499999624993844,2.499999375018907e-08,2.499999375018907e-08,1e-09,1000000000,1000000000,2.499999624993844e-10,24.99999375018907,24.99999375018907,60,0.9,60,3,1,1,1,1,2,1,1,1,1,1,1,-0.2499999624993844,-2.499999375018907e-08,-2.499999375018907e-08,0.2499999624993844,2.499999375018907e-08,2.499999375018907e-08,-75.00000374981157,-75.00000374981157,-75.00000374981157,-0.2499999624993844,-2.499999375018907e-08,-2.499999375018907e-08,2.499999624993844e-10,24.99999375018907,24.99999375018907,-0.2500000124993719,-75.00000374981157,0.2500000124993719,0,-0.2499999624993844,-2.499999375018907e-08,-2.499999375018907e-08,0,0,0,0.2499999624993844,2.499999375018907e-08,2.499999375018907e-08,2.499999624993844e-10,24.99999375018907,24.99999375018907
6.4,75.00000375006155,99.99999750000063,99.99999750000063,-24.99999624993843,-2.499999375018907e-06,-2.499999375018907e-06,0,0,0.2500000124993718,300,75.00000374981155,0.2499999624993843,2.499999375018907e-08,2.499999375018907e-08,1e-09,1000000000,1000000000,2.499999624993843e-10,24.99999375018907,24.99999375018907,60,0.9,60,3,1,1,1,1,2,1,1,1,1,1,1,-0.2499999624993843,-2.499999375018907e-08,-2.499999375018907e-08,0.2499999624993843,2.499999375018907e-08,2.499999375018907e-08,-75.00000374981155,-75.00000374981155,-75.00000374981155,-0.2499999624993843,-2.499999375018907e-08,-2.499999375018907e-08,2.499999624993843e-10,24.99999375018907,24.99999375018907,-0.2500000124993718,-75.00000374981155,0.2500000124993718,0,-0.2499999624993843,-2.499999375018907e-08,-2.499999375018907e-08,0,0,0,0.2499999624993843,2.499999375018907e-08,2.499999375018907e-08,2.499999624993843e-10,24.99999375018907,24.99999375018907
6.5,75.00000375006157,99.99999750000063,99.99999750000063,-24.99999624993844,-2.499999375018907e-06,-2.499999375018907e-06,-2.775557561562891e-17,0,0.2500000124993719,300,75.00000374981157,0.2499999624993844,2.499999375018907e-08,2.499999375018907e-08,1e-09,1000000000,1000000000,2.499999624993844e-10,24.99999375018907,24.99999375018907,60,0.9,60,3,1,1,1,1,2,1,1,1,1,1,1,-0.2499999624993844,-2.499999375018907e-08,-2.499999375018907e-08,0.2499999624993844,2.499999375018907e-08,2.499999375018907e-08,-75.00000374981157,-75.00000374981157,-75.00000374981157,-0.2499999624993844,-2.499999375018907e-08,-2.499999375018907e-08,2.499999624993844e-10,24.99999375018907,24.99999375018907,-0.2500000124993719,-75.00000374981157,0.2500000124993719,0,-0.2499999624993844,-2.499999375018907e-08,-2.499999375018907e-08,0,0,0,0.2499999624993844,2.499999375018907e-08,2.499999375018907e-08,2.499999624993844e-10,24.99999375018907,24.99999375018907
6.6,75.00000375006155,99.99999750000063,99.99999750000063,-24.99999624993843,-2.499999375018907e-06,-2.499999375018907e-06,0,0,0.2500000124993718,300,75.00000374981155,0.2499999624993843,2.499999375018907e-08,2.499999375018907e-08,1e-09,1000000000,1000000000,2.499999624993843e-10,24.99999375018907,24.99999375018907,60,0.9,60,3,1,1,1,1,2,1,1,1,1,1,1,-0.2499999624993843,-2.499999375018907e-08,-2.499999375018907e-08,0.2499999624993843,2.499999375018907e-08,2.499999375018907e-08,-75.00000374981155,-75.00000374981155,-75.00000374981155,-0.2499999624993843,-2.499999375018907e-08,-2.499999375018907e-08,2.499999624993843e-10,24.99999375018907,24.99999375018907,-0.2500000124993718,-75.00000374981155,0.2500000124993718,0,-0.2499999624993843,-2.499999375018907e-08,-2.499999375018907e-08,0,0,0,0.2499999624993843,2.499999375018907e-08,2.499999375018907e-08,2.499999624993843e-10,24.99999375018907,24.99999375018907
6.7,75.00000375006157,99.99999750000063,99.99999750000063,-24.99999624993844,-2.499999375018907e-06,-2.499999375018907e-06,-2.775557561562891e-17,0,0.2500000124993719,300,75.00000374981157,0.2499999624993844,2.499999375018907e-08,2.499999375018907e-08,1e-09,1000000000,1000000000,2.499999624993844e-10,24.99999375018907,24.99999375018907,60,0.9,60,3,1,1,1,1,2,1,1,1,1,1,1,-0.2499999624993844,-2.499999375018907e-08,-2.499999375018907e-08,0.2499999624993844,2.499999375018907e-08,2.499999375018907e-08,-75.00000374981157,-75.00000374981157,-75.00000374981157,-0.2499999624993844,-2.499999375018907e-08,-2.499999375018907e-08,2.499999624993844e-10,24.99999375018907,24.99999375018907,-0.2500000124993719,-75.00000374981157,0.2500000124993719,0,-0.2499999624993844,-2.499999375018907e-08,-2.499999375018907e-08,0,0,0,0.2499999624993844,2.499999375018907e-08,2.499999375018907e-08,2.499999624993844e-10,24.99999375018907,24.99999375018907
6.8,75.00000375006155,99.99999750000063,99.99999750000063,-24.99999624993843,-2.499999375018907e-06,-2.499999375018907e-06,0,0,0.2500000124993718,300,75.00000374981155,0.2499999624993843,2.499999375018907e-08,2.499999375018907e-08,1e-09,1000000000,1000000000,2.499999624993843e-10,24.99999375018907,24.99999375018907,60,0.9,60,3,1,1,1,1,2,1,1,1,1,1,1,-0.2499999624993843,-2.499999375018907e-08,-2.499999375018907e-08,0.2499999624993843,2.499999375018907e-08,2.499999375018907e-08,-75.00000374981155,-75.00000374981155,-75.00000374981155,-0.2499999624993843,-2.499999375018907e-08,-2.499999375018907e-08,2.499999624993843e-10,24.99999375018907,24.99999375018907,-0.2500000124993718,-75.00000374981155,0.2500000124993718,0,-0.2499999624993843,-2.499999375018907e-08,-2.499999375018907e-08,0,0,0,0.2499999624993843,2.499999375018907e-08,2.499999375018907e-08,2.499999624993843e-10,24.99999375018907,24.99999375018907
6.9,75.00000375006157,99.99999750000063,99.99999750000063,-24.99999624993844,-2.499999375018907e-06,-2.499999375018907e-06,-2.775557561562891e-17,0,0.2500000124993719,300,75.00000374981157,0.2499999624993844,2.499999375018907e-08,2.499999375018907e-08,1e-09,1000000000,1000000000,2.499999624993844e-10,24.99999375018907,24.99999375018907,60,0.9,60,3,1,1,1,1,2,1,1,1,1,1,1,-0.2499999624993844,-2.499999375018907e-08,-2.499999375018907e-08,0.2499999624993844,2.499999375018907e-08,2.499999375018907e-08,-75.00000374981157,-75.00000374981157,-75.00000374981157,-0.2499999624993844,-2.499999375018907e-08,-2.499999375018907e-08,2.499999624993844e-10,24.99999375018907,24.99999375018907,-0.2500000124993719,-75.00000374981157,0.2500000124993719,0,-0.2499999624993844,-2.499999375018907e-08,-2.499999375018907e-08,0,0,0,0.2499999624993844,2.499999375018907e-08,2.499999375018907e-08,2.499999624993844e-10,24.99999375018907,24.99999375018907
7,75.00000375006155,99.99999750000063,99.99999750000063,-24.99999624993843,-2.499999375018907e-06,-2.499999375018907e-06,0,0,0.2500000124993718,300,75.00000374981155,0.2499999624993843,2.499999375018907e-08,2.499999375018907e-08,1e-09,1000000000,1000000000,2.499999624993843e-10,24.99999375018907,24.99999375018907,60,0.9,60,3,1,1,1,1,2,1,1,1,1,1,1,-0.2499999624993843,-2.499999375018907e-08,-2.499999375018907e-08,0.2499999624993843,2.499999375018907e-08,2.499999375018907e-08,-75.00000374981155,-75.00000374981155,-75.00000374981155,-0.2499999624993843,-2.499999375018907e-08,-2.499999375018907e-08,2.499999624993843e-10,24.99999375018907,24.99999375018907,-0.2500000124993718,-75.00000374981155,0.2500000124993718,0,-0.2499999624993843,-2.499999375018907e-08,-2.499999375018907e-08,0,0,0,0.2499999624993843,2.499999375018907e-08,2.499999375018907e-08,2.499999624993843e-10,24.99999375018907,24.99999375018907
7.000000001400622,75.00000375006157,99.99999750000063,99.99999750000063,-24.99999624993844,-2.499999375018907e-06,-2.499999375018907e-06,-2.775557561562891e-17,0,0.2500000124993719,300,75.00000374981157,0.2499999624993844,2.499999375018907e-08,2.499999375018907e-08,1e-09,1000000000,1000000000,2.499999624993844e-10,24.99999375018907,24.99999375018907,60,0.9,60,3,1,1,1,1,2,1,1,1,1,1,1,-0.2499999624993844,-2.499999375018907e-08,-2.499999375018907e-08,0.2499999624993844,2.499999375018907e-08,2.499999375018907e-08,-75.00000374981157,-75.00000374981157,-75.00000374981157,-0.2499999624993844,-2.499999375018907e-08,-2.499999375018907e-08,2.499999624993844e-10,24.99999375018907,24.99999375018907,-0.2500000124993719,-75.00000374981157,0.2500000124993719,0,-0.2499999624993844,-2.499999375018907e-08,-2.499999375018907e-08,0,0,0,0.2499999624993844,2.499999375018907e-08,2.499999375018907e-08,2.499999624993844e-10,24.99999375018907,24.99999375018907
7.000000001400622,83.33333611113815,99.99999833333379,99.99999833333378,-16.66666388886186,-1.66666622223623e-06,-1.66666622223623e-06,0,0,0.166666672221943,500,83.33333611097149,0.1666666388886185,1.66666622223623e-08,1.66666622223623e-08,1e-09,1000000000,1000000000,1.666666388886186e-10,16.6666622223623,16.6666622223623,60,0.9,100,3,1,1,1,1,2,1,1,1,1,1,1,-0.1666666388886185,-1.66666622223623e-08,-1.66666622223623e-08,0.1666666388886185,1.66666622223623e-08,1.66666622223623e-08,-83.33333611097149,-83.33333611097149,-83.33333611097149,-0.1666666388886185,-1.66666622223623e-08,-1.66666622223623e-08,1.666666388886186e-10,16.6666622223623,16.6666622223623,-0.166666672221943,-83.33333611097149,0.166666672221943,0,-0.1666666388886185,-1.66666622223623e-08,-1.66666622223623e-08,0,0,0,0.1666666388886185,1.66666622223623e-08,1.66666622223623e-08,1.666666388886186e-10,16.6666622223623,16.6666622223623
7.1,83.33333611113815,99.99999833333378,99.99999833333378,-16.66666388886186,-1.666666222236229e-06,-1.66666622223623e-06,0,0,0.166666672221943,500,83.33333611097149,0.1666666388886185,1.666666222236229e-08,1.66666622223623e-08,1e-09,1000000000,1000000000,1.666666388886186e-10,16.66666222236229,16.6666622223623,60,0.9,100,3,1,1,1,1,2,1,1,1,1,1,1,-0.1666666388886185,-1.666666222236229e-08,-1.66666622223623e-08,0.1666666388886185,1.666666222236229e-08,1.66666622223623e-08,-83.33333611097149,-83.33333611097149,-83.33333611097149,-0.1666666388886185,-1.666666222236229e-08,-1.66666622223623e-08,1.666666388886186e-10,16.66666222236229,16.6666622223623,-0.166666672221943,-83.33333611097149,0.166666672221943,0,-0.1666666388886185,-1.666666222236229e-08,-1.66666622223623e-08,0,0,0,0.1666666388886185,1.666666222236229e-08,1.66666622223623e-08,1.666666388886186e-10,16.66666222236229,16.6666622223623
7.2,83.33333611113815,99.99999833333378,99.99999833333378,-16.66666388886186,-1.666666222236229e-06,-1.66666622223623e-06,0,0,0.166666672221943,500,83.33333611097149,0.1666666388886185,1.666666222236229e-08,1.66666622223623e-08,1e-09,1000000000,1000000000,1.666666388886186e-10,16.66666222236229,16.6666622223623,60,0.9,100,3,1,1,1,1,2,1,1,1,1,1,1,-0.1666666388886185,-1.666666222236229e-08,-1.66666622223623e-08,0.1666666388886185,1.666666222236229e-08,1.66666622223623e-08,-83.33333611097149,-83.33333611097149,-83.33333611097149,-0.1666666388886185,-1.666666222236229e-08,-1.66666622223623e-08,1.666666388886186e-10,16.66666222236229,16.6666622223623,-0.166666672221943,-83.33333611097149,0.166666672221943,0,-0.1666666388886185,-1.666666222236229e-08,-1.66666622223623e-08,0,0,0,0.1666666388886185,1.666666222236229e-08,1.66666622223623e-08,1.666666388886186e-10,16.66666222236229,16.6666622223623
7.3,83.33333611113815,99.99999833333378,99.99999833333378,-16.66666388886186,-1.666666222236229e-06,-1.66666622223623e-06,0,0,0.166666672221943,500,83.33333611097149,0.1666666388886185,1.666666222236229e-08,1.66666622223623e-08,1e-09,1000000000,1000000000,1.666666388886186e-10,16.66666222236229,16.6666622223623,60,0.9,100,3,1,1,1,1,2,1,1,1,1,1,1,-0.1666666388886185,-1.666666222236229e-08,-1.66666622223623e-08,0.1666666388886185,1.666666222236229e-08,1.66666622223623e-08,-83.33333611097149,-83.33333611097149,-83.33333611097149,-0.1666666388886185,-1.666666222236229e-08,-1.66666622223623e-08,1.666666388886186e-10,16.66666222236229,16.6666622223623,-0.166666672221943,-83.33333611097149,0.166666672221943,0,-0.1666666388886185,-1.666666222236229e-08,-1.66666622223623e-08,0,0,0,0.1666666388886185,1.666666222236229e-08,1.66666622223623e-08,1.666666388886186e-10,16.66666222236229,16.6666622223623
7.4,83.33333611113815,99.99999833333378,99.99999833333378,-16.66666388886186,-1.666666222236229e-06,-1.66666622223623e-06,0,0,0.166666672221943,500,83.33333611097149,0.1666666388886185,1.666666222236229e-08,1.66666622223623e-08,1e-09,1000000000,1000000000,1.666666388886186e-10,16.66666222236229,16.6666622223623,60,0.9,100,3,1,1,1,1,2,1,1,1,1,1,1,-0.1666666388886185,-1.666666222236229e-08,-1.66666622223623e-08,0.1666666388886185,1.666666222236229e-08,1.66666622223623e-08,-83.33333611097149,-83.33333611097149,-83.33333611097149,-0.1666666388886185,-1.666666222236229e-08,-1.66666622223623e-08,1.666666388886186e-10,16.66666222236229,16.6666622223623,-0.166666672221943,-83.33333611097149,0.166666672221943,0,-0.1666666388886185,-1.666666222236229e-08,-1.66666622223623e-08,0,0,0,0.1666666388886185,1.666666222236229e-08,1.66666622223623e-08,1.666666388886186e-10,16.66666222236229,16.6666622223623
7.5,83.33333611113815,99.99999833333378,99.99999833333378,-16.66666388886186,-1.666666222236229e-06,-1.66666622223623e-06,0,0,0.166666672221943,500,83.33333611097149,0.1666666388886185,1.666666222236229e-08,1.66666622223623e-08,1e-09,1000000000,1000000000,1.666666388886186e-10,16.66666222236229,16.6666622223623,60,0.9,100,3,1,1,1,1,2,1,1,1,1,1,1,-0.1666666388886185,-1.666666222236229e-08,-1.66666622223623e-08,0.1666666388886185,1.666666222236229e-08,1.66666622223623e-08,-83.33333611097149,-83.33333611097149,-83.33333611097149,-0.1666666388886185,-1.666666222236229e-08,-1.66666622223623e-08,1.666666388886186e-10,16.66666222236229,16.6666622223623,-0.166666672221943,-83.33333611097149,0.166666672221943,0,-0.1666666388886185,-1.666666222236229e-08,-1.66666622223623e-08,0,0,0,0.1666666388886185,1.666666222236229e-08,1.66666622223623e-08,1.666666388886186e-10,16.66666222236229,16.6666622223623
7.6,83.33333611113815,99.99999833333378,99.99999833333378,-16.66666388886186,-1.666666222236229e-06,-1.66666622223623e-06,0,0,0.166666672221943,500,83.33333611097149,0.1666666388886185,1.666666222236229e-08,1.66666622223623e-08,1e-09,1000000000,1000000000,1.666666388886186e-10,16.66666222236229,16.6666622223623,60,0.9,100,3,1,1,1,1,2,1,1,1,1,1,1,-0.1666666388886185,-1.666666222236229e-08,-1.66666622223623e-08,0.1666666388886185,1.666666222236229e-08,1.66666622223623e-08,-83.33333611097149,-83.33333611097149,-83.33333611097149,-0.1666666388886185,-1.666666222236229e-08,-1.66666622223623e-08,1.666666388886186e-10,16.66666222236229,16.6666622223623,-0.166666672221943,-83.33333611097149,0.166666672221943,0,-0.1666666388886185,-1.666666222236229e-08,-1.66666622223623e-08,0,0,0,0.1666666388886185,1.666666222236229e-08,1.66666622223623e-08,1.666666388886186e-10,16.66666222236229,16.6666622223623
7.7,83.33333611113815,99.99999833333378,99.99999833333378,-16.66666388886186,-1.666666222236229e-06,-1.66666622223623e-06,0,0,0.166666672221943,500,83.33333611097149,0.1666666388886185,1.666666222236229e-08,1.66666622223623e-08,1e-09,1000000000,1000000000,1.666666388886186e-10,16.66666222236229,16.6666622223623,60,0.9,100,3,1,1,1,1,2,1,1,1,1,1,1,-0.1666666388886185,-1.666666222236229e-08,-1.66666622223623e-08,0.1666666388886185,1.666666222236229e-08,1.66666622223623e-08,-83.33333611097149,-83.33333611097149,-83.33333611097149,-0.1666666388886185,-1.666666222236229e-08,-1.66666622223623e-08,1.666666388886186e-10,16.66666222236229,16.6666622223623,-0.166666672221943,-83.33333611097149,0.166666672221943,0,-0.1666666388886185,-1.666666222236229e-08,-1.66666622223623e-08,0,0,0,0.1666666388886185,1.666666222236229e-08,1.66666622223623e-08,1.666666388886186e-10,16.66666222236229,16.6666622223623
7.8,83.33333611113815,99.99999833333378,99.99999833333378,-16.66666388886186,-1.666666222236229e-06,-1.66666622223623e-06,0,0,0.166666672221943,500,83.33333611097149,0.1666666388886185,1.666666222236229e-08,1.66666622223623e-08,1e-09,1000000000,1000000000,1.666666388886186e-10,16.66666222236229,16.6666622223623,60,0.9,100,3,1,1,1,1,2,1,1,1,1,1,1,-0.1666666388886185,-1.666666222236229e-08,-1.66666622223623e-08,0.1666666388886185,1.666666222236229e-08,1.66666622223623e-08,-83.33333611097149,-83.33333611097149,-83.33333611097149,-0.1666666388886185,-1.666666222236229e-08,-1.66666622223623e-08,1.666666388886186e-10,16.66666222236229,16.6666622223623,-0.166666672221943,-83.33333611097149,0.166666672221943,0,-0.1666666388886185,-1.666666222236229e-08,-1.66666622223623e-08,0,0,0,0.1666666388886185,1.666666222236229e-08,1.66666622223623e-08,1.666666388886186e-10,16.66666222236229,16.6666622223623
7.9,83.33333611113815,99.99999833333378,99.99999833333378,-16.66666388886186,-1.666666222236229e-06,-1.66666622223623e-06,0,0,0.166666672221943,500,83.33333611097149,0.1666666388886185,1.666666222236229e-08,1.66666622223623e-08,1e-09,1000000000,1000000000,1.666666388886186e-10,16.66666222236229,16.6666622223623,60,0.9,100,3,1,1,1,1,2,1,1,1,1,1,1,-0.1666666388886185,-1.666666222236229e-08,-1.66666622223623e-08,0.1666666388886185,1.666666222236229e-08,1.66666622223623e-08,-83.33333611097149,-83.33333611097149,-83.33333611097149,-0.1666666388886185,-1.666666222236229e-08,-1.66666622223623e-08,1.666666388886186e-10,16.66666222236229,16.6666622223623,-0.166666672221943,-83.33333611097149,0.166666672221943,0,-0.1666666388886185,-1.666666222236229e-08,-1.66666622223623e-08,0,0,0,0.1666666388886185,1.666666222236229e-08,1.66666622223623e-08,1.666666388886186e-10,16.66666222236229,16.6666622223623
8,83.33333611113815,99.99999833333378,99.99999833333378,-16.66666388886186,-1.666666222236229e-06,-1.66666622223623e-06,0,0,0.166666672221943,500,83.33333611097149,0.1666666388886185,1.666666222236229e-08,1.66666622223623e-08,1e-09,1000000000,1000000000,1.666666388886186e-10,16.66666222236229,16.6666622223623,60,0.9,100,3,1,1,1,1,2,1,1,1,1,1,1,-0.1666666388886185,-1.666666222236229e-08,-1.66666622223623e-08,0.1666666388886185,1.666666222236229e-08,1.66666622223623e-08,-83.33333611097149,-83.33333611097149,-83.33333611097149,-0.1666666388886185,-1.666666222236229e-08,-1.66666622223623e-08,1.666666388886186e-10,16.66666222236229,16.6666622223623,-0.166666672221943,-83.33333611097149,0.166666672221943,0,-0.1666666388886185,-1.666666222236229e-08,-1.66666622223623e-08,0,0,0,0.1666666388886185,1.666666222236229e-08,1.66666622223623e-08,1.666666388886186e-10,16.66666222236229,16.6666622223623
8.000000001600711,83.33333611113815,99.99999833333378,99.99999833333378,-16.66666388886186,-1.666666222236229e-06,-1.66666622223623e-06,0,0,0.166666672221943,500,83.33333611097149,0.1666666388886185,1.666666222236229e-08,1.66666622223623e-08,1e-09,1000000000,1000000000,1.666666388886186e-10,16.66666222236229,16.6666622223623,60,0.9,100,3,1,1,1,1,2,1,1,1,1,1,1,-0.1666666388886185,-1.666666222236229e-08,-1.66666622223623e-08,0.1666666388886185,1.666666222236229e-08,1.66666622223623e-08,-83.33333611097149,-83.33333611097149,-83.33333611097149,-0.1666666388886185,-1.666666222236229e-08,-1.66666622223623e-08,1.666666388886186e-10,16.66666222236229,16.6666622223623,-0.166666672221943,-83.33333611097149,0.166666672221943,0,-0.1666666388886185,-1.666666222236229e-08,-1.66666622223623e-08,0,0,0,0.1666666388886185,1.666666222236229e-08,1.66666622223623e-08,1.666666388886186e-10,16.66666222236229,16.6666622223623
8.000000001600711,82.60869852554933,99.99999826087002,99.99999826087003,-17.39130147445067,-1.73912997354946e-06,-1.739129973549461e-06,0,0,0.1739130495271062,475,82.60869852537542,0.1739130147445067,1.73912997354946e-08,1.739129973549461e-08,1e-09,1000000000,1000000000,1.739130147445067e-10,17.3912997354946,17.39129973549461,60,0.9,95,3,1,1,1,1,2,1,1,1,1,1,1,-0.1739130147445067,-1.73912997354946e-08,-1.739129973549461e-08,0.1739130147445067,1.73912997354946e-08,1.739129973549461e-08,-82.60869852537542,-82.60869852537542,-82.60869852537542,-0.1739130147445067,-1.73912997354946e-08,-1.739129973549461e-08,1.739130147445067e-10,17.3912997354946,17.39129973549461,-0.1739130495271062,-82.60869852537542,0.1739130495271062,0,-0.1739130147445067,-1.73912997354946e-08,-1.739129973549461e-08,0,0,0,0.1739130147445067,1.73912997354946e-08,1.739129973549461e-08,1.739130147445067e-10,17.3912997354946,17.39129973549461
8.1,82.60869852554933,99.99999826087003,99.99999826087003,-17.39130147445067,-1.739129973549461e-06,-1.739129973549461e-06,0,0,0.1739130495271062,475,82.60869852537542,0.1739130147445067,1.739129973549461e-08,1.739129973549461e-08,1e-09,1000000000,1000000000,1.739130147445067e-10,17.39129973549461,17.39129973549461,60,0.9,95,3,1,1,1,1,2,1,1,1,1,1,1,-0.1739130147445067,-1.739129973549461e-08,-1.739129973549461e-08,0.1739130147445067,1.739129973549461e-08,1.739129973549461e-08,-82.60869852537542,-82.60869852537542,-82.60869852537542,-0.1739130147445067,-1.739129973549461e-08,-1.739129973549461e-08,1.739130147445067e-10,17.39129973549461,17.39129973549461,-0.1739130495271062,-82.60869852537542,0.1739130495271062,0,-0.1739130147445067,-1.739129973549461e-08,-1.739129973549461e-08,0,0,0,0.1739130147445067,1.739129973549461e-08,1.739129973549461e-08,1.739130147445067e-10,17.39129973549461,17.39129973549461
8.199999999999999,82.60869852554933,99.99999826087003,99.99999826087003,-17.39130147445067,-1.739129973549461e-06,-1.739129973549461e-06,0,0,0.1739130495271062,475,82.60869852537542,0.1739130147445067,1.739129973549461e-08,1.739129973549461e-08,1e-09,1000000000,1000000000,1.739130147445067e-10,17.39129973549461,17.39129973549461,60,0.9,95,3,1,1,1,1,2,1,1,1,1,1,1,-0.1739130147445067,-1.739129973549461e-08,-1.739129973549461e-08,0.1739130147445067,1.739129973549461e-08,1.739129973549461e-08,-82.60869852537542,-82.60869852537542,-82.60869852537542,-0.1739130147445067,-1.739129973549461e-08,-1.739129973549461e-08,1.739130147445067e-10,17.39129973549461,17.39129973549461,-0.1739130495271062,-82.60869852537542,0.1739130495271062,0,-0.1739130147445067,-1.739129973549461e-08,-1.739129973549461e-08,0,0,0,0.1739130147445067,1.739129973549461e-08,1.739129973549461e-08,1.739130147445067e-10,17.39129973549461,17.39129973549461
8.300000000000001,82.60869852554933,99.99999826087003,99.99999826087003,-17.39130147445067,-1.739129973549461e-06,-1.739129973549461e-06,0,0,0.1739130495271062,475,82.60869852537542,0.1739130147445067,1.739129973549461e-08,1.739129973549461e-08,1e-09,1000000000,1000000000,1.739130147445067e-10,17.39129973549461,17.39129973549461,60,0.9,95,3,1,1,1,1,2,1,1,1,1,1,1,-0.1739130147445067,-1.739129973549461e-08,-1.739129973549461e-08,0.1739130147445067,1.739129973549461e-08,1.739129973549461e-08,-82.60869852537542,-82.60869852537542,-82.60869852537542,-0.1739130147445067,-1.739129973549461e-08,-1.739129973549461e-08,1.739130147445067e-10,17.39129973549461,17.39129973549461,-0.1739130495271062,-82.60869852537542,0.1739130495271062,0,-0.1739130147445067,-1.739129973549461e-08,-1.739129973549461e-08,0,0,0,0.1739130147445067,1.739129973549461e-08,1.739129973549461e-08,1.739130147445067e-10,17.39129973549461,17.39129973549461
8.4,82.60869852554933,99.99999826087003,99.99999826087003,-17.39130147445067,-1.739129973549461e-06,-1.739129973549461e-06,0,0,0.1739130495271062,475,82.60869852537542,0.1739130147445067,1.739129973549461e-08,1.739129973549461e-08,1e-09,1000000000,1000000000,1.739130147445067e-10,17.39129973549461,17.39129973549461,60,0.9,95,3,1,1,1,1,2,1,1,1,1,1,1,-0.1739130147445067,-1.739129973549461e-08,-1.739129973549461e-08,0.1739130147445067,1.739129973549461e-08,1.739129973549461e-08,-82.60869852537542,-82.60869852537542,-82.60869852537542,-0.1739130147445067,-1.739129973549461e-08,-1.739129973549461e-08,1.739130147445067e-10,17.39129973549461,17.39129973549461,-0.1739130495271062,-82.60869852537542,0.1739130495271062,0,-0.1739130147445067,-1.739129973549461e-08,-1.739129973549461e-08,0,0,0,0.1739130147445067,1.739129973549461e-08,1.739129973549461e-08,1.739130147445067e-10,17.39129973549461,17.39129973549461
8.5,82.60869852554933,99.99999826087003,99.99999826087003,-17.39130147445067,-1.739129973549461e-06,-1.739129973549461e-06,0,0,0.1739130495271062,475,82.60869852537542,0.1739130147445067,1.739129973549461e-08,1.739129973549461e-08,1e-09,1000000000,1000000000,1.739130147445067e-10,17.39129973549461,17.39129973549461,60,0.9,95,3,1,1,1,1,2,1,1,1,1,1,1,-0.1739130147445067,-1.739129973549461e-08,-1.739129973549461e-08,0.1739130147445067,1.739129973549461e-08,1.739129973549461e-08,-82.60869852537542,-82.60869852537542,-82.60869852537542,-0.1739130147445067,-1.739129973549461e-08,-1.739129973549461e-08,1.739130147445067e-10,17.39129973549461,17.39129973549461,-0.1739130495271062,-82.60869852537542,0.1739130495271062,0,-0.1739130147445067,-1.739129973549461e-08,-1.739129973549461e-08,0,0,0,0.1739130147445067,1.739129973549461e-08,1.739129973549461e-08,1.739130147445067e-10,17.39129973549461,17.39129973549461
8.6,82.60869852554933,99.99999826087003,99.99999826087003,-17.39130147445067,-1.739129973549461e-06,-1.739129973549461e-06,0,0,0.1739130495271062,475,82.60869852537542,0.1739130147445067,1.739129973549461e-08,1.739129973549461e-08,1e-09,1000000000,1000000000,1.739130147445067e-10,17.39129973549461,17.39129973549461,60,0.9,95,3,1,1,1,1,2,1,1,1,1,1,1,-0.1739130147445067,-1.739129973549461e-08,-1.739129973549461e-08,0.1739130147445067,1.739129973549461e-08,1.739129973549461e-08,-82.60869852537542,-82.60869852537542,-82.60869852537542,-0.1739130147445067,-1.739129973549461e-08,-1.739129973549461e-08,1.739130147445067e-10,17.39129973549461,17.39129973549461,-0.1739130495271062,-82.60869852537542,0.1739130495271062,0,-0.1739130147445067,-1.739129973549461e-08,-1.739129973549461e-08,0,0,0,0.1739130147445067,1.739129973549461e-08,1.739129973549461e-08,1.739130147445067e-10,17.39129973549461,17.39129973549461
8.699999999999999,82.60869852554933,99.99999826087003,99.99999826087003,-17.39130147445067,-1.739129973549461e-06,-1.739129973549461e-06,0,0,0.1739130495271062,475,82.60869852537542,0.1739130147445067,1.739129973549461e-08,1.739129973549461e-08,1e-09,1000000000,1000000000,1.739130147445067e-10,17.39129973549461,17.39129973549461,60,0.9,95,3,1,1,1,1,2,1,1,1,1,1,1,-0.1739130147445067,-1.739129973549461e-08,-1.739129973549461e-08,0.1739130147445067,1.739129973549461e-08,1.739129973549461e-08,-82.60869852537542,-82.60869852537542,-82.60869852537542,-0.1739130147445067,-1.739129973549461e-08,-1.739129973549461e-08,1.739130147445067e-10,17.39129973549461,17.39129973549461,-0.1739130495271062,-82.60869852537542,0.1739130495271062,0,-0.1739130147445067,-1.739129973549461e-08,-1.739129973549461e-08,0,0,0,0.1739130147445067,1.739129973549461e-08,1.739129973549461e-08,1.739130147445067e-10,17.39129973549461,17.39129973549461
8.800000000000001,82.60869852554933,99.99999826087003,99.99999826087003,-17.39130147445067,-1.739129973549461e-06,-1.739129973549461e-06,0,0,0.1739130495271062,475,82.60869852537542,0.1739130147445067,1.739129973549461e-08,1.739129973549461e-08,1e-09,1000000000,1000000000,1.739130147445067e-10,17.39129973549461,17.39129973549461,60,0.9,95,3,1,1,1,1,2,1,1,1,1,1,1,-0.1739130147445067,-1.739129973549461e-08,-1.739129973549461e-08,0.1739130147445067,1.739129973549461e-08,1.739129973549461e-08,-82.60869852537542,-82.60869852537542,-82.60869852537542,-0.1739130147445067,-1.739129973549461e-08,-1.739129973549461e-08,1.739130147445067e-10,17.39129973549461,17.39129973549461,-0.1739130495271062,-82.60869852537542,0.1739130495271062,0,-0.1739130147445067,-1.739129973549461e-08,-1.739129973549461e-08,0,0,0,0.1739130147445067,1.739129973549461e-08,1.739129973549461e-08,1.739130147445067e-10,17.39129973549461,17.39129973549461
8.9,82.60869852554933,99.99999826087003,99.99999826087003,-17.39130147445067,-1.739129973549461e-06,-1.739129973549461e-06,0,0,0.1739130495271062,475,82.60869852537542,0.1739130147445067,1.739129973549461e-08,1.739129973549461e-08,1e-09,1000000000,1000000000,1.739130147445067e-10,17.39129973549461,17.39129973549461,60,0.9,95,3,1,1,1,1,2,1,1,1,1,1,1,-0.1739130147445067,-1.739129973549461e-08,-1.739129973549461e-08,0.1739130147445067,1.739129973549461e-08,1.739129973549461e-08,-82.60869852537542,-82.60869852537542,-82.60869852537542,-0.1739130147445067,-1.739129973549461e-08,-1.739129973549461e-08,1.739130147445067e-10,17.39129973549461,17.39129973549461,-0.1739130495271062,-82.60869852537542,0.1739130495271062,0,-0.1739130147445067,-1.739129973549461e-08,-1.739129973549461e-08,0,0,0,0.1739130147445067,1.739129973549461e-08,1.739129973549461e-08,1.739130147445067e-10,17.39129973549461,17.39129973549461
9,82.60869852554933,99.99999826087003,99.99999826087003,-17.39130147445067,-1.739129973549461e-06,-1.739129973549461e-06,0,0,0.1739130495271062,475,82.60869852537542,0.1739130147445067,1.739129973549461e-08,1.739129973549461e-08,1e-09,1000000000,1000000000,1.739130147445067e-10,17.39129973549461,17.39129973549461,60,0.9,95,3,1,1,1,1,2,1,1,1,1,1,1,-0.1739130147445067,-1.739129973549461e-08,-1.739129973549461e-08,0.1739130147445067,1.739129973549461e-08,1.739129973549461e-08,-82.60869852537542,-82.60869852537542,-82.60869852537542,-0.1739130147445067,-1.739129973549461e-08,-1.739129973549461e-08,1.739130147445067e-10,17.39129973549461,17.39129973549461,-0.1739130495271062,-82.60869852537542,0.1739130495271062,0,-0.1739130147445067,-1.739129973549461e-08,-1.739129973549461e-08,0,0,0,0.1739130147445067,1.739129973549461e-08,1.739129973549461e-08,1.739130147445067e-10,17.39129973549461,17.39129973549461
9.000000001800071,82.60869852554933,99.99999826087003,99.99999826087003,-17.39130147445067,-1.739129973549461e-06,-1.739129973549461e-06,0,0,0.1739130495271062,475,82.60869852537542,0.1739130147445067,1.739129973549461e-08,1.739129973549461e-08,1e-09,1000000000,1000000000,1.739130147445067e-10,17.39129973549461,17.39129973549461,60,0.9,95,3,1,1,1,1,2,1,1,1,1,1,1,-0.1739130147445067,-1.739129973549461e-08,-1.739129973549461e-08,0.1739130147445067,1.739129973549461e-08,1.739129973549461e-08,-82.60869852537542,-82.60869852537542,-82.60869852537542,-0.1739130147445067,-1.739129973549461e-08,-1.739129973549461e-08,1.739130147445067e-10,17.39129973549461,17.39129973549461,-0.1739130495271062,-82.60869852537542,0.1739130495271062,0,-0.1739130147445067,-1.739129973549461e-08,-1.739129973549461e-08,0,0,0,0.1739130147445067,1.739129973549461e-08,1.739129973549461e-08,1.739130147445067e-10,17.39129973549461,17.39129973549461
9.000000001800071,69.23077349121793,99.99999692307767,99.99999692307766,-30.76922650878208,-3.076922343216743e-06,-3.076922343216743e-06,5.551115123125783e-17,0,0.3076923266262677,225,69.23077349091024,0.3076922650878208,3.076922343216743e-08,3.076922343216742e-08,1e-09,1000000000,1000000000,3.076922650878208e-10,30.76922343216743,30.76922343216742,60,0.9,45,3,1,1,1,1,2,1,1,1,1,1,1,-0.3076922650878208,-3.076922343216743e-08,-3.076922343216742e-08,0.3076922650878208,3.076922343216743e-08,3.076922343216742e-08,-69.23077349091024,-69.23077349091024,-69.23077349091024,-0.3076922650878208,-3.076922343216743e-08,-3.076922343216742e-08,3.076922650878208e-10,30.76922343216743,30.76922343216742,-0.3076923266262677,-69.23077349091024,0.3076923266262677,0,-0.3076922650878208,-3.076922343216743e-08,-3.076922343216742e-08,0,0,0,0.3076922650878208,3.076922343216743e-08,3.076922343216742e-08,3.076922650878208e-10,30.76922343216743,30.76922343216742
9.1,69.23077349121792,99.99999692307765,99.99999692307766,-30.76922650878208,-3.076922343216743e-06,-3.076922343216744e-06,5.551115123125783e-17,0,0.3076923266262677,225,69.23077349091022,0.3076922650878208,3.076922343216743e-08,3.076922343216744e-08,1e-09,1000000000,1000000000,3.076922650878208e-10,30.76922343216743,30.76922343216744,60,0.9,45,3,1,1,1,1,2,1,1,1,1,1,1,-0.3076922650878208,-3.076922343216743e-08,-3.076922343216744e-08,0.3076922650878208,3.076922343216743e-08,3.076922343216744e-08,-69.23077349091022,-69.23077349091022,-69.23077349091022,-0.3076922650878208,-3.076922343216743e-08,-3.076922343216744e-08,3.076922650878208e-10,30.76922343216743,30.76922343216744,-0.3076923266262677,-69.23077349091022,0.3076923266262677,0,-0.3076922650878208,-3.076922343216743e-08,-3.076922343216744e-08,0,0,0,0.3076922650878208,3.076922343216743e-08,3.076922343216744e-08,3.076922650878208e-10,30.76922343216743,30.76922343216744
9.199999999999999,69.23077349121792,99.99999692307767,99.99999692307766,-30.76922650878208,-3.076922343216744e-06,-3.076922343216744e-06,5.551115123125783e-17,0,0.3076923266262677,225,69.23077349091022,0.3076922650878208,3.076922343216744e-08,3.076922343216744e-08,1e-09,1000000000,1000000000,3.076922650878208e-10,30.76922343216744,30.76922343216744,60,0.9,45,3,1,1,1,1,2,1,1,1,1,1,1,-0.3076922650878208,-3.076922343216744e-08,-3.076922343216744e-08,0.3076922650878208,3.076922343216744e-08,3.076922343216744e-08,-69.23077349091022,-69.23077349091022,-69.23077349091022,-0.3076922650878208,-3.076922343216744e-08,-3.076922343216744e-08,3.076922650878208e-10,30.76922343216744,30.76922343216744,-0.3076923266262677,-69.23077349091022,0.3076923266262677,0,-0.3076922650878208,-3.076922343216744e-08,-3.076922343216744e-08,0,0,0,0.3076922650878208,3.076922343216744e-08,3.076922343216744e-08,3.076922650878208e-10,30.76922343216744,30.76922343216744
9.300000000000001,69.23077349121792,99.99999692307765,99.99999692307766,-30.76922650878208,-3.076922343216743e-06,-3.076922343216744e-06,5.551115123125783e-17,0,0.3076923266262677,225,69.23077349091022,0.3076922650878208,3.076922343216743e-08,3.076922343216744e-08,1e-09,1000000000,1000000000,3.076922650878208e-10,30.76922343216743,30.76922343216744,60,0.9,45,3,1,1,1,1,2,1,1,1,1,1,1,-0.3076922650878208,-3.076922343216743e-08,-3.076922343216744e-08,0.3076922650878208,3.076922343216743e-08,3.076922343216744e-08,-69.23077349091022,-69.23077349091022,-69.23077349091022,-0.3076922650878208,-3.076922343216743e-08,-3.076922343216744e-08,3.076922650878208e-10,30.76922343216743,30.76922343216744,-0.3076923266262677,-69.23077349091022,0.3076923266262677,0,-0.3076922650878208,-3.076922343216743e-08,-3.076922343216744e-08,0,0,0,0.3076922650878208,3.076922343216743e-08,3.076922343216744e-08,3.076922650878208e-10,30.76922343216743,30.76922343216744
9.4,69.23077349121792,99.99999692307767,99.99999692307766,-30.76922650878208,-3.076922343216744e-06,-3.076922343216744e-06,5.551115123125783e-17,0,0.3076923266262677,225,69.23077349091022,0.3076922650878208,3.076922343216744e-08,3.076922343216744e-08,1e-09,1000000000,1000000000,3.076922650878208e-10,30.76922343216744,30.76922343216744,60,0.9,45,3,1,1,1,1,2,1,1,1,1,1,1,-0.3076922650878208,-3.076922343216744e-08,-3.076922343216744e-08,0.3076922650878208,3.076922343216744e-08,3.076922343216744e-08,-69.23077349091022,-69.23077349091022,-69.23077349091022,-0.3076922650878208,-3.076922343216744e-08,-3.076922343216744e-08,3.076922650878208e-10,30.76922343216744,30.76922343216744,-0.3076923266262677,-69.23077349091022,0.3076923266262677,0,-0.3076922650878208,-3.076922343216744e-08,-3.076922343216744e-08,0,0,0,0.3076922650878208,3.076922343216744e-08,3.076922343216744e-08,3.076922650878208e-10,30.76922343216744,30.76922343216744
9.5,69.23077349121792,99.99999692307765,99.99999692307766,-30.76922650878208,-3.076922343216743e-06,-3.076922343216744e-06,5.551115123125783e-17,0,0.3076923266262677,225,69.23077349091022,0.3076922650878208,3.076922343216743e-08,3.076922343216744e-08,1e-09,1000000000,1000000000,3.076922650878208e-10,30.76922343216743,30.76922343216744,60,0.9,45,3,1,1,1,1,2,1,1,1,1,1,1,-0.3076922650878208,-3.076922343216743e-08,-3.076922343216744e-08,0.3076922650878208,3.076922343216743e-08,3.076922343216744e-08,-69.23077349091022,-69.23077349091022,-69.23077349091022,-0.3076922650878208,-3.076922343216743e-08,-3.076922343216744e-08,3.076922650878208e-10,30.76922343216743,30.76922343216744,-0.3076923266262677,-69.23077349091022,0.3076923266262677,0,-0.3076922650878208,-3.076922343216743e-08,-3.076922343216744e-08,0,0,0,0.3076922650878208,3.076922343216743e-08,3.076922343216744e-08,3.076922650878208e-10,30.76922343216743,30.76922343216744
9.6,69.23077349121792,99.99999692307767,99.99999692307766,-30.76922650878208,-3.076922343216744e-06,-3.076922343216744e-06,5.551115123125783e-17,0,0.3076923266262677,225,69.23077349091022,0.3076922650878208,3.076922343216744e-08,3.076922343216744e-08,1e-09,1000000000,1000000000,3.076922650878208e-10,30.76922343216744,30.76922343216744,60,0.9,45,3,1,1,1,1,2,1,1,1,1,1,1,-0.3076922650878208,-3.076922343216744e-08,-3.076922343216744e-08,0.3076922650878208,3.076922343216744e-08,3.076922343216744e-08,-69.23077349091022,-69.23077349091022,-69.23077349091022,-0.3076922650878208,-3.076922343216744e-08,-3.076922343216744e-08,3.076922650878208e-10,30.76922343216744,30.76922343216744,-0.3076923266262677,-69.23077349091022,0.3076923266262677,0,-0.3076922650878208,-3.076922343216744e-08,-3.076922343216744e-08,0,0,0,0.3076922650878208,3.076922343216744e-08,3.076922343216744e-08,3.076922650878208e-10,30.76922343216744,30.76922343216744
9.699999999999999,69.23077349121792,99.99999692307765,99.99999692307766,-30.76922650878208,-3.076922343216743e-06,-3.076922343216744e-06,5.551115123125783e-17,0,0.3076923266262677,225,69.23077349091022,0.3076922650878208,3.076922343216743e-08,3.076922343216744e-08,1e-09,1000000000,1000000000,3.076922650878208e-10,30.76922343216743,30.76922343216744,60,0.9,45,3,1,1,1,1,2,1,1,1,1,1,1,-0.3076922650878208,-3.076922343216743e-08,-3.076922343216744e-08,0.3076922650878208,3.076922343216743e-08,3.076922343216744e-08,-69.23077349091022,-69.23077349091022,-69.23077349091022,-0.3076922650878208,-3.076922343216743e-08,-3.076922343216744e-08,3.076922650878208e-10,30.76922343216743,30.76922343216744,-0.3076923266262677,-69.23077349091022,0.3076923266262677,0,-0.3076922650878208,-3.076922343216743e-08,-3.076922343216744e-08,0,0,0,0.3076922650878208,3.076922343216743e-08,3.076922343216744e-08,3.076922650878208e-10,30.76922343216743,30.76922343216744
9.800000000000001,69.23077349121792,99.99999692307767,99.99999692307766,-30.76922650878208,-3.076922343216744e-06,-3.076922343216744e-06,5.551115123125783e-17,0,0.3076923266262677,225,69.23077349091022,0.3076922650878208,3.076922343216744e-08,3.076922343216744e-08,1e-09,1000000000,1000000000,3.076922650878208e-10,30.76922343216744,30.76922343216744,60,0.9,45,3,1,1,1,1,2,1,1,1,1,1,1,-0.3076922650878208,-3.076922343216744e-08,-3.076922343216744e-08,0.3076922650878208,3.076922343216744e-08,3.076922343216744e-08,-69.23077349091022,-69.23077349091022,-69.23077349091022,-0.3076922650878208,-3.076922343216744e-08,-3.076922343216744e-08,3.076922650878208e-10,30.76922343216744,30.76922343216744,-0.3076923266262677,-69.23077349091022,0.3076923266262677,0,-0.3076922650878208,-3.076922343216744e-08,-3.076922343216744e-08,0,0,0,0.3076922650878208,3.076922343216744e-08,3.076922343216744e-08,3.076922650878208e-10,30.76922343216744,30.76922343216744
9.9,69.23077349121792,99.99999692307765,99.99999692307766,-30.76922650878208,-3.076922343216743e-06,-3.076922343216744e-06,5.551115123125783e-17,0,0.3076923266262677,225,69.23077349091022,0.3076922650878208,3.076922343216743e-08,3.076922343216744e-08,1e-09,1000000000,1000000000,3.076922650878208e-10,30.76922343216743,30.76922343216744,60,0.9,45,3,1,1,1,1,2,1,1,1,1,1,1,-0.3076922650878208,-3.076922343216743e-08,-3.076922343216744e-08,0.3076922650878208,3.076922343216743e-08,3.076922343216744e-08,-69.23077349091022,-69.23077349091022,-69.23077349091022,-0.3076922650878208,-3.076922343216743e-08,-3.076922343216744e-08,3.076922650878208e-10,30.76922343216743,30.76922343216744,-0.3076923266262677,-69.23077349091022,0.3076923266262677,0,-0.3076922650878208,-3.076922343216743e-08,-3.076922343216744e-08,0,0,0,0.3076922650878208,3.076922343216743e-08,3.076922343216744e-08,3.076922650878208e-10,30.76922343216743,30.76922343216744
10,69.23077349121792,99.99999692307767,99.99999692307766,-30.76922650878208,-3.076922343216744e-06,-3.076922343216744e-06,5.551115123125783e-17,0,0.3076923266262677,225,69.23077349091022,0.3076922650878208,3.076922343216744e-08,3.076922343216744e-08,1e-09,1000000000,1000000000,3.076922650878208e-10,30.76922343216744,30.76922343216744,60,0.9,45,3,1,1,1,1,2,1,1,1,1,1,1,-0.3076922650878208,-3.076922343216744e-08,-3.076922343216744e-08,0.3076922650878208,3.076922343216744e-08,3.076922343216744e-08,-69.23077349091022,-69.23077349091022,-69.23077349091022,-0.3076922650878208,-3.076922343216744e-08,-3.076922343216744e-08,3.076922650878208e-10,30.76922343216744,30.76922343216744,-0.3076923266262677,-69.23077349091022,0.3076923266262677,0,-0.3076922650878208,-3.076922343216744e-08,-3.076922343216744e-08,0,0,0,0.3076922650878208,3.076922343216744e-08,3.076922343216744e-08,3.076922650878208e-10,30.76922343216744,30.76922343216744
10.00000000200016,69.23077349121792,99.99999692307765,99.99999692307766,-30.76922650878208,-3.076922343216743e-06,-3.076922343216744e-06,5.551115123125783e-17,0,0.3076923266262677,225,69.23077349091022,0.3076922650878208,3.076922343216743e-08,3.076922343216744e-08,1e-09,1000000000,1000000000,3.076922650878208e-10,30.76922343216743,30.76922343216744,60,0.9,45,3,1,1,1,1,2,1,1,1,1,1,1,-0.3076922650878208,-3.076922343216743e-08,-3.076922343216744e-08,0.3076922650878208,3.076922343216743e-08,3.076922343216744e-08,-69.23077349091022,-69.23077349091022,-69.23077349091022,-0.3076922650878208,-3.076922343216743e-08,-3.076922343216744e-08,3.076922650878208e-10,30.76922343216743,30.76922343216744,-0.3076923266262677,-69.23077349091022,0.3076923266262677,0,-0.3076922650878208,-3.076922343216743e-08,-3.076922343216744e-08,0,0,0,0.3076922650878208,3.076922343216743e-08,3.076922343216744e-08,3.076922650878208e-10,30.76922343216743,30.76922343216744
10.00000000200016,66.66667111122118,99.99999666666744,99.99999666666744,-33.33332888877882,-3.333332555577959e-06,-3.33333255557796e-06,0,0,0.3333333555544393,200,66.66667111088785,0.3333332888877882,3.333332555577959e-08,3.33333255557796e-08,1e-09,1000000000,1000000000,3.333332888877882e-10,33.33332555577959,33.3333255557796,60,0.9,40,3,1,1,1,1,2,1,1,1,1,1,1,-0.3333332888877882,-3.333332555577959e-08,-3.33333255557796e-08,0.3333332888877882,3.333332555577959e-08,3.33333255557796e-08,-66.66667111088785,-66.66667111088785,-66.66667111088785,-0.3333332888877882,-3.333332555577959e-08,-3.33333255557796e-08,3.333332888877882e-10,33.33332555577959,33.3333255557796,-0.3333333555544393,-66.66667111088785,0.3333333555544393,0,-0.3333332888877882,-3.333332555577959e-08,-3.33333255557796e-08,0,0,0,0.3333332888877882,3.333332555577959e-08,3.33333255557796e-08,3.333332888877882e-10,33.33332555577959,33.3333255557796
10.1,66.66667111122118,99.99999666666744,99.99999666666744,-33.33332888877882,-3.333332555577959e-06,-3.33333255557796e-06,0,0,0.3333333555544393,200,66.66667111088785,0.3333332888877882,3.333332555577959e-08,3.33333255557796e-08,1e-09,1000000000,1000000000,3.333332888877882e-10,33.33332555577959,33.3333255557796,60,0.9,40,3,1,1,1,1,2,1,1,1,1,1,1,-0.3333332888877882,-3.333332555577959e-08,-3.33333255557796e-08,0.3333332888877882,3.333332555577959e-08,3.33333255557796e-08,-66.66667111088785,-66.66667111088785,-66.66667111088785,-0.3333332888877882,-3.333332555577959e-08,-3.33333255557796e-08,3.333332888877882e-10,33.33332555577959,33.3333255557796,-0.3333333555544393,-66.66667111088785,0.3333333555544393,0,-0.3333332888877882,-3.333332555577959e-08,-3.33333255557796e-08,0,0,0,0.3333332888877882,3.333332555577959e-08,3.33333255557796e-08,3.333332888877882e-10,33.33332555577959,33.3333255557796
10.2,66.66667111122118,99.99999666666744,99.99999666666744,-33.33332888877882,-3.333332555577959e-06,-3.33333255557796e-06,0,0,0.3333333555544393,200,66.66667111088785,0.3333332888877882,3.333332555577959e-08,3.33333255557796e-08,1e-09,1000000000,1000000000,3.333332888877882e-10,33.33332555577959,33.3333255557796,60,0.9,40,3,1,1,1,1,2,1,1,1,1,1,1,-0.3333332888877882,-3.333332555577959e-08,-3.33333255557796e-08,0.3333332888877882,3.333332555577959e-08,3.33333255557796e-08,-66.66667111088785,-66.66667111088785,-66.66667111088785,-0.3333332888877882,-3.333332555577959e-08,-3.33333255557796e-08,3.333332888877882e-10,33.33332555577959,33.3333255557796,-0.3333333555544393,-66.66667111088785,0.3333333555544393,0,-0.3333332888877882,-3.333332555577959e-08,-3.33333255557796e-08,0,0,0,0.3333332888877882,3.333332555577959e-08,3.33333255557796e-08,3.333332888877882e-10,33.33332555577959,33.3333255557796
10.3,66.66667111122118,99.99999666666744,99.99999666666744,-33.33332888877882,-3.333332555577959e-06,-3.33333255557796e-06,0,0,0.3333333555544393,200,66.66667111088785,0.3333332888877882,3.333332555577959e-08,3.33333255557796e-08,1e-09,1000000000,1000000000,3.333332888877882e-10,33.33332555577959,33.3333255557796,60,0.9,40,3,1,1,1,1,2,1,1,1,1,1,1,-0.3333332888877882,-3.333332555577959e-08,-3.33333255557796e-08,0.3333332888877882,3.333332555577959e-08,3.33333255557796e-08,-66.66667111088785,-66.66667111088785,-66.66667111088785,-0.3333332888877882,-3.333332555577959e-08,-3.33333255557796e-08,3.333332888877882e-10,33.33332555577959,33.3333255557796,-0.3333333555544393,-66.66667111088785,0.3333333555544393,0,-0.3333332888877882,-3.333332555577959e-08,-3.33333255557796e-08,0,0,0,0.3333332888877882,3.333332555577959e-08,3.33333255557796e-08,3.333332888877882e-10,33.33332555577959,33.3333255557796
10.4,66.66667111122118,99.99999666666744,99.99999666666744,-33.33332888877882,-3.333332555577959e-06,-3.33333255557796e-06,0,0,0.3333333555544393,200,66.66667111088785,0.3333332888877882,3.333332555577959e-08,3.33333255557796e-08,1e-09,1000000000,1000000000,3.333332888877882e-10,33.33332555577959,33.3333255557796,60,0.9,40,3,1,1,1,1,2,1,1,1,1,1,1,-0.3333332888877882,-3.333332555577959e-08,-3.33333255557796e-08,0.3333332888877882,3.333332555577959e-08,3.33333255557796e-08,-66.66667111088785,-66.66667111088785,-66.66667111088785,-0.3333332888877882,-3.333332555577959e-08,-3.33333255557796e-08,3.333332888877882e-10,33.33332555577959,33.3333255557796,-0.3333333555544393,-66.66667111088785,0.3333333555544393,0,-0.3333332888877882,-3.333332555577959e-08,-3.33333255557796e-08,0,0,0,0.3333332888877882,3.333332555577959e-08,3.33333255557796e-08,3.333332888877882e-10,33.33332555577959,33.3333255557796
10.5,66.66667111122118,99.99999666666744,99.99999666666744,-33.33332888877882,-3.333332555577959e-06,-3.33333255557796e-06,0,0,0.3333333555544393,200,66.66667111088785,0.3333332888877882,3.333332555577959e-08,3.33333255557796e-08,1e-09,1000000000,1000000000,3.333332888877882e-10,33.33332555577959,33.3333255557796,60,0.9,40,3,1,1,1,1,2,1,1,1,1,1,1,-0.3333332888877882,-3.333332555577959e-08,-3.33333255557796e-08,0.3333332888877882,3.333332555577959e-08,3.33333255557796e-08,-66.66667111088785,-66.66667111088785,-66.66667111088785,-0.3333332888877882,-3.333332555577959e-08,-3.33333255557796e-08,3.333332888877882e-10,33.33332555577959,33.3333255557796,-0.3333333555544393,-66.66667111088785,0.3333333555544393,0,-0.3333332888877882,-3.333332555577959e-08,-3.33333255557796e-08,0,0,0,0.3333332888877882,3.333332555577959e-08,3.33333255557796e-08,3.333332888877882e-10,33.33332555577959,33.3333255557796
10.6,66.66667111122118,99.99999666666744,99.99999666666744,-33.33332888877882,-3.333332555577959e-06,-3.33333255557796e-06,0,0,0.3333333555544393,200,66.66667111088785,0.3333332888877882,3.333332555577959e-08,3.33333255557796e-08,1e-09,1000000000,1000000000,3.333332888877882e-10,33.33332555577959,33.3333255557796,60,0.9,40,3,1,1,1,1,2,1,1,1,1,1,1,-0.3333332888877882,-3.333332555577959e-08,-3.33333255557796e-08,0.3333332888877882,3.333332555577959e-08,3.33333255557796e-08,-66.66667111088785,-66.66667111088785,-66.66667111088785,-0.3333332888877882,-3.333332555577959e-08,-3.33333255557796e-08,3.333332888877882e-10,33.33332555577959,33.3333255557796,-0.3333333555544393,-66.66667111088785,0.3333333555544393,0,-0.3333332888877882,-3.333332555577959e-08,-3.33333255557796e-08,0,0,0,0.3333332888877882,3.333332555577959e-08,3.33333255557796e-08,3.333332888877882e-10,33.33332555577959,33.3333255557796
10.7,66.66667111122118,99.99999666666744,99.99999666666744,-33.33332888877882,-3.333332555577959e-06,-3.33333255557796e-06,0,0,0.3333333555544393,200,66.66667111088785,0.3333332888877882,3.333332555577959e-08,3.33333255557796e-08,1e-09,1000000000,1000000000,3.333332888877882e-10,33.33332555577959,33.3333255557796,60,0.9,40,3,1,1,1,1,2,1,1,1,1,1,1,-0.3333332888877882,-3.333332555577959e-08,-3.33333255557796e-08,0.3333332888877882,3.333332555577959e-08,3.33333255557796e-08,-66.66667111088785,-66.66667111088785,-66.66667111088785,-0.3333332888877882,-3.333332555577959e-08,-3.33333255557796e-08,3.333332888877882e-10,33.33332555577959,33.3333255557796,-0.3333333555544393,-66.66667111088785,0.3333333555544393,0,-0.3333332888877882,-3.333332555577959e-08,-3.33333255557796e-08,0,0,0,0.3333332888877882,3.333332555577959e-08,3.33333255557796e-08,3.333332888877882e-10,33.33332555577959,33.3333255557796
10.8,66.66667111122118,99.99999666666744,99.99999666666744,-33.33332888877882,-3.333332555577959e-06,-3.33333255557796e-06,0,0,0.3333333555544393,200,66.66667111088785,0.3333332888877882,3.333332555577959e-08,3.33333255557796e-08,1e-09,1000000000,1000000000,3.333332888877882e-10,33.33332555577959,33.3333255557796,60,0.9,40,3,1,1,1,1,2,1,1,1,1,1,1,-0.3333332888877882,-3.333332555577959e-08,-3.33333255557796e-08,0.3333332888877882,3.333332555577959e-08,3.33333255557796e-08,-66.66667111088785,-66.66667111088785,-66.66667111088785,-0.3333332888877882,-3.333332555577959e-08,-3.33333255557796e-08,3.333332888877882e-10,33.33332555577959,33.3333255557796,-0.3333333555544393,-66.66667111088785,0.3333333555544393,0,-0.3333332888877882,-3.333332555577959e-08,-3.33333255557796e-08,0,0,0,0.3333332888877882,3.333332555577959e-08,3.33333255557796e-08,3.333332888877882e-10,33.33332555577959,33.3333255557796
10.9,66.66667111122118,99.99999666666744,99.99999666666744,-33.33332888877882,-3.333332555577959e-06,-3.33333255557796e-06,0,0,0.3333333555544393,200,66.66667111088785,0.3333332888877882,3.333332555577959e-08,3.33333255557796e-08,1e-09,1000000000,1000000000,3.333332888877882e-10,33.33332555577959,33.3333255557796,60,0.9,40,3,1,1,1,1,2,1,1,1,1,1,1,-0.3333332888877882,-3.333332555577959e-08,-3.33333255557796e-08,0.3333332888877882,3.333332555577959e-08,3.33333255557796e-08,-66.66667111088785,-66.66667111088785,-66.66667111088785,-0.3333332888877882,-3.333332555577959e-08,-3.33333255557796e-08,3.333332888877882e-10,33.33332555577959,33.3333255557796,-0.3333333555544393,-66.66667111088785,0.3333333555544393,0,-0.3333332888877882,-3.333332555577959e-08,-3.33333255557796e-08,0,0,0,0.3333332888877882,3.333332555577959e-08,3.33333255557796e-08,3.333332888877882e-10,33.33332555577959,33.3333255557796
11,66.66667111122118,99.99999666666744,99.99999666666744,-33.33332888877882,-3.333332555577959e-06,-3.33333255557796e-06,0,0,0.3333333555544393,200,66.66667111088785,0.3333332888877882,3.333332555577959e-08,3.33333255557796e-08,1e-09,1000000000,1000000000,3.333332888877882e-10,33.33332555577959,33.3333255557796,60,0.9,40,3,1,1,1,1,2,1,1,1,1,1,1,-0.3333332888877882,-3.333332555577959e-08,-3.33333255557796e-08,0.3333332888877882,3.333332555577959e-08,3.33333255557796e-08,-66.66667111088785,-66.66667111088785,-66.66667111088785,-0.3333332888877882,-3.333332555577959e-08,-3.33333255557796e-08,3.333332888877882e-10,33.33332555577959,33.3333255557796,-0.3333333555544393,-66.66667111088785,0.3333333555544393,0,-0.3333332888877882,-3.333332555577959e-08,-3.33333255557796e-08,0,0,0,0.3333332888877882,3.333332555577959e-08,3.33333255557796e-08,3.333332888877882e-10,33.33332555577959,33.3333255557796
11.00000000220025,66.66667111122118,99.99999666666744,99.99999666666744,-33.33332888877882,-3.333332555577959e-06,-3.33333255557796e-06,0,0,0.3333333555544393,200,66.66667111088785,0.3333332888877882,3.333332555577959e-08,3.33333255557796e-08,1e-09,1000000000,1000000000,3.333332888877882e-10,33.33332555577959,33.3333255557796,60,0.9,40,3,1,1,1,1,2,1,1,1,1,1,1,-0.3333332888877882,-3.333332555577959e-08,-3.33333255557796e-08,0.3333332888877882,3.333332555577959e-08,3.33333255557796e-08,-66.66667111088785,-66.66667111088785,-66.66667111088785,-0.3333332888877882,-3.333332555577959e-08,-3.33333255557796e-08,3.333332888877882e-10,33.33332555577959,33.3333255557796,-0.3333333555544393,-66.66667111088785,0.3333333555544393,0,-0.3333332888877882,-3.333332555577959e-08,-3.33333255557796e-08,0,0,0,0.3333332888877882,3.333332555577959e-08,3.33333255557796e-08,3.333332888877882e-10,33.33332555577959,33.3333255557796
11.00000000220025,60.00000480015894,99.99999600000086,99.99999600000088,-39.99999519984105,-3.999999120024193e-06,-3.999999120024194e-06,0,0,0.400000031998393,150,60.00000479975894,0.3999999519984105,3.999999120024193e-08,3.999999120024194e-08,1e-09,1000000000,1000000000,3.999999519984106e-10,39.99999120024193,39.99999120024194,60,0.9,30,3,1,1,1,1,2,1,1,1,1,1,1,-0.3999999519984105,-3.999999120024193e-08,-3.999999120024194e-08,0.3999999519984105,3.999999120024193e-08,3.999999120024194e-08,-60.00000479975894,-60.00000479975894,-60.00000479975894,-0.3999999519984105,-3.999999120024193e-08,-3.999999120024194e-08,3.999999519984106e-10,39.99999120024193,39.99999120024194,-0.400000031998393,-60.00000479975894,0.400000031998393,0,-0.3999999519984105,-3.999999120024193e-08,-3.999999120024194e-08,0,0,0,0.3999999519984105,3.999999120024193e-08,3.999999120024194e-08,3.999999519984106e-10,39.99999120024193,39.99999120024194
11.1,60.00000480015895,99.99999600000089,99.99999600000088,-39.99999519984106,-3.999999120024195e-06,-3.999999120024193e-06,0,0,0.400000031998393,150,60.00000479975895,0.3999999519984106,3.999999120024195e-08,3.999999120024193e-08,1e-09,1000000000,1000000000,3.999999519984106e-10,39.99999120024194,39.99999120024193,60,0.9,30,3,1,1,1,1,2,1,1,1,1,1,1,-0.3999999519984106,-3.999999120024195e-08,-3.999999120024193e-08,0.3999999519984106,3.999999120024195e-08,3.999999120024193e-08,-60.00000479975895,-60.00000479975895,-60.00000479975895,-0.3999999519984106,-3.999999120024195e-08,-3.999999120024193e-08,3.999999519984106e-10,39.99999120024194,39.99999120024193,-0.400000031998393,-60.00000479975895,0.400000031998393,0,-0.3999999519984106,-3.999999120024195e-08,-3.999999120024193e-08,0,0,0,0.3999999519984106,3.999999120024195e-08,3.999999120024193e-08,3.999999519984106e-10,39.99999120024194,39.99999120024193
11.2,60.00000480015895,99.99999600000088,99.99999600000088,-39.99999519984105,-3.999999120024193e-06,-3.999999120024193e-06,0,0,0.400000031998393,150,60.00000479975895,0.3999999519984105,3.999999120024193e-08,3.999999120024193e-08,1e-09,1000000000,1000000000,3.999999519984106e-10,39.99999120024193,39.99999120024193,60,0.9,30,3,1,1,1,1,2,1,1,1,1,1,1,-0.3999999519984105,-3.999999120024193e-08,-3.999999120024193e-08,0.3999999519984105,3.999999120024193e-08,3.999999120024193e-08,-60.00000479975895,-60.00000479975895,-60.00000479975895,-0.3999999519984105,-3.999999120024193e-08,-3.999999120024193e-08,3.999999519984106e-10,39.99999120024193,39.99999120024193,-0.400000031998393,-60.00000479975895,0.400000031998393,0,-0.3999999519984105,-3.999999120024193e-08,-3.999999120024193e-08,0,0,0,0.3999999519984105,3.999999120024193e-08,3.999999120024193e-08,3.999999519984106e-10,39.99999120024193,39.99999120024193
11.3,60.00000480015895,99.99999600000088,99.99999600000088,-39.99999519984106,-3.999999120024193e-06,-3.999999120024193e-06,0,0,0.400000031998393,150,60.00000479975895,0.3999999519984106,3.999999120024193e-08,3.999999120024193e-08,1e-09,1000000000,1000000000,3.999999519984106e-10,39.99999120024193,39.99999120024193,60,0.9,30,3,1,1,1,1,2,1,1,1,1,1,1,-0.3999999519984106,-3.999999120024193e-08,-3.999999120024193e-08,0.3999999519984106,3.999999120024193e-08,3.999999120024193e-08,-60.00000479975895,-60.00000479975895,-60.00000479975895,-0.3999999519984106,-3.999999120024193e-08,-3.999999120024193e-08,3.999999519984106e-10,39.99999120024193,39.99999120024193,-0.400000031998393,-60.00000479975895,0.400000031998393,0,-0.3999999519984106,-3.999999120024193e-08,-3.999999120024193e-08,0,0,0,0.3999999519984106,3.999999120024193e-08,3.999999120024193e-08,3.999999519984106e-10,39.99999120024193,39.99999120024193
11.4,60.00000480015895,99.99999600000088,99.99999600000088,-39.99999519984105,-3.999999120024193e-06,-3.999999120024193e-06,0,0,0.400000031998393,150,60.00000479975895,0.3999999519984105,3.999999120024193e-08,3.999999120024193e-08,1e-09,1000000000,1000000000,3.999999519984106e-10,39.99999120024193,39.99999120024193,60,0.9,30,3,1,1,1,1,2,1,1,1,1,1,1,-0.3999999519984105,-3.999999120024193e-08,-3.999999120024193e-08,0.3999999519984105,3.999999120024193e-08,3.999999120024193e-08,-60.00000479975895,-60.00000479975895,-60.00000479975895,-0.3999999519984105,-3.999999120024193e-08,-3.999999120024193e-08,3.999999519984106e-10,39.99999120024193,39.99999120024193,-0.400000031998393,-60.00000479975895,0.400000031998393,0,-0.3999999519984105,-3.999999120024193e-08,-3.999999120024193e-08,0,0,0,0.3999999519984105,3.999999120024193e-08,3.999999120024193e-08,3.999999519984106e-10,39.99999120024193,39.99999120024193
11.5,60.00000480015895,99.99999600000088,99.99999600000088,-39.99999519984106,-3.999999120024193e-06,-3.999999120024193e-06,0,0,0.400000031998393,150,60.00000479975895,0.3999999519984106,3.999999120024193e-08,3.999999120024193e-08,1e-09,1000000000,1000000000,3.999999519984106e-10,39.99999120024193,39.99999120024193,60,0.9,30,3,1,1,1,1,2,1,1,1,1,1,1,-0.3999999519984106,-3.999999120024193e-08,-3.999999120024193e-08,0.3999999519984106,3.999999120024193e-08,3.999999120024193e-08,-60.00000479975895,-60.00000479975895,-60.00000479975895,-0.3999999519984106,-3.999999120024193e-08,-3.999999120024193e-08,3.999999519984106e-10,39.99999120024193,39.99999120024193,-0.400000031998393,-60.00000479975895,0.400000031998393,0,-0.3999999519984106,-3.999999120024193e-08,-3.999999120024193e-08,0,0,0,0.3999999519984106,3.999999120024193e-08,3.999999120024193e-08,3.999999519984106e-10,39.99999120024193,39.99999120024193
11.6,60.00000480015895,99.99999600000088,99.99999600000088,-39.99999519984105,-3.999999120024193e-06,-3.999999120024193e-06,0,0,0.400000031998393,150,60.00000479975895,0.3999999519984105,3.999999120024193e-08,3.999999120024193e-08,1e-09,1000000000,1000000000,3.999999519984106e-10,39.99999120024193,39.99999120024193,60,0.9,30,3,1,1,1,1,2,1,1,1,1,1,1,-0.3999999519984105,-3.999999120024193e-08,-3.999999120024193e-08,0.3999999519984105,3.999999120024193e-08,3.999999120024193e-08,-60.00000479975895,-60.00000479975895,-60.00000479975895,-0.3999999519984105,-3.999999120024193e-08,-3.999999120024193e-08,3.999999519984106e-10,39.99999120024193,39.99999120024193,-0.400000031998393,-60.00000479975895,0.400000031998393,0,-0.3999999519984105,-3.999999120024193e-08,-3.999999120024193e-08,0,0,0,0.3999999519984105,3.999999120024193e-08,3.999999120024193e-08,3.999999519984106e-10,39.99999120024193,39.99999120024193
11.7,60.00000480015895,99.99999600000088,99.99999600000088,-39.99999519984106,-3.999999120024193e-06,-3.999999120024193e-06,0,0,0.400000031998393,150,60.00000479975895,0.3999999519984106,3.999999120024193e-08,3.999999120024193e-08,1e-09,1000000000,1000000000,3.999999519984106e-10,39.99999120024193,39.99999120024193,60,0.9,30,3,1,1,1,1,2,1,1,1,1,1,1,-0.3999999519984106,-3.999999120024193e-08,-3.999999120024193e-08,0.3999999519984106,3.999999120024193e-08,3.999999120024193e-08,-60.00000479975895,-60.00000479975895,-60.00000479975895,-0.3999999519984106,-3.999999120024193e-08,-3.999999120024193e-08,3.999999519984106e-10,39.99999120024193,39.99999120024193,-0.400000031998393,-60.00000479975895,0.400000031998393,0,-0.3999999519984106,-3.999999120024193e-08,-3.999999120024193e-08,0,0,0,0.3999999519984106,3.999999120024193e-08,3.999999120024193e-08,3.999999519984106e-10,39.99999120024193,39.99999120024193
11.8,60.00000480015895,99.99999600000088,99.99999600000088,-39.99999519984105,-3.999999120024193e-06,-3.999999120024193e-06,0,0,0.400000031998393,150,60.00000479975895,0.3999999519984105,3.999999120024193e-08,3.999999120024193e-08,1e-09,1000000000,1000000000,3.999999519984106e-10,39.99999120024193,39.99999120024193,60,0.9,30,3,1,1,1,1,2,1,1,1,1,1,1,-0.3999999519984105,-3.999999120024193e-08,-3.999999120024193e-08,0.3999999519984105,3.999999120024193e-08,3.999999120024193e-08,-60.00000479975895,-60.00000479975895,-60.00000479975895,-0.3999999519984105,-3.999999120024193e-08,-3.999999120024193e-08,3.999999519984106e-10,39.99999120024193,39.99999120024193,-0.400000031998393,-60.00000479975895,0.400000031998393,0,-0.3999999519984105,-3.999999120024193e-08,-3.999999120024193e-08,0,0,0,0.3999999519984105,3.999999120024193e-08,3.999999120024193e-08,3.999999519984106e-10,39.99999120024193,39.99999120024193
11.9,60.00000480015895,99.99999600000088,99.99999600000088,-39.99999519984106,-3.999999120024193e-06,-3.999999120024193e-06,0,0,0.400000031998393,150,60.00000479975895,0.3999999519984106,3.999999120024193e-08,3.999999120024193e-08,1e-09,1000000000,1000000000,3.999999519984106e-10,39.99999120024193,39.99999120024193,60,0.9,30,3,1,1,1,1,2,1,1,1,1,1,1,-0.3999999519984106,-3.999999120024193e-08,-3.999999120024193e-08,0.3999999519984106,3.999999120024193e-08,3.999999120024193e-08,-60.00000479975895,-60.00000479975895,-60.00000479975895,-0.3999999519984106,-3.999999120024193e-08,-3.999999120024193e-08,3.999999519984106e-10,39.99999120024193,39.99999120024193,-0.400000031998393,-60.00000479975895,0.400000031998393,0,-0.3999999519984106,-3.999999120024193e-08,-3.999999120024193e-08,0,0,0,0.3999999519984106,3.999999120024193e-08,3.999999120024193e-08,3.999999519984106e-10,39.99999120024193,39.99999120024193
12,60.00000480015895,99.99999600000088,99.99999600000088,-39.99999519984105,-3.999999120024193e-06,-3.999999120024193e-06,0,0,0.400000031998393,150,60.00000479975895,0.3999999519984105,3.999999120024193e-08,3.999999120024193e-08,1e-09,1000000000,1000000000,3.999999519984106e-10,39.99999120024193,39.99999120024193,60,0.9,30,3,1,1,1,1,2,1,1,1,1,1,1,-0.3999999519984105,-3.999999120024193e-08,-3.999999120024193e-08,0.3999999519984105,3.999999120024193e-08,3.999999120024193e-08,-60.00000479975895,-60.00000479975895,-60.00000479975895,-0.3999999519984105,-3.999999120024193e-08,-3.999999120024193e-08,3.999999519984106e-10,39.99999120024193,39.99999120024193,-0.400000031998393,-60.00000479975895,0.400000031998393,0,-0.3999999519984105,-3.999999120024193e-08,-3.999999120024193e-08,0,0,0,0.3999999519984105,3.999999120024193e-08,3.999999120024193e-08,3.999999519984106e-10,39.99999120024193,39.99999120024193
12.00000000240034,60.00000480015895,99.99999600000088,99.99999600000088,-39.99999519984106,-3.999999120024193e-06,-3.999999120024193e-06,0,0,0.400000031998393,150,60.00000479975895,0.3999999519984106,3.999999120024193e-08,3.999999120024193e-08,1e-09,1000000000,1000000000,3.999999519984106e-10,39.99999120024193,39.99999120024193,60,0.9,30,3,1,1,1,1,2,1,1,1,1,1,1,-0.3999999519984106,-3.999999120024193e-08,-3.999999120024193e-08,0.3999999519984106,3.999999120024193e-08,3.999999120024193e-08,-60.00000479975895,-60.00000479975895,-60.00000479975895,-0.3999999519984106,-3.999999120024193e-08,-3.999999120024193e-08,3.999999519984106e-10,39.99999120024193,39.99999120024193,-0.400000031998393,-60.00000479975895,0.400000031998393,0,-0.3999999519984106,-3.999999120024193e-08,-3.999999120024193e-08,0,0,0,0.3999999519984106,3.999999120024193e-08,3.999999120024193e-08,3.999999519984106e-10,39.99999120024193,39.99999120024193
12.00000000240034,58.33333454878457,58.33333454878457,99.99999583333387,-41.66666545121544,-41.66666545121543,-4.166666128496597e-06,0,0,0.8333333506909699,70,58.3333345483679,0.4166666545121543,0.4166666545121543,4.166666128496597e-08,1e-09,1e-09,1000000000,4.166666545121544e-10,4.166666545121543e-10,41.66666128496597,60,0.9,14,3,1,1,1,1,2,2,1,1,1,1,2,-0.4166666545121543,-0.4166666545121543,-4.166666128496597e-08,0.4166666545121543,0.4166666545121543,4.166666128496597e-08,-58.3333345483679,-58.3333345483679,-58.3333345483679,-0.4166666545121543,-0.4166666545121543,-4.166666128496597e-08,4.166666545121544e-10,4.166666545121543e-10,41.66666128496597,-0.8333333506909699,-58.3333345483679,0.8333333506909699,0,-0.4166666545121543,-0.4166666545121543,-4.166666128496597e-08,0,0,0,0.4166666545121543,0.4166666545121543,4.166666128496597e-08,4.166666545121544e-10,4.166666545121543e-10,41.66666128496597
12.1,58.33333454878456,58.33333454878456,99.99999583333387,-41.66666545121544,-41.66666545121544,-4.166666128496598e-06,5.551115123125783e-17,0,0.8333333506909699,70,58.33333454836789,0.4166666545121543,0.4166666545121543,4.166666128496598e-08,1e-09,1e-09,1000000000,4.166666545121544e-10,4.166666545121544e-10,41.66666128496598,60,0.9,14,3,1,1,1,1,2,2,1,1,1,1,2,-0.4166666545121543,-0.4166666545121543,-4.166666128496598e-08,0.4166666545121543,0.4166666545121543,4.166666128496598e-08,-58.33333454836789,-58.33333454836789,-58.33333454836789,-0.4166666545121543,-0.4166666545121543,-4.166666128496598e-08,4.166666545121544e-10,4.166666545121544e-10,41.66666128496598,-0.8333333506909699,-58.33333454836789,0.8333333506909699,0,-0.4166666545121543,-0.4166666545121543,-4.166666128496598e-08,0,0,0,0.4166666545121543,0.4166666545121543,4.166666128496598e-08,4.166666545121544e-10,4.166666545121544e-10,41.66666128496598
12.2,58.33333454878456,58.33333454878456,99.99999583333387,-41.66666545121544,-41.66666545121544,-4.166666128496598e-06,5.551115123125783e-17,0,0.8333333506909699,70,58.33333454836789,0.4166666545121543,0.4166666545121543,4.166666128496598e-08,1e-09,1e-09,1000000000,4.166666545121544e-10,4.166666545121544e-10,41.66666128496598,60,0.9,14,3,1,1,1,1,2,2,1,1,1,1,2,-0.4166666545121543,-0.4166666545121543,-4.166666128496598e-08,0.4166666545121543,0.4166666545121543,4.166666128496598e-08,-58.33333454836789,-58.33333454836789,-58.33333454836789,-0.4166666545121543,-0.4166666545121543,-4.166666128496598e-08,4.166666545121544e-10,4.166666545121544e-10,41.66666128496598,-0.8333333506909699,-58.33333454836789,0.8333333506909699,0,-0.4166666545121543,-0.4166666545121543,-4.166666128496598e-08,0,0,0,0.4166666545121543,0.4166666545121543,4.166666128496598e-08,4.166666545121544e-10,4.166666545121544e-10,41.66666128496598
12.3,58.33333454878456,58.33333454878456,99.99999583333387,-41.66666545121544,-41.66666545121544,-4.166666128496598e-06,5.551115123125783e-17,0,0.8333333506909699,70,58.33333454836789,0.4166666545121543,0.4166666545121543,4.166666128496598e-08,1e-09,1e-09,1000000000,4.166666545121544e-10,4.166666545121544e-10,41.66666128496598,60,0.9,14,3,1,1,1,1,2,2,1,1,1,1,2,-0.4166666545121543,-0.4166666545121543,-4.166666128496598e-08,0.4166666545121543,0.4166666545121543,4.166666128496598e-08,-58.33333454836789,-58.33333454836789,-58.33333454836789,-0.4166666545121543,-0.4166666545121543,-4.166666128496598e-08,4.166666545121544e-10,4.166666545121544e-10,41.66666128496598,-0.8333333506909699,-58.33333454836789,0.8333333506909699,0,-0.4166666545121543,-0.4166666545121543,-4.166666128496598e-08,0,0,0,0.4166666545121543,0.4166666545121543,4.166666128496598e-08,4.166666545121544e-10,4.166666545121544e-10,41.66666128496598
12.4,58.33333454878456,58.33333454878456,99.99999583333387,-41.66666545121544,-41.66666545121544,-4.166666128496598e-06,5.551115123125783e-17,0,0.8333333506909699,70,58.33333454836789,0.4166666545121543,0.4166666545121543,4.166666128496598e-08,1e-09,1e-09,1000000000,4.166666545121544e-10,4.166666545121544e-10,41.66666128496598,60,0.9,14,3,1,1,1,1,2,2,1,1,1,1,2,-0.4166666545121543,-0.4166666545121543,-4.166666128496598e-08,0.4166666545121543,0.4166666545121543,4.166666128496598e-08,-58.33333454836789,-58.33333454836789,-58.33333454836789,-0.4166666545121543,-0.4166666545121543,-4.166666128496598e-08,4.166666545121544e-10,4.166666545121544e-10,41.66666128496598,-0.8333333506909699,-58.33333454836789,0.8333333506909699,0,-0.4166666545121543,-0.4166666545121543,-4.166666128496598e-08,0,0,0,0.4166666545121543,0.4166666545121543,4.166666128496598e-08,4.166666545121544e-10,4.166666545121544e-10,41.66666128496598
12.5,58.33333454878456,58.33333454878456,99.99999583333387,-41.66666545121544,-41.66666545121544,-4.166666128496598e-06,5.551115123125783e-17,0,0.8333333506909699,70,58.33333454836789,0.4166666545121543,0.4166666545121543,4.166666128496598e-08,1e-09,1e-09,1000000000,4.166666545121544e-10,4.166666545121544e-10,41.66666128496598,60,0.9,14,3,1,1,1,1,2,2,1,1,1,1,2,-0.4166666545121543,-0.4166666545121543,-4.166666128496598e-08,0.4166666545121543,0.4166666545121543,4.166666128496598e-08,-58.33333454836789,-58.33333454836789,-58.33333454836789,-0.4166666545121543,-0.4166666545121543,-4.166666128496598e-08,4.166666545121544e-10,4.166666545121544e-10,41.66666128496598,-0.8333333506909699,-58.33333454836789,0.8333333506909699,0,-0.4166666545121543,-0.4166666545121543,-4.166666128496598e-08,0,0,0,0.4166666545121543,0.4166666545121543,4.166666128496598e-08,4.166666545121544e-10,4.166666545121544e-10,41.66666128496598
12.6,58.33333454878456,58.33333454878456,99.99999583333387,-41.66666545121544,-41.66666545121544,-4.166666128496598e-06,5.551115123125783e-17,0,0.8333333506909699,70,58.33333454836789,0.4166666545121543,0.4166666545121543,4.166666128496598e-08,1e-09,1e-09,1000000000,4.166666545121544e-10,4.166666545121544e-10,41.66666128496598,60,0.9,14,3,1,1,1,1,2,2,1,1,1,1,2,-0.4166666545121543,-0.4166666545121543,-4.166666128496598e-08,0.4166666545121543,0.4166666545121543,4.166666128496598e-08,-58.33333454836789,-58.33333454836789,-58.33333454836789,-0.4166666545121543,-0.4166666545121543,-4.166666128496598e-08,4.166666545121544e-10,4.166666545121544e-10,41.66666128496598,-0.8333333506909699,-58.33333454836789,0.8333333506909699,0,-0.4166666545121543,-0.4166666545121543,-4.166666128496598e-08,0,0,0,0.4166666545121543,0.4166666545121543,4.166666128496598e-08,4.166666545121544e-10,4.166666545121544e-10,41.66666128496598
12.7,58.33333454878456,58.33333454878456,99.99999583333387,-41.66666545121544,-41.66666545121544,-4.166666128496598e-06,5.551115123125783e-17,0,0.8333333506909699,70,58.33333454836789,0.4166666545121543,0.4166666545121543,4.166666128496598e-08,1e-09,1e-09,1000000000,4.166666545121544e-10,4.166666545121544e-10,41.66666128496598,60,0.9,14,3,1,1,1,1,2,2,1,1,1,1,2,-0.4166666545121543,-0.4166666545121543,-4.166666128496598e-08,0.4166666545121543,0.4166666545121543,4.166666128496598e-08,-58.33333454836789,-58.33333454836789,-58.33333454836789,-0.4166666545121543,-0.4166666545121543,-4.166666128496598e-08,4.166666545121544e-10,4.166666545121544e-10,41.66666128496598,-0.8333333506909699,-58.33333454836789,0.8333333506909699,0,-0.4166666545121543,-0.4166666545121543,-4.166666128496598e-08,0,0,0,0.4166666545121543,0.4166666545121543,4.166666128496598e-08,4.166666545121544e-10,4.166666545121544e-10,41.66666128496598
12.8,58.33333454878456,58.33333454878456,99.99999583333387,-41.66666545121544,-41.66666545121544,-4.166666128496598e-06,5.551115123125783e-17,0,0.8333333506909699,70,58.33333454836789,0.4166666545121543,0.4166666545121543,4.166666128496598e-08,1e-09,1e-09,1000000000,4.166666545121544e-10,4.166666545121544e-10,41.66666128496598,60,0.9,14,3,1,1,1,1,2,2,1,1,1,1,2,-0.4166666545121543,-0.4166666545121543,-4.166666128496598e-08,0.4166666545121543,0.4166666545121543,4.166666128496598e-08,-58.33333454836789,-58.33333454836789,-58.33333454836789,-0.4166666545121543,-0.4166666545121543,-4.166666128496598e-08,4.166666545121544e-10,4.166666545121544e-10,41.66666128496598,-0.8333333506909699,-58.33333454836789,0.8333333506909699,0,-0.4166666545121543,-0.4166666545121543,-4.166666128496598e-08,0,0,0,0.4166666545121543,0.4166666545121543,4.166666128496598e-08,4.166666545121544e-10,4.166666545121544e-10,41.66666128496598
12.9,58.33333454878456,58.33333454878456,99.99999583333387,-41.66666545121544,-41.66666545121544,-4.166666128496598e-06,5.551115123125783e-17,0,0.8333333506909699,70,58.33333454836789,0.4166666545121543,0.4166666545121543,4.166666128496598e-08,1e-09,1e-09,1000000000,4.166666545121544e-10,4.166666545121544e-10,41.66666128496598,60,0.9,14,3,1,1,1,1,2,2,1,1,1,1,2,-0.4166666545121543,-0.4166666545121543,-4.166666128496598e-08,0.4166666545121543,0.4166666545121543,4.166666128496598e-08,-58.33333454836789,-58.33333454836789,-58.33333454836789,-0.4166666545121543,-0.4166666545121543,-4.166666128496598e-08,4.166666545121544e-10,4.166666545121544e-10,41.66666128496598,-0.8333333506909699,-58.33333454836789,0.8333333506909699,0,-0.4166666545121543,-0.4166666545121543,-4.166666128496598e-08,0,0,0,0.4166666545121543,0.4166666545121543,4.166666128496598e-08,4.166666545121544e-10,4.166666545121544e-10,41.66666128496598
13,58.33333454878456,58.33333454878456,99.99999583333387,-41.66666545121544,-41.66666545121544,-4.166666128496598e-06,5.551115123125783e-17,0,0.8333333506909699,70,58.33333454836789,0.4166666545121543,0.4166666545121543,4.166666128496598e-08,1e-09,1e-09,1000000000,4.166666545121544e-10,4.166666545121544e-10,41.66666128496598,60,0.9,14,3,1,1,1,1,2,2,1,1,1,1,2,-0.4166666545121543,-0.4166666545121543,-4.166666128496598e-08,0.4166666545121543,0.4166666545121543,4.166666128496598e-08,-58.33333454836789,-58.33333454836789,-58.33333454836789,-0.4166666545121543,-0.4166666545121543,-4.166666128496598e-08,4.166666545121544e-10,4.166666545121544e-10,41.66666128496598,-0.8333333506909699,-58.33333454836789,0.8333333506909699,0,-0.4166666545121543,-0.4166666545121543,-4.166666128496598e-08,0,0,0,0.4166666545121543,0.4166666545121543,4.166666128496598e-08,4.166666545121544e-10,4.166666545121544e-10,41.66666128496598
13.00000000260043,58.33333454878456,58.33333454878456,99.99999583333387,-41.66666545121544,-41.66666545121544,-4.166666128496598e-06,5.551115123125783e-17,0,0.8333333506909699,70,58.33333454836789,0.4166666545121543,0.4166666545121543,4.166666128496598e-08,1e-09,1e-09,1000000000,4.166666545121544e-10,4.166666545121544e-10,41.66666128496598,60,0.9,14,3,1,1,1,1,2,2,1,1,1,1,2,-0.4166666545121543,-0.4166666545121543,-4.166666128496598e-08,0.4166666545121543,0.4166666545121543,4.166666128496598e-08,-58.33333454836789,-58.33333454836789,-58.33333454836789,-0.4166666545121543,-0.4166666545121543,-4.166666128496598e-08,4.166666545121544e-10,4.166666545121544e-10,41.66666128496598,-0.8333333506909699,-58.33333454836789,0.8333333506909699,0,-0.4166666545121543,-0.4166666545121543,-4.166666128496598e-08,0,0,0,0.4166666545121543,0.4166666545121543,4.166666128496598e-08,4.166666545121544e-10,4.166666545121544e-10,41.66666128496598
13.00000000260043,82.90598574040395,99.99999827903162,99.99999829059874,-17.09401425959606,-1.709401253879861e-06,-1.709401255036573e-06,0,0,0.1709401767839857,485,82.90598574023301,0.1709401425959606,1.709401253879861e-08,1.709401255036573e-08,1e-09,1000000000,1000000000,1.709401425959606e-10,17.09401253879861,17.09401255036573,60,0.9,97,3,1,1,1,1,2,1,1,1,1,1,1,-0.1709401425959606,-1.709401253879861e-08,-1.709401255036573e-08,0.1709401425959606,1.709401253879861e-08,1.709401255036573e-08,-82.90598574023301,-82.90598574023301,-82.90598574023301,-0.1709401425959606,-1.709401253879861e-08,-1.709401255036573e-08,1.709401425959606e-10,17.09401253879861,17.09401255036573,-0.1709401767839857,-82.90598574023301,0.1709401767839857,0,-0.1709401425959606,-1.709401253879861e-08,-1.709401255036573e-08,0,0,0,0.1709401425959606,1.709401253879861e-08,1.709401255036573e-08,1.709401425959606e-10,17.09401253879861,17.09401255036573
13.1,82.90598574040395,99.99999829059874,99.99999829059874,-17.09401425959605,-1.709401255036573e-06,-1.709401255036573e-06,-2.775557561562891e-17,0,0.1709401767839856,485,82.90598574023301,0.1709401425959605,1.709401255036573e-08,1.709401255036573e-08,1e-09,1000000000,1000000000,1.709401425959605e-10,17.09401255036573,17.09401255036573,60,0.9,97,3,1,1,1,1,2,1,1,1,1,1,1,-0.1709401425959605,-1.709401255036573e-08,-1.709401255036573e-08,0.1709401425959605,1.709401255036573e-08,1.709401255036573e-08,-82.90598574023301,-82.90598574023301,-82.90598574023301,-0.1709401425959605,-1.709401255036573e-08,-1.709401255036573e-08,1.709401425959605e-10,17.09401255036573,17.09401255036573,-0.1709401767839856,-82.90598574023301,0.1709401767839856,0,-0.1709401425959605,-1.709401255036573e-08,-1.709401255036573e-08,0,0,0,0.1709401425959605,1.709401255036573e-08,1.709401255036573e-08,1.709401425959605e-10,17.09401255036573,17.09401255036573
13.2,82.90598574040395,99.99999829059874,99.99999829059874,-17.09401425959605,-1.709401255036573e-06,-1.709401255036573e-06,-2.775557561562891e-17,0,0.1709401767839856,485,82.90598574023301,0.1709401425959605,1.709401255036573e-08,1.709401255036573e-08,1e-09,1000000000,1000000000,1.709401425959605e-10,17.09401255036573,17.09401255036573,60,0.9,97,3,1,1,1,1,2,1,1,1,1,1,1,-0.1709401425959605,-1.709401255036573e-08,-1.709401255036573e-08,0.1709401425959605,1.709401255036573e-08,1.709401255036573e-08,-82.90598574023301,-82.90598574023301,-82.90598574023301,-0.1709401425959605,-1.709401255036573e-08,-1.709401255036573e-08,1.709401425959605e-10,17.09401255036573,17.09401255036573,-0.1709401767839856,-82.90598574023301,0.1709401767839856,0,-0.1709401425959605,-1.709401255036573e-08,-1.709401255036573e-08,0,0,0,0.1709401425959605,1.709401255036573e-08,1.709401255036573e-08,1.709401425959605e-10,17.09401255036573,17.09401255036573
13.3,82.90598574040395,99.99999829059874,99.99999829059874,-17.09401425959605,-1.709401255036573e-06,-1.709401255036573e-06,-2.775557561562891e-17,0,0.1709401767839856,485,82.90598574023301,0.1709401425959605,1.709401255036573e-08,1.709401255036573e-08,1e-09,1000000000,1000000000,1.709401425959605e-10,17.09401255036573,17.09401255036573,60,0.9,97,3,1,1,1,1,2,1,1,1,1,1,1,-0.1709401425959605,-1.709401255036573e-08,-1.709401255036573e-08,0.1709401425959605,1.709401255036573e-08,1.709401255036573e-08,-82.90598574023301,-82.90598574023301,-82.90598574023301,-0.1709401425959605,-1.709401255036573e-08,-1.709401255036573e-08,1.709401425959605e-10,17.09401255036573,17.09401255036573,-0.1709401767839856,-82.90598574023301,0.1709401767839856,0,-0.1709401425959605,-1.709401255036573e-08,-1.709401255036573e-08,0,0,0,0.1709401425959605,1.709401255036573e-08,1.709401255036573e-08,1.709401425959605e-10,17.09401255036573,17.09401255036573
13.4,82.90598574040395,99.99999829059874,99.99999829059874,-17.09401425959605,-1.709401255036573e-06,-1.709401255036573e-06,-2.775557561562891e-17,0,0.1709401767839856,485,82.90598574023301,0.1709401425959605,1.709401255036573e-08,1.709401255036573e-08,1e-09,1000000000,1000000000,1.709401425959605e-10,17.09401255036573,17.09401255036573,60,0.9,97,3,1,1,1,1,2,1,1,1,1,1,1,-0.1709401425959605,-1.709401255036573e-08,-1.709401255036573e-08,0.1709401425959605,1.709401255036573e-08,1.709401255036573e-08,-82.90598574023301,-82.90598574023301,-82.90598574023301,-0.1709401425959605,-1.709401255036573e-08,-1.709401255036573e-08,1.709401425959605e-10,17.09401255036573,17.09401255036573,-0.1709401767839856,-82.90598574023301,0.1709401767839856,0,-0.1709401425959605,-1.709401255036573e-08,-1.709401255036573e-08,0,0,0,0.1709401425959605,1.709401255036573e-08,1.709401255036573e-08,1.709401425959605e-10,17.09401255036573,17.09401255036573
13.5,82.90598574040395,99.99999829059874,99.99999829059874,-17.09401425959605,-1.709401255036573e-06,-1.709401255036573e-06,-2.775557561562891e-17,0,0.1709401767839856,485,82.90598574023301,0.1709401425959605,1.709401255036573e-08,1.709401255036573e-08,1e-09,1000000000,1000000000,1.709401425959605e-10,17.09401255036573,17.09401255036573,60,0.9,97,3,1,1,1,1,2,1,1,1,1,1,1,-0.1709401425959605,-1.709401255036573e-08,-1.709401255036573e-08,0.1709401425959605,1.709401255036573e-08,1.709401255036573e-08,-82.90598574023301,-82.90598574023301,-82.90598574023301,-0.1709401425959605,-1.709401255036573e-08,-1.709401255036573e-08,1.709401425959605e-10,17.09401255036573,17.09401255036573,-0.1709401767839856,-82.90598574023301,0.1709401767839856,0,-0.1709401425959605,-1.709401255036573e-08,-1.709401255036573e-08,0,0,0,0.1709401425959605,1.709401255036573e-08,1.709401255036573e-08,1.709401425959605e-10,17.09401255036573,17.09401255036573
13.6,82.90598574040395,99.99999829059874,99.99999829059874,-17.09401425959605,-1.709401255036573e-06,-1.709401255036573e-06,-2.775557561562891e-17,0,0.1709401767839856,485,82.90598574023301,0.1709401425959605,1.709401255036573e-08,1.709401255036573e-08,1e-09,1000000000,1000000000,1.709401425959605e-10,17.09401255036573,17.09401255036573,60,0.9,97,3,1,1,1,1,2,1,1,1,1,1,1,-0.1709401425959605,-1.709401255036573e-08,-1.709401255036573e-08,0.1709401425959605,1.709401255036573e-08,1.709401255036573e-08,-82.90598574023301,-82.90598574023301,-82.90598574023301,-0.1709401425959605,-1.709401255036573e-08,-1.709401255036573e-08,1.709401425959605e-10,17.09401255036573,17.09401255036573,-0.1709401767839856,-82.90598574023301,0.1709401767839856,0,-0.1709401425959605,-1.709401255036573e-08,-1.709401255036573e-08,0,0,0,0.1709401425959605,1.709401255036573e-08,1.709401255036573e-08,1.709401425959605e-10,17.09401255036573,17.09401255036573
13.7,82.90598574040395,99.99999829059874,99.99999829059874,-17.09401425959605,-1.709401255036573e-06,-1.709401255036573e-06,-2.775557561562891e-17,0,0.1709401767839856,485,82.90598574023301,0.1709401425959605,1.709401255036573e-08,1.709401255036573e-08,1e-09,1000000000,1000000000,1.709401425959605e-10,17.09401255036573,17.09401255036573,60,0.9,97,3,1,1,1,1,2,1,1,1,1,1,1,-0.1709401425959605,-1.709401255036573e-08,-1.709401255036573e-08,0.1709401425959605,1.709401255036573e-08,1.709401255036573e-08,-82.90598574023301,-82.90598574023301,-82.90598574023301,-0.1709401425959605,-1.709401255036573e-08,-1.709401255036573e-08,1.709401425959605e-10,17.09401255036573,17.09401255036573,-0.1709401767839856,-82.90598574023301,0.1709401767839856,0,-0.1709401425959605,-1.709401255036573e-08,-1.709401255036573e-08,0,0,0,0.1709401425959605,1.709401255036573e-08,1.709401255036573e-08,1.709401425959605e-10,17.09401255036573,17.09401255036573
13.8,82.90598574040395,99.99999829059874,99.99999829059874,-17.09401425959605,-1.709401255036573e-06,-1.709401255036573e-06,-2.775557561562891e-17,0,0.1709401767839856,485,82.90598574023301,0.1709401425959605,1.709401255036573e-08,1.709401255036573e-08,1e-09,1000000000,1000000000,1.709401425959605e-10,17.09401255036573,17.09401255036573,60,0.9,97,3,1,1,1,1,2,1,1,1,1,1,1,-0.1709401425959605,-1.709401255036573e-08,-1.709401255036573e-08,0.1709401425959605,1.709401255036573e-08,1.709401255036573e-08,-82.90598574023301,-82.90598574023301,-82.90598574023301,-0.1709401425959605,-1.709401255036573e-08,-1.709401255036573e-08,1.709401425959605e-10,17.09401255036573,17.09401255036573,-0.1709401767839856,-82.90598574023301,0.1709401767839856,0,-0.1709401425959605,-1.709401255036573e-08,-1.709401255036573e-08,0,0,0,0.1709401425959605,1.709401255036573e-08,1.709401255036573e-08,1.709401425959605e-10,17.09401255036573,17.09401255036573
13.9,82.90598574040395,99.99999829059874,99.99999829059874,-17.09401425959605,-1.709401255036573e-06,-1.709401255036573e-06,-2.775557561562891e-17,0,0.1709401767839856,485,82.90598574023301,0.1709401425959605,1.709401255036573e-08,1.709401255036573e-08,1e-09,1000000000,1000000000,1.709401425959605e-10,17.09401255036573,17.09401255036573,60,0.9,97,3,1,1,1,1,2,1,1,1,1,1,1,-0.1709401425959605,-1.709401255036573e-08,-1.709401255036573e-08,0.1709401425959605,1.709401255036573e-08,1.709401255036573e-08,-82.90598574023301,-82.90598574023301,-82.90598574023301,-0.1709401425959605,-1.709401255036573e-08,-1.709401255036573e-08,1.709401425959605e-10,17.09401255036573,17.09401255036573,-0.1709401767839856,-82.90598574023301,0.1709401767839856,0,-0.1709401425959605,-1.709401255036573e-08,-1.709401255036573e-08,0,0,0,0.1709401425959605,1.709401255036573e-08,1.709401255036573e-08,1.709401425959605e-10,17.09401255036573,17.09401255036573
14,82.90598574040395,99.99999829059874,99.99999829059874,-17.09401425959605,-1.709401255036573e-06,-1.709401255036573e-06,-2.775557561562891e-17,0,0.1709401767839856,485,82.90598574023301,0.1709401425959605,1.709401255036573e-08,1.709401255036573e-08,1e-09,1000000000,1000000000,1.709401425959605e-10,17.09401255036573,17.09401255036573,60,0.9,97,3,1,1,1,1,2,1,1,1,1,1,1,-0.1709401425959605,-1.709401255036573e-08,-1.709401255036573e-08,0.1709401425959605,1.709401255036573e-08,1.709401255036573e-08,-82.90598574023301,-82.90598574023301,-82.90598574023301,-0.1709401425959605,-1.709401255036573e-08,-1.709401255036573e-08,1.709401425959605e-10,17.09401255036573,17.09401255036573,-0.1709401767839856,-82.90598574023301,0.1709401767839856,0,-0.1709401425959605,-1.709401255036573e-08,-1.709401255036573e-08,0,0,0,0.1709401425959605,1.709401255036573e-08,1.709401255036573e-08,1.709401425959605e-10,17.09401255036573,17.09401255036573
14.00000000280052,82.90598574040395,99.99999829059874,99.99999829059874,-17.09401425959605,-1.709401255036573e-06,-1.709401255036573e-06,-2.775557561562891e-17,0,0.1709401767839856,485,82.90598574023301,0.1709401425959605,1.709401255036573e-08,1.709401255036573e-08,1e-09,1000000000,1000000000,1.709401425959605e-10,17.09401255036573,17.09401255036573,60,0.9,97,3,1,1,1,1,2,1,1,1,1,1,1,-0.1709401425959605,-1.709401255036573e-08,-1.709401255036573e-08,0.1709401425959605,1.709401255036573e-08,1.709401255036573e-08,-82.90598574023301,-82.90598574023301,-82.90598574023301,-0.1709401425959605,-1.709401255036573e-08,-1.709401255036573e-08,1.709401425959605e-10,17.09401255036573,17.09401255036573,-0.1709401767839856,-82.90598574023301,0.1709401767839856,0,-0.1709401425959605,-1.709401255036573e-08,-1.709401255036573e-08,0,0,0,0.1709401425959605,1.709401255036573e-08,1.709401255036573e-08,1.709401425959605e-10,17.09401255036573,17.09401255036573
14.00000000280052,77.27273078517474,99.99999772727332,99.99999772727331,-22.72726921482527,-2.272726694232585e-06,-2.272726694232585e-06,-2.775557561562891e-17,0,0.2272727376027866,340,77.27273078494747,0.2272726921482527,2.272726694232585e-08,2.272726694232585e-08,1e-09,1000000000,1000000000,2.272726921482527e-10,22.72726694232585,22.72726694232584,60,0.9,68,3,1,1,1,1,2,1,1,1,1,1,1,-0.2272726921482527,-2.272726694232585e-08,-2.272726694232585e-08,0.2272726921482527,2.272726694232585e-08,2.272726694232585e-08,-77.27273078494747,-77.27273078494747,-77.27273078494747,-0.2272726921482527,-2.272726694232585e-08,-2.272726694232585e-08,2.272726921482527e-10,22.72726694232585,22.72726694232584,-0.2272727376027866,-77.27273078494747,0.2272727376027866,0,-0.2272726921482527,-2.272726694232585e-08,-2.272726694232585e-08,0,0,0,0.2272726921482527,2.272726694232585e-08,2.272726694232585e-08,2.272726921482527e-10,22.72726694232585,22.72726694232584
14.1,77.27273078517472,99.9999977272733,99.99999772727331,-22.72726921482527,-2.272726694232585e-06,-2.272726694232586e-06,-2.775557561562891e-17,0,0.2272727376027866,340,77.27273078494744,0.2272726921482527,2.272726694232585e-08,2.272726694232586e-08,1e-09,1000000000,1000000000,2.272726921482527e-10,22.72726694232585,22.72726694232586,60,0.9,68,3,1,1,1,1,2,1,1,1,1,1,1,-0.2272726921482527,-2.272726694232585e-08,-2.272726694232586e-08,0.2272726921482527,2.272726694232585e-08,2.272726694232586e-08,-77.27273078494744,-77.27273078494744,-77.27273078494744,-0.2272726921482527,-2.272726694232585e-08,-2.272726694232586e-08,2.272726921482527e-10,22.72726694232585,22.72726694232586,-0.2272727376027866,-77.27273078494744,0.2272727376027866,0,-0.2272726921482527,-2.272726694232585e-08,-2.272726694232586e-08,0,0,0,0.2272726921482527,2.272726694232585e-08,2.272726694232586e-08,2.272726921482527e-10,22.72726694232585,22.72726694232586
14.2,77.27273078517474,99.99999772727332,99.99999772727331,-22.72726921482527,-2.272726694232585e-06,-2.272726694232585e-06,-2.775557561562891e-17,0,0.2272727376027866,340,77.27273078494747,0.2272726921482527,2.272726694232585e-08,2.272726694232585e-08,1e-09,1000000000,1000000000,2.272726921482527e-10,22.72726694232585,22.72726694232585,60,0.9,68,3,1,1,1,1,2,1,1,1,1,1,1,-0.2272726921482527,-2.272726694232585e-08,-2.272726694232585e-08,0.2272726921482527,2.272726694232585e-08,2.272726694232585e-08,-77.27273078494747,-77.27273078494747,-77.27273078494747,-0.2272726921482527,-2.272726694232585e-08,-2.272726694232585e-08,2.272726921482527e-10,22.72726694232585,22.72726694232585,-0.2272727376027866,-77.27273078494747,0.2272727376027866,0,-0.2272726921482527,-2.272726694232585e-08,-2.272726694232585e-08,0,0,0,0.2272726921482527,2.272726694232585e-08,2.272726694232585e-08,2.272726921482527e-10,22.72726694232585,22.72726694232585
14.3,77.27273078517472,99.9999977272733,99.99999772727331,-22.72726921482527,-2.272726694232585e-06,-2.272726694232586e-06,-2.775557561562891e-17,0,0.2272727376027866,340,77.27273078494744,0.2272726921482527,2.272726694232585e-08,2.272726694232586e-08,1e-09,1000000000,1000000000,2.272726921482527e-10,22.72726694232585,22.72726694232586,60,0.9,68,3,1,1,1,1,2,1,1,1,1,1,1,-0.2272726921482527,-2.272726694232585e-08,-2.272726694232586e-08,0.2272726921482527,2.272726694232585e-08,2.272726694232586e-08,-77.27273078494744,-77.27273078494744,-77.27273078494744,-0.2272726921482527,-2.272726694232585e-08,-2.272726694232586e-08,2.272726921482527e-10,22.72726694232585,22.72726694232586,-0.2272727376027866,-77.27273078494744,0.2272727376027866,0,-0.2272726921482527,-2.272726694232585e-08,-2.272726694232586e-08,0,0,0,0.2272726921482527,2.272726694232585e-08,2.272726694232586e-08,2.272726921482527e-10,22.72726694232585,22.72726694232586
14.4,77.27273078517474,99.99999772727332,99.99999772727331,-22.72726921482527,-2.272726694232585e-06,-2.272726694232585e-06,-2.775557561562891e-17,0,0.2272727376027866,340,77.27273078494747,0.2272726921482527,2.272726694232585e-08,2.272726694232585e-08,1e-09,1000000000,1000000000,2.272726921482527e-10,22.72726694232585,22.72726694232585,60,0.9,68,3,1,1,1,1,2,1,1,1,1,1,1,-0.2272726921482527,-2.272726694232585e-08,-2.272726694232585e-08,0.2272726921482527,2.272726694232585e-08,2.272726694232585e-08,-77.27273078494747,-77.27273078494747,-77.27273078494747,-0.2272726921482527,-2.272726694232585e-08,-2.272726694232585e-08,2.272726921482527e-10,22.72726694232585,22.72726694232585,-0.2272727376027866,-77.27273078494747,0.2272727376027866,0,-0.2272726921482527,-2.272726694232585e-08,-2.272726694232585e-08,0,0,0,0.2272726921482527,2.272726694232585e-08,2.272726694232585e-08,2.272726921482527e-10,22.72726694232585,22.72726694232585
14.5,77.27273078517472,99.9999977272733,99.99999772727331,-22.72726921482527,-2.272726694232585e-06,-2.272726694232586e-06,-2.775557561562891e-17,0,0.2272727376027866,340,77.27273078494744,0.2272726921482527,2.272726694232585e-08,2.272726694232586e-08,1e-09,1000000000,1000000000,2.272726921482527e-10,22.72726694232585,22.72726694232586,60,0.9,68,3,1,1,1,1,2,1,1,1,1,1,1,-0.2272726921482527,-2.272726694232585e-08,-2.272726694232586e-08,0.2272726921482527,2.272726694232585e-08,2.272726694232586e-08,-77.27273078494744,-77.27273078494744,-77.27273078494744,-0.2272726921482527,-2.272726694232585e-08,-2.272726694232586e-08,2.272726921482527e-10,22.72726694232585,22.72726694232586,-0.2272727376027866,-77.27273078494744,0.2272727376027866,0,-0.2272726921482527,-2.272726694232585e-08,-2.272726694232586e-08,0,0,0,0.2272726921482527,2.272726694232585e-08,2.272726694232586e-08,2.272726921482527e-10,22.72726694232585,22.72726694232586
14.6,77.27273078517474,99.99999772727332,99.99999772727331,-22.72726921482527,-2.272726694232585e-06,-2.272726694232585e-06,-2.775557561562891e-17,0,0.2272727376027866,340,77.27273078494747,0.2272726921482527,2.272726694232585e-08,2.272726694232585e-08,1e-09,1000000000,1000000000,2.272726921482527e-10,22.72726694232585,22.72726694232585,60,0.9,68,3,1,1,1,1,2,1,1,1,1,1,1,-0.2272726921482527,-2.272726694232585e-08,-2.272726694232585e-08,0.2272726921482527,2.272726694232585e-08,2.272726694232585e-08,-77.27273078494747,-77.27273078494747,-77.27273078494747,-0.2272726921482527,-2.272726694232585e-08,-2.272726694232585e-08,2.272726921482527e-10,22.72726694232585,22.72726694232585,-0.2272727376027866,-77.27273078494747,0.2272727376027866,0,-0.2272726921482527,-2.272726694232585e-08,-2.272726694232585e-08,0,0,0,0.2272726921482527,2.272726694232585e-08,2.272726694232585e-08,2.272726921482527e-10,22.72726694232585,22.72726694232585
14.7,77.27273078517472,99.9999977272733,99.99999772727331,-22.72726921482527,-2.272726694232585e-06,-2.272726694232586e-06,-2.775557561562891e-17,0,0.2272727376027866,340,77.27273078494744,0.2272726921482527,2.272726694232585e-08,2.272726694232586e-08,1e-09,1000000000,1000000000,2.272726921482527e-10,22.72726694232585,22.72726694232586,60,0.9,68,3,1,1,1,1,2,1,1,1,1,1,1,-0.2272726921482527,-2.272726694232585e-08,-2.272726694232586e-08,0.2272726921482527,2.272726694232585e-08,2.272726694232586e-08,-77.27273078494744,-77.27273078494744,-77.27273078494744,-0.2272726921482527,-2.272726694232585e-08,-2.272726694232586e-08,2.272726921482527e-10,22.72726694232585,22.72726694232586,-0.2272727376027866,-77.27273078494744,0.2272727376027866,0,-0.2272726921482527,-2.272726694232585e-08,-2.272726694232586e-08,0,0,0,0.2272726921482527,2.272726694232585e-08,2.272726694232586e-08,2.272726921482527e-10,22.72726694232585,22.72726694232586
14.8,77.27273078517474,99.99999772727332,99.99999772727331,-22.72726921482527,-2.272726694232585e-06,-2.272726694232585e-06,-2.775557561562891e-17,0,0.2272727376027866,340,77.27273078494747,0.2272726921482527,2.272726694232585e-08,2.272726694232585e-08,1e-09,1000000000,1000000000,2.272726921482527e-10,22.72726694232585,22.72726694232585,60,0.9,68,3,1,1,1,1,2,1,1,1,1,1,1,-0.2272726921482527,-2.272726694232585e-08,-2.272726694232585e-08,0.2272726921482527,2.272726694232585e-08,2.272726694232585e-08,-77.27273078494747,-77.27273078494747,-77.27273078494747,-0.2272726921482527,-2.272726694232585e-08,-2.272726694232585e-08,2.272726921482527e-10,22.72726694232585,22.72726694232585,-0.2272727376027866,-77.27273078494747,0.2272727376027866,0,-0.2272726921482527,-2.272726694232585e-08,-2.272726694232585e-08,0,0,0,0.2272726921482527,2.272726694232585e-08,2.272726694232585e-08,2.272726921482527e-10,22.72726694232585,22.72726694232585
14.9,77.27273078517472,99.9999977272733,99.99999772727331,-22.72726921482527,-2.272726694232585e-06,-2.272726694232586e-06,-2.775557561562891e-17,0,0.2272727376027866,340,77.27273078494744,0.2272726921482527,2.272726694232585e-08,2.272726694232586e-08,1e-09,1000000000,1000000000,2.272726921482527e-10,22.72726694232585,22.72726694232586,60,0.9,68,3,1,1,1,1,2,1,1,1,1,1,1,-0.2272726921482527,-2.272726694232585e-08,-2.272726694232586e-08,0.2272726921482527,2.272726694232585e-08,2.272726694232586e-08,-77.27273078494744,-77.27273078494744,-77.27273078494744,-0.2272726921482527,-2.272726694232585e-08,-2.272726694232586e-08,2.272726921482527e-10,22.72726694232585,22.72726694232586,-0.2272727376027866,-77.27273078494744,0.2272727376027866,0,-0.2272726921482527,-2.272726694232585e-08,-2.272726694232586e-08,0,0,0,0.2272726921482527,2.272726694232585e-08,2.272726694232586e-08,2.272726921482527e-10,22.72726694232585,22.72726694232586
15,77.27273078517474,99.99999772727332,99.99999772727331,-22.72726921482527,-2.272726694232585e-06,-2.272726694232585e-06,-2.775557561562891e-17,0,0.2272727376027866,340,77.27273078494747,0.2272726921482527,2.272726694232585e-08,2.272726694232585e-08,1e-09,1000000000,1000000000,2.272726921482527e-10,22.72726694232585,22.72726694232585,60,0.9,68,3,1,1,1,1,2,1,1,1,1,1,1,-0.2272726921482527,-2.272726694232585e-08,-2.272726694232585e-08,0.2272726921482527,2.272726694232585e-08,2.272726694232585e-08,-77.27273078494747,-77.27273078494747,-77.27273078494747,-0.2272726921482527,-2.272726694232585e-08,-2.272726694232585e-08,2.272726921482527e-10,22.72726694232585,22.72726694232585,-0.2272727376027866,-77.27273078494747,0.2272727376027866,0,-0.2272726921482527,-2.272726694232585e-08,-2.272726694232585e-08,0,0,0,0.2272726921482527,2.272726694232585e-08,2.272726694232585e-08,2.272726921482527e-10,22.72726694232585,22.72726694232585
15.0000000030006,77.27273078517472,99.9999977272733,99.99999772727331,-22.72726921482527,-2.272726694232585e-06,-2.272726694232586e-06,-2.775557561562891e-17,0,0.2272727376027866,340,77.27273078494744,0.2272726921482527,2.272726694232585e-08,2.272726694232586e-08,1e-09,1000000000,1000000000,2.272726921482527e-10,22.72726694232585,22.72726694232586,60,0.9,68,3,1,1,1,1,2,1,1,1,1,1,1,-0.2272726921482527,-2.272726694232585e-08,-2.272726694232586e-08,0.2272726921482527,2.272726694232585e-08,2.272726694232586e-08,-77.27273078494744,-77.27273078494744,-77.27273078494744,-0.2272726921482527,-2.272726694232585e-08,-2.272726694232586e-08,2.272726921482527e-10,22.72726694232585,22.72726694232586,-0.2272727376027866,-77.27273078494744,0.2272727376027866,0,-0.2272726921482527,-2.272726694232585e-08,-2.272726694232586e-08,0,0,0,0.2272726921482527,2.272726694232585e-08,2.272726694232586e-08,2.272726921482527e-10,22.72726694232585,22.72726694232586
15.0000000030006,60.00000000016,60.00000000016,60.00000000016,-39.99999999984,-39.99999999984,-39.99999999984,1.110223024625157e-16,0,1.1999999999952,50,59.99999999976,0.3999999999984,0.3999999999984,0.3999999999984,1e-09,1e-09,1e-09,3.999999999984e-10,3.999999999984e-10,3.999999999984e-10,60,0.9,10,3,1,1,1,1,2,2,2,1,1,1,3,-0.3999999999984,-0.3999999999984,-0.3999999999984,0.3999999999984,0.3999999999984,0.3999999999984,-59.99999999976,-59.99999999976,-59.99999999976,-0.3999999999984,-0.3999999999984,-0.3999999999984,3.999999999984e-10,3.999999999984e-10,3.999999999984e-10,-1.1999999999952,-59.99999999976,1.1999999999952,0,-0.3999999999984,-0.3999999999984,-0.3999999999984,0,0,0,0.3999999999984,0.3999999999984,0.3999999999984,3.999999999984e-10,3.999999999984e-10,3.999999999984e-10
15.1,60.00000000016,60.00000000016,60.00000000016,-39.99999999984,-39.99999999984,-39.99999999984,1.110223024625157e-16,0,1.1999999999952,50,59.99999999976,0.3999999999984,0.3999999999984,0.3999999999984,1e-09,1e-09,1e-09,3.999999999984e-10,3.999999999984e-10,3.999999999984e-10,60,0.9,10,3,1,1,1,1,2,2,2,1,1,1,3,-0.3999999999984,-0.3999999999984,-0.3999999999984,0.3999999999984,0.3999999999984,0.3999999999984,-59.99999999976,-59.99999999976,-59.99999999976,-0.3999999999984,-0.3999999999984,-0.3999999999984,3.999999999984e-10,3.999999999984e-10,3.999999999984e-10,-1.1999999999952,-59.99999999976,1.1999999999952,0,-0.3999999999984,-0.3999999999984,-0.3999999999984,0,0,0,0.3999999999984,0.3999999999984,0.3999999999984,3.999999999984e-10,3.999999999984e-10,3.999999999984e-10
15.2,60.00000000016,60.00000000016,60.00000000016,-39.99999999984,-39.99999999984,-39.99999999984,1.110223024625157e-16,0,1.1999999999952,50,59.99999999976,0.3999999999984,0.3999999999984,0.3999999999984,1e-09,1e-09,1e-09,3.999999999984e-10,3.999999999984e-10,3.999999999984e-10,60,0.9,10,3,1,1,1,1,2,2,2,1,1,1,3,-0.3999999999984,-0.3999999999984,-0.3999999999984,0.3999999999984,0.3999999999984,0.3999999999984,-59.99999999976,-59.99999999976,-59.99999999976,-0.3999999999984,-0.3999999999984,-0.3999999999984,3.999999999984e-10,3.999999999984e-10,3.999999999984e-10,-1.1999999999952,-59.99999999976,1.1999999999952,0,-0.3999999999984,-0.3999999999984,-0.3999999999984,0,0,0,0.3999999999984,0.3999999999984,0.3999999999984,3.999999999984e-10,3.999999999984e-10,3.999999999984e-10
15.3,60.00000000016,60.00000000016,60.00000000016,-39.99999999984,-39.99999999984,-39.99999999984,1.110223024625157e-16,0,1.1999999999952,50,59.99999999976,0.3999999999984,0.3999999999984,0.3999999999984,1e-09,1e-09,1e-09,3.999999999984e-10,3.999999999984e-10,3.999999999984e-10,60,0.9,10,3,1,1,1,1,2,2,2,1,1,1,3,-0.3999999999984,-0.3999999999984,-0.3999999999984,0.3999999999984,0.3999999999984,0.3999999999984,-59.99999999976,-59.99999999976,-59.99999999976,-0.3999999999984,-0.3999999999984,-0.3999999999984,3.999999999984e-10,3.999999999984e-10,3.999999999984e-10,-1.1999999999952,-59.99999999976,1.1999999999952,0,-0.3999999999984,-0.3999999999984,-0.3999999999984,0,0,0,0.3999999999984,0.3999999999984,0.3999999999984,3.999999999984e-10,3.999999999984e-10,3.999999999984e-10
15.4,60.00000000016,60.00000000016,60.00000000016,-39.99999999984,-39.99999999984,-39.99999999984,1.110223024625157e-16,0,1.1999999999952,50,59.99999999976,0.3999999999984,0.3999999999984,0.3999999999984,1e-09,1e-09,1e-09,3.999999999984e-10,3.999999999984e-10,3.999999999984e-10,60,0.9,10,3,1,1,1,1,2,2,2,1,1,1,3,-0.3999999999984,-0.3999999999984,-0.3999999999984,0.3999999999984,0.3999999999984,0.3999999999984,-59.99999999976,-59.99999999976,-59.99999999976,-0.3999999999984,-0.3999999999984,-0.3999999999984,3.999999999984e-10,3.999999999984e-10,3.999999999984e-10,-1.1999999999952,-59.99999999976,1.1999999999952,0,-0.3999999999984,-0.3999999999984,-0.3999999999984,0,0,0,0.3999999999984,0.3999999999984,0.3999999999984,3.999999999984e-10,3.999999999984e-10,3.999999999984e-10
15.5,60.00000000016,60.00000000016,60.00000000016,-39.99999999984,-39.99999999984,-39.99999999984,1.110223024625157e-16,0,1.1999999999952,50,59.99999999976,0.3999999999984,0.3999999999984,0.3999999999984,1e-09,1e-09,1e-09,3.999999999984e-10,3.999999999984e-10,3.999999999984e-10,60,0.9,10,3,1,1,1,1,2,2,2,1,1,1,3,-0.3999999999984,-0.3999999999984,-0.3999999999984,0.3999999999984,0.3999999999984,0.3999999999984,-59.99999999976,-59.99999999976,-59.99999999976,-0.3999999999984,-0.3999999999984,-0.3999999999984,3.999999999984e-10,3.999999999984e-10,3.999999999984e-10,-1.1999999999952,-59.99999999976,1.1999999999952,0,-0.3999999999984,-0.3999999999984,-0.3999999999984,0,0,0,0.3999999999984,0.3999999999984,0.3999999999984,3.999999999984e-10,3.999999999984e-10,3.999999999984e-10
15.6,60.00000000016,60.00000000016,60.00000000016,-39.99999999984,-39.99999999984,-39.99999999984,1.110223024625157e-16,0,1.1999999999952,50,59.99999999976,0.3999999999984,0.3999999999984,0.3999999999984,1e-09,1e-09,1e-09,3.999999999984e-10,3.999999999984e-10,3.999999999984e-10,60,0.9,10,3,1,1,1,1,2,2,2,1,1,1,3,-0.3999999999984,-0.3999999999984,-0.3999999999984,0.3999999999984,0.3999999999984,0.3999999999984,-59.99999999976,-59.99999999976,-59.99999999976,-0.3999999999984,-0.3999999999984,-0.3999999999984,3.999999999984e-10,3.999999999984e-10,3.999999999984e-10,-1.1999999999952,-59.99999999976,1.1999999999952,0,-0.3999999999984,-0.3999999999984,-0.3999999999984,0,0,0,0.3999999999984,0.3999999999984,0.3999999999984,3.999999999984e-10,3.999999999984e-10,3.999999999984e-10
15.7,60.00000000016,60.00000000016,60.00000000016,-39.99999999984,-39.99999999984,-39.99999999984,1.110223024625157e-16,0,1.1999999999952,50,59.99999999976,0.3999999999984,0.3999999999984,0.3999999999984,1e-09,1e-09,1e-09,3.999999999984e-10,3.999999999984e-10,3.999999999984e-10,60,0.9,10,3,1,1,1,1,2,2,2,1,1,1,3,-0.3999999999984,-0.3999999999984,-0.3999999999984,0.3999999999984,0.3999999999984,0.3999999999984,-59.99999999976,-59.99999999976,-59.99999999976,-0.3999999999984,-0.3999999999984,-0.3999999999984,3.999999999984e-10,3.999999999984e-10,3.999999999984e-10,-1.1999999999952,-59.99999999976,1.1999999999952,0,-0.3999999999984,-0.3999999999984,-0.3999999999984,0,0,0,0.3999999999984,0.3999999999984,0.3999999999984,3.999999999984e-10,3.999999999984e-10,3.999999999984e-10
15.8,60.00000000016,60.00000000016,60.00000000016,-39.99999999984,-39.99999999984,-39.99999999984,1.110223024625157e-16,0,1.1999999999952,50,59.99999999976,0.3999999999984,0.3999999999984,0.3999999999984,1e-09,1e-09,1e-09,3.999999999984e-10,3.999999999984e-10,3.999999999984e-10,60,0.9,10,3,1,1,1,1,2,2,2,1,1,1,3,-0.3999999999984,-0.3999999999984,-0.3999999999984,0.3999999999984,0.3999999999984,0.3999999999984,-59.99999999976,-59.99999999976,-59.99999999976,-0.3999999999984,-0.3999999999984,-0.3999999999984,3.999999999984e-10,3.999999999984e-10,3.999999999984e-10,-1.1999999999952,-59.99999999976,1.1999999999952,0,-0.3999999999984,-0.3999999999984,-0.3999999999984,0,0,0,0.3999999999984,0.3999999999984,0.3999999999984,3.999999999984e-10,3.999999999984e-10,3.999999999984e-10
15.9,60.00000000016,60.00000000016,60.00000000016,-39.99999999984,-39.99999999984,-39.99999999984,1.110223024625157e-16,0,1.1999999999952,50,59.99999999976,0.3999999999984,0.3999999999984,0.3999999999984,1e-09,1e-09,1e-09,3.999999999984e-10,3.999999999984e-10,3.999999999984e-10,60,0.9,10,3,1,1,1,1,2,2,2,1,1,1,3,-0.3999999999984,-0.3999999999984,-0.3999999999984,0.3999999999984,0.3999999999984,0.3999999999984,-59.99999999976,-59.99999999976,-59.99999999976,-0.3999999999984,-0.3999999999984,-0.3999999999984,3.999999999984e-10,3.999999999984e-10,3.999999999984e-10,-1.1999999999952,-59.99999999976,1.1999999999952,0,-0.3999999999984,-0.3999999999984,-0.3999999999984,0,0,0,0.3999999999984,0.3999999999984,0.3999999999984,3.999999999984e-10,3.999999999984e-10,3.999999999984e-10
16,60.00000000016,60.00000000016,60.00000000016,-39.99999999984,-39.99999999984,-39.99999999984,1.110223024625157e-16,0,1.1999999999952,50,59.99999999976,0.3999999999984,0.3999999999984,0.3999999999984,1e-09,1e-09,1e-09,3.999999999984e-10,3.999999999984e-10,3.999999999984e-10,60,0.9,10,3,1,1,1,1,2,2,2,1,1,1,3,-0.3999999999984,-0.3999999999984,-0.3999999999984,0.3999999999984,0.3999999999984,0.3999999999984,-59.99999999976,-59.99999999976,-59.99999999976,-0.3999999999984,-0.3999999999984,-0.3999999999984,3.999999999984e-10,3.999999999984e-10,3.999999999984e-10,-1.1999999999952,-59.99999999976,1.1999999999952,0,-0.3999999999984,-0.3999999999984,-0.3999999999984,0,0,0,0.3999999999984,0.3999999999984,0.3999999999984,3.999999999984e-10,3.999999999984e-10,3.999999999984e-10
16.00000000320069,60.00000000016,60.00000000016,60.00000000016,-39.99999999984,-39.99999999984,-39.99999999984,1.110223024625157e-16,0,1.1999999999952,50,59.99999999976,0.3999999999984,0.3999999999984,0.3999999999984,1e-09,1e-09,1e-09,3.999999999984e-10,3.999999999984e-10,3.999999999984e-10,60,0.9,10,3,1,1,1,1,2,2,2,1,1,1,3,-0.3999999999984,-0.3999999999984,-0.3999999999984,0.3999999999984,0.3999999999984,0.3999999999984,-59.99999999976,-59.99999999976,-59.99999999976,-0.3999999999984,-0.3999999999984,-0.3999999999984,3.999999999984e-10,3.999999999984e-10,3.999999999984e-10,-1.1999999999952,-59.99999999976,1.1999999999952,0,-0.3999999999984,-0.3999999999984,-0.3999999999984,0,0,0,0.3999999999984,0.3999999999984,0.3999999999984,3.999999999984e-10,3.999999999984e-10,3.999999999984e-10
16.00000000320069,74.35897823937852,99.99999743589808,99.99999743589808,-25.64102185657939,-2.564101919677597e-06,-2.564101919677597e-06,0,0,0.2564102698478323,290,74.35897823912211,0.2564102185657939,2.564101919677597e-08,2.564101919677597e-08,1e-09,1000000000,1000000000,2.56410218565794e-10,25.64101919677597,25.64101919677597,60,0.9,58,3,1,1,1,1,2,1,1,1,1,1,1,-0.2564102185657939,-2.564101919677597e-08,-2.564101919677597e-08,0.2564102185657939,2.564101919677597e-08,2.564101919677597e-08,-74.35897823912211,-74.35897823912211,-74.35897823912211,-0.2564102185657939,-2.564101919677597e-08,-2.564101919677597e-08,2.56410218565794e-10,25.64101919677597,25.64101919677597,-0.2564102698478323,-74.35897823912211,0.2564102698478323,0,-0.2564102185657939,-2.564101919677597e-08,-2.564101919677597e-08,0,0,0,0.2564102185657939,2.564101919677597e-08,2.564101919677597e-08,2.56410218565794e-10,25.64101919677597,25.64101919677597
16.1,74.35897817231989,99.99999743589807,99.99999743589807,-25.64102182768011,-2.564101926383458e-06,-2.564101926383458e-06,0,0,0.2564102695588396,290,74.35897817206349,0.2564102182768011,2.564101926383458e-08,2.564101926383458e-08,1e-09,1000000000,1000000000,2.564102182768011e-10,25.64101926383458,25.64101926383458,60,0.9,58,3,1,1,1,1,2,1,1,1,1,1,1,-0.2564102182768011,-2.564101926383458e-08,-2.564101926383458e-08,0.2564102182768011,2.564101926383458e-08,2.564101926383458e-08,-74.35897817206349,-74.35897817206349,-74.35897817206349,-0.2564102182768011,-2.564101926383458e-08,-2.564101926383458e-08,2.564102182768011e-10,25.64101926383458,25.64101926383458,-0.2564102695588396,-74.35897817206349,0.2564102695588396,0,-0.2564102182768011,-2.564101926383458e-08,-2.564101926383458e-08,0,0,0,0.2564102182768011,2.564101926383458e-08,2.564101926383458e-08,2.564102182768011e-10,25.64101926383458,25.64101926383458
16.2,74.35897817231989,99.99999743589807,99.99999743589807,-25.64102182768011,-2.564101926383458e-06,-2.564101926383458e-06,0,0,0.2564102695588396,290,74.35897817206349,0.2564102182768011,2.564101926383458e-08,2.564101926383458e-08,1e-09,1000000000,1000000000,2.564102182768011e-10,25.64101926383458,25.64101926383458,60,0.9,58,3,1,1,1,1,2,1,1,1,1,1,1,-0.2564102182768011,-2.564101926383458e-08,-2.564101926383458e-08,0.2564102182768011,2.564101926383458e-08,2.564101926383458e-08,-74.35897817206349,-74.35897817206349,-74.35897817206349,-0.2564102182768011,-2.564101926383458e-08,-2.564101926383458e-08,2.564102182768011e-10,25.64101926383458,25.64101926383458,-0.2564102695588396,-74.35897817206349,0.2564102695588396,0,-0.2564102182768011,-2.564101926383458e-08,-2.564101926383458e-08,0,0,0,0.2564102182768011,2.564101926383458e-08,2.564101926383458e-08,2.564102182768011e-10,25.64101926383458,25.64101926383458
16.3,74.35897817231989,99.99999743589807,99.99999743589807,-25.64102182768011,-2.564101926383458e-06,-2.564101926383458e-06,0,0,0.2564102695588396,290,74.35897817206349,0.2564102182768011,2.564101926383458e-08,2.564101926383458e-08,1e-09,1000000000,1000000000,2.564102182768011e-10,25.64101926383458,25.64101926383458,60,0.9,58,3,1,1,1,1,2,1,1,1,1,1,1,-0.2564102182768011,-2.564101926383458e-08,-2.564101926383458e-08,0.2564102182768011,2.564101926383458e-08,2.564101926383458e-08,-74.35897817206349,-74.35897817206349,-74.35897817206349,-0.2564102182768011,-2.564101926383458e-08,-2.564101926383458e-08,2.564102182768011e-10,25.64101926383458,25.64101926383458,-0.2564102695588396,-74.35897817206349,0.2564102695588396,0,-0.2564102182768011,-2.564101926383458e-08,-2.564101926383458e-08,0,0,0,0.2564102182768011,2.564101926383458e-08,2.564101926383458e-08,2.564102182768011e-10,25.64101926383458,25.64101926383458
16.4,74.35897817231989,99.99999743589807,99.99999743589807,-25.64102182768011,-2.564101926383458e-06,-2.564101926383458e-06,0,0,0.2564102695588396,290,74.35897817206349,0.2564102182768011,2.564101926383458e-08,2.564101926383458e-08,1e-09,1000000000,1000000000,2.564102182768011e-10,25.64101926383458,25.64101926383458,60,0.9,58,3,1,1,1,1,2,1,1,1,1,1,1,-0.2564102182768011,-2.564101926383458e-08,-2.564101926383458e-08,0.2564102182768011,2.564101926383458e-08,2.564101926383458e-08,-74.35897817206349,-74.35897817206349,-74.35897817206349,-0.2564102182768011,-2.564101926383458e-08,-2.564101926383458e-08,2.564102182768011e-10,25.64101926383458,25.64101926383458,-0.2564102695588396,-74.35897817206349,0.2564102695588396,0,-0.2564102182768011,-2.564101926383458e-08,-2.564101926383458e-08,0,0,0,0.2564102182768011,2.564101926383458e-08,2.564101926383458e-08,2.564102182768011e-10,25.64101926383458,25.64101926383458
16.5,74.35897817231989,99.99999743589807,99.99999743589807,-25.64102182768011,-2.564101926383458e-06,-2.564101926383458e-06,0,0,0.2564102695588396,290,74.35897817206349,0.2564102182768011,2.564101926383458e-08,2.564101926383458e-08,1e-09,1000000000,1000000000,2.564102182768011e-10,25.64101926383458,25.64101926383458,60,0.9,58,3,1,1,1,1,2,1,1,1,1,1,1,-0.2564102182768011,-2.564101926383458e-08,-2.564101926383458e-08,0.2564102182768011,2.564101926383458e-08,2.564101926383458e-08,-74.35897817206349,-74.35897817206349,-74.35897817206349,-0.2564102182768011,-2.564101926383458e-08,-2.564101926383458e-08,2.564102182768011e-10,25.64101926383458,25.64101926383458,-0.2564102695588396,-74.35897817206349,0.2564102695588396,0,-0.2564102182768011,-2.564101926383458e-08,-2.564101926383458e-08,0,0,0,0.2564102182768011,2.564101926383458e-08,2.564101926383458e-08,2.564102182768011e-10,25.64101926383458,25.64101926383458
16.6,74.35897817231989,99.99999743589807,99.99999743589807,-25.64102182768011,-2.564101926383458e-06,-2.564101926383458e-06,0,0,0.2564102695588396,290,74.35897817206349,0.2564102182768011,2.564101926383458e-08,2.564101926383458e-08,1e-09,1000000000,1000000000,2.564102182768011e-10,25.64101926383458,25.64101926383458,60,0.9,58,3,1,1,1,1,2,1,1,1,1,1,1,-0.2564102182768011,-2.564101926383458e-08,-2.564101926383458e-08,0.2564102182768011,2.564101926383458e-08,2.564101926383458e-08,-74.35897817206349,-74.35897817206349,-74.35897817206349,-0.2564102182768011,-2.564101926383458e-08,-2.564101926383458e-08,2.564102182768011e-10,25.64101926383458,25.64101926383458,-0.2564102695588396,-74.35897817206349,0.2564102695588396,0,-0.2564102182768011,-2.564101926383458e-08,-2.564101926383458e-08,0,0,0,0.2564102182768011,2.564101926383458e-08,2.564101926383458e-08,2.564102182768011e-10,25.64101926383458,25.64101926383458
16.7,74.35897817231989,99.99999743589807,99.99999743589807,-25.64102182768011,-2.564101926383458e-06,-2.564101926383458e-06,0,0,0.2564102695588396,290,74.35897817206349,0.2564102182768011,2.564101926383458e-08,2.564101926383458e-08,1e-09,1000000000,1000000000,2.564102182768011e-10,25.64101926383458,25.64101926383458,60,0.9,58,3,1,1,1,1,2,1,1,1,1,1,1,-0.2564102182768011,-2.564101926383458e-08,-2.564101926383458e-08,0.2564102182768011,2.564101926383458e-08,2.564101926383458e-08,-74.35897817206349,-74.35897817206349,-74.35897817206349,-0.2564102182768011,-2.564101926383458e-08,-2.564101926383458e-08,2.564102182768011e-10,25.64101926383458,25.64101926383458,-0.2564102695588396,-74.35897817206349,0.2564102695588396,0,-0.2564102182768011,-2.564101926383458e-08,-2.564101926383458e-08,0,0,0,0.2564102182768011,2.564101926383458e-08,2.564101926383458e-08,2.564102182768011e-10,25.64101926383458,25.64101926383458
16.8,74.35897817231989,99.99999743589807,99.99999743589807,-25.64102182768011,-2.564101926383458e-06,-2.564101926383458e-06,0,0,0.2564102695588396,290,74.35897817206349,0.2564102182768011,2.564101926383458e-08,2.564101926383458e-08,1e-09,1000000000,1000000000,2.564102182768011e-10,25.64101926383458,25.64101926383458,60,0.9,58,3,1,1,1,1,2,1,1,1,1,1,1,-0.2564102182768011,-2.564101926383458e-08,-2.564101926383458e-08,0.2564102182768011,2.564101926383458e-08,2.564101926383458e-08,-74.35897817206349,-74.35897817206349,-74.35897817206349,-0.2564102182768011,-2.564101926383458e-08,-2.564101926383458e-08,2.564102182768011e-10,25.64101926383458,25.64101926383458,-0.2564102695588396,-74.35897817206349,0.2564102695588396,0,-0.2564102182768011,-2.564101926383458e-08,-2.564101926383458e-08,0,0,0,0.2564102182768011,2.564101926383458e-08,2.564101926383458e-08,2.564102182768011e-10,25.64101926383458,25.64101926383458
16.9,74.35897817231989,99.99999743589807,99.99999743589807,-25.64102182768011,-2.564101926383458e-06,-2.564101926383458e-06,0,0,0.2564102695588396,290,74.35897817206349,0.2564102182768011,2.564101926383458e-08,2.564101926383458e-08,1e-09,1000000000,1000000000,2.564102182768011e-10,25.64101926383458,25.64101926383458,60,0.9,58,3,1,1,1,1,2,1,1,1,1,1,1,-0.2564102182768011,-2.564101926383458e-08,-2.564101926383458e-08,0.2564102182768011,2.564101926383458e-08,2.564101926383458e-08,-74.35897817206349,-74.35897817206349,-74.35897817206349,-0.2564102182768011,-2.564101926383458e-08,-2.564101926383458e-08,2.564102182768011e-10,25.64101926383458,25.64101926383458,-0.2564102695588396,-74.35897817206349,0.2564102695588396,0,-0.2564102182768011,-2.564101926383458e-08,-2.564101926383458e-08,0,0,0,0.2564102182768011,2.564101926383458e-08,2.564101926383458e-08,2.564102182768011e-10,25.64101926383458,25.64101926383458
17,74.35897817231989,99.99999743589807,99.99999743589807,-25.64102182768011,-2.564101926383458e-06,-2.564101926383458e-06,0,0,0.2564102695588396,290,74.35897817206349,0.2564102182768011,2.564101926383458e-08,2.564101926383458e-08,1e-09,1000000000,1000000000,2.564102182768011e-10,25.64101926383458,25.64101926383458,60,0.9,58,3,1,1,1,1,2,1,1,1,1,1,1,-0.2564102182768011,-2.564101926383458e-08,-2.564101926383458e-08,0.2564102182768011,2.564101926383458e-08,2.564101926383458e-08,-74.35897817206349,-74.35897817206349,-74.35897817206349,-0.2564102182768011,-2.564101926383458e-08,-2.564101926383458e-08,2.564102182768011e-10,25.64101926383458,25.64101926383458,-0.2564102695588396,-74.35897817206349,0.2564102695588396,0,-0.2564102182768011,-2.564101926383458e-08,-2.564101926383458e-08,0,0,0,0.2564102182768011,2.564101926383458e-08,2.564101926383458e-08,2.564102182768011e-10,25.64101926383458,25.64101926383458
17.00000000340005,74.35897817231989,99.99999743589807,99.99999743589807,-25.64102182768011,-2.564101926383458e-06,-2.564101926383458e-06,0,0,0.2564102695588396,290,74.35897817206349,0.2564102182768011,2.564101926383458e-08,2.564101926383458e-08,1e-09,1000000000,1000000000,2.564102182768011e-10,25.64101926383458,25.64101926383458,60,0.9,58,3,1,1,1,1,2,1,1,1,1,1,1,-0.2564102182768011,-2.564101926383458e-08,-2.564101926383458e-08,0.2564102182768011,2.564101926383458e-08,2.564101926383458e-08,-74.35897817206349,-74.35897817206349,-74.35897817206349,-0.2564102182768011,-2.564101926383458e-08,-2.564101926383458e-08,2.564102182768011e-10,25.64101926383458,25.64101926383458,-0.2564102695588396,-74.35897817206349,0.2564102695588396,0,-0.2564102182768011,-2.564101926383458e-08,-2.564101926383458e-08,0,0,0,0.2564102182768011,2.564101926383458e-08,2.564101926383458e-08,2.564102182768011e-10,25.64101926383458,25.64101926383458
17.00000000340005,42.85714285746938,42.85714285746938,42.85714285746938,-57.14285714253064,-57.14285714253062,-57.14285714253062,1.110223024625157e-16,0,1.714285714275919,25,42.85714285689795,0.5714285714253063,0.5714285714253062,0.5714285714253062,1e-09,1e-09,1e-09,5.714285714253063e-10,5.714285714253062e-10,5.714285714253062e-10,60,0.9,5,3,1,1,1,1,2,2,2,1,1,1,3,-0.5714285714253063,-0.5714285714253062,-0.5714285714253062,0.5714285714253063,0.5714285714253062,0.5714285714253062,-42.85714285689795,-42.85714285689795,-42.85714285689795,-0.5714285714253063,-0.5714285714253062,-0.5714285714253062,5.714285714253063e-10,5.714285714253062e-10,5.714285714253062e-10,-1.714285714275919,-42.85714285689795,1.714285714275919,0,-0.5714285714253063,-0.5714285714253062,-0.5714285714253062,0,0,0,0.5714285714253063,0.5714285714253062,0.5714285714253062,5.714285714253063e-10,5.714285714253062e-10,5.714285714253062e-10
17.1,42.85714285746939,42.85714285746939,42.85714285746939,-57.14285714253061,-57.14285714253061,-57.14285714253061,2.220446049250313e-16,0,1.714285714275918,25,42.85714285689797,0.5714285714253061,0.5714285714253061,0.5714285714253061,1e-09,1e-09,1e-09,5.714285714253061e-10,5.714285714253061e-10,5.714285714253061e-10,60,0.9,5,3,1,1,1,1,2,2,2,1,1,1,3,-0.5714285714253061,-0.5714285714253061,-0.5714285714253061,0.5714285714253061,0.5714285714253061,0.5714285714253061,-42.85714285689797,-42.85714285689797,-42.85714285689797,-0.5714285714253061,-0.5714285714253061,-0.5714285714253061,5.714285714253061e-10,5.714285714253061e-10,5.714285714253061e-10,-1.714285714275918,-42.85714285689797,1.714285714275918,0,-0.5714285714253061,-0.5714285714253061,-0.5714285714253061,0,0,0,0.5714285714253061,0.5714285714253061,0.5714285714253061,5.714285714253061e-10,5.714285714253061e-10,5.714285714253061e-10
17.2,42.85714285746939,42.85714285746939,42.85714285746939,-57.14285714253061,-57.14285714253061,-57.14285714253061,2.220446049250313e-16,0,1.714285714275918,25,42.85714285689797,0.5714285714253061,0.5714285714253061,0.5714285714253061,1e-09,1e-09,1e-09,5.714285714253061e-10,5.714285714253061e-10,5.714285714253061e-10,60,0.9,5,3,1,1,1,1,2,2,2,1,1,1,3,-0.5714285714253061,-0.5714285714253061,-0.5714285714253061,0.5714285714253061,0.5714285714253061,0.5714285714253061,-42.85714285689797,-42.85714285689797,-42.85714285689797,-0.5714285714253061,-0.5714285714253061,-0.5714285714253061,5.714285714253061e-10,5.714285714253061e-10,5.714285714253061e-10,-1.714285714275918,-42.85714285689797,1.714285714275918,0,-0.5714285714253061,-0.5714285714253061,-0.5714285714253061,0,0,0,0.5714285714253061,0.5714285714253061,0.5714285714253061,5.714285714253061e-10,5.714285714253061e-10,5.714285714253061e-10
17.3,42.85714285746939,42.85714285746939,42.85714285746939,-57.14285714253061,-57.14285714253061,-57.14285714253061,2.220446049250313e-16,0,1.714285714275918,25,42.85714285689797,0.5714285714253061,0.5714285714253061,0.5714285714253061,1e-09,1e-09,1e-09,5.714285714253061e-10,5.714285714253061e-10,5.714285714253061e-10,60,0.9,5,3,1,1,1,1,2,2,2,1,1,1,3,-0.5714285714253061,-0.5714285714253061,-0.5714285714253061,0.5714285714253061,0.5714285714253061,0.5714285714253061,-42.85714285689797,-42.85714285689797,-42.85714285689797,-0.5714285714253061,-0.5714285714253061,-0.5714285714253061,5.714285714253061e-10,5.714285714253061e-10,5.714285714253061e-10,-1.714285714275918,-42.85714285689797,1.714285714275918,0,-0.5714285714253061,-0.5714285714253061,-0.5714285714253061,0,0,0,0.5714285714253061,0.5714285714253061,0.5714285714253061,5.714285714253061e-10,5.714285714253061e-10,5.714285714253061e-10
17.4,42.85714285746939,42.85714285746939,42.85714285746939,-57.14285714253061,-57.14285714253061,-57.14285714253061,2.220446049250313e-16,0,1.714285714275918,25,42.85714285689797,0.5714285714253061,0.5714285714253061,0.5714285714253061,1e-09,1e-09,1e-09,5.714285714253061e-10,5.714285714253061e-10,5.714285714253061e-10,60,0.9,5,3,1,1,1,1,2,2,2,1,1,1,3,-0.5714285714253061,-0.5714285714253061,-0.5714285714253061,0.5714285714253061,0.5714285714253061,0.5714285714253061,-42.85714285689797,-42.85714285689797,-42.85714285689797,-0.5714285714253061,-0.5714285714253061,-0.5714285714253061,5.714285714253061e-10,5.714285714253061e-10,5.714285714253061e-10,-1.714285714275918,-42.85714285689797,1.714285714275918,0,-0.5714285714253061,-0.5714285714253061,-0.5714285714253061,0,0,0,0.5714285714253061,0.5714285714253061,0.5714285714253061,5.714285714253061e-10,5.714285714253061e-10,5.714285714253061e-10
17.5,42.85714285746939,42.85714285746939,42.85714285746939,-57.14285714253061,-57.14285714253061,-57.14285714253061,2.220446049250313e-16,0,1.714285714275918,25,42.85714285689797,0.5714285714253061,0.5714285714253061,0.5714285714253061,1e-09,1e-09,1e-09,5.714285714253061e-10,5.714285714253061e-10,5.714285714253061e-10,60,0.9,5,3,1,1,1,1,2,2,2,1,1,1,3,-0.5714285714253061,-0.5714285714253061,-0.5714285714253061,0.5714285714253061,0.5714285714253061,0.5714285714253061,-42.85714285689797,-42.85714285689797,-42.85714285689797,-0.5714285714253061,-0.5714285714253061,-0.5714285714253061,5.714285714253061e-10,5.714285714253061e-10,5.714285714253061e-10,-1.714285714275918,-42.85714285689797,1.714285714275918,0,-0.5714285714253061,-0.5714285714253061,-0.5714285714253061,0,0,0,0.5714285714253061,0.5714285714253061,0.5714285714253061,5.714285714253061e-10,5.714285714253061e-10,5.714285714253061e-10
17.6,42.85714285746939,42.85714285746939,42.85714285746939,-57.14285714253061,-57.14285714253061,-57.14285714253061,2.220446049250313e-16,0,1.714285714275918,25,42.85714285689797,0.5714285714253061,0.5714285714253061,0.5714285714253061,1e-09,1e-09,1e-09,5.714285714253061e-10,5.714285714253061e-10,5.714285714253061e-10,60,0.9,5,3,1,1,1,1,2,2,2,1,1,1,3,-0.5714285714253061,-0.5714285714253061,-0.5714285714253061,0.5714285714253061,0.5714285714253061,0.5714285714253061,-42.85714285689797,-42.85714285689797,-42.85714285689797,-0.5714285714253061,-0.5714285714253061,-0.5714285714253061,5.714285714253061e-10,5.714285714253061e-10,5.714285714253061e-10,-1.714285714275918,-42.85714285689797,1.714285714275918,0,-0.5714285714253061,-0.5714285714253061,-0.5714285714253061,0,0,0,0.5714285714253061,0.5714285714253061,0.5714285714253061,5.714285714253061e-10,5.714285714253061e-10,5.714285714253061e-10
17.7,42.85714285746939,42.85714285746939,42.85714285746939,-57.14285714253061,-57.14285714253061,-57.14285714253061,2.220446049250313e-16,0,1.714285714275918,25,42.85714285689797,0.5714285714253061,0.5714285714253061,0.5714285714253061,1e-09,1e-09,1e-09,5.714285714253061e-10,5.714285714253061e-10,5.714285714253061e-10,60,0.9,5,3,1,1,1,1,2,2,2,1,1,1,3,-0.5714285714253061,-0.5714285714253061,-0.5714285714253061,0.5714285714253061,0.5714285714253061,0.5714285714253061,-42.85714285689797,-42.85714285689797,-42.85714285689797,-0.5714285714253061,-0.5714285714253061,-0.5714285714253061,5.714285714253061e-10,5.714285714253061e-10,5.714285714253061e-10,-1.714285714275918,-42.85714285689797,1.714285714275918,0,-0.5714285714253061,-0.5714285714253061,-0.5714285714253061,0,0,0,0.5714285714253061,0.5714285714253061,0.5714285714253061,5.714285714253061e-10,5.714285714253061e-10,5.714285714253061e-10
17.8,42.85714285746939,42.85714285746939,42.85714285746939,-57.14285714253061,-57.14285714253061,-57.14285714253061,2.220446049250313e-16,0,1.714285714275918,25,42.85714285689797,0.5714285714253061,0.5714285714253061,0.5714285714253061,1e-09,1e-09,1e-09,5.714285714253061e-10,5.714285714253061e-10,5.714285714253061e-10,60,0.9,5,3,1,1,1,1,2,2,2,1,1,1,3,-0.5714285714253061,-0.5714285714253061,-0.5714285714253061,0.5714285714253061,0.5714285714253061,0.5714285714253061,-42.85714285689797,-42.85714285689797,-42.85714285689797,-0.5714285714253061,-0.5714285714253061,-0.5714285714253061,5.714285714253061e-10,5.714285714253061e-10,5.714285714253061e-10,-1.714285714275918,-42.85714285689797,1.714285714275918,0,-0.5714285714253061,-0.5714285714253061,-0.5714285714253061,0,0,0,0.5714285714253061,0.5714285714253061,0.5714285714253061,5.714285714253061e-10,5.714285714253061e-10,5.714285714253061e-10
17.9,42.85714285746939,42.85714285746939,42.85714285746939,-57.14285714253061,-57.14285714253061,-57.14285714253061,2.220446049250313e-16,0,1.714285714275918,25,42.85714285689797,0.5714285714253061,0.5714285714253061,0.5714285714253061,1e-09,1e-09,1e-09,5.714285714253061e-10,5.714285714253061e-10,5.714285714253061e-10,60,0.9,5,3,1,1,1,1,2,2,2,1,1,1,3,-0.5714285714253061,-0.5714285714253061,-0.5714285714253061,0.5714285714253061,0.5714285714253061,0.5714285714253061,-42.85714285689797,-42.85714285689797,-42.85714285689797,-0.5714285714253061,-0.5714285714253061,-0.5714285714253061,5.714285714253061e-10,5.714285714253061e-10,5.714285714253061e-10,-1.714285714275918,-42.85714285689797,1.714285714275918,0,-0.5714285714253061,-0.5714285714253061,-0.5714285714253061,0,0,0,0.5714285714253061,0.5714285714253061,0.5714285714253061,5.714285714253061e-10,5.714285714253061e-10,5.714285714253061e-10
18,42.85714285746939,42.85714285746939,42.85714285746939,-57.14285714253061,-57.14285714253061,-57.14285714253061,2.220446049250313e-16,0,1.714285714275918,25,42.85714285689797,0.5714285714253061,0.5714285714253061,0.5714285714253061,1e-09,1e-09,1e-09,5.714285714253061e-10,5.714285714253061e-10,5.714285714253061e-10,60,0.9,5,3,1,1,1,1,2,2,2,1,1,1,3,-0.5714285714253061,-0.5714285714253061,-0.5714285714253061,0.5714285714253061,0.5714285714253061,0.5714285714253061,-42.85714285689797,-42.85714285689797,-42.85714285689797,-0.5714285714253061,-0.5714285714253061,-0.5714285714253061,5.714285714253061e-10,5.714285714253061e-10,5.714285714253061e-10,-1.714285714275918,-42.85714285689797,1.714285714275918,0,-0.5714285714253061,-0.5714285714253061,-0.5714285714253061,0,0,0,0.5714285714253061,0.5714285714253061,0.5714285714253061,5.714285714253061e-10,5.714285714253061e-10,5.714285714253061e-10
18.00000000360014,42.85714285746939,42.85714285746939,42.85714285746939,-57.14285714253061,-57.14285714253061,-57.14285714253061,2.220446049250313e-16,0,1.714285714275918,25,42.85714285689797,0.5714285714253061,0.5714285714253061,0.5714285714253061,1e-09,1e-09,1e-09,5.714285714253061e-10,5.714285714253061e-10,5.714285714253061e-10,60,0.9,5,3,1,1,1,1,2,2,2,1,1,1,3,-0.5714285714253061,-0.5714285714253061,-0.5714285714253061,0.5714285714253061,0.5714285714253061,0.5714285714253061,-42.85714285689797,-42.85714285689797,-42.85714285689797,-0.5714285714253061,-0.5714285714253061,-0.5714285714253061,5.714285714253061e-10,5.714285714253061e-10,5.714285714253061e-10,-1.714285714275918,-42.85714285689797,1.714285714275918,0,-0.5714285714253061,-0.5714285714253061,-0.5714285714253061,0,0,0,0.5714285714253061,0.5714285714253061,0.5714285714253061,5.714285714253061e-10,5.714285714253061e-10,5.714285714253061e-10
18.00000000360014,66.66667101175149,99.99999666666743,99.99999666666743,-33.33332886402114,-3.333332565524927e-06,-3.333332565524927e-06,0,0,0.3333333553068627,200,66.66667101141816,0.3333332886402114,3.333332565524927e-08,3.333332565524927e-08,1e-09,1000000000,1000000000,3.333332886402114e-10,33.33332565524927,33.33332565524927,60,0.9,40,3,1,1,1,1,2,1,1,1,1,1,1,-0.3333332886402114,-3.333332565524927e-08,-3.333332565524927e-08,0.3333332886402114,3.333332565524927e-08,3.333332565524927e-08,-66.66667101141816,-66.66667101141816,-66.66667101141816,-0.3333332886402114,-3.333332565524927e-08,-3.333332565524927e-08,3.333332886402114e-10,33.33332565524927,33.33332565524927,-0.3333333553068627,-66.66667101141816,0.3333333553068627,0,-0.3333332886402114,-3.333332565524927e-08,-3.333332565524927e-08,0,0,0,0.3333332886402114,3.333332565524927e-08,3.333332565524927e-08,3.333332886402114e-10,33.33332565524927,33.33332565524927
18.1,66.66667111122119,99.99999666666744,99.99999666666744,-33.33332888877882,-3.333332555577958e-06,-3.333332555577958e-06,0,0,0.3333333555544392,200,66.66667111088786,0.3333332888877881,3.333332555577958e-08,3.333332555577958e-08,1e-09,1000000000,1000000000,3.333332888877881e-10,33.33332555577958,33.33332555577958,60,0.9,40,3,1,1,1,1,2,1,1,1,1,1,1,-0.3333332888877881,-3.333332555577958e-08,-3.333332555577958e-08,0.3333332888877881,3.333332555577958e-08,3.333332555577958e-08,-66.66667111088786,-66.66667111088786,-66.66667111088786,-0.3333332888877881,-3.333332555577958e-08,-3.333332555577958e-08,3.333332888877881e-10,33.33332555577958,33.33332555577958,-0.3333333555544392,-66.66667111088786,0.3333333555544392,0,-0.3333332888877881,-3.333332555577958e-08,-3.333332555577958e-08,0,0,0,0.3333332888877881,3.333332555577958e-08,3.333332555577958e-08,3.333332888877881e-10,33.33332555577958,33.33332555577958
18.2,66.66667111122118,99.99999666666744,99.99999666666744,-33.33332888877882,-3.33333255557796e-06,-3.33333255557796e-06,0,0,0.3333333555544392,200,66.66667111088785,0.3333332888877881,3.33333255557796e-08,3.33333255557796e-08,1e-09,1000000000,1000000000,3.333332888877881e-10,33.3333255557796,33.3333255557796,60,0.9,40,3,1,1,1,1,2,1,1,1,1,1,1,-0.3333332888877881,-3.33333255557796e-08,-3.33333255557796e-08,0.3333332888877881,3.33333255557796e-08,3.33333255557796e-08,-66.66667111088785,-66.66667111088785,-66.66667111088785,-0.3333332888877881,-3.33333255557796e-08,-3.33333255557796e-08,3.333332888877881e-10,33.3333255557796,33.3333255557796,-0.3333333555544392,-66.66667111088785,0.3333333555544392,0,-0.3333332888877881,-3.33333255557796e-08,-3.33333255557796e-08,0,0,0,0.3333332888877881,3.33333255557796e-08,3.33333255557796e-08,3.333332888877881e-10,33.3333255557796,33.3333255557796
18.3,66.66667111122118,99.99999666666744,99.99999666666744,-33.33332888877882,-3.33333255557796e-06,-3.33333255557796e-06,0,0,0.3333333555544392,200,66.66667111088785,0.3333332888877881,3.33333255557796e-08,3.33333255557796e-08,1e-09,1000000000,1000000000,3.333332888877881e-10,33.3333255557796,33.3333255557796,60,0.9,40,3,1,1,1,1,2,1,1,1,1,1,1,-0.3333332888877881,-3.33333255557796e-08,-3.33333255557796e-08,0.3333332888877881,3.33333255557796e-08,3.33333255557796e-08,-66.66667111088785,-66.66667111088785,-66.66667111088785,-0.3333332888877881,-3.33333255557796e-08,-3.33333255557796e-08,3.333332888877881e-10,33.3333255557796,33.3333255557796,-0.3333333555544392,-66.66667111088785,0.3333333555544392,0,-0.3333332888877881,-3.33333255557796e-08,-3.33333255557796e-08,0,0,0,0.3333332888877881,3.33333255557796e-08,3.33333255557796e-08,3.333332888877881e-10,33.3333255557796,33.3333255557796
18.4,66.66667111122118,99.99999666666744,99.99999666666744,-33.33332888877882,-3.33333255557796e-06,-3.33333255557796e-06,0,0,0.3333333555544392,200,66.66667111088785,0.3333332888877881,3.33333255557796e-08,3.33333255557796e-08,1e-09,1000000000,1000000000,3.333332888877881e-10,33.3333255557796,33.3333255557796,60,0.9,40,3,1,1,1,1,2,1,1,1,1,1,1,-0.3333332888877881,-3.33333255557796e-08,-3.33333255557796e-08,0.3333332888877881,3.33333255557796e-08,3.33333255557796e-08,-66.66667111088785,-66.66667111088785,-66.66667111088785,-0.3333332888877881,-3.33333255557796e-08,-3.33333255557796e-08,3.333332888877881e-10,33.3333255557796,33.3333255557796,-0.3333333555544392,-66.66667111088785,0.3333333555544392,0,-0.3333332888877881,-3.33333255557796e-08,-3.33333255557796e-08,0,0,0,0.3333332888877881,3.33333255557796e-08,3.33333255557796e-08,3.333332888877881e-10,33.3333255557796,33.3333255557796
18.5,66.66667111122118,99.99999666666744,99.99999666666744,-33.33332888877882,-3.33333255557796e-06,-3.33333255557796e-06,0,0,0.3333333555544392,200,66.66667111088785,0.3333332888877881,3.33333255557796e-08,3.33333255557796e-08,1e-09,1000000000,1000000000,3.333332888877881e-10,33.3333255557796,33.3333255557796,60,0.9,40,3,1,1,1,1,2,1,1,1,1,1,1,-0.3333332888877881,-3.33333255557796e-08,-3.33333255557796e-08,0.3333332888877881,3.33333255557796e-08,3.33333255557796e-08,-66.66667111088785,-66.66667111088785,-66.66667111088785,-0.3333332888877881,-3.33333255557796e-08,-3.33333255557796e-08,3.333332888877881e-10,33.3333255557796,33.3333255557796,-0.3333333555544392,-66.66667111088785,0.3333333555544392,0,-0.3333332888877881,-3.33333255557796e-08,-3.33333255557796e-08,0,0,0,0.3333332888877881,3.33333255557796e-08,3.33333255557796e-08,3.333332888877881e-10,33.3333255557796,33.3333255557796
18.6,66.66667111122118,99.99999666666744,99.99999666666744,-33.33332888877882,-3.33333255557796e-06,-3.33333255557796e-06,0,0,0.3333333555544392,200,66.66667111088785,0.3333332888877881,3.33333255557796e-08,3.33333255557796e-08,1e-09,1000000000,1000000000,3.333332888877881e-10,33.3333255557796,33.3333255557796,60,0.9,40,3,1,1,1,1,2,1,1,1,1,1,1,-0.3333332888877881,-3.33333255557796e-08,-3.33333255557796e-08,0.3333332888877881,3.33333255557796e-08,3.33333255557796e-08,-66.66667111088785,-66.66667111088785,-66.66667111088785,-0.3333332888877881,-3.33333255557796e-08,-3.33333255557796e-08,3.333332888877881e-10,33.3333255557796,33.3333255557796,-0.3333333555544392,-66.66667111088785,0.3333333555544392,0,-0.3333332888877881,-3.33333255557796e-08,-3.33333255557796e-08,0,0,0,0.3333332888877881,3.33333255557796e-08,3.33333255557796e-08,3.333332888877881e-10,33.3333255557796,33.3333255557796
18.7,66.66667111122118,99.99999666666744,99.99999666666744,-33.33332888877882,-3.33333255557796e-06,-3.33333255557796e-06,0,0,0.3333333555544392,200,66.66667111088785,0.3333332888877881,3.33333255557796e-08,3.33333255557796e-08,1e-09,1000000000,1000000000,3.333332888877881e-10,33.3333255557796,33.3333255557796,60,0.9,40,3,1,1,1,1,2,1,1,1,1,1,1,-0.3333332888877881,-3.33333255557796e-08,-3.33333255557796e-08,0.3333332888877881,3.33333255557796e-08,3.33333255557796e-08,-66.66667111088785,-66.66667111088785,-66.66667111088785,-0.3333332888877881,-3.33333255557796e-08,-3.33333255557796e-08,3.333332888877881e-10,33.3333255557796,33.3333255557796,-0.3333333555544392,-66.66667111088785,0.3333333555544392,0,-0.3333332888877881,-3.33333255557796e-08,-3.33333255557796e-08,0,0,0,0.3333332888877881,3.33333255557796e-08,3.33333255557796e-08,3.333332888877881e-10,33.3333255557796,33.3333255557796
18.8,66.66667111122118,99.99999666666744,99.99999666666744,-33.33332888877882,-3.33333255557796e-06,-3.33333255557796e-06,0,0,0.3333333555544392,200,66.66667111088785,0.3333332888877881,3.33333255557796e-08,3.33333255557796e-08,1e-09,1000000000,1000000000,3.333332888877881e-10,33.3333255557796,33.3333255557796,60,0.9,40,3,1,1,1,1,2,1,1,1,1,1,1,-0.3333332888877881,-3.33333255557796e-08,-3.33333255557796e-08,0.3333332888877881,3.33333255557796e-08,3.33333255557796e-08,-66.66667111088785,-66.66667111088785,-66.66667111088785,-0.3333332888877881,-3.33333255557796e-08,-3.33333255557796e-08,3.333332888877881e-10,33.3333255557796,33.3333255557796,-0.3333333555544392,-66.66667111088785,0.3333333555544392,0,-0.3333332888877881,-3.33333255557796e-08,-3.33333255557796e-08,0,0,0,0.3333332888877881,3.33333255557796e-08,3.33333255557796e-08,3.333332888877881e-10,33.3333255557796,33.3333255557796
18.9,66.66667111122118,99.99999666666744,99.99999666666744,-33.33332888877882,-3.33333255557796e-06,-3.33333255557796e-06,0,0,0.3333333555544392,200,66.66667111088785,0.3333332888877881,3.33333255557796e-08,3.33333255557796e-08,1e-09,1000000000,1000000000,3.333332888877881e-10,33.3333255557796,33.3333255557796,60,0.9,40,3,1,1,1,1,2,1,1,1,1,1,1,-0.3333332888877881,-3.33333255557796e-08,-3.33333255557796e-08,0.3333332888877881,3.33333255557796e-08,3.33333255557796e-08,-66.66667111088785,-66.66667111088785,-66.66667111088785,-0.3333332888877881,-3.33333255557796e-08,-3.33333255557796e-08,3.333332888877881e-10,33.3333255557796,33.3333255557796,-0.3333333555544392,-66.66667111088785,0.3333333555544392,0,-0.3333332888877881,-3.33333255557796e-08,-3.33333255557796e-08,0,0,0,0.3333332888877881,3.33333255557796e-08,3.33333255557796e-08,3.333332888877881e-10,33.3333255557796,33.3333255557796
19,66.66667111122118,99.99999666666744,99.99999666666744,-33.33332888877882,-3.33333255557796e-06,-3.33333255557796e-06,0,0,0.3333333555544392,200,66.66667111088785,0.3333332888877881,3.33333255557796e-08,3.33333255557796e-08,1e-09,1000000000,1000000000,3.333332888877881e-10,33.3333255557796,33.3333255557796,60,0.9,40,3,1,1,1,1,2,1,1,1,1,1,1,-0.3333332888877881,-3.33333255557796e-08,-3.33333255557796e-08,0.3333332888877881,3.33333255557796e-08,3.33333255557796e-08,-66.66667111088785,-66.66667111088785,-66.66667111088785,-0.3333332888877881,-3.33333255557796e-08,-3.33333255557796e-08,3.333332888877881e-10,33.3333255557796,33.3333255557796,-0.3333333555544392,-66.66667111088785,0.3333333555544392,0,-0.3333332888877881,-3.33333255557796e-08,-3.33333255557796e-08,0,0,0,0.3333332888877881,3.33333255557796e-08,3.33333255557796e-08,3.333332888877881e-10,33.3333255557796,33.3333255557796
19.00000000380023,66.66667111122118,99.99999666666744,99.99999666666744,-33.33332888877882,-3.33333255557796e-06,-3.33333255557796e-06,0,0,0.3333333555544392,200,66.66667111088785,0.3333332888877881,3.33333255557796e-08,3.33333255557796e-08,1e-09,1000000000,1000000000,3.333332888877881e-10,33.3333255557796,33.3333255557796,60,0.9,40,3,1,1,1,1,2,1,1,1,1,1,1,-0.3333332888877881,-3.33333255557796e-08,-3.33333255557796e-08,0.3333332888877881,3.33333255557796e-08,3.33333255557796e-08,-66.66667111088785,-66.66667111088785,-66.66667111088785,-0.3333332888877881,-3.33333255557796e-08,-3.33333255557796e-08,3.333332888877881e-10,33.3333255557796,33.3333255557796,-0.3333333555544392,-66.66667111088785,0.3333333555544392,0,-0.3333332888877881,-3.33333255557796e-08,-3.33333255557796e-08,0,0,0,0.3333332888877881,3.33333255557796e-08,3.33333255557796e-08,3.333332888877881e-10,33.3333255557796,33.3333255557796
19.00000000380023,62.26415094353862,62.26415094353862,62.26415094353862,-37.73584905646138,-37.73584905646138,-37.73584905646138,-1.110223024625157e-16,0,1.132075471693841,55,62.26415094316127,0.3773584905646137,0.3773584905646137,0.3773584905646137,1e-09,1e-09,1e-09,3.773584905646138e-10,3.773584905646138e-10,3.773584905646138e-10,60,0.9,11,3,1,1,1,1,2,2,2,1,1,1,3,-0.3773584905646137,-0.3773584905646137,-0.3773584905646137,0.3773584905646137,0.3773584905646137,0.3773584905646137,-62.26415094316127,-62.26415094316127,-62.26415094316127,-0.3773584905646137,-0.3773584905646137,-0.3773584905646137,3.773584905646138e-10,3.773584905646138e-10,3.773584905646138e-10,-1.132075471693841,-62.26415094316127,1.132075471693841,0,-0.3773584905646137,-0.3773584905646137,-0.3773584905646137,0,0,0,0.3773584905646137,0.3773584905646137,0.3773584905646137,3.773584905646138e-10,3.773584905646138e-10,3.773584905646138e-10
19.1,62.26415094353862,62.26415094353862,62.26415094353862,-37.73584905646138,-37.73584905646138,-37.73584905646138,-1.110223024625157e-16,0,1.132075471693841,55,62.26415094316127,0.3773584905646137,0.3773584905646137,0.3773584905646137,1e-09,1e-09,1e-09,3.773584905646138e-10,3.773584905646138e-10,3.773584905646138e-10,60,0.9,11,3,1,1,1,1,2,2,2,1,1,1,3,-0.3773584905646137,-0.3773584905646137,-0.3773584905646137,0.3773584905646137,0.3773584905646137,0.3773584905646137,-62.26415094316127,-62.26415094316127,-62.26415094316127,-0.3773584905646137,-0.3773584905646137,-0.3773584905646137,3.773584905646138e-10,3.773584905646138e-10,3.773584905646138e-10,-1.132075471693841,-62.26415094316127,1.132075471693841,0,-0.3773584905646137,-0.3773584905646137,-0.3773584905646137,0,0,0,0.3773584905646137,0.3773584905646137,0.3773584905646137,3.773584905646138e-10,3.773584905646138e-10,3.773584905646138e-10
19.2,62.26415094353862,62.26415094353862,62.26415094353862,-37.73584905646138,-37.73584905646138,-37.73584905646138,-1.110223024625157e-16,0,1.132075471693841,55,62.26415094316127,0.3773584905646137,0.3773584905646137,0.3773584905646137,1e-09,1e-09,1e-09,3.773584905646138e-10,3.773584905646138e-10,3.773584905646138e-10,60,0.9,11,3,1,1,1,1,2,2,2,1,1,1,3,-0.3773584905646137,-0.3773584905646137,-0.3773584905646137,0.3773584905646137,0.3773584905646137,0.3773584905646137,-62.26415094316127,-62.26415094316127,-62.26415094316127,-0.3773584905646137,-0.3773584905646137,-0.3773584905646137,3.773584905646138e-10,3.773584905646138e-10,3.773584905646138e-10,-1.132075471693841,-62.26415094316127,1.132075471693841,0,-0.3773584905646137,-0.3773584905646137,-0.3773584905646137,0,0,0,0.3773584905646137,0.3773584905646137,0.3773584905646137,3.773584905646138e-10,3.773584905646138e-10,3.773584905646138e-10
19.3,62.26415094353862,62.26415094353862,62.26415094353862,-37.73584905646138,-37.73584905646138,-37.73584905646138,-1.110223024625157e-16,0,1.132075471693841,55,62.26415094316127,0.3773584905646137,0.3773584905646137,0.3773584905646137,1e-09,1e-09,1e-09,3.773584905646138e-10,3.773584905646138e-10,3.773584905646138e-10,60,0.9,11,3,1,1,1,1,2,2,2,1,1,1,3,-0.3773584905646137,-0.3773584905646137,-0.3773584905646137,0.3773584905646137,0.3773584905646137,0.3773584905646137,-62.26415094316127,-62.26415094316127,-62.26415094316127,-0.3773584905646137,-0.3773584905646137,-0.3773584905646137,3.773584905646138e-10,3.773584905646138e-10,3.773584905646138e-10,-1.132075471693841,-62.26415094316127,1.132075471693841,0,-0.3773584905646137,-0.3773584905646137,-0.3773584905646137,0,0,0,0.3773584905646137,0.3773584905646137,0.3773584905646137,3.773584905646138e-10,3.773584905646138e-10,3.773584905646138e-10
19.4,62.26415094353862,62.26415094353862,62.26415094353862,-37.73584905646138,-37.73584905646138,-37.73584905646138,-1.110223024625157e-16,0,1.132075471693841,55,62.26415094316127,0.3773584905646137,0.3773584905646137,0.3773584905646137,1e-09,1e-09,1e-09,3.773584905646138e-10,3.773584905646138e-10,3.773584905646138e-10,60,0.9,11,3,1,1,1,1,2,2,2,1,1,1,3,-0.3773584905646137,-0.3773584905646137,-0.3773584905646137,0.3773584905646137,0.3773584905646137,0.3773584905646137,-62.26415094316127,-62.26415094316127,-62.26415094316127,-0.3773584905646137,-0.3773584905646137,-0.3773584905646137,3.773584905646138e-10,3.773584905646138e-10,3.773584905646138e-10,-1.132075471693841,-62.26415094316127,1.132075471693841,0,-0.3773584905646137,-0.3773584905646137,-0.3773584905646137,0,0,0,0.3773584905646137,0.3773584905646137,0.3773584905646137,3.773584905646138e-10,3.773584905646138e-10,3.773584905646138e-10
19.5,62.26415094353862,62.26415094353862,62.26415094353862,-37.73584905646138,-37.73584905646138,-37.73584905646138,-1.110223024625157e-16,0,1.132075471693841,55,62.26415094316127,0.3773584905646137,0.3773584905646137,0.3773584905646137,1e-09,1e-09,1e-09,3.773584905646138e-10,3.773584905646138e-10,3.773584905646138e-10,60,0.9,11,3,1,1,1,1,2,2,2,1,1,1,3,-0.3773584905646137,-0.3773584905646137,-0.3773584905646137,0.3773584905646137,0.3773584905646137,0.3773584905646137,-62.26415094316127,-62.26415094316127,-62.26415094316127,-0.3773584905646137,-0.3773584905646137,-0.3773584905646137,3.773584905646138e-10,3.773584905646138e-10,3.773584905646138e-10,-1.132075471693841,-62.26415094316127,1.132075471693841,0,-0.3773584905646137,-0.3773584905646137,-0.3773584905646137,0,0,0,0.3773584905646137,0.3773584905646137,0.3773584905646137,3.773584905646138e-10,3.773584905646138e-10,3.773584905646138e-10
19.6,62.26415094353862,62.26415094353862,62.26415094353862,-37.73584905646138,-37.73584905646138,-37.73584905646138,-1.110223024625157e-16,0,1.132075471693841,55,62.26415094316127,0.3773584905646137,0.3773584905646137,0.3773584905646137,1e-09,1e-09,1e-09,3.773584905646138e-10,3.773584905646138e-10,3.773584905646138e-10,60,0.9,11,3,1,1,1,1,2,2,2,1,1,1,3,-0.3773584905646137,-0.3773584905646137,-0.3773584905646137,0.3773584905646137,0.3773584905646137,0.3773584905646137,-62.26415094316127,-62.26415094316127,-62.26415094316127,-0.3773584905646137,-0.3773584905646137,-0.3773584905646137,3.773584905646138e-10,3.773584905646138e-10,3.773584905646138e-10,-1.132075471693841,-62.26415094316127,1.132075471693841,0,-0.3773584905646137,-0.3773584905646137,-0.3773584905646137,0,0,0,0.3773584905646137,0.3773584905646137,0.3773584905646137,3.773584905646138e-10,3.773584905646138e-10,3.773584905646138e-10
19.7,62.26415094353862,62.26415094353862,62.26415094353862,-37.73584905646138,-37.73584905646138,-37.73584905646138,-1.110223024625157e-16,0,1.132075471693841,55,62.26415094316127,0.3773584905646137,0.3773584905646137,0.3773584905646137,1e-09,1e-09,1e-09,3.773584905646138e-10,3.773584905646138e-10,3.773584905646138e-10,60,0.9,11,3,1,1,1,1,2,2,2,1,1,1,3,-0.3773584905646137,-0.3773584905646137,-0.3773584905646137,0.3773584905646137,0.3773584905646137,0.3773584905646137,-62.26415094316127,-62.26415094316127,-62.26415094316127,-0.3773584905646137,-0.3773584905646137,-0.3773584905646137,3.773584905646138e-10,3.773584905646138e-10,3.773584905646138e-10,-1.132075471693841,-62.26415094316127,1.132075471693841,0,-0.3773584905646137,-0.3773584905646137,-0.3773584905646137,0,0,0,0.3773584905646137,0.3773584905646137,0.3773584905646137,3.773584905646138e-10,3.773584905646138e-10,3.773584905646138e-10
19.8,62.26415094353862,62.26415094353862,62.26415094353862,-37.73584905646138,-37.73584905646138,-37.73584905646138,-1.110223024625157e-16,0,1.132075471693841,55,62.26415094316127,0.3773584905646137,0.3773584905646137,0.3773584905646137,1e-09,1e-09,1e-09,3.773584905646138e-10,3.773584905646138e-10,3.773584905646138e-10,60,0.9,11,3,1,1,1,1,2,2,2,1,1,1,3,-0.3773584905646137,-0.3773584905646137,-0.3773584905646137,0.3773584905646137,0.3773584905646137,0.3773584905646137,-62.26415094316127,-62.26415094316127,-62.26415094316127,-0.3773584905646137,-0.3773584905646137,-0.3773584905646137,3.773584905646138e-10,3.773584905646138e-10,3.773584905646138e-10,-1.132075471693841,-62.26415094316127,1.132075471693841,0,-0.3773584905646137,-0.3773584905646137,-0.3773584905646137,0,0,0,0.3773584905646137,0.3773584905646137,0.3773584905646137,3.773584905646138e-10,3.773584905646138e-10,3.773584905646138e-10
19.9,62.26415094353862,62.26415094353862,62.26415094353862,-37.73584905646138,-37.73584905646138,-37.73584905646138,-1.110223024625157e-16,0,1.132075471693841,55,62.26415094316127,0.3773584905646137,0.3773584905646137,0.3773584905646137,1e-09,1e-09,1e-09,3.773584905646138e-10,3.773584905646138e-10,3.773584905646138e-10,60,0.9,11,3,1,1,1,1,2,2,2,1,1,1,3,-0.3773584905646137,-0.3773584905646137,-0.3773584905646137,0.3773584905646137,0.3773584905646137,0.3773584905646137,-62.26415094316127,-62.26415094316127,-62.26415094316127,-0.3773584905646137,-0.3773584905646137,-0.3773584905646137,3.773584905646138e-10,3.773584905646138e-10,3.773584905646138e-10,-1.132075471693841,-62.26415094316127,1.132075471693841,0,-0.3773584905646137,-0.3773584905646137,-0.3773584905646137,0,0,0,0.3773584905646137,0.3773584905646137,0.3773584905646137,3.773584905646138e-10,3.773584905646138e-10,3.773584905646138e-10
20,62.26415094353862,62.26415094353862,62.26415094353862,-37.73584905646138,-37.73584905646138,-37.73584905646138,-1.110223024625157e-16,0,1.132075471693841,55,62.26415094316127,0.3773584905646137,0.3773584905646137,0.3773584905646137,1e-09,1e-09,1e-09,3.773584905646138e-10,3.773584905646138e-10,3.773584905646138e-10,60,0.9,11,3,1,1,1,1,2,2,2,1,1,1,3,-0.3773584905646137,-0.3773584905646137,-0.3773584905646137,0.3773584905646137,0.3773584905646137,0.3773584905646137,-62.26415094316127,-62.26415094316127,-62.26415094316127,-0.3773584905646137,-0.3773584905646137,-0.3773584905646137,3.773584905646138e-10,3.773584905646138e-10,3.773584905646138e-10,-1.132075471693841,-62.26415094316127,1.132075471693841,0,-0.3773584905646137,-0.3773584905646137,-0.3773584905646137,0,0,0,0.3773584905646137,0.3773584905646137,0.3773584905646137,3.773584905646138e-10,3.773584905646138e-10,3.773584905646138e-10
20.00000000400033,62.26415094353862,62.26415094353862,62.26415094353862,-37.73584905646138,-37.73584905646138,-37.73584905646138,-1.110223024625157e-16,0,1.132075471693841,55,62.26415094316127,0.3773584905646137,0.3773584905646137,0.3773584905646137,1e-09,1e-09,1e-09,3.773584905646138e-10,3.773584905646138e-10,3.773584905646138e-10,60,0.9,11,3,1,1,1,1,2,2,2,1,1,1,3,-0.3773584905646137,-0.3773584905646137,-0.3773584905646137,0.3773584905646137,0.3773584905646137,0.3773584905646137,-62.26415094316127,-62.26415094316127,-62.26415094316127,-0.3773584905646137,-0.3773584905646137,-0.3773584905646137,3.773584905646138e-10,3.773584905646138e-10,3.773584905646138e-10,-1.132075471693841,-62.26415094316127,1.132075471693841,0,-0.3773584905646137,-0.3773584905646137,-0.3773584905646137,0,0,0,0.3773584905646137,0.3773584905646137,0.3773584905646137,3.773584905646138e-10,3.773584905646138e-10,3.773584905646138e-10
20.00000000400033,78.4946270322129,99.99999784946291,99.99999784946291,-21.50537295574266,-2.150537081746506e-06,-2.150537081746506e-06,0,0,0.2150537725681682,365,78.49462703199785,0.2150537295574266,2.150537081746506e-08,2.150537081746506e-08,1e-09,1000000000,1000000000,2.150537295574266e-10,21.50537081746506,21.50537081746506,60,0.9,73,3,1,1,1,1,2,1,1,1,1,1,1,-0.2150537295574266,-2.150537081746506e-08,-2.150537081746506e-08,0.2150537295574266,2.150537081746506e-08,2.150537081746506e-08,-78.49462703199785,-78.49462703199785,-78.49462703199785,-0.2150537295574266,-2.150537081746506e-08,-2.150537081746506e-08,2.150537295574266e-10,21.50537081746506,21.50537081746506,-0.2150537725681682,-78.49462703199785,0.2150537725681682,0,-0.2150537295574266,-2.150537081746506e-08,-2.150537081746506e-08,0,0,0,0.2150537295574266,2.150537081746506e-08,2.150537081746506e-08,2.150537295574266e-10,21.50537081746506,21.50537081746506
20.1,78.4946270320722,99.99999784946291,99.99999784946291,-21.5053729679278,-2.150537081760576e-06,-2.150537081760576e-06,0,0,0.2150537726900196,365,78.49462703185715,0.215053729679278,2.150537081760576e-08,2.150537081760576e-08,1e-09,1000000000,1000000000,2.15053729679278e-10,21.50537081760577,21.50537081760577,60,0.9,73,3,1,1,1,1,2,1,1,1,1,1,1,-0.215053729679278,-2.150537081760576e-08,-2.150537081760576e-08,0.215053729679278,2.150537081760576e-08,2.150537081760576e-08,-78.49462703185715,-78.49462703185715,-78.49462703185715,-0.215053729679278,-2.150537081760576e-08,-2.150537081760576e-08,2.15053729679278e-10,21.50537081760577,21.50537081760577,-0.2150537726900196,-78.49462703185715,0.2150537726900196,0,-0.215053729679278,-2.150537081760576e-08,-2.150537081760576e-08,0,0,0,0.215053729679278,2.150537081760576e-08,2.150537081760576e-08,2.15053729679278e-10,21.50537081760577,21.50537081760577
20.2,78.4946270320722,99.99999784946291,99.99999784946291,-21.5053729679278,-2.150537081760576e-06,-2.150537081760576e-06,0,0,0.2150537726900196,365,78.49462703185715,0.215053729679278,2.150537081760576e-08,2.150537081760576e-08,1e-09,1000000000,1000000000,2.15053729679278e-10,21.50537081760577,21.50537081760577,60,0.9,73,3,1,1,1,1,2,1,1,1,1,1,1,-0.215053729679278,-2.150537081760576e-08,-2.150537081760576e-08,0.215053729679278,2.150537081760576e-08,2.150537081760576e-08,-78.49462703185715,-78.49462703185715,-78.49462703185715,-0.215053729679278,-2.150537081760576e-08,-2.150537081760576e-08,2.15053729679278e-10,21.50537081760577,21.50537081760577,-0.2150537726900196,-78.49462703185715,0.2150537726900196,0,-0.215053729679278,-2.150537081760576e-08,-2.150537081760576e-08,0,0,0,0.215053729679278,2.150537081760576e-08,2.150537081760576e-08,2.15053729679278e-10,21.50537081760577,21.50537081760577
20.3,78.4946270320722,99.99999784946291,99.99999784946291,-21.5053729679278,-2.150537081760576e-06,-2.150537081760576e-06,0,0,0.2150537726900196,365,78.49462703185715,0.215053729679278,2.150537081760576e-08,2.150537081760576e-08,1e-09,1000000000,1000000000,2.15053729679278e-10,21.50537081760577,21.50537081760577,60,0.9,73,3,1,1,1,1,2,1,1,1,1,1,1,-0.215053729679278,-2.150537081760576e-08,-2.150537081760576e-08,0.215053729679278,2.150537081760576e-08,2.150537081760576e-08,-78.49462703185715,-78.49462703185715,-78.49462703185715,-0.215053729679278,-2.150537081760576e-08,-2.150537081760576e-08,2.15053729679278e-10,21.50537081760577,21.50537081760577,-0.2150537726900196,-78.49462703185715,0.2150537726900196,0,-0.215053729679278,-2.150537081760576e-08,-2.150537081760576e-08,0,0,0,0.215053729679278,2.150537081760576e-08,2.150537081760576e-08,2.15053729679278e-10,21.50537081760577,21.50537081760577
20.4,78.4946270320722,99.99999784946291,99.99999784946291,-21.5053729679278,-2.150537081760576e-06,-2.150537081760576e-06,0,0,0.2150537726900196,365,78.49462703185715,0.215053729679278,2.150537081760576e-08,2.150537081760576e-08,1e-09,1000000000,1000000000,2.15053729679278e-10,21.50537081760577,21.50537081760577,60,0.9,73,3,1,1,1,1,2,1,1,1,1,1,1,-0.215053729679278,-2.150537081760576e-08,-2.150537081760576e-08,0.215053729679278,2.150537081760576e-08,2.150537081760576e-08,-78.49462703185715,-78.49462703185715,-78.49462703185715,-0.215053729679278,-2.150537081760576e-08,-2.150537081760576e-08,2.15053729679278e-10,21.50537081760577,21.50537081760577,-0.2150537726900196,-78.49462703185715,0.2150537726900196,0,-0.215053729679278,-2.150537081760576e-08,-2.150537081760576e-08,0,0,0,0.215053729679278,2.150537081760576e-08,2.150537081760576e-08,2.15053729679278e-10,21.50537081760577,21.50537081760577
20.5,78.4946270320722,99.99999784946291,99.99999784946291,-21.5053729679278,-2.150537081760576e-06,-2.150537081760576e-06,0,0,0.2150537726900196,365,78.49462703185715,0.215053729679278,2.150537081760576e-08,2.150537081760576e-08,1e-09,1000000000,1000000000,2.15053729679278e-10,21.50537081760577,21.50537081760577,60,0.9,73,3,1,1,1,1,2,1,1,1,1,1,1,-0.215053729679278,-2.150537081760576e-08,-2.150537081760576e-08,0.215053729679278,2.150537081760576e-08,2.150537081760576e-08,-78.49462703185715,-78.49462703185715,-78.49462703185715,-0.215053729679278,-2.150537081760576e-08,-2.150537081760576e-08,2.15053729679278e-10,21.50537081760577,21.50537081760577,-0.2150537726900196,-78.49462703185715,0.2150537726900196,0,-0.215053729679278,-2.150537081760576e-08,-2.150537081760576e-08,0,0,0,0.215053729679278,2.150537081760576e-08,2.150537081760576e-08,2.15053729679278e-10,21.50537081760577,21.50537081760577
20.6,78.4946270320722,99.99999784946291,99.99999784946291,-21.5053729679278,-2.150537081760576e-06,-2.150537081760576e-06,0,0,0.2150537726900196,365,78.49462703185715,0.215053729679278,2.150537081760576e-08,2.150537081760576e-08,1e-09,1000000000,1000000000,2.15053729679278e-10,21.50537081760577,21.50537081760577,60,0.9,73,3,1,1,1,1,2,1,1,1,1,1,1,-0.215053729679278,-2.150537081760576e-08,-2.150537081760576e-08,0.215053729679278,2.150537081760576e-08,2.150537081760576e-08,-78.49462703185715,-78.49462703185715,-78.49462703185715,-0.215053729679278,-2.150537081760576e-08,-2.150537081760576e-08,2.15053729679278e-10,21.50537081760577,21.50537081760577,-0.2150537726900196,-78.49462703185715,0.2150537726900196,0,-0.215053729679278,-2.150537081760576e-08,-2.150537081760576e-08,0,0,0,0.215053729679278,2.150537081760576e-08,2.150537081760576e-08,2.15053729679278e-10,21.50537081760577,21.50537081760577
20.7,78.4946270320722,99.99999784946291,99.99999784946291,-21.5053729679278,-2.150537081760576e-06,-2.150537081760576e-06,0,0,0.2150537726900196,365,78.49462703185715,0.215053729679278,2.150537081760576e-08,2.150537081760576e-08,1e-09,1000000000,1000000000,2.15053729679278e-10,21.50537081760577,21.50537081760577,60,0.9,73,3,1,1,1,1,2,1,1,1,1,1,1,-0.215053729679278,-2.150537081760576e-08,-2.150537081760576e-08,0.215053729679278,2.150537081760576e-08,2.150537081760576e-08,-78.49462703185715,-78.49462703185715,-78.49462703185715,-0.215053729679278,-2.150537081760576e-08,-2.150537081760576e-08,2.15053729679278e-10,21.50537081760577,21.50537081760577,-0.2150537726900196,-78.49462703185715,0.2150537726900196,0,-0.215053729679278,-2.150537081760576e-08,-2.150537081760576e-08,0,0,0,0.215053729679278,2.150537081760576e-08,2.150537081760576e-08,2.15053729679278e-10,21.50537081760577,21.50537081760577
20.8,78.4946270320722,99.99999784946291,99.99999784946291,-21.5053729679278,-2.150537081760576e-06,-2.150537081760576e-06,0,0,0.2150537726900196,365,78.49462703185715,0.215053729679278,2.150537081760576e-08,2.150537081760576e-08,1e-09,1000000000,1000000000,2.15053729679278e-10,21.50537081760577,21.50537081760577,60,0.9,73,3,1,1,1,1,2,1,1,1,1,1,1,-0.215053729679278,-2.150537081760576e-08,-2.150537081760576e-08,0.215053729679278,2.150537081760576e-08,2.150537081760576e-08,-78.49462703185715,-78.49462703185715,-78.49462703185715,-0.215053729679278,-2.150537081760576e-08,-2.150537081760576e-08,2.15053729679278e-10,21.50537081760577,21.50537081760577,-0.2150537726900196,-78.49462703185715,0.2150537726900196,0,-0.215053729679278,-2.150537081760576e-08,-2.150537081760576e-08,0,0,0,0.215053729679278,2.150537081760576e-08,2.150537081760576e-08,2.15053729679278e-10,21.50537081760577,21.50537081760577
20.9,78.4946270320722,99.99999784946291,99.99999784946291,-21.5053729679278,-2.150537081760576e-06,-2.150537081760576e-06,0,0,0.2150537726900196,365,78.49462703185715,0.215053729679278,2.150537081760576e-08,2.150537081760576e-08,1e-09,1000000000,1000000000,2.15053729679278e-10,21.50537081760577,21.50537081760577,60,0.9,73,3,1,1,1,1,2,1,1,1,1,1,1,-0.215053729679278,-2.150537081760576e-08,-2.150537081760576e-08,0.215053729679278,2.150537081760576e-08,2.150537081760576e-08,-78.49462703185715,-78.49462703185715,-78.49462703185715,-0.215053729679278,-2.150537081760576e-08,-2.150537081760576e-08,2.15053729679278e-10,21.50537081760577,21.50537081760577,-0.2150537726900196,-78.49462703185715,0.2150537726900196,0,-0.215053729679278,-2.150537081760576e-08,-2.150537081760576e-08,0,0,0,0.215053729679278,2.150537081760576e-08,2.150537081760576e-08,2.15053729679278e-10,21.50537081760577,21.50537081760577
21,78.4946270320722,99.99999784946291,99.99999784946291,-21.5053729679278,-2.150537081760576e-06,-2.150537081760576e-06,0,0,0.2150537726900196,365,78.49462703185715,0.215053729679278,2.150537081760576e-08,2.150537081760576e-08,1e-09,1000000000,1000000000,2.15053729679278e-10,21.50537081760577,21.50537081760577,60,0.9,73,3,1,1,1,1,2,1,1,1,1,1,1,-0.215053729679278,-2.150537081760576e-08,-2.150537081760576e-08,0.215053729679278,2.150537081760576e-08,2.150537081760576e-08,-78.49462703185715,-78.49462703185715,-78.49462703185715,-0.215053729679278,-2.150537081760576e-08,-2.150537081760576e-08,2.15053729679278e-10,21.50537081760577,21.50537081760577,-0.2150537726900196,-78.49462703185715,0.2150537726900196,0,-0.215053729679278,-2.150537081760576e-08,-2.150537081760576e-08,0,0,0,0.215053729679278,2.150537081760576e-08,2.150537081760576e-08,2.15053729679278e-10,21.50537081760577,21.50537081760577
21.00000000420041,78.4946270320722,99.99999784946291,99.99999784946291,-21.5053729679278,-2.150537081760576e-06,-2.150537081760576e-06,0,0,0.2150537726900196,365,78.49462703185715,0.215053729679278,2.150537081760576e-08,2.150537081760576e-08,1e-09,1000000000,1000000000,2.15053729679278e-10,21.50537081760577,21.50537081760577,60,0.9,73,3,1,1,1,1,2,1,1,1,1,1,1,-0.215053729679278,-2.150537081760576e-08,-2.150537081760576e-08,0.215053729679278,2.150537081760576e-08,2.150537081760576e-08,-78.49462703185715,-78.49462703185715,-78.49462703185715,-0.215053729679278,-2.150537081760576e-08,-2.150537081760576e-08,2.15053729679278e-10,21.50537081760577,21.50537081760577,-0.2150537726900196,-78.49462703185715,0.2150537726900196,0,-0.215053729679278,-2.150537081760576e-08,-2.150537081760576e-08,0,0,0,0.215053729679278,2.150537081760576e-08,2.150537081760576e-08,2.15053729679278e-10,21.50537081760577,21.50537081760577
21.00000000420041,63.636368264594,99.99999636363719,99.99999636363719,-36.36363173540601,-3.636362809940684e-06,-3.636362809940684e-06,0,0,0.3636363900813163,175,63.63636826423036,0.3636363173540601,3.636362809940683e-08,3.636362809940683e-08,1e-09,1000000000,1000000000,3.636363173540601e-10,36.36362809940683,36.36362809940683,60,0.9,35,3,1,1,1,1,2,1,1,1,1,1,1,-0.3636363173540601,-3.636362809940683e-08,-3.636362809940683e-08,0.3636363173540601,3.636362809940683e-08,3.636362809940683e-08,-63.63636826423036,-63.63636826423036,-63.63636826423036,-0.3636363173540601,-3.636362809940683e-08,-3.636362809940683e-08,3.636363173540601e-10,36.36362809940683,36.36362809940683,-0.3636363900813163,-63.63636826423036,0.3636363900813163,0,-0.3636363173540601,-3.636362809940683e-08,-3.636362809940683e-08,0,0,0,0.3636363173540601,3.636362809940683e-08,3.636362809940683e-08,3.636363173540601e-10,36.36362809940683,36.36362809940683
21.1,63.63636826459399,99.99999636363719,99.99999636363719,-36.36363173540601,-3.636362809940684e-06,-3.636362809940684e-06,0,0,0.3636363900813163,175,63.63636826423036,0.3636363173540601,3.636362809940684e-08,3.636362809940684e-08,1e-09,1000000000,1000000000,3.636363173540601e-10,36.36362809940684,36.36362809940684,60,0.9,35,3,1,1,1,1,2,1,1,1,1,1,1,-0.3636363173540601,-3.636362809940684e-08,-3.636362809940684e-08,0.3636363173540601,3.636362809940684e-08,3.636362809940684e-08,-63.63636826423036,-63.63636826423036,-63.63636826423036,-0.3636363173540601,-3.636362809940684e-08,-3.636362809940684e-08,3.636363173540601e-10,36.36362809940684,36.36362809940684,-0.3636363900813163,-63.63636826423036,0.3636363900813163,0,-0.3636363173540601,-3.636362809940684e-08,-3.636362809940684e-08,0,0,0,0.3636363173540601,3.636362809940684e-08,3.636362809940684e-08,3.636363173540601e-10,36.36362809940684,36.36362809940684
21.2,63.63636826459399,99.99999636363719,99.99999636363719,-36.36363173540601,-3.636362809940684e-06,-3.636362809940684e-06,0,0,0.3636363900813163,175,63.63636826423036,0.3636363173540601,3.636362809940684e-08,3.636362809940684e-08,1e-09,1000000000,1000000000,3.636363173540601e-10,36.36362809940684,36.36362809940684,60,0.9,35,3,1,1,1,1,2,1,1,1,1,1,1,-0.3636363173540601,-3.636362809940684e-08,-3.636362809940684e-08,0.3636363173540601,3.636362809940684e-08,3.636362809940684e-08,-63.63636826423036,-63.63636826423036,-63.63636826423036,-0.3636363173540601,-3.636362809940684e-08,-3.636362809940684e-08,3.636363173540601e-10,36.36362809940684,36.36362809940684,-0.3636363900813163,-63.63636826423036,0.3636363900813163,0,-0.3636363173540601,-3.636362809940684e-08,-3.636362809940684e-08,0,0,0,0.3636363173540601,3.636362809940684e-08,3.636362809940684e-08,3.636363173540601e-10,36.36362809940684,36.36362809940684
21.3,63.63636826459399,99.99999636363719,99.99999636363719,-36.36363173540601,-3.636362809940684e-06,-3.636362809940684e-06,0,0,0.3636363900813163,175,63.63636826423036,0.3636363173540601,3.636362809940684e-08,3.636362809940684e-08,1e-09,1000000000,1000000000,3.636363173540601e-10,36.36362809940684,36.36362809940684,60,0.9,35,3,1,1,1,1,2,1,1,1,1,1,1,-0.3636363173540601,-3.636362809940684e-08,-3.636362809940684e-08,0.3636363173540601,3.636362809940684e-08,3.636362809940684e-08,-63.63636826423036,-63.63636826423036,-63.63636826423036,-0.3636363173540601,-3.636362809940684e-08,-3.636362809940684e-08,3.636363173540601e-10,36.36362809940684,36.36362809940684,-0.3636363900813163,-63.63636826423036,0.3636363900813163,0,-0.3636363173540601,-3.636362809940684e-08,-3.636362809940684e-08,0,0,0,0.3636363173540601,3.636362809940684e-08,3.636362809940684e-08,3.636363173540601e-10,36.36362809940684,36.36362809940684
21.4,63.63636826459399,99.99999636363719,99.99999636363719,-36.36363173540601,-3.636362809940684e-06,-3.636362809940684e-06,0,0,0.3636363900813163,175,63.63636826423036,0.3636363173540601,3.636362809940684e-08,3.636362809940684e-08,1e-09,1000000000,1000000000,3.636363173540601e-10,36.36362809940684,36.36362809940684,60,0.9,35,3,1,1,1,1,2,1,1,1,1,1,1,-0.3636363173540601,-3.636362809940684e-08,-3.636362809940684e-08,0.3636363173540601,3.636362809940684e-08,3.636362809940684e-08,-63.63636826423036,-63.63636826423036,-63.63636826423036,-0.3636363173540601,-3.636362809940684e-08,-3.636362809940684e-08,3.636363173540601e-10,36.36362809940684,36.36362809940684,-0.3636363900813163,-63.63636826423036,0.3636363900813163,0,-0.3636363173540601,-3.636362809940684e-08,-3.636362809940684e-08,0,0,0,0.3636363173540601,3.636362809940684e-08,3.636362809940684e-08,3.636363173540601e-10,36.36362809940684,36.36362809940684
21.5,63.63636826459399,99.99999636363719,99.99999636363719,-36.36363173540601,-3.636362809940684e-06,-3.636362809940684e-06,0,0,0.3636363900813163,175,63.63636826423036,0.3636363173540601,3.636362809940684e-08,3.636362809940684e-08,1e-09,1000000000,1000000000,3.636363173540601e-10,36.36362809940684,36.36362809940684,60,0.9,35,3,1,1,1,1,2,1,1,1,1,1,1,-0.3636363173540601,-3.636362809940684e-08,-3.636362809940684e-08,0.3636363173540601,3.636362809940684e-08,3.636362809940684e-08,-63.63636826423036,-63.63636826423036,-63.63636826423036,-0.3636363173540601,-3.636362809940684e-08,-3.636362809940684e-08,3.636363173540601e-10,36.36362809940684,36.36362809940684,-0.3636363900813163,-63.63636826423036,0.3636363900813163,0,-0.3636363173540601,-3.636362809940684e-08,-3.636362809940684e-08,0,0,0,0.3636363173540601,3.636362809940684e-08,3.636362809940684e-08,3.636363173540601e-10,36.36362809940684,36.36362809940684
21.6,63.63636826459399,99.99999636363719,99.99999636363719,-36.36363173540601,-3.636362809940684e-06,-3.636362809940684e-06,0,0,0.3636363900813163,175,63.63636826423036,0.3636363173540601,3.636362809940684e-08,3.636362809940684e-08,1e-09,1000000000,1000000000,3.636363173540601e-10,36.36362809940684,36.36362809940684,60,0.9,35,3,1,1,1,1,2,1,1,1,1,1,1,-0.3636363173540601,-3.636362809940684e-08,-3.636362809940684e-08,0.3636363173540601,3.636362809940684e-08,3.636362809940684e-08,-63.63636826423036,-63.63636826423036,-63.63636826423036,-0.3636363173540601,-3.636362809940684e-08,-3.636362809940684e-08,3.636363173540601e-10,36.36362809940684,36.36362809940684,-0.3636363900813163,-63.63636826423036,0.3636363900813163,0,-0.3636363173540601,-3.636362809940684e-08,-3.636362809940684e-08,0,0,0,0.3636363173540601,3.636362809940684e-08,3.636362809940684e-08,3.636363173540601e-10,36.36362809940684,36.36362809940684
21.7,63.63636826459399,99.99999636363719,99.99999636363719,-36.36363173540601,-3.636362809940684e-06,-3.636362809940684e-06,0,0,0.3636363900813163,175,63.63636826423036,0.3636363173540601,3.636362809940684e-08,3.636362809940684e-08,1e-09,1000000000,1000000000,3.636363173540601e-10,36.36362809940684,36.36362809940684,60,0.9,35,3,1,1,1,1,2,1,1,1,1,1,1,-0.3636363173540601,-3.636362809940684e-08,-3.636362809940684e-08,0.3636363173540601,3.636362809940684e-08,3.636362809940684e-08,-63.63636826423036,-63.63636826423036,-63.63636826423036,-0.3636363173540601,-3.636362809940684e-08,-3.636362809940684e-08,3.636363173540601e-10,36.36362809940684,36.36362809940684,-0.3636363900813163,-63.63636826423036,0.3636363900813163,0,-0.3636363173540601,-3.636362809940684e-08,-3.636362809940684e-08,0,0,0,0.3636363173540601,3.636362809940684e-08,3.636362809940684e-08,3.636363173540601e-10,36.36362809940684,36.36362809940684
21.8,63.63636826459399,99.99999636363719,99.99999636363719,-36.36363173540601,-3.636362809940684e-06,-3.636362809940684e-06,0,0,0.3636363900813163,175,63.63636826423036,0.3636363173540601,3.636362809940684e-08,3.636362809940684e-08,1e-09,1000000000,1000000000,3.636363173540601e-10,36.36362809940684,36.36362809940684,60,0.9,35,3,1,1,1,1,2,1,1,1,1,1,1,-0.3636363173540601,-3.636362809940684e-08,-3.636362809940684e-08,0.3636363173540601,3.636362809940684e-08,3.636362809940684e-08,-63.63636826423036,-63.63636826423036,-63.63636826423036,-0.3636363173540601,-3.636362809940684e-08,-3.636362809940684e-08,3.636363173540601e-10,36.36362809940684,36.36362809940684,-0.3636363900813163,-63.63636826423036,0.3636363900813163,0,-0.3636363173540601,-3.636362809940684e-08,-3.636362809940684e-08,0,0,0,0.3636363173540601,3.636362809940684e-08,3.636362809940684e-08,3.636363173540601e-10,36.36362809940684,36.36362809940684
21.9,63.63636826459399,99.99999636363719,99.99999636363719,-36.36363173540601,-3.636362809940684e-06,-3.636362809940684e-06,0,0,0.3636363900813163,175,63.63636826423036,0.3636363173540601,3.636362809940684e-08,3.636362809940684e-08,1e-09,1000000000,1000000000,3.636363173540601e-10,36.36362809940684,36.36362809940684,60,0.9,35,3,1,1,1,1,2,1,1,1,1,1,1,-0.3636363173540601,-3.636362809940684e-08,-3.636362809940684e-08,0.3636363173540601,3.636362809940684e-08,3.636362809940684e-08,-63.63636826423036,-63.63636826423036,-63.63636826423036,-0.3636363173540601,-3.636362809940684e-08,-3.636362809940684e-08,3.636363173540601e-10,36.36362809940684,36.36362809940684,-0.3636363900813163,-63.63636826423036,0.3636363900813163,0,-0.3636363173540601,-3.636362809940684e-08,-3.636362809940684e-08,0,0,0,0.3636363173540601,3.636362809940684e-08,3.636362809940684e-08,3.636363173540601e-10,36.36362809940684,36.36362809940684
22,63.63636826459399,99.99999636363719,99.99999636363719,-36.36363173540601,-3.636362809940684e-06,-3.636362809940684e-06,0,0,0.3636363900813163,175,63.63636826423036,0.3636363173540601,3.636362809940684e-08,3.636362809940684e-08,1e-09,1000000000,1000000000,3.636363173540601e-10,36.36362809940684,36.36362809940684,60,0.9,35,3,1,1,1,1,2,1,1,1,1,1,1,-0.3636363173540601,-3.636362809940684e-08,-3.636362809940684e-08,0.3636363173540601,3.636362809940684e-08,3.636362809940684e-08,-63.63636826423036,-63.63636826423036,-63.63636826423036,-0.3636363173540601,-3.636362809940684e-08,-3.636362809940684e-08,3.636363173540601e-10,36.36362809940684,36.36362809940684,-0.3636363900813163,-63.63636826423036,0.3636363900813163,0,-0.3636363173540601,-3.636362809940684e-08,-3.636362809940684e-08,0,0,0,0.3636363173540601,3.636362809940684e-08,3.636362809940684e-08,3.636363173540601e-10,36.36362809940684,36.36362809940684
22.0000000044005,63.63636826459399,99.99999636363719,99.99999636363719,-36.36363173540601,-3.636362809940684e-06,-3.636362809940684e-06,0,0,0.3636363900813163,175,63.63636826423036,0.3636363173540601,3.636362809940684e-08,3.636362809940684e-08,1e-09,1000000000,1000000000,3.636363173540601e-10,36.36362809940684,36.36362809940684,60,0.9,35,3,1,1,1,1,2,1,1,1,1,1,1,-0.3636363173540601,-3.636362809940684e-08,-3.636362809940684e-08,0.3636363173540601,3.636362809940684e-08,3.636362809940684e-08,-63.63636826423036,-63.63636826423036,-63.63636826423036,-0.3636363173540601,-3.636362809940684e-08,-3.636362809940684e-08,3.636363173540601e-10,36.36362809940684,36.36362809940684,-0.3636363900813163,-63.63636826423036,0.3636363900813163,0,-0.3636363173540601,-3.636362809940684e-08,-3.636362809940684e-08,0,0,0,0.3636363173540601,3.636362809940684e-08,3.636362809940684e-08,3.636363173540601e-10,36.36362809940684,36.36362809940684
22.0000000044005,82.14286007656172,99.99999821428618,99.99999821428618,-17.85713992343828,-1.785713813790304e-06,-1.785713813790304e-06,-2.775557561562891e-17,0,0.178571434948659,460,82.14286007638314,0.1785713992343828,1.785713813790304e-08,1.785713813790304e-08,1e-09,1000000000,1000000000,1.785713992343828e-10,17.85713813790304,17.85713813790304,60,0.9,92,3,1,1,1,1,2,1,1,1,1,1,1,-0.1785713992343828,-1.785713813790304e-08,-1.785713813790304e-08,0.1785713992343828,1.785713813790304e-08,1.785713813790304e-08,-82.14286007638314,-82.14286007638314,-82.14286007638314,-0.1785713992343828,-1.785713813790304e-08,-1.785713813790304e-08,1.785713992343828e-10,17.85713813790304,17.85713813790304,-0.178571434948659,-82.14286007638314,0.178571434948659,0,-0.1785713992343828,-1.785713813790304e-08,-1.785713813790304e-08,0,0,0,0.1785713992343828,1.785713813790304e-08,1.785713813790304e-08,1.785713992343828e-10,17.85713813790304,17.85713813790304
22.1,82.14286007656173,99.99999821428618,99.99999821428618,-17.85713992343828,-1.785713813790303e-06,-1.785713813790303e-06,-2.775557561562891e-17,0,0.178571434948659,460,82.14286007638316,0.1785713992343828,1.785713813790303e-08,1.785713813790303e-08,1e-09,1000000000,1000000000,1.785713992343828e-10,17.85713813790302,17.85713813790302,60,0.9,92,3,1,1,1,1,2,1,1,1,1,1,1,-0.1785713992343828,-1.785713813790303e-08,-1.785713813790303e-08,0.1785713992343828,1.785713813790303e-08,1.785713813790303e-08,-82.14286007638316,-82.14286007638316,-82.14286007638316,-0.1785713992343828,-1.785713813790303e-08,-1.785713813790303e-08,1.785713992343828e-10,17.85713813790302,17.85713813790302,-0.178571434948659,-82.14286007638316,0.178571434948659,0,-0.1785713992343828,-1.785713813790303e-08,-1.785713813790303e-08,0,0,0,0.1785713992343828,1.785713813790303e-08,1.785713813790303e-08,1.785713992343828e-10,17.85713813790302,17.85713813790302
22.2,82.14286007656173,99.99999821428618,99.99999821428618,-17.85713992343828,-1.785713813790303e-06,-1.785713813790303e-06,-2.775557561562891e-17,0,0.178571434948659,460,82.14286007638316,0.1785713992343828,1.785713813790303e-08,1.785713813790303e-08,1e-09,1000000000,1000000000,1.785713992343828e-10,17.85713813790302,17.85713813790302,60,0.9,92,3,1,1,1,1,2,1,1,1,1,1,1,-0.1785713992343828,-1.785713813790303e-08,-1.785713813790303e-08,0.1785713992343828,1.785713813790303e-08,1.785713813790303e-08,-82.14286007638316,-82.14286007638316,-82.14286007638316,-0.1785713992343828,-1.785713813790303e-08,-1.785713813790303e-08,1.785713992343828e-10,17.85713813790302,17.85713813790302,-0.178571434948659,-82.14286007638316,0.178571434948659,0,-0.1785713992343828,-1.785713813790303e-08,-1.785713813790303e-08,0,0,0,0.1785713992343828,1.785713813790303e-08,1.785713813790303e-08,1.785713992343828e-10,17.85713813790302,17.85713813790302
22.3,82.14286007656173,99.99999821428618,99.99999821428618,-17.85713992343828,-1.785713813790303e-06,-1.785713813790303e-06,-2.775557561562891e-17,0,0.178571434948659,460,82.14286007638316,0.1785713992343828,1.785713813790303e-08,1.785713813790303e-08,1e-09,1000000000,1000000000,1.785713992343828e-10,17.85713813790302,17.85713813790302,60,0.9,92,3,1,1,1,1,2,1,1,1,1,1,1,-0.1785713992343828,-1.785713813790303e-08,-1.785713813790303e-08,0.1785713992343828,1.785713813790303e-08,1.785713813790303e-08,-82.14286007638316,-82.14286007638316,-82.14286007638316,-0.1785713992343828,-1.785713813790303e-08,-1.785713813790303e-08,1.785713992343828e-10,17.85713813790302,17.85713813790302,-0.178571434948659,-82.14286007638316,0.178571434948659,0,-0.1785713992343828,-1.785713813790303e-08,-1.785713813790303e-08,0,0,0,0.1785713992343828,1.785713813790303e-08,1.785713813790303e-08,1.785713992343828e-10,17.85713813790302,17.85713813790302
22.4,82.14286007656173,99.99999821428618,99.99999821428618,-17.85713992343828,-1.785713813790303e-06,-1.785713813790303e-06,-2.775557561562891e-17,0,0.178571434948659,460,82.14286007638316,0.1785713992343828,1.785713813790303e-08,1.785713813790303e-08,1e-09,1000000000,1000000000,1.785713992343828e-10,17.85713813790302,17.85713813790302,60,0.9,92,3,1,1,1,1,2,1,1,1,1,1,1,-0.1785713992343828,-1.785713813790303e-08,-1.785713813790303e-08,0.1785713992343828,1.785713813790303e-08,1.785713813790303e-08,-82.14286007638316,-82.14286007638316,-82.14286007638316,-0.1785713992343828,-1.785713813790303e-08,-1.785713813790303e-08,1.785713992343828e-10,17.85713813790302,17.85713813790302,-0.178571434948659,-82.14286007638316,0.178571434948659,0,-0.1785713992343828,-1.785713813790303e-08,-1.785713813790303e-08,0,0,0,0.1785713992343828,1.785713813790303e-08,1.785713813790303e-08,1.785713992343828e-10,17.85713813790302,17.85713813790302
22.5,82.14286007656173,99.99999821428618,99.99999821428618,-17.85713992343828,-1.785713813790303e-06,-1.785713813790303e-06,-2.775557561562891e-17,0,0.178571434948659,460,82.14286007638316,0.1785713992343828,1.785713813790303e-08,1.785713813790303e-08,1e-09,1000000000,1000000000,1.785713992343828e-10,17.85713813790302,17.85713813790302,60,0.9,92,3,1,1,1,1,2,1,1,1,1,1,1,-0.1785713992343828,-1.785713813790303e-08,-1.785713813790303e-08,0.1785713992343828,1.785713813790303e-08,1.785713813790303e-08,-82.14286007638316,-82.14286007638316,-82.14286007638316,-0.1785713992343828,-1.785713813790303e-08,-1.785713813790303e-08,1.785713992343828e-10,17.85713813790302,17.85713813790302,-0.178571434948659,-82.14286007638316,0.178571434948659,0,-0.1785713992343828,-1.785713813790303e-08,-1.785713813790303e-08,0,0,0,0.1785713992343828,1.785713813790303e-08,1.785713813790303e-08,1.785713992343828e-10,17.85713813790302,17.85713813790302
22.6,82.14286007656173,99.99999821428618,99.99999821428618,-17.85713992343828,-1.785713813790303e-06,-1.785713813790303e-06,-2.775557561562891e-17,0,0.178571434948659,460,82.14286007638316,0.1785713992343828,1.785713813790303e-08,1.785713813790303e-08,1e-09,1000000000,1000000000,1.785713992343828e-10,17.85713813790302,17.85713813790302,60,0.9,92,3,1,1,1,1,2,1,1,1,1,1,1,-0.1785713992343828,-1.785713813790303e-08,-1.785713813790303e-08,0.1785713992343828,1.785713813790303e-08,1.785713813790303e-08,-82.14286007638316,-82.14286007638316,-82.14286007638316,-0.1785713992343828,-1.785713813790303e-08,-1.785713813790303e-08,1.785713992343828e-10,17.85713813790302,17.85713813790302,-0.178571434948659,-82.14286007638316,0.178571434948659,0,-0.1785713992343828,-1.785713813790303e-08,-1.785713813790303e-08,0,0,0,0.1785713992343828,1.785713813790303e-08,1.785713813790303e-08,1.785713992343828e-10,17.85713813790302,17.85713813790302
22.7,82.14286007656173,99.99999821428618,99.99999821428618,-17.85713992343828,-1.785713813790303e-06,-1.785713813790303e-06,-2.775557561562891e-17,0,0.178571434948659,460,82.14286007638316,0.1785713992343828,1.785713813790303e-08,1.785713813790303e-08,1e-09,1000000000,1000000000,1.785713992343828e-10,17.85713813790302,17.85713813790302,60,0.9,92,3,1,1,1,1,2,1,1,1,1,1,1,-0.1785713992343828,-1.785713813790303e-08,-1.785713813790303e-08,0.1785713992343828,1.785713813790303e-08,1.785713813790303e-08,-82.14286007638316,-82.14286007638316,-82.14286007638316,-0.1785713992343828,-1.785713813790303e-08,-1.785713813790303e-08,1.785713992343828e-10,17.85713813790302,17.85713813790302,-0.178571434948659,-82.14286007638316,0.178571434948659,0,-0.1785713992343828,-1.785713813790303e-08,-1.785713813790303e-08,0,0,0,0.1785713992343828,1.785713813790303e-08,1.785713813790303e-08,1.785713992343828e-10,17.85713813790302,17.85713813790302
22.8,82.14286007656173,99.99999821428618,99.99999821428618,-17.85713992343828,-1.785713813790303e-06,-1.785713813790303e-06,-2.775557561562891e-17,0,0.178571434948659,460,82.14286007638316,0.1785713992343828,1.785713813790303e-08,1.785713813790303e-08,1e-09,1000000000,1000000000,1.785713992343828e-10,17.85713813790302,17.85713813790302,60,0.9,92,3,1,1,1,1,2,1,1,1,1,1,1,-0.1785713992343828,-1.785713813790303e-08,-1.785713813790303e-08,0.1785713992343828,1.785713813790303e-08,1.785713813790303e-08,-82.14286007638316,-82.14286007638316,-82.14286007638316,-0.1785713992343828,-1.785713813790303e-08,-1.785713813790303e-08,1.785713992343828e-10,17.85713813790302,17.85713813790302,-0.178571434948659,-82.14286007638316,0.178571434948659,0,-0.1785713992343828,-1.785713813790303e-08,-1.785713813790303e-08,0,0,0,0.1785713992343828,1.785713813790303e-08,1.785713813790303e-08,1.785713992343828e-10,17.85713813790302,17.85713813790302
22.9,82.14286007656173,99.99999821428618,99.99999821428618,-17.85713992343828,-1.785713813790303e-06,-1.785713813790303e-06,-2.775557561562891e-17,0,0.178571434948659,460,82.14286007638316,0.1785713992343828,1.785713813790303e-08,1.785713813790303e-08,1e-09,1000000000,1000000000,1.785713992343828e-10,17.85713813790302,17.85713813790302,60,0.9,92,3,1,1,1,1,2,1,1,1,1,1,1,-0.1785713992343828,-1.785713813790303e-08,-1.785713813790303e-08,0.1785713992343828,1.785713813790303e-08,1.785713813790303e-08,-82.14286007638316,-82.14286007638316,-82.14286007638316,-0.1785713992343828,-1.785713813790303e-08,-1.785713813790303e-08,1.785713992343828e-10,17.85713813790302,17.85713813790302,-0.178571434948659,-82.14286007638316,0.178571434948659,0,-0.1785713992343828,-1.785713813790303e-08,-1.785713813790303e-08,0,0,0,0.1785713992343828,1.785713813790303e-08,1.785713813790303e-08,1.785713992343828e-10,17.85713813790302,17.85713813790302
23,82.14286007656173,99.99999821428618,99.99999821428618,-17.85713992343828,-1.785713813790303e-06,-1.785713813790303e-06,-2.775557561562891e-17,0,0.178571434948659,460,82.14286007638316,0.1785713992343828,1.785713813790303e-08,1.785713813790303e-08,1e-09,1000000000,1000000000,1.785713992343828e-10,17.85713813790302,17.85713813790302,60,0.9,92,3,1,1,1,1,2,1,1,1,1,1,1,-0.1785713992343828,-1.785713813790303e-08,-1.785713813790303e-08,0.1785713992343828,1.785713813790303e-08,1.785713813790303e-08,-82.14286007638316,-82.14286007638316,-82.14286007638316,-0.1785713992343828,-1.785713813790303e-08,-1.785713813790303e-08,1.785713992343828e-10,17.85713813790302,17.85713813790302,-0.178571434948659,-82.14286007638316,0.178571434948659,0,-0.1785713992343828,-1.785713813790303e-08,-1.785713813790303e-08,0,0,0,0.1785713992343828,1.785713813790303e-08,1.785713813790303e-08,1.785713992343828e-10,17.85713813790302,17.85713813790302
23.00000000460059,82.14286007656173,99.99999821428618,99.99999821428618,-17.85713992343828,-1.785713813790303e-06,-1.785713813790303e-06,-2.775557561562891e-17,0,0.178571434948659,460,82.14286007638316,0.1785713992343828,1.785713813790303e-08,1.785713813790303e-08,1e-09,1000000000,1000000000,1.785713992343828e-10,17.85713813790302,17.85713813790302,60,0.9,92,3,1,1,1,1,2,1,1,1,1,1,1,-0.1785713992343828,-1.785713813790303e-08,-1.785713813790303e-08,0.1785713992343828,1.785713813790303e-08,1.785713813790303e-08,-82.14286007638316,-82.14286007638316,-82.14286007638316,-0.1785713992343828,-1.785713813790303e-08,-1.785713813790303e-08,1.785713992343828e-10,17.85713813790302,17.85713813790302,-0.178571434948659,-82.14286007638316,0.178571434948659,0,-0.1785713992343828,-1.785713813790303e-08,-1.785713813790303e-08,0,0,0,0.1785713992343828,1.785713813790303e-08,1.785713813790303e-08,1.785713992343828e-10,17.85713813790302,17.85713813790302
23.00000000460059,67.2131191616222,99.99999672131224,99.99999672131224,-32.78688083837781,-3.278687756001792e-06,-3.278687756001792e-06,0,0,0.3278688739575332,205,67.21311916129433,0.3278688083837781,3.278687756001792e-08,3.278687756001792e-08,1e-09,1000000000,1000000000,3.278688083837782e-10,32.78687756001791,32.78687756001791,60,0.9,41,3,1,1,1,1,2,1,1,1,1,1,1,-0.3278688083837781,-3.278687756001792e-08,-3.278687756001792e-08,0.3278688083837781,3.278687756001792e-08,3.278687756001792e-08,-67.21311916129433,-67.21311916129433,-67.21311916129433,-0.3278688083837781,-3.278687756001792e-08,-3.278687756001792e-08,3.278688083837782e-10,32.78687756001791,32.78687756001791,-0.3278688739575332,-67.21311916129433,0.3278688739575332,0,-0.3278688083837781,-3.278687756001792e-08,-3.278687756001792e-08,0,0,0,0.3278688083837781,3.278687756001792e-08,3.278687756001792e-08,3.278688083837782e-10,32.78687756001791,32.78687756001791
23.1,67.21311916162219,99.99999672131224,99.99999672131224,-32.78688083837781,-3.278687756001793e-06,-3.278687756001793e-06,0,0,0.3278688739575332,205,67.21311916129432,0.3278688083837781,3.278687756001793e-08,3.278687756001793e-08,1e-09,1000000000,1000000000,3.278688083837782e-10,32.78687756001793,32.78687756001793,60,0.9,41,3,1,1,1,1,2,1,1,1,1,1,1,-0.3278688083837781,-3.278687756001793e-08,-3.278687756001793e-08,0.3278688083837781,3.278687756001793e-08,3.278687756001793e-08,-67.21311916129432,-67.21311916129432,-67.21311916129432,-0.3278688083837781,-3.278687756001793e-08,-3.278687756001793e-08,3.278688083837782e-10,32.78687756001793,32.78687756001793,-0.3278688739575332,-67.21311916129432,0.3278688739575332,0,-0.3278688083837781,-3.278687756001793e-08,-3.278687756001793e-08,0,0,0,0.3278688083837781,3.278687756001793e-08,3.278687756001793e-08,3.278688083837782e-10,32.78687756001793,32.78687756001793
23.2,67.21311916162219,99.99999672131224,99.99999672131224,-32.78688083837781,-3.278687756001793e-06,-3.278687756001793e-06,0,0,0.3278688739575332,205,67.21311916129432,0.3278688083837781,3.278687756001793e-08,3.278687756001793e-08,1e-09,1000000000,1000000000,3.278688083837782e-10,32.78687756001793,32.78687756001793,60,0.9,41,3,1,1,1,1,2,1,1,1,1,1,1,-0.3278688083837781,-3.278687756001793e-08,-3.278687756001793e-08,0.3278688083837781,3.278687756001793e-08,3.278687756001793e-08,-67.21311916129432,-67.21311916129432,-67.21311916129432,-0.3278688083837781,-3.278687756001793e-08,-3.278687756001793e-08,3.278688083837782e-10,32.78687756001793,32.78687756001793,-0.3278688739575332,-67.21311916129432,0.3278688739575332,0,-0.3278688083837781,-3.278687756001793e-08,-3.278687756001793e-08,0,0,0,0.3278688083837781,3.278687756001793e-08,3.278687756001793e-08,3.278688083837782e-10,32.78687756001793,32.78687756001793
23.3,67.21311916162219,99.99999672131224,99.99999672131224,-32.78688083837781,-3.278687756001793e-06,-3.278687756001793e-06,0,0,0.3278688739575332,205,67.21311916129432,0.3278688083837781,3.278687756001793e-08,3.278687756001793e-08,1e-09,1000000000,1000000000,3.278688083837782e-10,32.78687756001793,32.78687756001793,60,0.9,41,3,1,1,1,1,2,1,1,1,1,1,1,-0.3278688083837781,-3.278687756001793e-08,-3.278687756001793e-08,0.3278688083837781,3.278687756001793e-08,3.278687756001793e-08,-67.21311916129432,-67.21311916129432,-67.21311916129432,-0.3278688083837781,-3.278687756001793e-08,-3.278687756001793e-08,3.278688083837782e-10,32.78687756001793,32.78687756001793,-0.3278688739575332,-67.21311916129432,0.3278688739575332,0,-0.3278688083837781,-3.278687756001793e-08,-3.278687756001793e-08,0,0,0,0.3278688083837781,3.278687756001793e-08,3.278687756001793e-08,3.278688083837782e-10,32.78687756001793,32.78687756001793
23.4,67.21311916162219,99.99999672131224,99.99999672131224,-32.78688083837781,-3.278687756001793e-06,-3.278687756001793e-06,0,0,0.3278688739575332,205,67.21311916129432,0.3278688083837781,3.278687756001793e-08,3.278687756001793e-08,1e-09,1000000000,1000000000,3.278688083837782e-10,32.78687756001793,32.78687756001793,60,0.9,41,3,1,1,1,1,2,1,1,1,1,1,1,-0.3278688083837781,-3.278687756001793e-08,-3.278687756001793e-08,0.3278688083837781,3.278687756001793e-08,3.278687756001793e-08,-67.21311916129432,-67.21311916129432,-67.21311916129432,-0.3278688083837781,-3.278687756001793e-08,-3.278687756001793e-08,3.278688083837782e-10,32.78687756001793,32.78687756001793,-0.3278688739575332,-67.21311916129432,0.3278688739575332,0,-0.3278688083837781,-3.278687756001793e-08,-3.278687756001793e-08,0,0,0,0.3278688083837781,3.278687756001793e-08,3.278687756001793e-08,3.278688083837782e-10,32.78687756001793,32.78687756001793
23.5,67.21311916162219,99.99999672131224,99.99999672131224,-32.78688083837781,-3.278687756001793e-06,-3.278687756001793e-06,0,0,0.3278688739575332,205,67.21311916129432,0.3278688083837781,3.278687756001793e-08,3.278687756001793e-08,1e-09,1000000000,1000000000,3.278688083837782e-10,32.78687756001793,32.78687756001793,60,0.9,41,3,1,1,1,1,2,1,1,1,1,1,1,-0.3278688083837781,-3.278687756001793e-08,-3.278687756001793e-08,0.3278688083837781,3.278687756001793e-08,3.278687756001793e-08,-67.21311916129432,-67.21311916129432,-67.21311916129432,-0.3278688083837781,-3.278687756001793e-08,-3.278687756001793e-08,3.278688083837782e-10,32.78687756001793,32.78687756001793,-0.3278688739575332,-67.21311916129432,0.3278688739575332,0,-0.3278688083837781,-3.278687756001793e-08,-3.278687756001793e-08,0,0,0,0.3278688083837781,3.278687756001793e-08,3.278687756001793e-08,3.278688083837782e-10,32.78687756001793,32.78687756001793
23.6,67.21311916162219,99.99999672131224,99.99999672131224,-32.78688083837781,-3.278687756001793e-06,-3.278687756001793e-06,0,0,0.3278688739575332,205,67.21311916129432,0.3278688083837781,3.278687756001793e-08,3.278687756001793e-08,1e-09,1000000000,1000000000,3.278688083837782e-10,32.78687756001793,32.78687756001793,60,0.9,41,3,1,1,1,1,2,1,1,1,1,1,1,-0.3278688083837781,-3.278687756001793e-08,-3.278687756001793e-08,0.3278688083837781,3.278687756001793e-08,3.278687756001793e-08,-67.21311916129432,-67.21311916129432,-67.21311916129432,-0.3278688083837781,-3.278687756001793e-08,-3.278687756001793e-08,3.278688083837782e-10,32.78687756001793,32.78687756001793,-0.3278688739575332,-67.21311916129432,0.3278688739575332,0,-0.3278688083837781,-3.278687756001793e-08,-3.278687756001793e-08,0,0,0,0.3278688083837781,3.278687756001793e-08,3.278687756001793e-08,3.278688083837782e-10,32.78687756001793,32.78687756001793
23.7,67.21311916162219,99.99999672131224,99.99999672131224,-32.78688083837781,-3.278687756001793e-06,-3.278687756001793e-06,0,0,0.3278688739575332,205,67.21311916129432,0.3278688083837781,3.278687756001793e-08,3.278687756001793e-08,1e-09,1000000000,1000000000,3.278688083837782e-10,32.78687756001793,32.78687756001793,60,0.9,41,3,1,1,1,1,2,1,1,1,1,1,1,-0.3278688083837781,-3.278687756001793e-08,-3.278687756001793e-08,0.3278688083837781,3.278687756001793e-08,3.278687756001793e-08,-67.21311916129432,-67.21311916129432,-67.21311916129432,-0.3278688083837781,-3.278687756001793e-08,-3.278687756001793e-08,3.278688083837782e-10,32.78687756001793,32.78687756001793,-0.3278688739575332,-67.21311916129432,0.3278688739575332,0,-0.3278688083837781,-3.278687756001793e-08,-3.278687756001793e-08,0,0,0,0.3278688083837781,3.278687756001793e-08,3.278687756001793e-08,3.278688083837782e-10,32.78687756001793,32.78687756001793
23.8,67.21311916162219,99.99999672131224,99.99999672131224,-32.78688083837781,-3.278687756001793e-06,-3.278687756001793e-06,0,0,0.3278688739575332,205,67.21311916129432,0.3278688083837781,3.278687756001793e-08,3.278687756001793e-08,1e-09,1000000000,1000000000,3.278688083837782e-10,32.78687756001793,32.78687756001793,60,0.9,41,3,1,1,1,1,2,1,1,1,1,1,1,-0.3278688083837781,-3.278687756001793e-08,-3.278687756001793e-08,0.3278688083837781,3.278687756001793e-08,3.278687756001793e-08,-67.21311916129432,-67.21311916129432,-67.21311916129432,-0.3278688083837781,-3.278687756001793e-08,-3.278687756001793e-08,3.278688083837782e-10,32.78687756001793,32.78687756001793,-0.3278688739575332,-67.21311916129432,0.3278688739575332,0,-0.3278688083837781,-3.278687756001793e-08,-3.278687756001793e-08,0,0,0,0.3278688083837781,3.278687756001793e-08,3.278687756001793e-08,3.278688083837782e-10,32.78687756001793,32.78687756001793
23.9,67.21311916162219,99.99999672131224,99.99999672131224,-32.78688083837781,-3.278687756001793e-06,-3.278687756001793e-06,0,0,0.3278688739575332,205,67.21311916129432,0.3278688083837781,3.278687756001793e-08,3.278687756001793e-08,1e-09,1000000000,1000000000,3.278688083837782e-10,32.78687756001793,32.78687756001793,60,0.9,41,3,1,1,1,1,2,1,1,1,1,1,1,-0.3278688083837781,-3.278687756001793e-08,-3.278687756001793e-08,0.3278688083837781,3.278687756001793e-08,3.278687756001793e-08,-67.21311916129432,-67.21311916129432,-67.21311916129432,-0.3278688083837781,-3.278687756001793e-08,-3.278687756001793e-08,3.278688083837782e-10,32.78687756001793,32.78687756001793,-0.3278688739575332,-67.21311916129432,0.3278688739575332,0,-0.3278688083837781,-3.278687756001793e-08,-3.278687756001793e-08,0,0,0,0.3278688083837781,3.278687756001793e-08,3.278687756001793e-08,3.278688083837782e-10,32.78687756001793,32.78687756001793
24,67.21311916162219,99.99999672131224,99.99999672131224,-32.78688083837781,-3.278687756001793e-06,-3.278687756001793e-06,0,0,0.3278688739575332,205,67.21311916129432,0.3278688083837781,3.278687756001793e-08,3.278687756001793e-08,1e-09,1000000000,1000000000,3.278688083837782e-10,32.78687756001793,32.78687756001793,60,0.9,41,3,1,1,1,1,2,1,1,1,1,1,1,-0.3278688083837781,-3.278687756001793e-08,-3.278687756001793e-08,0.3278688083837781,3.278687756001793e-08,3.278687756001793e-08,-67.21311916129432,-67.21311916129432,-67.21311916129432,-0.3278688083837781,-3.278687756001793e-08,-3.278687756001793e-08,3.278688083837782e-10,32.78687756001793,32.78687756001793,-0.3278688739575332,-67.21311916129432,0.3278688739575332,0,-0.3278688083837781,-3.278687756001793e-08,-3.278687756001793e-08,0,0,0,0.3278688083837781,3.278687756001793e-08,3.278687756001793e-08,3.278688083837782e-10,32.78687756001793,32.78687756001793
24.00000000480068,67.21311916162219,99.99999672131224,99.99999672131224,-32.78688083837781,-3.278687756001793e-06,-3.278687756001793e-06,0,0,0.3278688739575332,205,67.21311916129432,0.3278688083837781,3.278687756001793e-08,3.278687756001793e-08,1e-09,1000000000,1000000000,3.278688083837782e-10,32.78687756001793,32.78687756001793,60,0.9,41,3,1,1,1,1,2,1,1,1,1,1,1,-0.3278688083837781,-3.278687756001793e-08,-3.278687756001793e-08,0.3278688083837781,3.278687756001793e-08,3.278687756001793e-08,-67.21311916129432,-67.21311916129432,-67.21311916129432,-0.3278688083837781,-3.278687756001793e-08,-3.278687756001793e-08,3.278688083837782e-10,32.78687756001793,32.78687756001793,-0.3278688739575332,-67.21311916129432,0.3278688739575332,0,-0.3278688083837781,-3.278687756001793e-08,-3.278687756001793e-08,0,0,0,0.3278688083837781,3.278687756001793e-08,3.278687756001793e-08,3.278688083837782e-10,32.78687756001793,32.78687756001793
24.00000000480068,77.52809337209858,99.99999775280955,99.99999775280956,-22.47190662790141,-2.247190438093569e-06,-2.247190438093569e-06,2.775557561562891e-17,0,0.2247191112228228,345,77.52809337187387,0.2247190662790141,2.247190438093569e-08,2.247190438093569e-08,1e-09,1000000000,1000000000,2.247190662790141e-10,22.47190438093569,22.47190438093569,60,0.9,69,3,1,1,1,1,2,1,1,1,1,1,1,-0.2247190662790141,-2.247190438093569e-08,-2.247190438093569e-08,0.2247190662790141,2.247190438093569e-08,2.247190438093569e-08,-77.52809337187387,-77.52809337187387,-77.52809337187387,-0.2247190662790141,-2.247190438093569e-08,-2.247190438093569e-08,2.247190662790141e-10,22.47190438093569,22.47190438093569,-0.2247191112228228,-77.52809337187387,0.2247191112228228,0,-0.2247190662790141,-2.247190438093569e-08,-2.247190438093569e-08,0,0,0,0.2247190662790141,2.247190438093569e-08,2.247190438093569e-08,2.247190662790141e-10,22.47190438093569,22.47190438093569
24.1,77.52809337209861,99.99999775280958,99.99999775280956,-22.47190662790141,-2.247190438093569e-06,-2.247190438093568e-06,2.775557561562891e-17,0,0.2247191112228228,345,77.52809337187389,0.2247190662790141,2.247190438093569e-08,2.247190438093568e-08,1e-09,1000000000,1000000000,2.247190662790141e-10,22.47190438093569,22.47190438093568,60,0.9,69,3,1,1,1,1,2,1,1,1,1,1,1,-0.2247190662790141,-2.247190438093569e-08,-2.247190438093568e-08,0.2247190662790141,2.247190438093569e-08,2.247190438093568e-08,-77.52809337187389,-77.52809337187389,-77.52809337187389,-0.2247190662790141,-2.247190438093569e-08,-2.247190438093568e-08,2.247190662790141e-10,22.47190438093569,22.47190438093568,-0.2247191112228228,-77.52809337187389,0.2247191112228228,0,-0.2247190662790141,-2.247190438093569e-08,-2.247190438093568e-08,0,0,0,0.2247190662790141,2.247190438093569e-08,2.247190438093568e-08,2.247190662790141e-10,22.47190438093569,22.47190438093568
24.2,77.52809337209858,99.99999775280955,99.99999775280956,-22.47190662790141,-2.247190438093569e-06,-2.247190438093569e-06,2.775557561562891e-17,0,0.2247191112228228,345,77.52809337187387,0.2247190662790141,2.247190438093569e-08,2.247190438093569e-08,1e-09,1000000000,1000000000,2.247190662790141e-10,22.47190438093569,22.47190438093569,60,0.9,69,3,1,1,1,1,2,1,1,1,1,1,1,-0.2247190662790141,-2.247190438093569e-08,-2.247190438093569e-08,0.2247190662790141,2.247190438093569e-08,2.247190438093569e-08,-77.52809337187387,-77.52809337187387,-77.52809337187387,-0.2247190662790141,-2.247190438093569e-08,-2.247190438093569e-08,2.247190662790141e-10,22.47190438093569,22.47190438093569,-0.2247191112228228,-77.52809337187387,0.2247191112228228,0,-0.2247190662790141,-2.247190438093569e-08,-2.247190438093569e-08,0,0,0,0.2247190662790141,2.247190438093569e-08,2.247190438093569e-08,2.247190662790141e-10,22.47190438093569,22.47190438093569
24.3,77.52809337209861,99.99999775280958,99.99999775280956,-22.47190662790141,-2.247190438093569e-06,-2.247190438093568e-06,2.775557561562891e-17,0,0.2247191112228228,345,77.52809337187389,0.2247190662790141,2.247190438093569e-08,2.247190438093568e-08,1e-09,1000000000,1000000000,2.247190662790141e-10,22.47190438093569,22.47190438093568,60,0.9,69,3,1,1,1,1,2,1,1,1,1,1,1,-0.2247190662790141,-2.247190438093569e-08,-2.247190438093568e-08,0.2247190662790141,2.247190438093569e-08,2.247190438093568e-08,-77.52809337187389,-77.52809337187389,-77.52809337187389,-0.2247190662790141,-2.247190438093569e-08,-2.247190438093568e-08,2.247190662790141e-10,22.47190438093569,22.47190438093568,-0.2247191112228228,-77.52809337187389,0.2247191112228228,0,-0.2247190662790141,-2.247190438093569e-08,-2.247190438093568e-08,0,0,0,0.2247190662790141,2.247190438093569e-08,2.247190438093568e-08,2.247190662790141e-10,22.47190438093569,22.47190438093568
24.4,77.52809337209858,99.99999775280955,99.99999775280956,-22.47190662790141,-2.247190438093569e-06,-2.247190438093569e-06,2.775557561562891e-17,0,0.2247191112228228,345,77.52809337187387,0.2247190662790141,2.247190438093569e-08,2.247190438093569e-08,1e-09,1000000000,1000000000,2.247190662790141e-10,22.47190438093569,22.47190438093569,60,0.9,69,3,1,1,1,1,2,1,1,1,1,1,1,-0.2247190662790141,-2.247190438093569e-08,-2.247190438093569e-08,0.2247190662790141,2.247190438093569e-08,2.247190438093569e-08,-77.52809337187387,-77.52809337187387,-77.52809337187387,-0.2247190662790141,-2.247190438093569e-08,-2.247190438093569e-08,2.247190662790141e-10,22.47190438093569,22.47190438093569,-0.2247191112228228,-77.52809337187387,0.2247191112228228,0,-0.2247190662790141,-2.247190438093569e-08,-2.247190438093569e-08,0,0,0,0.2247190662790141,2.247190438093569e-08,2.247190438093569e-08,2.247190662790141e-10,22.47190438093569,22.47190438093569
24.5,77.52809337209861,99.99999775280958,99.99999775280956,-22.47190662790141,-2.247190438093569e-06,-2.247190438093568e-06,2.775557561562891e-17,0,0.2247191112228228,345,77.52809337187389,0.2247190662790141,2.247190438093569e-08,2.247190438093568e-08,1e-09,1000000000,1000000000,2.247190662790141e-10,22.47190438093569,22.47190438093568,60,0.9,69,3,1,1,1,1,2,1,1,1,1,1,1,-0.2247190662790141,-2.247190438093569e-08,-2.247190438093568e-08,0.2247190662790141,2.247190438093569e-08,2.247190438093568e-08,-77.52809337187389,-77.52809337187389,-77.52809337187389,-0.2247190662790141,-2.247190438093569e-08,-2.247190438093568e-08,2.247190662790141e-10,22.47190438093569,22.47190438093568,-0.2247191112228228,-77.52809337187389,0.2247191112228228,0,-0.2247190662790141,-2.247190438093569e-08,-2.247190438093568e-08,0,0,0,0.2247190662790141,2.247190438093569e-08,2.247190438093568e-08,2.247190662790141e-10,22.47190438093569,22.47190438093568
24.6,77.52809337209858,99.99999775280955,99.99999775280956,-22.47190662790141,-2.247190438093569e-06,-2.247190438093569e-06,2.775557561562891e-17,0,0.2247191112228228,345,77.52809337187387,0.2247190662790141,2.247190438093569e-08,2.247190438093569e-08,1e-09,1000000000,1000000000,2.247190662790141e-10,22.47190438093569,22.47190438093569,60,0.9,69,3,1,1,1,1,2,1,1,1,1,1,1,-0.2247190662790141,-2.247190438093569e-08,-2.247190438093569e-08,0.2247190662790141,2.247190438093569e-08,2.247190438093569e-08,-77.52809337187387,-77.52809337187387,-77.52809337187387,-0.2247190662790141,-2.247190438093569e-08,-2.247190438093569e-08,2.247190662790141e-10,22.47190438093569,22.47190438093569,-0.2247191112228228,-77.52809337187387,0.2247191112228228,0,-0.2247190662790141,-2.247190438093569e-08,-2.247190438093569e-08,0,0,0,0.2247190662790141,2.247190438093569e-08,2.247190438093569e-08,2.247190662790141e-10,22.47190438093569,22.47190438093569
24.7,77.52809337209861,99.99999775280958,99.99999775280956,-22.47190662790141,-2.247190438093569e-06,-2.247190438093568e-06,2.775557561562891e-17,0,0.2247191112228228,345,77.52809337187389,0.2247190662790141,2.247190438093569e-08,2.247190438093568e-08,1e-09,1000000000,1000000000,2.247190662790141e-10,22.47190438093569,22.47190438093568,60,0.9,69,3,1,1,1,1,2,1,1,1,1,1,1,-0.2247190662790141,-2.247190438093569e-08,-2.247190438093568e-08,0.2247190662790141,2.247190438093569e-08,2.247190438093568e-08,-77.52809337187389,-77.52809337187389,-77.52809337187389,-0.2247190662790141,-2.247190438093569e-08,-2.247190438093568e-08,2.247190662790141e-10,22.47190438093569,22.47190438093568,-0.2247191112228228,-77.52809337187389,0.2247191112228228,0,-0.2247190662790141,-2.247190438093569e-08,-2.247190438093568e-08,0,0,0,0.2247190662790141,2.247190438093569e-08,2.247190438093568e-08,2.247190662790141e-10,22.47190438093569,22.47190438093568
24.8,77.52809337209858,99.99999775280955,99.99999775280956,-22.47190662790141,-2.247190438093569e-06,-2.247190438093569e-06,2.775557561562891e-17,0,0.2247191112228228,345,77.52809337187387,0.2247190662790141,2.247190438093569e-08,2.247190438093569e-08,1e-09,1000000000,1000000000,2.247190662790141e-10,22.47190438093569,22.47190438093569,60,0.9,69,3,1,1,1,1,2,1,1,1,1,1,1,-0.2247190662790141,-2.247190438093569e-08,-2.247190438093569e-08,0.2247190662790141,2.247190438093569e-08,2.247190438093569e-08,-77.52809337187387,-77.52809337187387,-77.52809337187387,-0.2247190662790141,-2.247190438093569e-08,-2.247190438093569e-08,2.247190662790141e-10,22.47190438093569,22.47190438093569,-0.2247191112228228,-77.52809337187387,0.2247191112228228,0,-0.2247190662790141,-2.247190438093569e-08,-2.247190438093569e-08,0,0,0,0.2247190662790141,2.247190438093569e-08,2.247190438093569e-08,2.247190662790141e-10,22.47190438093569,22.47190438093569
24.9,77.52809337209861,99.99999775280958,99.99999775280956,-22.47190662790141,-2.247190438093569e-06,-2.247190438093568e-06,2.775557561562891e-17,0,0.2247191112228228,345,77.52809337187389,0.2247190662790141,2.247190438093569e-08,2.247190438093568e-08,1e-09,1000000000,1000000000,2.247190662790141e-10,22.47190438093569,22.47190438093568,60,0.9,69,3,1,1,1,1,2,1,1,1,1,1,1,-0.2247190662790141,-2.247190438093569e-08,-2.247190438093568e-08,0.2247190662790141,2.247190438093569e-08,2.247190438093568e-08,-77.52809337187389,-77.52809337187389,-77.52809337187389,-0.2247190662790141,-2.247190438093569e-08,-2.247190438093568e-08,2.247190662790141e-10,22.47190438093569,22.47190438093568,-0.2247191112228228,-77.52809337187389,0.2247191112228228,0,-0.2247190662790141,-2.247190438093569e-08,-2.247190438093568e-08,0,0,0,0.2247190662790141,2.247190438093569e-08,2.247190438093568e-08,2.247190662790141e-10,22.47190438093569,22.47190438093568
25,77.52809337209858,99.99999775280955,99.99999775280956,-22.47190662790141,-2.247190438093569e-06,-2.247190438093569e-06,2.775557561562891e-17,0,0.2247191112228228,345,77.52809337187387,0.2247190662790141,2.247190438093569e-08,2.247190438093569e-08,1e-09,1000000000,1000000000,2.247190662790141e-10,22.47190438093569,22.47190438093569,60,0.9,69,3,1,1,1,1,2,1,1,1,1,1,1,-0.2247190662790141,-2.247190438093569e-08,-2.247190438093569e-08,0.2247190662790141,2.247190438093569e-08,2.247190438093569e-08,-77.52809337187387,-77.52809337187387,-77.52809337187387,-0.2247190662790141,-2.247190438093569e-08,-2.247190438093569e-08,2.247190662790141e-10,22.47190438093569,22.47190438093569,-0.2247191112228228,-77.52809337187387,0.2247191112228228,0,-0.2247190662790141,-2.247190438093569e-08,-2.247190438093569e-08,0,0,0,0.2247190662790141,2.247190438093569e-08,2.247190438093569e-08,2.247190662790141e-10,22.47190438093569,22.47190438093569
25.00000000500004,77.52809337209861,99.99999775280958,99.99999775280956,-22.47190662790141,-2.247190438093569e-06,-2.247190438093568e-06,2.775557561562891e-17,0,0.2247191112228228,345,77.52809337187389,0.2247190662790141,2.247190438093569e-08,2.247190438093568e-08,1e-09,1000000000,1000000000,2.247190662790141e-10,22.47190438093569,22.47190438093568,60,0.9,69,3,1,1,1,1,2,1,1,1,1,1,1,-0.2247190662790141,-2.247190438093569e-08,-2.247190438093568e-08,0.2247190662790141,2.247190438093569e-08,2.247190438093568e-08,-77.52809337187389,-77.52809337187389,-77.52809337187389,-0.2247190662790141,-2.247190438093569e-08,-2.247190438093568e-08,2.247190662790141e-10,22.47190438093569,22.47190438093568,-0.2247191112228228,-77.52809337187389,0.2247191112228228,0,-0.2247190662790141,-2.247190438093569e-08,-2.247190438093568e-08,0,0,0,0.2247190662790141,2.247190438093569e-08,2.247190438093568e-08,2.247190662790141e-10,22.47190438093569,22.47190438093568
25.00000000500004,60.7843184930401,99.99999607843228,99.99999607843225,-39.21568150695992,-3.921567758578432e-06,-3.92156775857843e-06,0,0,0.3921568935009544,155,60.78431849264795,0.3921568150695992,3.921567758578432e-08,3.92156775857843e-08,1e-09,1000000000,1000000000,3.921568150695992e-10,39.21567758578432,39.2156775857843,60,0.9,31,3,1,1,1,1,2,1,1,1,1,1,1,-0.3921568150695992,-3.921567758578432e-08,-3.92156775857843e-08,0.3921568150695992,3.921567758578432e-08,3.92156775857843e-08,-60.78431849264795,-60.78431849264795,-60.78431849264795,-0.3921568150695992,-3.921567758578432e-08,-3.92156775857843e-08,3.921568150695992e-10,39.21567758578432,39.2156775857843,-0.3921568935009544,-60.78431849264795,0.3921568935009544,0,-0.3921568150695992,-3.921567758578432e-08,-3.92156775857843e-08,0,0,0,0.3921568150695992,3.921567758578432e-08,3.92156775857843e-08,3.921568150695992e-10,39.21567758578432,39.2156775857843
25.1,60.78431849304008,99.99999607843225,99.99999607843225,-39.21568150695992,-3.921567758578431e-06,-3.921567758578432e-06,0,0,0.3921568935009543,155,60.78431849264793,0.3921568150695992,3.921567758578431e-08,3.921567758578432e-08,1e-09,1000000000,1000000000,3.921568150695992e-10,39.21567758578431,39.21567758578432,60,0.9,31,3,1,1,1,1,2,1,1,1,1,1,1,-0.3921568150695992,-3.921567758578431e-08,-3.921567758578432e-08,0.3921568150695992,3.921567758578431e-08,3.921567758578432e-08,-60.78431849264793,-60.78431849264793,-60.78431849264793,-0.3921568150695992,-3.921567758578431e-08,-3.921567758578432e-08,3.921568150695992e-10,39.21567758578431,39.21567758578432,-0.3921568935009543,-60.78431849264793,0.3921568935009543,0,-0.3921568150695992,-3.921567758578431e-08,-3.921567758578432e-08,0,0,0,0.3921568150695992,3.921567758578431e-08,3.921567758578432e-08,3.921568150695992e-10,39.21567758578431,39.21567758578432
25.2,60.78431849304008,99.99999607843225,99.99999607843225,-39.21568150695992,-3.921567758578431e-06,-3.921567758578432e-06,0,0,0.3921568935009544,155,60.78431849264793,0.3921568150695992,3.921567758578431e-08,3.921567758578432e-08,1e-09,1000000000,1000000000,3.921568150695992e-10,39.21567758578431,39.21567758578432,60,0.9,31,3,1,1,1,1,2,1,1,1,1,1,1,-0.3921568150695992,-3.921567758578431e-08,-3.921567758578432e-08,0.3921568150695992,3.921567758578431e-08,3.921567758578432e-08,-60.78431849264793,-60.78431849264793,-60.78431849264793,-0.3921568150695992,-3.921567758578431e-08,-3.921567758578432e-08,3.921568150695992e-10,39.21567758578431,39.21567758578432,-0.3921568935009544,-60.78431849264793,0.3921568935009544,0,-0.3921568150695992,-3.921567758578431e-08,-3.921567758578432e-08,0,0,0,0.3921568150695992,3.921567758578431e-08,3.921567758578432e-08,3.921568150695992e-10,39.21567758578431,39.21567758578432
25.3,60.78431849304008,99.99999607843225,99.99999607843225,-39.21568150695992,-3.921567758578431e-06,-3.921567758578432e-06,0,0,0.3921568935009543,155,60.78431849264793,0.3921568150695992,3.921567758578431e-08,3.921567758578432e-08,1e-09,1000000000,1000000000,3.921568150695992e-10,39.21567758578431,39.21567758578432,60,0.9,31,3,1,1,1,1,2,1,1,1,1,1,1,-0.3921568150695992,-3.921567758578431e-08,-3.921567758578432e-08,0.3921568150695992,3.921567758578431e-08,3.921567758578432e-08,-60.78431849264793,-60.78431849264793,-60.78431849264793,-0.3921568150695992,-3.921567758578431e-08,-3.921567758578432e-08,3.921568150695992e-10,39.21567758578431,39.21567758578432,-0.3921568935009543,-60.78431849264793,0.3921568935009543,0,-0.3921568150695992,-3.921567758578431e-08,-3.921567758578432e-08,0,0,0,0.3921568150695992,3.921567758578431e-08,3.921567758578432e-08,3.921568150695992e-10,39.21567758578431,39.21567758578432
25.4,60.78431849304008,99.99999607843225,99.99999607843225,-39.21568150695992,-3.921567758578431e-06,-3.921567758578432e-06,0,0,0.3921568935009544,155,60.78431849264793,0.3921568150695992,3.921567758578431e-08,3.921567758578432e-08,1e-09,1000000000,1000000000,3.921568150695992e-10,39.21567758578431,39.21567758578432,60,0.9,31,3,1,1,1,1,2,1,1,1,1,1,1,-0.3921568150695992,-3.921567758578431e-08,-3.921567758578432e-08,0.3921568150695992,3.921567758578431e-08,3.921567758578432e-08,-60.78431849264793,-60.78431849264793,-60.78431849264793,-0.3921568150695992,-3.921567758578431e-08,-3.921567758578432e-08,3.921568150695992e-10,39.21567758578431,39.21567758578432,-0.3921568935009544,-60.78431849264793,0.3921568935009544,0,-0.3921568150695992,-3.921567758578431e-08,-3.921567758578432e-08,0,0,0,0.3921568150695992,3.921567758578431e-08,3.921567758578432e-08,3.921568150695992e-10,39.21567758578431,39.21567758578432
25.5,60.78431849304008,99.99999607843225,99.99999607843225,-39.21568150695992,-3.921567758578431e-06,-3.921567758578432e-06,0,0,0.3921568935009543,155,60.78431849264793,0.3921568150695992,3.921567758578431e-08,3.921567758578432e-08,1e-09,1000000000,1000000000,3.921568150695992e-10,39.21567758578431,39.21567758578432,60,0.9,31,3,1,1,1,1,2,1,1,1,1,1,1,-0.3921568150695992,-3.921567758578431e-08,-3.921567758578432e-08,0.3921568150695992,3.921567758578431e-08,3.921567758578432e-08,-60.78431849264793,-60.78431849264793,-60.78431849264793,-0.3921568150695992,-3.921567758578431e-08,-3.921567758578432e-08,3.921568150695992e-10,39.21567758578431,39.21567758578432,-0.3921568935009543,-60.78431849264793,0.3921568935009543,0,-0.3921568150695992,-3.921567758578431e-08,-3.921567758578432e-08,0,0,0,0.3921568150695992,3.921567758578431e-08,3.921567758578432e-08,3.921568150695992e-10,39.21567758578431,39.21567758578432
25.6,60.78431849304008,99.99999607843225,99.99999607843225,-39.21568150695992,-3.921567758578431e-06,-3.921567758578432e-06,0,0,0.3921568935009544,155,60.78431849264793,0.3921568150695992,3.921567758578431e-08,3.921567758578432e-08,1e-09,1000000000,1000000000,3.921568150695992e-10,39.21567758578431,39.21567758578432,60,0.9,31,3,1,1,1,1,2,1,1,1,1,1,1,-0.3921568150695992,-3.921567758578431e-08,-3.921567758578432e-08,0.3921568150695992,3.921567758578431e-08,3.921567758578432e-08,-60.78431849264793,-60.78431849264793,-60.78431849264793,-0.3921568150695992,-3.921567758578431e-08,-3.921567758578432e-08,3.921568150695992e-10,39.21567758578431,39.21567758578432,-0.3921568935009544,-60.78431849264793,0.3921568935009544,0,-0.3921568150695992,-3.921567758578431e-08,-3.921567758578432e-08,0,0,0,0.3921568150695992,3.921567758578431e-08,3.921567758578432e-08,3.921568150695992e-10,39.21567758578431,39.21567758578432
25.7,60.78431849304008,99.99999607843225,99.99999607843225,-39.21568150695992,-3.921567758578431e-06,-3.921567758578432e-06,0,0,0.3921568935009543,155,60.78431849264793,0.3921568150695992,3.921567758578431e-08,3.921567758578432e-08,1e-09,1000000000,1000000000,3.921568150695992e-10,39.21567758578431,39.21567758578432,60,0.9,31,3,1,1,1,1,2,1,1,1,1,1,1,-0.3921568150695992,-3.921567758578431e-08,-3.921567758578432e-08,0.3921568150695992,3.921567758578431e-08,3.921567758578432e-08,-60.78431849264793,-60.78431849264793,-60.78431849264793,-0.3921568150695992,-3.921567758578431e-08,-3.921567758578432e-08,3.921568150695992e-10,39.21567758578431,39.21567758578432,-0.3921568935009543,-60.78431849264793,0.3921568935009543,0,-0.3921568150695992,-3.921567758578431e-08,-3.921567758578432e-08,0,0,0,0.3921568150695992,3.921567758578431e-08,3.921567758578432e-08,3.921568150695992e-10,39.21567758578431,39.21567758578432
25.8,60.78431849304008,99.99999607843225,99.99999607843225,-39.21568150695992,-3.921567758578431e-06,-3.921567758578432e-06,0,0,0.3921568935009544,155,60.78431849264793,0.3921568150695992,3.921567758578431e-08,3.921567758578432e-08,1e-09,1000000000,1000000000,3.921568150695992e-10,39.21567758578431,39.21567758578432,60,0.9,31,3,1,1,1,1,2,1,1,1,1,1,1,-0.3921568150695992,-3.921567758578431e-08,-3.921567758578432e-08,0.3921568150695992,3.921567758578431e-08,3.921567758578432e-08,-60.78431849264793,-60.78431849264793,-60.78431849264793,-0.3921568150695992,-3.921567758578431e-08,-3.921567758578432e-08,3.921568150695992e-10,39.21567758578431,39.21567758578432,-0.3921568935009544,-60.78431849264793,0.3921568935009544,0,-0.3921568150695992,-3.921567758578431e-08,-3.921567758578432e-08,0,0,0,0.3921568150695992,3.921567758578431e-08,3.921567758578432e-08,3.921568150695992e-10,39.21567758578431,39.21567758578432
25.9,60.78431849304008,99.99999607843225,99.99999607843225,-39.21568150695992,-3.921567758578431e-06,-3.921567758578432e-06,0,0,0.3921568935009543,155,60.78431849264793,0.3921568150695992,3.921567758578431e-08,3.921567758578432e-08,1e-09,1000000000,1000000000,3.921568150695992e-10,39.21567758578431,39.21567758578432,60,0.9,31,3,1,1,1,1,2,1,1,1,1,1,1,-0.3921568150695992,-3.921567758578431e-08,-3.921567758578432e-08,0.3921568150695992,3.921567758578431e-08,3.921567758578432e-08,-60.78431849264793,-60.78431849264793,-60.78431849264793,-0.3921568150695992,-3.921567758578431e-08,-3.921567758578432e-08,3.921568150695992e-10,39.21567758578431,39.21567758578432,-0.3921568935009543,-60.78431849264793,0.3921568935009543,0,-0.3921568150695992,-3.921567758578431e-08,-3.921567758578432e-08,0,0,0,0.3921568150695992,3.921567758578431e-08,3.921567758578432e-08,3.921568150695992e-10,39.21567758578431,39.21567758578432
26,60.78431849304008,99.99999607843225,99.99999607843225,-39.21568150695992,-3.921567758578431e-06,-3.921567758578432e-06,0,0,0.3921568935009544,155,60.78431849264793,0.3921568150695992,3.921567758578431e-08,3.921567758578432e-08,1e-09,1000000000,1000000000,3.921568150695992e-10,39.21567758578431,39.21567758578432,60,0.9,31,3,1,1,1,1,2,1,1,1,1,1,1,-0.3921568150695992,-3.921567758578431e-08,-3.921567758578432e-08,0.3921568150695992,3.921567758578431e-08,3.921567758578432e-08,-60.78431849264793,-60.78431849264793,-60.78431849264793,-0.3921568150695992,-3.921567758578431e-08,-3.921567758578432e-08,3.921568150695992e-10,39.21567758578431,39.21567758578432,-0.3921568935009544,-60.78431849264793,0.3921568935009544,0,-0.3921568150695992,-3.921567758578431e-08,-3.921567758578432e-08,0,0,0,0.3921568150695992,3.921567758578431e-08,3.921567758578432e-08,3.921568150695992e-10,39.21567758578431,39.21567758578432
26.00000000520013,60.78431849304008,99.99999607843225,99.99999607843225,-39.21568150695992,-3.921567758578431e-06,-3.921567758578432e-06,0,0,0.3921568935009543,155,60.78431849264793,0.3921568150695992,3.921567758578431e-08,3.921567758578432e-08,1e-09,1000000000,1000000000,3.921568150695992e-10,39.21567758578431,39.21567758578432,60,0.9,31,3,1,1,1,1,2,1,1,1,1,1,1,-0.3921568150695992,-3.921567758578431e-08,-3.921567758578432e-08,0.3921568150695992,3.921567758578431e-08,3.921567758578432e-08,-60.78431849264793,-60.78431849264793,-60.78431849264793,-0.3921568150695992,-3.921567758578431e-08,-3.921567758578432e-08,3.921568150695992e-10,39.21567758578431,39.21567758578432,-0.3921568935009543,-60.78431849264793,0.3921568935009543,0,-0.3921568150695992,-3.921567758578431e-08,-3.921567758578432e-08,0,0,0,0.3921568150695992,3.921567758578431e-08,3.921567758578432e-08,3.921568150695992e-10,39.21567758578431,39.21567758578432
26.00000000520013,80.39216001541632,99.99999803921619,99.99999803921619,-19.60783998458367,-1.960783802399594e-06,-1.960783802399595e-06,0,0,0.1960784390615128,410,80.39216001522024,0.1960783998458367,1.960783802399594e-08,1.960783802399595e-08,1e-09,1000000000,1000000000,1.960783998458368e-10,19.60783802399595,19.60783802399595,60,0.9,82,3,1,1,1,1,2,1,1,1,1,1,1,-0.1960783998458367,-1.960783802399594e-08,-1.960783802399595e-08,0.1960783998458367,1.960783802399594e-08,1.960783802399595e-08,-80.39216001522024,-80.39216001522024,-80.39216001522024,-0.1960783998458367,-1.960783802399594e-08,-1.960783802399595e-08,1.960783998458368e-10,19.60783802399595,19.60783802399595,-0.1960784390615128,-80.39216001522024,0.1960784390615128,0,-0.1960783998458367,-1.960783802399594e-08,-1.960783802399595e-08,0,0,0,0.1960783998458367,1.960783802399594e-08,1.960783802399595e-08,1.960783998458368e-10,19.60783802399595,19.60783802399595
26.1,80.39216001541632,99.99999803921619,99.99999803921619,-19.60783998458367,-1.960783802399594e-06,-1.960783802399595e-06,0,0,0.1960784390615128,410,80.39216001522024,0.1960783998458367,1.960783802399594e-08,1.960783802399595e-08,1e-09,1000000000,1000000000,1.960783998458368e-10,19.60783802399595,19.60783802399595,60,0.9,82,3,1,1,1,1,2,1,1,1,1,1,1,-0.1960783998458367,-1.960783802399594e-08,-1.960783802399595e-08,0.1960783998458367,1.960783802399594e-08,1.960783802399595e-08,-80.39216001522024,-80.39216001522024,-80.39216001522024,-0.1960783998458367,-1.960783802399594e-08,-1.960783802399595e-08,1.960783998458368e-10,19.60783802399595,19.60783802399595,-0.1960784390615128,-80.39216001522024,0.1960784390615128,0,-0.1960783998458367,-1.960783802399594e-08,-1.960783802399595e-08,0,0,0,0.1960783998458367,1.960783802399594e-08,1.960783802399595e-08,1.960783998458368e-10,19.60783802399595,19.60783802399595
26.2,80.39216001541632,99.99999803921619,99.99999803921619,-19.60783998458367,-1.960783802399594e-06,-1.960783802399595e-06,0,0,0.1960784390615128,410,80.39216001522024,0.1960783998458367,1.960783802399594e-08,1.960783802399595e-08,1e-09,1000000000,1000000000,1.960783998458368e-10,19.60783802399595,19.60783802399595,60,0.9,82,3,1,1,1,1,2,1,1,1,1,1,1,-0.1960783998458367,-1.960783802399594e-08,-1.960783802399595e-08,0.1960783998458367,1.960783802399594e-08,1.960783802399595e-08,-80.39216001522024,-80.39216001522024,-80.39216001522024,-0.1960783998458367,-1.960783802399594e-08,-1.960783802399595e-08,1.960783998458368e-10,19.60783802399595,19.60783802399595,-0.1960784390615128,-80.39216001522024,0.1960784390615128,0,-0.1960783998458367,-1.960783802399594e-08,-1.960783802399595e-08,0,0,0,0.1960783998458367,1.960783802399594e-08,1.960783802399595e-08,1.960783998458368e-10,19.60783802399595,19.60783802399595
26.3,80.39216001541632,99.99999803921619,99.99999803921619,-19.60783998458367,-1.960783802399594e-06,-1.960783802399595e-06,0,0,0.1960784390615128,410,80.39216001522024,0.1960783998458367,1.960783802399594e-08,1.960783802399595e-08,1e-09,1000000000,1000000000,1.960783998458368e-10,19.60783802399595,19.60783802399595,60,0.9,82,3,1,1,1,1,2,1,1,1,1,1,1,-0.1960783998458367,-1.960783802399594e-08,-1.960783802399595e-08,0.1960783998458367,1.960783802399594e-08,1.960783802399595e-08,-80.39216001522024,-80.39216001522024,-80.39216001522024,-0.1960783998458367,-1.960783802399594e-08,-1.960783802399595e-08,1.960783998458368e-10,19.60783802399595,19.60783802399595,-0.1960784390615128,-80.39216001522024,0.1960784390615128,0,-0.1960783998458367,-1.960783802399594e-08,-1.960783802399595e-08,0,0,0,0.1960783998458367,1.960783802399594e-08,1.960783802399595e-08,1.960783998458368e-10,19.60783802399595,19.60783802399595
26.4,80.39216001541632,99.99999803921619,99.99999803921619,-19.60783998458367,-1.960783802399594e-06,-1.960783802399595e-06,0,0,0.1960784390615128,410,80.39216001522024,0.1960783998458367,1.960783802399594e-08,1.960783802399595e-08,1e-09,1000000000,1000000000,1.960783998458368e-10,19.60783802399595,19.60783802399595,60,0.9,82,3,1,1,1,1,2,1,1,1,1,1,1,-0.1960783998458367,-1.960783802399594e-08,-1.960783802399595e-08,0.1960783998458367,1.960783802399594e-08,1.960783802399595e-08,-80.39216001522024,-80.39216001522024,-80.39216001522024,-0.1960783998458367,-1.960783802399594e-08,-1.960783802399595e-08,1.960783998458368e-10,19.60783802399595,19.60783802399595,-0.1960784390615128,-80.39216001522024,0.1960784390615128,0,-0.1960783998458367,-1.960783802399594e-08,-1.960783802399595e-08,0,0,0,0.1960783998458367,1.960783802399594e-08,1.960783802399595e-08,1.960783998458368e-10,19.60783802399595,19.60783802399595
26.5,80.39216001541632,99.99999803921619,99.99999803921619,-19.60783998458367,-1.960783802399594e-06,-1.960783802399595e-06,0,0,0.1960784390615128,410,80.39216001522024,0.1960783998458367,1.960783802399594e-08,1.960783802399595e-08,1e-09,1000000000,1000000000,1.960783998458368e-10,19.60783802399595,19.60783802399595,60,0.9,82,3,1,1,1,1,2,1,1,1,1,1,1,-0.1960783998458367,-1.960783802399594e-08,-1.960783802399595e-08,0.1960783998458367,1.960783802399594e-08,1.960783802399595e-08,-80.39216001522024,-80.39216001522024,-80.39216001522024,-0.1960783998458367,-1.960783802399594e-08,-1.960783802399595e-08,1.960783998458368e-10,19.60783802399595,19.60783802399595,-0.1960784390615128,-80.39216001522024,0.1960784390615128,0,-0.1960783998458367,-1.960783802399594e-08,-1.960783802399595e-08,0,0,0,0.1960783998458367,1.960783802399594e-08,1.960783802399595e-08,1.960783998458368e-10,19.60783802399595,19.60783802399595
26.6,80.39216001541632,99.99999803921619,99.99999803921619,-19.60783998458367,-1.960783802399594e-06,-1.960783802399595e-06,0,0,0.1960784390615128,410,80.39216001522024,0.1960783998458367,1.960783802399594e-08,1.960783802399595e-08,1e-09,1000000000,1000000000,1.960783998458368e-10,19.60783802399595,19.60783802399595,60,0.9,82,3,1,1,1,1,2,1,1,1,1,1,1,-0.1960783998458367,-1.960783802399594e-08,-1.960783802399595e-08,0.1960783998458367,1.960783802399594e-08,1.960783802399595e-08,-80.39216001522024,-80.39216001522024,-80.39216001522024,-0.1960783998458367,-1.960783802399594e-08,-1.960783802399595e-08,1.960783998458368e-10,19.60783802399595,19.60783802399595,-0.1960784390615128,-80.39216001522024,0.1960784390615128,0,-0.1960783998458367,-1.960783802399594e-08,-1.960783802399595e-08,0,0,0,0.1960783998458367,1.960783802399594e-08,1.960783802399595e-08,1.960783998458368e-10,19.60783802399595,19.60783802399595
26.7,80.39216001541632,99.99999803921619,99.99999803921619,-19.60783998458367,-1.960783802399594e-06,-1.960783802399595e-06,0,0,0.1960784390615128,410,80.39216001522024,0.1960783998458367,1.960783802399594e-08,1.960783802399595e-08,1e-09,1000000000,1000000000,1.960783998458368e-10,19.60783802399595,19.60783802399595,60,0.9,82,3,1,1,1,1,2,1,1,1,1,1,1,-0.1960783998458367,-1.960783802399594e-08,-1.960783802399595e-08,0.1960783998458367,1.960783802399594e-08,1.960783802399595e-08,-80.39216001522024,-80.39216001522024,-80.39216001522024,-0.1960783998458367,-1.960783802399594e-08,-1.960783802399595e-08,1.960783998458368e-10,19.60783802399595,19.60783802399595,-0.1960784390615128,-80.39216001522024,0.1960784390615128,0,-0.1960783998458367,-1.960783802399594e-08,-1.960783802399595e-08,0,0,0,0.1960783998458367,1.960783802399594e-08,1.960783802399595e-08,1.960783998458368e-10,19.60783802399595,19.60783802399595
26.8,80.39216001541632,99.99999803921619,99.99999803921619,-19.60783998458367,-1.960783802399594e-06,-1.960783802399595e-06,0,0,0.1960784390615128,410,80.39216001522024,0.1960783998458367,1.960783802399594e-08,1.960783802399595e-08,1e-09,1000000000,1000000000,1.960783998458368e-10,19.60783802399595,19.60783802399595,60,0.9,82,3,1,1,1,1,2,1,1,1,1,1,1,-0.1960783998458367,-1.960783802399594e-08,-1.960783802399595e-08,0.1960783998458367,1.960783802399594e-08,1.960783802399595e-08,-80.39216001522024,-80.39216001522024,-80.39216001522024,-0.1960783998458367,-1.960783802399594e-08,-1.960783802399595e-08,1.960783998458368e-10,19.60783802399595,19.60783802399595,-0.1960784390615128,-80.39216001522024,0.1960784390615128,0,-0.1960783998458367,-1.960783802399594e-08,-1.960783802399595e-08,0,0,0,0.1960783998458367,1.960783802399594e-08,1.960783802399595e-08,1.960783998458368e-10,19.60783802399595,19.60783802399595
26.9,80.39216001541632,99.99999803921619,99.99999803921619,-19.60783998458367,-1.960783802399594e-06,-1.960783802399595e-06,0,0,0.1960784390615128,410,80.39216001522024,0.1960783998458367,1.960783802399594e-08,1.960783802399595e-08,1e-09,1000000000,1000000000,1.960783998458368e-10,19.60783802399595,19.60783802399595,60,0.9,82,3,1,1,1,1,2,1,1,1,1,1,1,-0.1960783998458367,-1.960783802399594e-08,-1.960783802399595e-08,0.1960783998458367,1.960783802399594e-08,1.960783802399595e-08,-80.39216001522024,-80.39216001522024,-80.39216001522024,-0.1960783998458367,-1.960783802399594e-08,-1.960783802399595e-08,1.960783998458368e-10,19.60783802399595,19.60783802399595,-0.1960784390615128,-80.39216001522024,0.1960784390615128,0,-0.1960783998458367,-1.960783802399594e-08,-1.960783802399595e-08,0,0,0,0.1960783998458367,1.960783802399594e-08,1.960783802399595e-08,1.960783998458368e-10,19.60783802399595,19.60783802399595
27,80.39216001541632,99.99999803921619,99.99999803921619,-19.60783998458367,-1.960783802399594e-06,-1.960783802399595e-06,0,0,0.1960784390615128,410,80.39216001522024,0.1960783998458367,1.960783802399594e-08,1.960783802399595e-08,1e-09,1000000000,1000000000,1.960783998458368e-10,19.60783802399595,19.60783802399595,60,0.9,82,3,1,1,1,1,2,1,1,1,1,1,1,-0.1960783998458367,-1.960783802399594e-08,-1.960783802399595e-08,0.1960783998458367,1.960783802399594e-08,1.960783802399595e-08,-80.39216001522024,-80.39216001522024,-80.39216001522024,-0.1960783998458367,-1.960783802399594e-08,-1.960783802399595e-08,1.960783998458368e-10,19.60783802399595,19.60783802399595,-0.1960784390615128,-80.39216001522024,0.1960784390615128,0,-0.1960783998458367,-1.960783802399594e-08,-1.960783802399595e-08,0,0,0,0.1960783998458367,1.960783802399594e-08,1.960783802399595e-08,1.960783998458368e-10,19.60783802399595,19.60783802399595
27.00000000540022,80.39216001541632,99.99999803921619,99.99999803921619,-19.60783998458367,-1.960783802399594e-06,-1.960783802399595e-06,0,0,0.1960784390615128,410,80.39216001522024,0.1960783998458367,1.960783802399594e-08,1.960783802399595e-08,1e-09,1000000000,1000000000,1.960783998458368e-10,19.60783802399595,19.60783802399595,60,0.9,82,3,1,1,1,1,2,1,1,1,1,1,1,-0.1960783998458367,-1.960783802399594e-08,-1.960783802399595e-08,0.1960783998458367,1.960783802399594e-08,1.960783802399595e-08,-80.39216001522024,-80.39216001522024,-80.39216001522024,-0.1960783998458367,-1.960783802399594e-08,-1.960783802399595e-08,1.960783998458368e-10,19.60783802399595,19.60783802399595,-0.1960784390615128,-80.39216001522024,0.1960784390615128,0,-0.1960783998458367,-1.960783802399594e-08,-1.960783802399595e-08,0,0,0,0.1960783998458367,1.960783802399594e-08,1.960783802399595e-08,1.960783998458368e-10,19.60783802399595,19.60783802399595
27.00000000540022,52.38095736984025,99.9999952380962,99.99999523809622,-47.61904263015975,-4.761903786873215e-06,-4.761903786873216e-06,0,0,0.4761905215396732,110,52.38095736936406,0.4761904263015975,4.761903786873214e-08,4.761903786873216e-08,1e-09,1000000000,1000000000,4.761904263015975e-10,47.61903786873214,47.61903786873216,60,0.9,22,3,1,1,1,1,2,1,1,1,1,1,1,-0.4761904263015975,-4.761903786873214e-08,-4.761903786873216e-08,0.4761904263015975,4.761903786873214e-08,4.761903786873216e-08,-52.38095736936406,-52.38095736936406,-52.38095736936406,-0.4761904263015975,-4.761903786873214e-08,-4.761903786873216e-08,4.761904263015975e-10,47.61903786873214,47.61903786873216,-0.4761905215396732,-52.38095736936406,0.4761905215396732,0,-0.4761904263015975,-4.761903786873214e-08,-4.761903786873216e-08,0,0,0,0.4761904263015975,4.761903786873214e-08,4.761903786873216e-08,4.761904263015975e-10,47.61903786873214,47.61903786873216
27.1,52.38095736984025,99.99999523809622,99.99999523809622,-47.61904263015975,-4.761903786873216e-06,-4.761903786873216e-06,0,0,0.4761905215396733,110,52.38095736936405,0.4761904263015975,4.761903786873216e-08,4.761903786873216e-08,1e-09,1000000000,1000000000,4.761904263015976e-10,47.61903786873216,47.61903786873216,60,0.9,22,3,1,1,1,1,2,1,1,1,1,1,1,-0.4761904263015975,-4.761903786873216e-08,-4.761903786873216e-08,0.4761904263015975,4.761903786873216e-08,4.761903786873216e-08,-52.38095736936405,-52.38095736936405,-52.38095736936405,-0.4761904263015975,-4.761903786873216e-08,-4.761903786873216e-08,4.761904263015976e-10,47.61903786873216,47.61903786873216,-0.4761905215396733,-52.38095736936405,0.4761905215396733,0,-0.4761904263015975,-4.761903786873216e-08,-4.761903786873216e-08,0,0,0,0.4761904263015975,4.761903786873216e-08,4.761903786873216e-08,4.761904263015976e-10,47.61903786873216,47.61903786873216
27.2,52.38095736984025,99.99999523809622,99.99999523809622,-47.61904263015975,-4.761903786873216e-06,-4.761903786873216e-06,0,0,0.4761905215396732,110,52.38095736936406,0.4761904263015975,4.761903786873216e-08,4.761903786873216e-08,1e-09,1000000000,1000000000,4.761904263015975e-10,47.61903786873216,47.61903786873216,60,0.9,22,3,1,1,1,1,2,1,1,1,1,1,1,-0.4761904263015975,-4.761903786873216e-08,-4.761903786873216e-08,0.4761904263015975,4.761903786873216e-08,4.761903786873216e-08,-52.38095736936406,-52.38095736936406,-52.38095736936406,-0.4761904263015975,-4.761903786873216e-08,-4.761903786873216e-08,4.761904263015975e-10,47.61903786873216,47.61903786873216,-0.4761905215396732,-52.38095736936406,0.4761905215396732,0,-0.4761904263015975,-4.761903786873216e-08,-4.761903786873216e-08,0,0,0,0.4761904263015975,4.761903786873216e-08,4.761903786873216e-08,4.761904263015975e-10,47.61903786873216,47.61903786873216
27.3,52.38095736984025,99.99999523809622,99.99999523809622,-47.61904263015975,-4.761903786873216e-06,-4.761903786873216e-06,0,0,0.4761905215396733,110,52.38095736936405,0.4761904263015975,4.761903786873216e-08,4.761903786873216e-08,1e-09,1000000000,1000000000,4.761904263015976e-10,47.61903786873216,47.61903786873216,60,0.9,22,3,1,1,1,1,2,1,1,1,1,1,1,-0.4761904263015975,-4.761903786873216e-08,-4.761903786873216e-08,0.4761904263015975,4.761903786873216e-08,4.761903786873216e-08,-52.38095736936405,-52.38095736936405,-52.38095736936405,-0.4761904263015975,-4.761903786873216e-08,-4.761903786873216e-08,4.761904263015976e-10,47.61903786873216,47.61903786873216,-0.4761905215396733,-52.38095736936405,0.4761905215396733,0,-0.4761904263015975,-4.761903786873216e-08,-4.761903786873216e-08,0,0,0,0.4761904263015975,4.761903786873216e-08,4.761903786873216e-08,4.761904263015976e-10,47.61903786873216,47.61903786873216
27.4,52.38095736984025,99.99999523809622,99.99999523809622,-47.61904263015975,-4.761903786873216e-06,-4.761903786873216e-06,0,0,0.4761905215396732,110,52.38095736936406,0.4761904263015975,4.761903786873216e-08,4.761903786873216e-08,1e-09,1000000000,1000000000,4.761904263015975e-10,47.61903786873216,47.61903786873216,60,0.9,22,3,1,1,1,1,2,1,1,1,1,1,1,-0.4761904263015975,-4.761903786873216e-08,-4.761903786873216e-08,0.4761904263015975,4.761903786873216e-08,4.761903786873216e-08,-52.38095736936406,-52.38095736936406,-52.38095736936406,-0.4761904263015975,-4.761903786873216e-08,-4.761903786873216e-08,4.761904263015975e-10,47.61903786873216,47.61903786873216,-0.4761905215396732,-52.38095736936406,0.4761905215396732,0,-0.4761904263015975,-4.761903786873216e-08,-4.761903786873216e-08,0,0,0,0.4761904263015975,4.761903786873216e-08,4.761903786873216e-08,4.761904263015975e-10,47.61903786873216,47.61903786873216
27.5,52.38095736984025,99.99999523809622,99.99999523809622,-47.61904263015975,-4.761903786873216e-06,-4.761903786873216e-06,0,0,0.4761905215396733,110,52.38095736936405,0.4761904263015975,4.761903786873216e-08,4.761903786873216e-08,1e-09,1000000000,1000000000,4.761904263015976e-10,47.61903786873216,47.61903786873216,60,0.9,22,3,1,1,1,1,2,1,1,1,1,1,1,-0.4761904263015975,-4.761903786873216e-08,-4.761903786873216e-08,0.4761904263015975,4.761903786873216e-08,4.761903786873216e-08,-52.38095736936405,-52.38095736936405,-52.38095736936405,-0.4761904263015975,-4.761903786873216e-08,-4.761903786873216e-08,4.761904263015976e-10,47.61903786873216,47.61903786873216,-0.4761905215396733,-52.38095736936405,0.4761905215396733,0,-0.4761904263015975,-4.761903786873216e-08,-4.761903786873216e-08,0,0,0,0.4761904263015975,4.761903786873216e-08,4.761903786873216e-08,4.761904263015976e-10,47.61903786873216,47.61903786873216
27.6,52.38095736984025,99.99999523809622,99.99999523809622,-47.61904263015975,-4.761903786873216e-06,-4.761903786873216e-06,0,0,0.4761905215396732,110,52.38095736936406,0.4761904263015975,4.761903786873216e-08,4.761903786873216e-08,1e-09,1000000000,1000000000,4.761904263015975e-10,47.61903786873216,47.61903786873216,60,0.9,22,3,1,1,1,1,2,1,1,1,1,1,1,-0.4761904263015975,-4.761903786873216e-08,-4.761903786873216e-08,0.4761904263015975,4.761903786873216e-08,4.761903786873216e-08,-52.38095736936406,-52.38095736936406,-52.38095736936406,-0.4761904263015975,-4.761903786873216e-08,-4.761903786873216e-08,4.761904263015975e-10,47.61903786873216,47.61903786873216,-0.4761905215396732,-52.38095736936406,0.4761905215396732,0,-0.4761904263015975,-4.761903786873216e-08,-4.761903786873216e-08,0,0,0,0.4761904263015975,4.761903786873216e-08,4.761903786873216e-08,4.761904263015975e-10,47.61903786873216,47.61903786873216
27.7,52.38095736984025,99.99999523809622,99.99999523809622,-47.61904263015975,-4.761903786873216e-06,-4.761903786873216e-06,0,0,0.4761905215396733,110,52.38095736936405,0.4761904263015975,4.761903786873216e-08,4.761903786873216e-08,1e-09,1000000000,1000000000,4.761904263015976e-10,47.61903786873216,47.61903786873216,60,0.9,22,3,1,1,1,1,2,1,1,1,1,1,1,-0.4761904263015975,-4.761903786873216e-08,-4.761903786873216e-08,0.4761904263015975,4.761903786873216e-08,4.761903786873216e-08,-52.38095736936405,-52.38095736936405,-52.38095736936405,-0.4761904263015975,-4.761903786873216e-08,-4.761903786873216e-08,4.761904263015976e-10,47.61903786873216,47.61903786873216,-0.4761905215396733,-52.38095736936405,0.4761905215396733,0,-0.4761904263015975,-4.761903786873216e-08,-4.761903786873216e-08,0,0,0,0.4761904263015975,4.761903786873216e-08,4.761903786873216e-08,4.761904263015976e-10,47.61903786873216,47.61903786873216
27.8,52.38095736984025,99.99999523809622,99.99999523809622,-47.61904263015975,-4.761903786873216e-06,-4.761903786873216e-06,0,0,0.4761905215396732,110,52.38095736936406,0.4761904263015975,4.761903786873216e-08,4.761903786873216e-08,1e-09,1000000000,1000000000,4.761904263015975e-10,47.61903786873216,47.61903786873216,60,0.9,22,3,1,1,1,1,2,1,1,1,1,1,1,-0.4761904263015975,-4.761903786873216e-08,-4.761903786873216e-08,0.4761904263015975,4.761903786873216e-08,4.761903786873216e-08,-52.38095736936406,-52.38095736936406,-52.38095736936406,-0.4761904263015975,-4.761903786873216e-08,-4.761903786873216e-08,4.761904263015975e-10,47.61903786873216,47.61903786873216,-0.4761905215396732,-52.38095736936406,0.4761905215396732,0,-0.4761904263015975,-4.761903786873216e-08,-4.761903786873216e-08,0,0,0,0.4761904263015975,4.761903786873216e-08,4.761903786873216e-08,4.761904263015975e-10,47.61903786873216,47.61903786873216
27.9,52.38095736984025,99.99999523809622,99.99999523809622,-47.61904263015975,-4.761903786873216e-06,-4.761903786873216e-06,0,0,0.4761905215396733,110,52.38095736936405,0.4761904263015975,4.761903786873216e-08,4.761903786873216e-08,1e-09,1000000000,1000000000,4.761904263015976e-10,47.61903786873216,47.61903786873216,60,0.9,22,3,1,1,1,1,2,1,1,1,1,1,1,-0.4761904263015975,-4.761903786873216e-08,-4.761903786873216e-08,0.4761904263015975,4.761903786873216e-08,4.761903786873216e-08,-52.38095736936405,-52.38095736936405,-52.38095736936405,-0.4761904263015975,-4.761903786873216e-08,-4.761903786873216e-08,4.761904263015976e-10,47.61903786873216,47.61903786873216,-0.4761905215396733,-52.38095736936405,0.4761905215396733,0,-0.4761904263015975,-4.761903786873216e-08,-4.761903786873216e-08,0,0,0,0.4761904263015975,4.761903786873216e-08,4.761903786873216e-08,4.761904263015976e-10,47.61903786873216,47.61903786873216
28,52.38095736984025,99.99999523809622,99.99999523809622,-47.61904263015975,-4.761903786873216e-06,-4.761903786873216e-06,0,0,0.4761905215396732,110,52.38095736936406,0.4761904263015975,4.761903786873216e-08,4.761903786873216e-08,1e-09,1000000000,1000000000,4.761904263015975e-10,47.61903786873216,47.61903786873216,60,0.9,22,3,1,1,1,1,2,1,1,1,1,1,1,-0.4761904263015975,-4.761903786873216e-08,-4.761903786873216e-08,0.4761904263015975,4.761903786873216e-08,4.761903786873216e-08,-52.38095736936406,-52.38095736936406,-52.38095736936406,-0.4761904263015975,-4.761903786873216e-08,-4.761903786873216e-08,4.761904263015975e-10,47.61903786873216,47.61903786873216,-0.4761905215396732,-52.38095736936406,0.4761905215396732,0,-0.4761904263015975,-4.761903786873216e-08,-4.761903786873216e-08,0,0,0,0.4761904263015975,4.761903786873216e-08,4.761903786873216e-08,4.761904263015975e-10,47.61903786873216,47.61903786873216
28.00000000560031,52.38095736984025,99.99999523809622,99.99999523809622,-47.61904263015975,-4.761903786873216e-06,-4.761903786873216e-06,0,0,0.4761905215396733,110,52.38095736936405,0.4761904263015975,4.761903786873216e-08,4.761903786873216e-08,1e-09,1000000000,1000000000,4.761904263015976e-10,47.61903786873216,47.61903786873216,60,0.9,22,3,1,1,1,1,2,1,1,1,1,1,1,-0.4761904263015975,-4.761903786873216e-08,-4.761903786873216e-08,0.4761904263015975,4.761903786873216e-08,4.761903786873216e-08,-52.38095736936405,-52.38095736936405,-52.38095736936405,-0.4761904263015975,-4.761903786873216e-08,-4.761903786873216e-08,4.761904263015976e-10,47.61903786873216,47.61903786873216,-0.4761905215396733,-52.38095736936405,0.4761905215396733,0,-0.4761904263015975,-4.761903786873216e-08,-4.761903786873216e-08,0,0,0,0.4761904263015975,4.761903786873216e-08,4.761903786873216e-08,4.761904263015976e-10,47.61903786873216,47.61903786873216
28.00000000560031,67.74193985442145,99.9999967741943,99.9999967741943,-32.25806014557855,-3.225805692009544e-06,-3.225805692009544e-06,5.551115123125783e-17,0,0.3225806659718994,210,67.74193985409886,0.3225806014557855,3.225805692009544e-08,3.225805692009544e-08,1e-09,1000000000,1000000000,3.225806014557856e-10,32.25805692009544,32.25805692009544,60,0.9,42,3,1,1,1,1,2,1,1,1,1,1,1,-0.3225806014557855,-3.225805692009544e-08,-3.225805692009544e-08,0.3225806014557855,3.225805692009544e-08,3.225805692009544e-08,-67.74193985409886,-67.74193985409886,-67.74193985409886,-0.3225806014557855,-3.225805692009544e-08,-3.225805692009544e-08,3.225806014557856e-10,32.25805692009544,32.25805692009544,-0.3225806659718994,-67.74193985409886,0.3225806659718994,0,-0.3225806014557855,-3.225805692009544e-08,-3.225805692009544e-08,0,0,0,0.3225806014557855,3.225805692009544e-08,3.225805692009544e-08,3.225806014557856e-10,32.25805692009544,32.25805692009544
28.1,67.74193985442145,99.9999967741943,99.9999967741943,-32.25806014557855,-3.225805692009544e-06,-3.225805692009544e-06,5.551115123125783e-17,0,0.3225806659718993,210,67.74193985409886,0.3225806014557855,3.225805692009544e-08,3.225805692009544e-08,1e-09,1000000000,1000000000,3.225806014557855e-10,32.25805692009543,32.25805692009543,60,0.9,42,3,1,1,1,1,2,1,1,1,1,1,1,-0.3225806014557855,-3.225805692009544e-08,-3.225805692009544e-08,0.3225806014557855,3.225805692009544e-08,3.225805692009544e-08,-67.74193985409886,-67.74193985409886,-67.74193985409886,-0.3225806014557855,-3.225805692009544e-08,-3.225805692009544e-08,3.225806014557855e-10,32.25805692009543,32.25805692009543,-0.3225806659718993,-67.74193985409886,0.3225806659718993,0,-0.3225806014557855,-3.225805692009544e-08,-3.225805692009544e-08,0,0,0,0.3225806014557855,3.225805692009544e-08,3.225805692009544e-08,3.225806014557855e-10,32.25805692009543,32.25805692009543
28.2,67.74193985442145,99.9999967741943,99.9999967741943,-32.25806014557855,-3.225805692009544e-06,-3.225805692009544e-06,5.551115123125783e-17,0,0.3225806659718993,210,67.74193985409886,0.3225806014557855,3.225805692009544e-08,3.225805692009544e-08,1e-09,1000000000,1000000000,3.225806014557855e-10,32.25805692009543,32.25805692009543,60,0.9,42,3,1,1,1,1,2,1,1,1,1,1,1,-0.3225806014557855,-3.225805692009544e-08,-3.225805692009544e-08,0.3225806014557855,3.225805692009544e-08,3.225805692009544e-08,-67.74193985409886,-67.74193985409886,-67.74193985409886,-0.3225806014557855,-3.225805692009544e-08,-3.225805692009544e-08,3.225806014557855e-10,32.25805692009543,32.25805692009543,-0.3225806659718993,-67.74193985409886,0.3225806659718993,0,-0.3225806014557855,-3.225805692009544e-08,-3.225805692009544e-08,0,0,0,0.3225806014557855,3.225805692009544e-08,3.225805692009544e-08,3.225806014557855e-10,32.25805692009543,32.25805692009543
28.3,67.74193985442145,99.9999967741943,99.9999967741943,-32.25806014557855,-3.225805692009544e-06,-3.225805692009544e-06,5.551115123125783e-17,0,0.3225806659718993,210,67.74193985409886,0.3225806014557855,3.225805692009544e-08,3.225805692009544e-08,1e-09,1000000000,1000000000,3.225806014557855e-10,32.25805692009543,32.25805692009543,60,0.9,42,3,1,1,1,1,2,1,1,1,1,1,1,-0.3225806014557855,-3.225805692009544e-08,-3.225805692009544e-08,0.3225806014557855,3.225805692009544e-08,3.225805692009544e-08,-67.74193985409886,-67.74193985409886,-67.74193985409886,-0.3225806014557855,-3.225805692009544e-08,-3.225805692009544e-08,3.225806014557855e-10,32.25805692009543,32.25805692009543,-0.3225806659718993,-67.74193985409886,0.3225806659718993,0,-0.3225806014557855,-3.225805692009544e-08,-3.225805692009544e-08,0,0,0,0.3225806014557855,3.225805692009544e-08,3.225805692009544e-08,3.225806014557855e-10,32.25805692009543,32.25805692009543
28.4,67.74193985442145,99.9999967741943,99.9999967741943,-32.25806014557855,-3.225805692009544e-06,-3.225805692009544e-06,5.551115123125783e-17,0,0.3225806659718993,210,67.74193985409886,0.3225806014557855,3.225805692009544e-08,3.225805692009544e-08,1e-09,1000000000,1000000000,3.225806014557855e-10,32.25805692009543,32.25805692009543,60,0.9,42,3,1,1,1,1,2,1,1,1,1,1,1,-0.3225806014557855,-3.225805692009544e-08,-3.225805692009544e-08,0.3225806014557855,3.225805692009544e-08,3.225805692009544e-08,-67.74193985409886,-67.74193985409886,-67.74193985409886,-0.3225806014557855,-3.225805692009544e-08,-3.225805692009544e-08,3.225806014557855e-10,32.25805692009543,32.25805692009543,-0.3225806659718993,-67.74193985409886,0.3225806659718993,0,-0.3225806014557855,-3.225805692009544e-08,-3.225805692009544e-08,0,0,0,0.3225806014557855,3.225805692009544e-08,3.225805692009544e-08,3.225806014557855e-10,32.25805692009543,32.25805692009543
28.5,67.74193985442145,99.9999967741943,99.9999967741943,-32.25806014557855,-3.225805692009544e-06,-3.225805692009544e-06,5.551115123125783e-17,0,0.3225806659718993,210,67.74193985409886,0.3225806014557855,3.225805692009544e-08,3.225805692009544e-08,1e-09,1000000000,1000000000,3.225806014557855e-10,32.25805692009543,32.25805692009543,60,0.9,42,3,1,1,1,1,2,1,1,1,1,1,1,-0.3225806014557855,-3.225805692009544e-08,-3.225805692009544e-08,0.3225806014557855,3.225805692009544e-08,3.225805692009544e-08,-67.74193985409886,-67.74193985409886,-67.74193985409886,-0.3225806014557855,-3.225805692009544e-08,-3.225805692009544e-08,3.225806014557855e-10,32.25805692009543,32.25805692009543,-0.3225806659718993,-67.74193985409886,0.3225806659718993,0,-0.3225806014557855,-3.225805692009544e-08,-3.225805692009544e-08,0,0,0,0.3225806014557855,3.225805692009544e-08,3.225805692009544e-08,3.225806014557855e-10,32.25805692009543,32.25805692009543
28.6,67.74193985442145,99.9999967741943,99.9999967741943,-32.25806014557855,-3.225805692009544e-06,-3.225805692009544e-06,5.551115123125783e-17,0,0.3225806659718993,210,67.74193985409886,0.3225806014557855,3.225805692009544e-08,3.225805692009544e-08,1e-09,1000000000,1000000000,3.225806014557855e-10,32.25805692009543,32.25805692009543,60,0.9,42,3,1,1,1,1,2,1,1,1,1,1,1,-0.3225806014557855,-3.225805692009544e-08,-3.225805692009544e-08,0.3225806014557855,3.225805692009544e-08,3.225805692009544e-08,-67.74193985409886,-67.74193985409886,-67.74193985409886,-0.3225806014557855,-3.225805692009544e-08,-3.225805692009544e-08,3.225806014557855e-10,32.25805692009543,32.25805692009543,-0.3225806659718993,-67.74193985409886,0.3225806659718993,0,-0.3225806014557855,-3.225805692009544e-08,-3.225805692009544e-08,0,0,0,0.3225806014557855,3.225805692009544e-08,3.225805692009544e-08,3.225806014557855e-10,32.25805692009543,32.25805692009543
28.7,67.74193985442145,99.9999967741943,99.9999967741943,-32.25806014557855,-3.225805692009544e-06,-3.225805692009544e-06,5.551115123125783e-17,0,0.3225806659718993,210,67.74193985409886,0.3225806014557855,3.225805692009544e-08,3.225805692009544e-08,1e-09,1000000000,1000000000,3.225806014557855e-10,32.25805692009543,32.25805692009543,60,0.9,42,3,1,1,1,1,2,1,1,1,1,1,1,-0.3225806014557855,-3.225805692009544e-08,-3.225805692009544e-08,0.3225806014557855,3.225805692009544e-08,3.225805692009544e-08,-67.74193985409886,-67.74193985409886,-67.74193985409886,-0.3225806014557855,-3.225805692009544e-08,-3.225805692009544e-08,3.225806014557855e-10,32.25805692009543,32.25805692009543,-0.3225806659718993,-67.74193985409886,0.3225806659718993,0,-0.3225806014557855,-3.225805692009544e-08,-3.225805692009544e-08,0,0,0,0.3225806014557855,3.225805692009544e-08,3.225805692009544e-08,3.225806014557855e-10,32.25805692009543,32.25805692009543
28.8,67.74193985442145,99.9999967741943,99.9999967741943,-32.25806014557855,-3.225805692009544e-06,-3.225805692009544e-06,5.551115123125783e-17,0,0.3225806659718993,210,67.74193985409886,0.3225806014557855,3.225805692009544e-08,3.225805692009544e-08,1e-09,1000000000,1000000000,3.225806014557855e-10,32.25805692009543,32.25805692009543,60,0.9,42,3,1,1,1,1,2,1,1,1,1,1,1,-0.3225806014557855,-3.225805692009544e-08,-3.225805692009544e-08,0.3225806014557855,3.225805692009544e-08,3.225805692009544e-08,-67.74193985409886,-67.74193985409886,-67.74193985409886,-0.3225806014557855,-3.225805692009544e-08,-3.225805692009544e-08,3.225806014557855e-10,32.25805692009543,32.25805692009543,-0.3225806659718993,-67.74193985409886,0.3225806659718993,0,-0.3225806014557855,-3.225805692009544e-08,-3.225805692009544e-08,0,0,0,0.3225806014557855,3.225805692009544e-08,3.225805692009544e-08,3.225806014557855e-10,32.25805692009543,32.25805692009543
28.9,67.74193985442145,99.9999967741943,99.9999967741943,-32.25806014557855,-3.225805692009544e-06,-3.225805692009544e-06,5.551115123125783e-17,0,0.3225806659718993,210,67.74193985409886,0.3225806014557855,3.225805692009544e-08,3.225805692009544e-08,1e-09,1000000000,1000000000,3.225806014557855e-10,32.25805692009543,32.25805692009543,60,0.9,42,3,1,1,1,1,2,1,1,1,1,1,1,-0.3225806014557855,-3.225805692009544e-08,-3.225805692009544e-08,0.3225806014557855,3.225805692009544e-08,3.225805692009544e-08,-67.74193985409886,-67.74193985409886,-67.74193985409886,-0.3225806014557855,-3.225805692009544e-08,-3.225805692009544e-08,3.225806014557855e-10,32.25805692009543,32.25805692009543,-0.3225806659718993,-67.74193985409886,0.3225806659718993,0,-0.3225806014557855,-3.225805692009544e-08,-3.225805692009544e-08,0,0,0,0.3225806014557855,3.225805692009544e-08,3.225805692009544e-08,3.225806014557855e-10,32.25805692009543,32.25805692009543
29,67.74193985442145,99.9999967741943,99.9999967741943,-32.25806014557855,-3.225805692009544e-06,-3.225805692009544e-06,5.551115123125783e-17,0,0.3225806659718993,210,67.74193985409886,0.3225806014557855,3.225805692009544e-08,3.225805692009544e-08,1e-09,1000000000,1000000000,3.225806014557855e-10,32.25805692009543,32.25805692009543,60,0.9,42,3,1,1,1,1,2,1,1,1,1,1,1,-0.3225806014557855,-3.225805692009544e-08,-3.225805692009544e-08,0.3225806014557855,3.225805692009544e-08,3.225805692009544e-08,-67.74193985409886,-67.74193985409886,-67.74193985409886,-0.3225806014557855,-3.225805692009544e-08,-3.225805692009544e-08,3.225806014557855e-10,32.25805692009543,32.25805692009543,-0.3225806659718993,-67.74193985409886,0.3225806659718993,0,-0.3225806014557855,-3.225805692009544e-08,-3.225805692009544e-08,0,0,0,0.3225806014557855,3.225805692009544e-08,3.225805692009544e-08,3.225806014557855e-10,32.25805692009543,32.25805692009543
29.00000000580039,67.74193985442145,99.9999967741943,99.9999967741943,-32.25806014557855,-3.225805692009544e-06,-3.225805692009544e-06,5.551115123125783e-17,0,0.3225806659718993,210,67.74193985409886,0.3225806014557855,3.225805692009544e-08,3.225805692009544e-08,1e-09,1000000000,1000000000,3.225806014557855e-10,32.25805692009543,32.25805692009543,60,0.9,42,3,1,1,1,1,2,1,1,1,1,1,1,-0.3225806014557855,-3.225805692009544e-08,-3.225805692009544e-08,0.3225806014557855,3.225805692009544e-08,3.225805692009544e-08,-67.74193985409886,-67.74193985409886,-67.74193985409886,-0.3225806014557855,-3.225805692009544e-08,-3.225805692009544e-08,3.225806014557855e-10,32.25805692009543,32.25805692009543,-0.3225806659718993,-67.74193985409886,0.3225806659718993,0,-0.3225806014557855,-3.225805692009544e-08,-3.225805692009544e-08,0,0,0,0.3225806014557855,3.225805692009544e-08,3.225805692009544e-08,3.225806014557855e-10,32.25805692009543,32.25805692009543
29.00000000580039,77.27273078517474,99.99999772727332,99.99999772727331,-22.72726921482527,-2.272726694232585e-06,-2.272726694232585e-06,-2.775557561562891e-17,0,0.2272727376027866,340,77.27273078494747,0.2272726921482527,2.272726694232585e-08,2.272726694232585e-08,1e-09,1000000000,1000000000,2.272726921482527e-10,22.72726694232585,22.72726694232585,60,0.9,68,3,1,1,1,1,2,1,1,1,1,1,1,-0.2272726921482527,-2.272726694232585e-08,-2.272726694232585e-08,0.2272726921482527,2.272726694232585e-08,2.272726694232585e-08,-77.27273078494747,-77.27273078494747,-77.27273078494747,-0.2272726921482527,-2.272726694232585e-08,-2.272726694232585e-08,2.272726921482527e-10,22.72726694232585,22.72726694232585,-0.2272727376027866,-77.27273078494747,0.2272727376027866,0,-0.2272726921482527,-2.272726694232585e-08,-2.272726694232585e-08,0,0,0,0.2272726921482527,2.272726694232585e-08,2.272726694232585e-08,2.272726921482527e-10,22.72726694232585,22.72726694232585
29.1,77.27273078517472,99.9999977272733,99.99999772727331,-22.72726921482527,-2.272726694232585e-06,-2.272726694232587e-06,-2.775557561562891e-17,0,0.2272727376027866,340,77.27273078494744,0.2272726921482527,2.272726694232585e-08,2.272726694232587e-08,1e-09,1000000000,1000000000,2.272726921482527e-10,22.72726694232585,22.72726694232587,60,0.9,68,3,1,1,1,1,2,1,1,1,1,1,1,-0.2272726921482527,-2.272726694232585e-08,-2.272726694232587e-08,0.2272726921482527,2.272726694232585e-08,2.272726694232587e-08,-77.27273078494744,-77.27273078494744,-77.27273078494744,-0.2272726921482527,-2.272726694232585e-08,-2.272726694232587e-08,2.272726921482527e-10,22.72726694232585,22.72726694232587,-0.2272727376027866,-77.27273078494744,0.2272727376027866,0,-0.2272726921482527,-2.272726694232585e-08,-2.272726694232587e-08,0,0,0,0.2272726921482527,2.272726694232585e-08,2.272726694232587e-08,2.272726921482527e-10,22.72726694232585,22.72726694232587
29.2,77.27273078517473,99.99999772727331,99.99999772727331,-22.72726921482527,-2.272726694232585e-06,-2.272726694232585e-06,-2.775557561562891e-17,0,0.2272727376027866,340,77.27273078494746,0.2272726921482527,2.272726694232586e-08,2.272726694232586e-08,1e-09,1000000000,1000000000,2.272726921482527e-10,22.72726694232585,22.72726694232585,60,0.9,68,3,1,1,1,1,2,1,1,1,1,1,1,-0.2272726921482527,-2.272726694232586e-08,-2.272726694232586e-08,0.2272726921482527,2.272726694232586e-08,2.272726694232586e-08,-77.27273078494746,-77.27273078494746,-77.27273078494746,-0.2272726921482527,-2.272726694232586e-08,-2.272726694232586e-08,2.272726921482527e-10,22.72726694232585,22.72726694232585,-0.2272727376027866,-77.27273078494746,0.2272727376027866,0,-0.2272726921482527,-2.272726694232586e-08,-2.272726694232586e-08,0,0,0,0.2272726921482527,2.272726694232586e-08,2.272726694232586e-08,2.272726921482527e-10,22.72726694232585,22.72726694232585
29.3,77.27273078517473,99.99999772727331,99.99999772727331,-22.72726921482527,-2.272726694232585e-06,-2.272726694232585e-06,-2.775557561562891e-17,0,0.2272727376027866,340,77.27273078494746,0.2272726921482527,2.272726694232586e-08,2.272726694232586e-08,1e-09,1000000000,1000000000,2.272726921482527e-10,22.72726694232585,22.72726694232585,60,0.9,68,3,1,1,1,1,2,1,1,1,1,1,1,-0.2272726921482527,-2.272726694232586e-08,-2.272726694232586e-08,0.2272726921482527,2.272726694232586e-08,2.272726694232586e-08,-77.27273078494746,-77.27273078494746,-77.27273078494746,-0.2272726921482527,-2.272726694232586e-08,-2.272726694232586e-08,2.272726921482527e-10,22.72726694232585,22.72726694232585,-0.2272727376027866,-77.27273078494746,0.2272727376027866,0,-0.2272726921482527,-2.272726694232586e-08,-2.272726694232586e-08,0,0,0,0.2272726921482527,2.272726694232586e-08,2.272726694232586e-08,2.272726921482527e-10,22.72726694232585,22.72726694232585
29.4,77.27273078517473,99.99999772727331,99.99999772727331,-22.72726921482527,-2.272726694232585e-06,-2.272726694232585e-06,-2.775557561562891e-17,0,0.2272727376027866,340,77.27273078494746,0.2272726921482527,2.272726694232586e-08,2.272726694232586e-08,1e-09,1000000000,1000000000,2.272726921482527e-10,22.72726694232585,22.72726694232585,60,0.9,68,3,1,1,1,1,2,1,1,1,1,1,1,-0.2272726921482527,-2.272726694232586e-08,-2.272726694232586e-08,0.2272726921482527,2.272726694232586e-08,2.272726694232586e-08,-77.27273078494746,-77.27273078494746,-77.27273078494746,-0.2272726921482527,-2.272726694232586e-08,-2.272726694232586e-08,2.272726921482527e-10,22.72726694232585,22.72726694232585,-0.2272727376027866,-77.27273078494746,0.2272727376027866,0,-0.2272726921482527,-2.272726694232586e-08,-2.272726694232586e-08,0,0,0,0.2272726921482527,2.272726694232586e-08,2.272726694232586e-08,2.272726921482527e-10,22.72726694232585,22.72726694232585
29.5,77.27273078517473,99.99999772727331,99.99999772727331,-22.72726921482527,-2.272726694232585e-06,-2.272726694232585e-06,-2.775557561562891e-17,0,0.2272727376027866,340,77.27273078494746,0.2272726921482527,2.272726694232586e-08,2.272726694232586e-08,1e-09,1000000000,1000000000,2.272726921482527e-10,22.72726694232585,22.72726694232585,60,0.9,68,3,1,1,1,1,2,1,1,1,1,1,1,-0.2272726921482527,-2.272726694232586e-08,-2.272726694232586e-08,0.2272726921482527,2.272726694232586e-08,2.272726694232586e-08,-77.27273078494746,-77.27273078494746,-77.27273078494746,-0.2272726921482527,-2.272726694232586e-08,-2.272726694232586e-08,2.272726921482527e-10,22.72726694232585,22.72726694232585,-0.2272727376027866,-77.27273078494746,0.2272727376027866,0,-0.2272726921482527,-2.272726694232586e-08,-2.272726694232586e-08,0,0,0,0.2272726921482527,2.272726694232586e-08,2.272726694232586e-08,2.272726921482527e-10,22.72726694232585,22.72726694232585
29.6,77.27273078517473,99.99999772727331,99.99999772727331,-22.72726921482527,-2.272726694232585e-06,-2.272726694232585e-06,-2.775557561562891e-17,0,0.2272727376027866,340,77.27273078494746,0.2272726921482527,2.272726694232586e-08,2.272726694232586e-08,1e-09,1000000000,1000000000,2.272726921482527e-10,22.72726694232585,22.72726694232585,60,0.9,68,3,1,1,1,1,2,1,1,1,1,1,1,-0.2272726921482527,-2.272726694232586e-08,-2.272726694232586e-08,0.2272726921482527,2.272726694232586e-08,2.272726694232586e-08,-77.27273078494746,-77.27273078494746,-77.27273078494746,-0.2272726921482527,-2.272726694232586e-08,-2.272726694232586e-08,2.272726921482527e-10,22.72726694232585,22.72726694232585,-0.2272727376027866,-77.27273078494746,0.2272727376027866,0,-0.2272726921482527,-2.272726694232586e-08,-2.272726694232586e-08,0,0,0,0.2272726921482527,2.272726694232586e-08,2.272726694232586e-08,2.272726921482527e-10,22.72726694232585,22.72726694232585
29.7,77.27273078517473,99.99999772727331,99.99999772727331,-22.72726921482527,-2.272726694232585e-06,-2.272726694232585e-06,-2.775557561562891e-17,0,0.2272727376027866,340,77.27273078494746,0.2272726921482527,2.272726694232586e-08,2.272726694232586e-08,1e-09,1000000000,1000000000,2.272726921482527e-10,22.72726694232585,22.72726694232585,60,0.9,68,3,1,1,1,1,2,1,1,1,1,1,1,-0.2272726921482527,-2.272726694232586e-08,-2.272726694232586e-08,0.2272726921482527,2.272726694232586e-08,2.272726694232586e-08,-77.27273078494746,-77.27273078494746,-77.27273078494746,-0.2272726921482527,-2.272726694232586e-08,-2.272726694232586e-08,2.272726921482527e-10,22.72726694232585,22.72726694232585,-0.2272727376027866,-77.27273078494746,0.2272727376027866,0,-0.2272726921482527,-2.272726694232586e-08,-2.272726694232586e-08,0,0,0,0.2272726921482527,2.272726694232586e-08,2.272726694232586e-08,2.272726921482527e-10,22.72726694232585,22.72726694232585
29.8,77.27273078517473,99.99999772727331,99.99999772727331,-22.72726921482527,-2.272726694232585e-06,-2.272726694232585e-06,-2.775557561562891e-17,0,0.2272727376027866,340,77.27273078494746,0.2272726921482527,2.272726694232586e-08,2.272726694232586e-08,1e-09,1000000000,1000000000,2.272726921482527e-10,22.72726694232585,22.72726694232585,60,0.9,68,3,1,1,1,1,2,1,1,1,1,1,1,-0.2272726921482527,-2.272726694232586e-08,-2.272726694232586e-08,0.2272726921482527,2.272726694232586e-08,2.272726694232586e-08,-77.27273078494746,-77.27273078494746,-77.27273078494746,-0.2272726921482527,-2.272726694232586e-08,-2.272726694232586e-08,2.272726921482527e-10,22.72726694232585,22.72726694232585,-0.2272727376027866,-77.27273078494746,0.2272727376027866,0,-0.2272726921482527,-2.272726694232586e-08,-2.272726694232586e-08,0,0,0,0.2272726921482527,2.272726694232586e-08,2.272726694232586e-08,2.272726921482527e-10,22.72726694232585,22.72726694232585
29.9,77.27273078517473,99.99999772727331,99.99999772727331,-22.72726921482527,-2.272726694232585e-06,-2.272726694232585e-06,-2.775557561562891e-17,0,0.2272727376027866,340,77.27273078494746,0.2272726921482527,2.272726694232586e-08,2.272726694232586e-08,1e-09,1000000000,1000000000,2.272726921482527e-10,22.72726694232585,22.72726694232585,60,0.9,68,3,1,1,1,1,2,1,1,1,1,1,1,-0.2272726921482527,-2.272726694232586e-08,-2.272726694232586e-08,0.2272726921482527,2.272726694232586e-08,2.272726694232586e-08,-77.27273078494746,-77.27273078494746,-77.27273078494746,-0.2272726921482527,-2.272726694232586e-08,-2.272726694232586e-08,2.272726921482527e-10,22.72726694232585,22.72726694232585,-0.2272727376027866,-77.27273078494746,0.2272727376027866,0,-0.2272726921482527,-2.272726694232586e-08,-2.272726694232586e-08,0,0,0,0.2272726921482527,2.272726694232586e-08,2.272726694232586e-08,2.272726921482527e-10,22.72726694232585,22.72726694232585
30,77.27273078517473,99.99999772727331,99.99999772727331,-22.72726921482527,-2.272726694232585e-06,-2.272726694232585e-06,-2.775557561562891e-17,0,0.2272727376027866,340,77.27273078494746,0.2272726921482527,2.272726694232586e-08,2.272726694232586e-08,1e-09,1000000000,1000000000,2.272726921482527e-10,22.72726694232585,22.72726694232585,60,0.9,68,3,1,1,1,1,2,1,1,1,1,1,1,-0.2272726921482527,-2.272726694232586e-08,-2.272726694232586e-08,0.2272726921482527,2.272726694232586e-08,2.272726694232586e-08,-77.27273078494746,-77.27273078494746,-77.27273078494746,-0.2272726921482527,-2.272726694232586e-08,-2.272726694232586e-08,2.272726921482527e-10,22.72726694232585,22.72726694232585,-0.2272727376027866,-77.27273078494746,0.2272727376027866,0,-0.2272726921482527,-2.272726694232586e-08,-2.272726694232586e-08,0,0,0,0.2272726921482527,2.272726694232586e-08,2.272726694232586e-08,2.272726921482527e-10,22.72726694232585,22.72726694232585
30,77.27273078517473,99.99999772727331,99.99999772727331,-22.72726921482527,-2.272726694232585e-06,-2.272726694232585e-06,-2.775557561562891e-17,0,0.2272727376027866,340,77.27273078494746,0.2272726921482527,2.272726694232586e-08,2.272726694232586e-08,1e-09,1000000000,1000000000,2.272726921482527e-10,22.72726694232585,22.72726694232585,60,0.9,68,3,1,1,1,1,2,1,1,1,1,1,1,-0.2272726921482527,-2.272726694232586e-08,-2.272726694232586e-08,0.2272726921482527,2.272726694232586e-08,2.272726694232586e-08,-77.27273078494746,-77.27273078494746,-77.27273078494746,-0.2272726921482527,-2.272726694232586e-08,-2.272726694232586e-08,2.272726921482527e-10,22.72726694232585,22.72726694232585,-0.2272727376027866,-77.27273078494746,0.2272727376027866,0,-0.2272726921482527,-2.272726694232586e-08,-2.272726694232586e-08,0,0,0,0.2272726921482527,2.272726694232586e-08,2.272726694232586e-08,2.272726921482527e-10,22.72726694232585,22.72726694232585
