"time","circ1.bats[1].v","circ1.bats[2].v","circ1.bats[3].v","circ1.bats[1].vr","circ1.bats[2].vr","circ1.bats[3].vr","circ1.gnd.p.i","circ1.gnd.p.v","circ1.r_load.i","circ1.r_load.r_int","circ1.r_load.v","circ1.s[1].i","circ1.s[2].i","circ1.s[3].i","circ1.s[1].r_int","circ1.s[2].r_int","circ1.s[3].r_int","circ1.s[1].v","circ1.s[2].v","circ1.s[3].v","circ1.target_v","circ1.tolerance","circ1.r_load.percentage","circ1.bat_num","circ1.bats[1].state","circ1.bats[2].state","circ1.bats[3].state","circ1.r_load.state","circ1.s[1].mode","circ1.s[2].mode","circ1.s[3].mode","circ1.s[1].state","circ1.s[2].state","circ1.s[3].state","on","circ1.bats[1].i","circ1.bats[2].i","circ1.bats[3].i","circ1.bats[1].m.i","circ1.bats[2].m.i","circ1.bats[3].m.i","circ1.bats[1].m.v","circ1.bats[2].m.v","circ1.bats[3].m.v","circ1.bats[1].p.i","circ1.bats[2].p.i","circ1.bats[3].p.i","circ1.bats[1].p.v","circ1.bats[2].p.v","circ1.bats[3].p.v","circ1.r_load.m.i","circ1.r_load.m.v","circ1.r_load.p.i","circ1.r_load.p.v","circ1.s[1].m.i","circ1.s[2].m.i","circ1.s[3].m.i","circ1.s[1].m.v","circ1.s[2].m.v","circ1.s[3].m.v","circ1.s[1].p.i","circ1.s[2].p.i","circ1.s[3].p.i","circ1.s[1].p.v","circ1.s[2].p.v","circ1.s[3].p.v"
0,83.33333611113815,99.99999833333376,99.99999833333378,-16.66666388886186,-1.666666222236228e-06,-1.66666622223623e-06,0,0,0.166666672221943,500,83.33333611097149,0.1666666388886185,1.666666222236228e-08,1.66666622223623e-08,1e-09,1000000000,1000000000,1.666666388886186e-10,16.66666222236228,16.6666622223623,66,0.9,100,3,1,1,1,1,2,1,1,1,1,1,1,-0.1666666388886185,-1.666666222236228e-08,-1.66666622223623e-08,0.1666666388886185,1.666666222236228e-08,1.66666622223623e-08,-83.33333611097149,-83.33333611097149,-83.33333611097149,-0.1666666388886185,-1.666666222236228e-08,-1.66666622223623e-08,1.666666388886186e-10,16.66666222236228,16.6666622223623,-0.166666672221943,-83.33333611097149,0.166666672221943,0,-0.1666666388886185,-1.666666222236228e-08,-1.66666622223623e-08,0,0,0,0.1666666388886185,1.666666222236228e-08,1.66666622223623e-08,1.666666388886186e-10,16.66666222236228,16.6666622223623
1.004082150757313e-10,83.33333611113815,99.99999833333379,99.99999833333378,-16.66666388886186,-1.66666622223623e-06,-1.66666622223623e-06,0,0,0.166666672221943,500,83.33333611097149,0.1666666388886185,1.66666622223623e-08,1.66666622223623e-08,1e-09,1000000000,1000000000,1.666666388886186e-10,16.6666622223623,16.6666622223623,66,0.9,100,3,1,1,1,1,2,1,1,1,1,1,1,-0.1666666388886185,-1.66666622223623e-08,-1.66666622223623e-08,0.1666666388886185,1.66666622223623e-08,1.66666622223623e-08,-83.33333611097149,-83.33333611097149,-83.33333611097149,-0.1666666388886185,-1.66666622223623e-08,-1.66666622223623e-08,1.666666388886186e-10,16.6666622223623,16.6666622223623,-0.166666672221943,-83.33333611097149,0.166666672221943,0,-0.1666666388886185,-1.66666622223623e-08,-1.66666622223623e-08,0,0,0,0.1666666388886185,1.66666622223623e-08,1.66666622223623e-08,1.666666388886186e-10,16.6666622223623,16.6666622223623
1.004082150757313e-10,66.66666777788873,66.66666777788873,99.99999666666712,-33.33333222211127,-33.33333222211125,-3.333332888911171e-06,0,0,0.6666666777755541,100,66.6666677775554,0.3333333222211127,0.3333333222211126,3.333332888911171e-08,1e-09,1e-09,1000000000,3.333333222211127e-10,3.333333222211126e-10,33.33332888911171,66,0.9,20,3,1,1,1,1,2,2,1,1,1,1,2,-0.3333333222211127,-0.3333333222211126,-3.333332888911171e-08,0.3333333222211127,0.3333333222211126,3.333332888911171e-08,-66.6666677775554,-66.6666677775554,-66.6666677775554,-0.3333333222211127,-0.3333333222211126,-3.333332888911171e-08,3.333333222211127e-10,3.333333222211126e-10,33.33332888911171,-0.6666666777755541,-66.6666677775554,0.6666666777755541,0,-0.3333333222211127,-0.3333333222211126,-3.333332888911171e-08,0,0,0,0.3333333222211127,0.3333333222211126,3.333332888911171e-08,3.333333222211127e-10,3.333333222211126e-10,33.33332888911171
0.1,66.66666777788873,66.66666777788873,99.99999666666712,-33.33333222211126,-33.33333222211127,-3.333332888911171e-06,5.551115123125783e-17,0,0.6666666777755541,100,66.6666677775554,0.3333333222211126,0.3333333222211127,3.333332888911171e-08,1e-09,1e-09,1000000000,3.333333222211126e-10,3.333333222211127e-10,33.3333288891117,66,0.9,20,3,1,1,1,1,2,2,1,1,1,1,2,-0.3333333222211126,-0.3333333222211127,-3.333332888911171e-08,0.3333333222211126,0.3333333222211127,3.333332888911171e-08,-66.6666677775554,-66.6666677775554,-66.6666677775554,-0.3333333222211126,-0.3333333222211127,-3.333332888911171e-08,3.333333222211126e-10,3.333333222211127e-10,33.3333288891117,-0.6666666777755541,-66.6666677775554,0.6666666777755541,0,-0.3333333222211126,-0.3333333222211127,-3.333332888911171e-08,0,0,0,0.3333333222211126,0.3333333222211127,3.333332888911171e-08,3.333333222211126e-10,3.333333222211127e-10,33.3333288891117
0.2,66.66666777788873,66.66666777788873,99.99999666666712,-33.33333222211126,-33.33333222211127,-3.333332888911171e-06,5.551115123125783e-17,0,0.6666666777755541,100,66.6666677775554,0.3333333222211126,0.3333333222211127,3.333332888911171e-08,1e-09,1e-09,1000000000,3.333333222211126e-10,3.333333222211127e-10,33.3333288891117,66,0.9,20,3,1,1,1,1,2,2,1,1,1,1,2,-0.3333333222211126,-0.3333333222211127,-3.333332888911171e-08,0.3333333222211126,0.3333333222211127,3.333332888911171e-08,-66.6666677775554,-66.6666677775554,-66.6666677775554,-0.3333333222211126,-0.3333333222211127,-3.333332888911171e-08,3.333333222211126e-10,3.333333222211127e-10,33.3333288891117,-0.6666666777755541,-66.6666677775554,0.6666666777755541,0,-0.3333333222211126,-0.3333333222211127,-3.333332888911171e-08,0,0,0,0.3333333222211126,0.3333333222211127,3.333332888911171e-08,3.333333222211126e-10,3.333333222211127e-10,33.3333288891117
0.3,66.66666777788873,66.66666777788873,99.99999666666712,-33.33333222211126,-33.33333222211127,-3.333332888911171e-06,5.551115123125783e-17,0,0.6666666777755541,100,66.6666677775554,0.3333333222211126,0.3333333222211127,3.333332888911171e-08,1e-09,1e-09,1000000000,3.333333222211126e-10,3.333333222211127e-10,33.3333288891117,66,0.9,20,3,1,1,1,1,2,2,1,1,1,1,2,-0.3333333222211126,-0.3333333222211127,-3.333332888911171e-08,0.3333333222211126,0.3333333222211127,3.333332888911171e-08,-66.6666677775554,-66.6666677775554,-66.6666677775554,-0.3333333222211126,-0.3333333222211127,-3.333332888911171e-08,3.333333222211126e-10,3.333333222211127e-10,33.3333288891117,-0.6666666777755541,-66.6666677775554,0.6666666777755541,0,-0.3333333222211126,-0.3333333222211127,-3.333332888911171e-08,0,0,0,0.3333333222211126,0.3333333222211127,3.333332888911171e-08,3.333333222211126e-10,3.333333222211127e-10,33.3333288891117
0.4,66.66666777788873,66.66666777788873,99.99999666666712,-33.33333222211126,-33.33333222211127,-3.333332888911171e-06,5.551115123125783e-17,0,0.6666666777755541,100,66.6666677775554,0.3333333222211126,0.3333333222211127,3.333332888911171e-08,1e-09,1e-09,1000000000,3.333333222211126e-10,3.333333222211127e-10,33.3333288891117,66,0.9,20,3,1,1,1,1,2,2,1,1,1,1,2,-0.3333333222211126,-0.3333333222211127,-3.333332888911171e-08,0.3333333222211126,0.3333333222211127,3.333332888911171e-08,-66.6666677775554,-66.6666677775554,-66.6666677775554,-0.3333333222211126,-0.3333333222211127,-3.333332888911171e-08,3.333333222211126e-10,3.333333222211127e-10,33.3333288891117,-0.6666666777755541,-66.6666677775554,0.6666666777755541,0,-0.3333333222211126,-0.3333333222211127,-3.333332888911171e-08,0,0,0,0.3333333222211126,0.3333333222211127,3.333332888911171e-08,3.333333222211126e-10,3.333333222211127e-10,33.3333288891117
0.5,66.66666777788873,66.66666777788873,99.99999666666712,-33.33333222211126,-33.33333222211127,-3.333332888911171e-06,5.551115123125783e-17,0,0.6666666777755541,100,66.6666677775554,0.3333333222211126,0.3333333222211127,3.333332888911171e-08,1e-09,1e-09,1000000000,3.333333222211126e-10,3.333333222211127e-10,33.3333288891117,66,0.9,20,3,1,1,1,1,2,2,1,1,1,1,2,-0.3333333222211126,-0.3333333222211127,-3.333332888911171e-08,0.3333333222211126,0.3333333222211127,3.333332888911171e-08,-66.6666677775554,-66.6666677775554,-66.6666677775554,-0.3333333222211126,-0.3333333222211127,-3.333332888911171e-08,3.333333222211126e-10,3.333333222211127e-10,33.3333288891117,-0.6666666777755541,-66.6666677775554,0.6666666777755541,0,-0.3333333222211126,-0.3333333222211127,-3.333332888911171e-08,0,0,0,0.3333333222211126,0.3333333222211127,3.333332888911171e-08,3.333333222211126e-10,3.333333222211127e-10,33.3333288891117
0.6,66.66666777788873,66.66666777788873,99.99999666666712,-33.33333222211126,-33.33333222211127,-3.333332888911171e-06,5.551115123125783e-17,0,0.6666666777755541,100,66.6666677775554,0.3333333222211126,0.3333333222211127,3.333332888911171e-08,1e-09,1e-09,1000000000,3.333333222211126e-10,3.333333222211127e-10,33.3333288891117,66,0.9,20,3,1,1,1,1,2,2,1,1,1,1,2,-0.3333333222211126,-0.3333333222211127,-3.333332888911171e-08,0.3333333222211126,0.3333333222211127,3.333332888911171e-08,-66.6666677775554,-66.6666677775554,-66.6666677775554,-0.3333333222211126,-0.3333333222211127,-3.333332888911171e-08,3.333333222211126e-10,3.333333222211127e-10,33.3333288891117,-0.6666666777755541,-66.6666677775554,0.6666666777755541,0,-0.3333333222211126,-0.3333333222211127,-3.333332888911171e-08,0,0,0,0.3333333222211126,0.3333333222211127,3.333332888911171e-08,3.333333222211126e-10,3.333333222211127e-10,33.3333288891117
0.7,66.66666777788873,66.66666777788873,99.99999666666712,-33.33333222211126,-33.33333222211127,-3.333332888911171e-06,5.551115123125783e-17,0,0.6666666777755541,100,66.6666677775554,0.3333333222211126,0.3333333222211127,3.333332888911171e-08,1e-09,1e-09,1000000000,3.333333222211126e-10,3.333333222211127e-10,33.3333288891117,66,0.9,20,3,1,1,1,1,2,2,1,1,1,1,2,-0.3333333222211126,-0.3333333222211127,-3.333332888911171e-08,0.3333333222211126,0.3333333222211127,3.333332888911171e-08,-66.6666677775554,-66.6666677775554,-66.6666677775554,-0.3333333222211126,-0.3333333222211127,-3.333332888911171e-08,3.333333222211126e-10,3.333333222211127e-10,33.3333288891117,-0.6666666777755541,-66.6666677775554,0.6666666777755541,0,-0.3333333222211126,-0.3333333222211127,-3.333332888911171e-08,0,0,0,0.3333333222211126,0.3333333222211127,3.333332888911171e-08,3.333333222211126e-10,3.333333222211127e-10,33.3333288891117
0.8,66.66666777788873,66.66666777788873,99.99999666666712,-33.33333222211126,-33.33333222211127,-3.333332888911171e-06,5.551115123125783e-17,0,0.6666666777755541,100,66.6666677775554,0.3333333222211126,0.3333333222211127,3.333332888911171e-08,1e-09,1e-09,1000000000,3.333333222211126e-10,3.333333222211127e-10,33.3333288891117,66,0.9,20,3,1,1,1,1,2,2,1,1,1,1,2,-0.3333333222211126,-0.3333333222211127,-3.333332888911171e-08,0.3333333222211126,0.3333333222211127,3.333332888911171e-08,-66.6666677775554,-66.6666677775554,-66.6666677775554,-0.3333333222211126,-0.3333333222211127,-3.333332888911171e-08,3.333333222211126e-10,3.333333222211127e-10,33.3333288891117,-0.6666666777755541,-66.6666677775554,0.6666666777755541,0,-0.3333333222211126,-0.3333333222211127,-3.333332888911171e-08,0,0,0,0.3333333222211126,0.3333333222211127,3.333332888911171e-08,3.333333222211126e-10,3.333333222211127e-10,33.3333288891117
0.9,66.66666777788873,66.66666777788873,99.99999666666712,-33.33333222211126,-33.33333222211127,-3.333332888911171e-06,5.551115123125783e-17,0,0.6666666777755541,100,66.6666677775554,0.3333333222211126,0.3333333222211127,3.333332888911171e-08,1e-09,1e-09,1000000000,3.333333222211126e-10,3.333333222211127e-10,33.3333288891117,66,0.9,20,3,1,1,1,1,2,2,1,1,1,1,2,-0.3333333222211126,-0.3333333222211127,-3.333332888911171e-08,0.3333333222211126,0.3333333222211127,3.333332888911171e-08,-66.6666677775554,-66.6666677775554,-66.6666677775554,-0.3333333222211126,-0.3333333222211127,-3.333332888911171e-08,3.333333222211126e-10,3.333333222211127e-10,33.3333288891117,-0.6666666777755541,-66.6666677775554,0.6666666777755541,0,-0.3333333222211126,-0.3333333222211127,-3.333332888911171e-08,0,0,0,0.3333333222211126,0.3333333222211127,3.333332888911171e-08,3.333333222211126e-10,3.333333222211127e-10,33.3333288891117
1,66.66666777788873,66.66666777788873,99.99999666666712,-33.33333222211126,-33.33333222211127,-3.333332888911171e-06,5.551115123125783e-17,0,0.6666666777755541,100,66.6666677775554,0.3333333222211126,0.3333333222211127,3.333332888911171e-08,1e-09,1e-09,1000000000,3.333333222211126e-10,3.333333222211127e-10,33.3333288891117,66,0.9,20,3,1,1,1,1,2,2,1,1,1,1,2,-0.3333333222211126,-0.3333333222211127,-3.333332888911171e-08,0.3333333222211126,0.3333333222211127,3.333332888911171e-08,-66.6666677775554,-66.6666677775554,-66.6666677775554,-0.3333333222211126,-0.3333333222211127,-3.333332888911171e-08,3.333333222211126e-10,3.333333222211127e-10,33.3333288891117,-0.6666666777755541,-66.6666677775554,0.6666666777755541,0,-0.3333333222211126,-0.3333333222211127,-3.333332888911171e-08,0,0,0,0.3333333222211126,0.3333333222211127,3.333332888911171e-08,3.333333222211126e-10,3.333333222211127e-10,33.3333288891117
1.1,66.66666777788873,66.66666777788873,99.99999666666712,-33.33333222211126,-33.33333222211127,-3.333332888911171e-06,5.551115123125783e-17,0,0.6666666777755541,100,66.6666677775554,0.3333333222211126,0.3333333222211127,3.333332888911171e-08,1e-09,1e-09,1000000000,3.333333222211126e-10,3.333333222211127e-10,33.3333288891117,66,0.9,20,3,1,1,1,1,2,2,1,1,1,1,2,-0.3333333222211126,-0.3333333222211127,-3.333332888911171e-08,0.3333333222211126,0.3333333222211127,3.333332888911171e-08,-66.6666677775554,-66.6666677775554,-66.6666677775554,-0.3333333222211126,-0.3333333222211127,-3.333332888911171e-08,3.333333222211126e-10,3.333333222211127e-10,33.3333288891117,-0.6666666777755541,-66.6666677775554,0.6666666777755541,0,-0.3333333222211126,-0.3333333222211127,-3.333332888911171e-08,0,0,0,0.3333333222211126,0.3333333222211127,3.333332888911171e-08,3.333333222211126e-10,3.333333222211127e-10,33.3333288891117
1.2,66.66666777788873,66.66666777788873,99.99999666666712,-33.33333222211126,-33.33333222211127,-3.333332888911171e-06,5.551115123125783e-17,0,0.6666666777755541,100,66.6666677775554,0.3333333222211126,0.3333333222211127,3.333332888911171e-08,1e-09,1e-09,1000000000,3.333333222211126e-10,3.333333222211127e-10,33.3333288891117,66,0.9,20,3,1,1,1,1,2,2,1,1,1,1,2,-0.3333333222211126,-0.3333333222211127,-3.333332888911171e-08,0.3333333222211126,0.3333333222211127,3.333332888911171e-08,-66.6666677775554,-66.6666677775554,-66.6666677775554,-0.3333333222211126,-0.3333333222211127,-3.333332888911171e-08,3.333333222211126e-10,3.333333222211127e-10,33.3333288891117,-0.6666666777755541,-66.6666677775554,0.6666666777755541,0,-0.3333333222211126,-0.3333333222211127,-3.333332888911171e-08,0,0,0,0.3333333222211126,0.3333333222211127,3.333332888911171e-08,3.333333222211126e-10,3.333333222211127e-10,33.3333288891117
1.3,66.66666777788873,66.66666777788873,99.99999666666712,-33.33333222211126,-33.33333222211127,-3.333332888911171e-06,5.551115123125783e-17,0,0.6666666777755541,100,66.6666677775554,0.3333333222211126,0.3333333222211127,3.333332888911171e-08,1e-09,1e-09,1000000000,3.333333222211126e-10,3.333333222211127e-10,33.3333288891117,66,0.9,20,3,1,1,1,1,2,2,1,1,1,1,2,-0.3333333222211126,-0.3333333222211127,-3.333332888911171e-08,0.3333333222211126,0.3333333222211127,3.333332888911171e-08,-66.6666677775554,-66.6666677775554,-66.6666677775554,-0.3333333222211126,-0.3333333222211127,-3.333332888911171e-08,3.333333222211126e-10,3.333333222211127e-10,33.3333288891117,-0.6666666777755541,-66.6666677775554,0.6666666777755541,0,-0.3333333222211126,-0.3333333222211127,-3.333332888911171e-08,0,0,0,0.3333333222211126,0.3333333222211127,3.333332888911171e-08,3.333333222211126e-10,3.333333222211127e-10,33.3333288891117
1.4,66.66666777788873,66.66666777788873,99.99999666666712,-33.33333222211126,-33.33333222211127,-3.333332888911171e-06,5.551115123125783e-17,0,0.6666666777755541,100,66.6666677775554,0.3333333222211126,0.3333333222211127,3.333332888911171e-08,1e-09,1e-09,1000000000,3.333333222211126e-10,3.333333222211127e-10,33.3333288891117,66,0.9,20,3,1,1,1,1,2,2,1,1,1,1,2,-0.3333333222211126,-0.3333333222211127,-3.333332888911171e-08,0.3333333222211126,0.3333333222211127,3.333332888911171e-08,-66.6666677775554,-66.6666677775554,-66.6666677775554,-0.3333333222211126,-0.3333333222211127,-3.333332888911171e-08,3.333333222211126e-10,3.333333222211127e-10,33.3333288891117,-0.6666666777755541,-66.6666677775554,0.6666666777755541,0,-0.3333333222211126,-0.3333333222211127,-3.333332888911171e-08,0,0,0,0.3333333222211126,0.3333333222211127,3.333332888911171e-08,3.333333222211126e-10,3.333333222211127e-10,33.3333288891117
1.5,66.66666777788873,66.66666777788873,99.99999666666712,-33.33333222211126,-33.33333222211127,-3.333332888911171e-06,5.551115123125783e-17,0,0.6666666777755541,100,66.6666677775554,0.3333333222211126,0.3333333222211127,3.333332888911171e-08,1e-09,1e-09,1000000000,3.333333222211126e-10,3.333333222211127e-10,33.3333288891117,66,0.9,20,3,1,1,1,1,2,2,1,1,1,1,2,-0.3333333222211126,-0.3333333222211127,-3.333332888911171e-08,0.3333333222211126,0.3333333222211127,3.333332888911171e-08,-66.6666677775554,-66.6666677775554,-66.6666677775554,-0.3333333222211126,-0.3333333222211127,-3.333332888911171e-08,3.333333222211126e-10,3.333333222211127e-10,33.3333288891117,-0.6666666777755541,-66.6666677775554,0.6666666777755541,0,-0.3333333222211126,-0.3333333222211127,-3.333332888911171e-08,0,0,0,0.3333333222211126,0.3333333222211127,3.333332888911171e-08,3.333333222211126e-10,3.333333222211127e-10,33.3333288891117
1.6,66.66666777788873,66.66666777788873,99.99999666666712,-33.33333222211126,-33.33333222211127,-3.333332888911171e-06,5.551115123125783e-17,0,0.6666666777755541,100,66.6666677775554,0.3333333222211126,0.3333333222211127,3.333332888911171e-08,1e-09,1e-09,1000000000,3.333333222211126e-10,3.333333222211127e-10,33.3333288891117,66,0.9,20,3,1,1,1,1,2,2,1,1,1,1,2,-0.3333333222211126,-0.3333333222211127,-3.333332888911171e-08,0.3333333222211126,0.3333333222211127,3.333332888911171e-08,-66.6666677775554,-66.6666677775554,-66.6666677775554,-0.3333333222211126,-0.3333333222211127,-3.333332888911171e-08,3.333333222211126e-10,3.333333222211127e-10,33.3333288891117,-0.6666666777755541,-66.6666677775554,0.6666666777755541,0,-0.3333333222211126,-0.3333333222211127,-3.333332888911171e-08,0,0,0,0.3333333222211126,0.3333333222211127,3.333332888911171e-08,3.333333222211126e-10,3.333333222211127e-10,33.3333288891117
1.7,66.66666777788873,66.66666777788873,99.99999666666712,-33.33333222211126,-33.33333222211127,-3.333332888911171e-06,5.551115123125783e-17,0,0.6666666777755541,100,66.6666677775554,0.3333333222211126,0.3333333222211127,3.333332888911171e-08,1e-09,1e-09,1000000000,3.333333222211126e-10,3.333333222211127e-10,33.3333288891117,66,0.9,20,3,1,1,1,1,2,2,1,1,1,1,2,-0.3333333222211126,-0.3333333222211127,-3.333332888911171e-08,0.3333333222211126,0.3333333222211127,3.333332888911171e-08,-66.6666677775554,-66.6666677775554,-66.6666677775554,-0.3333333222211126,-0.3333333222211127,-3.333332888911171e-08,3.333333222211126e-10,3.333333222211127e-10,33.3333288891117,-0.6666666777755541,-66.6666677775554,0.6666666777755541,0,-0.3333333222211126,-0.3333333222211127,-3.333332888911171e-08,0,0,0,0.3333333222211126,0.3333333222211127,3.333332888911171e-08,3.333333222211126e-10,3.333333222211127e-10,33.3333288891117
1.8,66.66666777788873,66.66666777788873,99.99999666666712,-33.33333222211126,-33.33333222211127,-3.333332888911171e-06,5.551115123125783e-17,0,0.6666666777755541,100,66.6666677775554,0.3333333222211126,0.3333333222211127,3.333332888911171e-08,1e-09,1e-09,1000000000,3.333333222211126e-10,3.333333222211127e-10,33.3333288891117,66,0.9,20,3,1,1,1,1,2,2,1,1,1,1,2,-0.3333333222211126,-0.3333333222211127,-3.333332888911171e-08,0.3333333222211126,0.3333333222211127,3.333332888911171e-08,-66.6666677775554,-66.6666677775554,-66.6666677775554,-0.3333333222211126,-0.3333333222211127,-3.333332888911171e-08,3.333333222211126e-10,3.333333222211127e-10,33.3333288891117,-0.6666666777755541,-66.6666677775554,0.6666666777755541,0,-0.3333333222211126,-0.3333333222211127,-3.333332888911171e-08,0,0,0,0.3333333222211126,0.3333333222211127,3.333332888911171e-08,3.333333222211126e-10,3.333333222211127e-10,33.3333288891117
1.9,66.66666777788873,66.66666777788873,99.99999666666712,-33.33333222211126,-33.33333222211127,-3.333332888911171e-06,5.551115123125783e-17,0,0.6666666777755541,100,66.6666677775554,0.3333333222211126,0.3333333222211127,3.333332888911171e-08,1e-09,1e-09,1000000000,3.333333222211126e-10,3.333333222211127e-10,33.3333288891117,66,0.9,20,3,1,1,1,1,2,2,1,1,1,1,2,-0.3333333222211126,-0.3333333222211127,-3.333332888911171e-08,0.3333333222211126,0.3333333222211127,3.333332888911171e-08,-66.6666677775554,-66.6666677775554,-66.6666677775554,-0.3333333222211126,-0.3333333222211127,-3.333332888911171e-08,3.333333222211126e-10,3.333333222211127e-10,33.3333288891117,-0.6666666777755541,-66.6666677775554,0.6666666777755541,0,-0.3333333222211126,-0.3333333222211127,-3.333332888911171e-08,0,0,0,0.3333333222211126,0.3333333222211127,3.333332888911171e-08,3.333333222211126e-10,3.333333222211127e-10,33.3333288891117
2,66.66666777788873,66.66666777788873,99.99999666666712,-33.33333222211126,-33.33333222211127,-3.333332888911171e-06,5.551115123125783e-17,0,0.6666666777755541,100,66.6666677775554,0.3333333222211126,0.3333333222211127,3.333332888911171e-08,1e-09,1e-09,1000000000,3.333333222211126e-10,3.333333222211127e-10,33.3333288891117,66,0.9,20,3,1,1,1,1,2,2,1,1,1,1,2,-0.3333333222211126,-0.3333333222211127,-3.333332888911171e-08,0.3333333222211126,0.3333333222211127,3.333332888911171e-08,-66.6666677775554,-66.6666677775554,-66.6666677775554,-0.3333333222211126,-0.3333333222211127,-3.333332888911171e-08,3.333333222211126e-10,3.333333222211127e-10,33.3333288891117,-0.6666666777755541,-66.6666677775554,0.6666666777755541,0,-0.3333333222211126,-0.3333333222211127,-3.333332888911171e-08,0,0,0,0.3333333222211126,0.3333333222211127,3.333332888911171e-08,3.333333222211126e-10,3.333333222211127e-10,33.3333288891117
2.1,66.66666777788873,66.66666777788873,99.99999666666712,-33.33333222211126,-33.33333222211127,-3.333332888911171e-06,5.551115123125783e-17,0,0.6666666777755541,100,66.6666677775554,0.3333333222211126,0.3333333222211127,3.333332888911171e-08,1e-09,1e-09,1000000000,3.333333222211126e-10,3.333333222211127e-10,33.3333288891117,66,0.9,20,3,1,1,1,1,2,2,1,1,1,1,2,-0.3333333222211126,-0.3333333222211127,-3.333332888911171e-08,0.3333333222211126,0.3333333222211127,3.333332888911171e-08,-66.6666677775554,-66.6666677775554,-66.6666677775554,-0.3333333222211126,-0.3333333222211127,-3.333332888911171e-08,3.333333222211126e-10,3.333333222211127e-10,33.3333288891117,-0.6666666777755541,-66.6666677775554,0.6666666777755541,0,-0.3333333222211126,-0.3333333222211127,-3.333332888911171e-08,0,0,0,0.3333333222211126,0.3333333222211127,3.333332888911171e-08,3.333333222211126e-10,3.333333222211127e-10,33.3333288891117
2.2,66.66666777788873,66.66666777788873,99.99999666666712,-33.33333222211126,-33.33333222211127,-3.333332888911171e-06,5.551115123125783e-17,0,0.6666666777755541,100,66.6666677775554,0.3333333222211126,0.3333333222211127,3.333332888911171e-08,1e-09,1e-09,1000000000,3.333333222211126e-10,3.333333222211127e-10,33.3333288891117,66,0.9,20,3,1,1,1,1,2,2,1,1,1,1,2,-0.3333333222211126,-0.3333333222211127,-3.333332888911171e-08,0.3333333222211126,0.3333333222211127,3.333332888911171e-08,-66.6666677775554,-66.6666677775554,-66.6666677775554,-0.3333333222211126,-0.3333333222211127,-3.333332888911171e-08,3.333333222211126e-10,3.333333222211127e-10,33.3333288891117,-0.6666666777755541,-66.6666677775554,0.6666666777755541,0,-0.3333333222211126,-0.3333333222211127,-3.333332888911171e-08,0,0,0,0.3333333222211126,0.3333333222211127,3.333332888911171e-08,3.333333222211126e-10,3.333333222211127e-10,33.3333288891117
2.3,66.66666777788873,66.66666777788873,99.99999666666712,-33.33333222211126,-33.33333222211127,-3.333332888911171e-06,5.551115123125783e-17,0,0.6666666777755541,100,66.6666677775554,0.3333333222211126,0.3333333222211127,3.333332888911171e-08,1e-09,1e-09,1000000000,3.333333222211126e-10,3.333333222211127e-10,33.3333288891117,66,0.9,20,3,1,1,1,1,2,2,1,1,1,1,2,-0.3333333222211126,-0.3333333222211127,-3.333332888911171e-08,0.3333333222211126,0.3333333222211127,3.333332888911171e-08,-66.6666677775554,-66.6666677775554,-66.6666677775554,-0.3333333222211126,-0.3333333222211127,-3.333332888911171e-08,3.333333222211126e-10,3.333333222211127e-10,33.3333288891117,-0.6666666777755541,-66.6666677775554,0.6666666777755541,0,-0.3333333222211126,-0.3333333222211127,-3.333332888911171e-08,0,0,0,0.3333333222211126,0.3333333222211127,3.333332888911171e-08,3.333333222211126e-10,3.333333222211127e-10,33.3333288891117
2.4,66.66666777788873,66.66666777788873,99.99999666666712,-33.33333222211126,-33.33333222211127,-3.333332888911171e-06,5.551115123125783e-17,0,0.6666666777755541,100,66.6666677775554,0.3333333222211126,0.3333333222211127,3.333332888911171e-08,1e-09,1e-09,1000000000,3.333333222211126e-10,3.333333222211127e-10,33.3333288891117,66,0.9,20,3,1,1,1,1,2,2,1,1,1,1,2,-0.3333333222211126,-0.3333333222211127,-3.333332888911171e-08,0.3333333222211126,0.3333333222211127,3.333332888911171e-08,-66.6666677775554,-66.6666677775554,-66.6666677775554,-0.3333333222211126,-0.3333333222211127,-3.333332888911171e-08,3.333333222211126e-10,3.333333222211127e-10,33.3333288891117,-0.6666666777755541,-66.6666677775554,0.6666666777755541,0,-0.3333333222211126,-0.3333333222211127,-3.333332888911171e-08,0,0,0,0.3333333222211126,0.3333333222211127,3.333332888911171e-08,3.333333222211126e-10,3.333333222211127e-10,33.3333288891117
2.5,66.66666777788873,66.66666777788873,99.99999666666712,-33.33333222211126,-33.33333222211127,-3.333332888911171e-06,5.551115123125783e-17,0,0.6666666777755541,100,66.6666677775554,0.3333333222211126,0.3333333222211127,3.333332888911171e-08,1e-09,1e-09,1000000000,3.333333222211126e-10,3.333333222211127e-10,33.3333288891117,66,0.9,20,3,1,1,1,1,2,2,1,1,1,1,2,-0.3333333222211126,-0.3333333222211127,-3.333332888911171e-08,0.3333333222211126,0.3333333222211127,3.333332888911171e-08,-66.6666677775554,-66.6666677775554,-66.6666677775554,-0.3333333222211126,-0.3333333222211127,-3.333332888911171e-08,3.333333222211126e-10,3.333333222211127e-10,33.3333288891117,-0.6666666777755541,-66.6666677775554,0.6666666777755541,0,-0.3333333222211126,-0.3333333222211127,-3.333332888911171e-08,0,0,0,0.3333333222211126,0.3333333222211127,3.333332888911171e-08,3.333333222211126e-10,3.333333222211127e-10,33.3333288891117
2.6,66.66666777788873,66.66666777788873,99.99999666666712,-33.33333222211126,-33.33333222211127,-3.333332888911171e-06,5.551115123125783e-17,0,0.6666666777755541,100,66.6666677775554,0.3333333222211126,0.3333333222211127,3.333332888911171e-08,1e-09,1e-09,1000000000,3.333333222211126e-10,3.333333222211127e-10,33.3333288891117,66,0.9,20,3,1,1,1,1,2,2,1,1,1,1,2,-0.3333333222211126,-0.3333333222211127,-3.333332888911171e-08,0.3333333222211126,0.3333333222211127,3.333332888911171e-08,-66.6666677775554,-66.6666677775554,-66.6666677775554,-0.3333333222211126,-0.3333333222211127,-3.333332888911171e-08,3.333333222211126e-10,3.333333222211127e-10,33.3333288891117,-0.6666666777755541,-66.6666677775554,0.6666666777755541,0,-0.3333333222211126,-0.3333333222211127,-3.333332888911171e-08,0,0,0,0.3333333222211126,0.3333333222211127,3.333332888911171e-08,3.333333222211126e-10,3.333333222211127e-10,33.3333288891117
2.7,66.66666777788873,66.66666777788873,99.99999666666712,-33.33333222211126,-33.33333222211127,-3.333332888911171e-06,5.551115123125783e-17,0,0.6666666777755541,100,66.6666677775554,0.3333333222211126,0.3333333222211127,3.333332888911171e-08,1e-09,1e-09,1000000000,3.333333222211126e-10,3.333333222211127e-10,33.3333288891117,66,0.9,20,3,1,1,1,1,2,2,1,1,1,1,2,-0.3333333222211126,-0.3333333222211127,-3.333332888911171e-08,0.3333333222211126,0.3333333222211127,3.333332888911171e-08,-66.6666677775554,-66.6666677775554,-66.6666677775554,-0.3333333222211126,-0.3333333222211127,-3.333332888911171e-08,3.333333222211126e-10,3.333333222211127e-10,33.3333288891117,-0.6666666777755541,-66.6666677775554,0.6666666777755541,0,-0.3333333222211126,-0.3333333222211127,-3.333332888911171e-08,0,0,0,0.3333333222211126,0.3333333222211127,3.333332888911171e-08,3.333333222211126e-10,3.333333222211127e-10,33.3333288891117
2.8,66.66666777788873,66.66666777788873,99.99999666666712,-33.33333222211126,-33.33333222211127,-3.333332888911171e-06,5.551115123125783e-17,0,0.6666666777755541,100,66.6666677775554,0.3333333222211126,0.3333333222211127,3.333332888911171e-08,1e-09,1e-09,1000000000,3.333333222211126e-10,3.333333222211127e-10,33.3333288891117,66,0.9,20,3,1,1,1,1,2,2,1,1,1,1,2,-0.3333333222211126,-0.3333333222211127,-3.333332888911171e-08,0.3333333222211126,0.3333333222211127,3.333332888911171e-08,-66.6666677775554,-66.6666677775554,-66.6666677775554,-0.3333333222211126,-0.3333333222211127,-3.333332888911171e-08,3.333333222211126e-10,3.333333222211127e-10,33.3333288891117,-0.6666666777755541,-66.6666677775554,0.6666666777755541,0,-0.3333333222211126,-0.3333333222211127,-3.333332888911171e-08,0,0,0,0.3333333222211126,0.3333333222211127,3.333332888911171e-08,3.333333222211126e-10,3.333333222211127e-10,33.3333288891117
2.9,66.66666777788873,66.66666777788873,99.99999666666712,-33.33333222211126,-33.33333222211127,-3.333332888911171e-06,5.551115123125783e-17,0,0.6666666777755541,100,66.6666677775554,0.3333333222211126,0.3333333222211127,3.333332888911171e-08,1e-09,1e-09,1000000000,3.333333222211126e-10,3.333333222211127e-10,33.3333288891117,66,0.9,20,3,1,1,1,1,2,2,1,1,1,1,2,-0.3333333222211126,-0.3333333222211127,-3.333332888911171e-08,0.3333333222211126,0.3333333222211127,3.333332888911171e-08,-66.6666677775554,-66.6666677775554,-66.6666677775554,-0.3333333222211126,-0.3333333222211127,-3.333332888911171e-08,3.333333222211126e-10,3.333333222211127e-10,33.3333288891117,-0.6666666777755541,-66.6666677775554,0.6666666777755541,0,-0.3333333222211126,-0.3333333222211127,-3.333332888911171e-08,0,0,0,0.3333333222211126,0.3333333222211127,3.333332888911171e-08,3.333333222211126e-10,3.333333222211127e-10,33.3333288891117
3,66.66666777788873,66.66666777788873,99.99999666666712,-33.33333222211126,-33.33333222211127,-3.333332888911171e-06,5.551115123125783e-17,0,0.6666666777755541,100,66.6666677775554,0.3333333222211126,0.3333333222211127,3.333332888911171e-08,1e-09,1e-09,1000000000,3.333333222211126e-10,3.333333222211127e-10,33.3333288891117,66,0.9,20,3,1,1,1,1,2,2,1,1,1,1,2,-0.3333333222211126,-0.3333333222211127,-3.333332888911171e-08,0.3333333222211126,0.3333333222211127,3.333332888911171e-08,-66.6666677775554,-66.6666677775554,-66.6666677775554,-0.3333333222211126,-0.3333333222211127,-3.333332888911171e-08,3.333333222211126e-10,3.333333222211127e-10,33.3333288891117,-0.6666666777755541,-66.6666677775554,0.6666666777755541,0,-0.3333333222211126,-0.3333333222211127,-3.333332888911171e-08,0,0,0,0.3333333222211126,0.3333333222211127,3.333332888911171e-08,3.333333222211126e-10,3.333333222211127e-10,33.3333288891117
3.1,66.66666777788873,66.66666777788873,99.99999666666712,-33.33333222211126,-33.33333222211127,-3.333332888911171e-06,5.551115123125783e-17,0,0.6666666777755541,100,66.6666677775554,0.3333333222211126,0.3333333222211127,3.333332888911171e-08,1e-09,1e-09,1000000000,3.333333222211126e-10,3.333333222211127e-10,33.3333288891117,66,0.9,20,3,1,1,1,1,2,2,1,1,1,1,2,-0.3333333222211126,-0.3333333222211127,-3.333332888911171e-08,0.3333333222211126,0.3333333222211127,3.333332888911171e-08,-66.6666677775554,-66.6666677775554,-66.6666677775554,-0.3333333222211126,-0.3333333222211127,-3.333332888911171e-08,3.333333222211126e-10,3.333333222211127e-10,33.3333288891117,-0.6666666777755541,-66.6666677775554,0.6666666777755541,0,-0.3333333222211126,-0.3333333222211127,-3.333332888911171e-08,0,0,0,0.3333333222211126,0.3333333222211127,3.333332888911171e-08,3.333333222211126e-10,3.333333222211127e-10,33.3333288891117
3.2,66.66666777788873,66.66666777788873,99.99999666666712,-33.33333222211126,-33.33333222211127,-3.333332888911171e-06,5.551115123125783e-17,0,0.6666666777755541,100,66.6666677775554,0.3333333222211126,0.3333333222211127,3.333332888911171e-08,1e-09,1e-09,1000000000,3.333333222211126e-10,3.333333222211127e-10,33.3333288891117,66,0.9,20,3,1,1,1,1,2,2,1,1,1,1,2,-0.3333333222211126,-0.3333333222211127,-3.333332888911171e-08,0.3333333222211126,0.3333333222211127,3.333332888911171e-08,-66.6666677775554,-66.6666677775554,-66.6666677775554,-0.3333333222211126,-0.3333333222211127,-3.333332888911171e-08,3.333333222211126e-10,3.333333222211127e-10,33.3333288891117,-0.6666666777755541,-66.6666677775554,0.6666666777755541,0,-0.3333333222211126,-0.3333333222211127,-3.333332888911171e-08,0,0,0,0.3333333222211126,0.3333333222211127,3.333332888911171e-08,3.333333222211126e-10,3.333333222211127e-10,33.3333288891117
3.3,66.66666777788873,66.66666777788873,99.99999666666712,-33.33333222211126,-33.33333222211127,-3.333332888911171e-06,5.551115123125783e-17,0,0.6666666777755541,100,66.6666677775554,0.3333333222211126,0.3333333222211127,3.333332888911171e-08,1e-09,1e-09,1000000000,3.333333222211126e-10,3.333333222211127e-10,33.3333288891117,66,0.9,20,3,1,1,1,1,2,2,1,1,1,1,2,-0.3333333222211126,-0.3333333222211127,-3.333332888911171e-08,0.3333333222211126,0.3333333222211127,3.333332888911171e-08,-66.6666677775554,-66.6666677775554,-66.6666677775554,-0.3333333222211126,-0.3333333222211127,-3.333332888911171e-08,3.333333222211126e-10,3.333333222211127e-10,33.3333288891117,-0.6666666777755541,-66.6666677775554,0.6666666777755541,0,-0.3333333222211126,-0.3333333222211127,-3.333332888911171e-08,0,0,0,0.3333333222211126,0.3333333222211127,3.333332888911171e-08,3.333333222211126e-10,3.333333222211127e-10,33.3333288891117
3.4,66.66666777788873,66.66666777788873,99.99999666666712,-33.33333222211126,-33.33333222211127,-3.333332888911171e-06,5.551115123125783e-17,0,0.6666666777755541,100,66.6666677775554,0.3333333222211126,0.3333333222211127,3.333332888911171e-08,1e-09,1e-09,1000000000,3.333333222211126e-10,3.333333222211127e-10,33.3333288891117,66,0.9,20,3,1,1,1,1,2,2,1,1,1,1,2,-0.3333333222211126,-0.3333333222211127,-3.333332888911171e-08,0.3333333222211126,0.3333333222211127,3.333332888911171e-08,-66.6666677775554,-66.6666677775554,-66.6666677775554,-0.3333333222211126,-0.3333333222211127,-3.333332888911171e-08,3.333333222211126e-10,3.333333222211127e-10,33.3333288891117,-0.6666666777755541,-66.6666677775554,0.6666666777755541,0,-0.3333333222211126,-0.3333333222211127,-3.333332888911171e-08,0,0,0,0.3333333222211126,0.3333333222211127,3.333332888911171e-08,3.333333222211126e-10,3.333333222211127e-10,33.3333288891117
3.5,66.66666777788873,66.66666777788873,99.99999666666712,-33.33333222211126,-33.33333222211127,-3.333332888911171e-06,5.551115123125783e-17,0,0.6666666777755541,100,66.6666677775554,0.3333333222211126,0.3333333222211127,3.333332888911171e-08,1e-09,1e-09,1000000000,3.333333222211126e-10,3.333333222211127e-10,33.3333288891117,66,0.9,20,3,1,1,1,1,2,2,1,1,1,1,2,-0.3333333222211126,-0.3333333222211127,-3.333332888911171e-08,0.3333333222211126,0.3333333222211127,3.333332888911171e-08,-66.6666677775554,-66.6666677775554,-66.6666677775554,-0.3333333222211126,-0.3333333222211127,-3.333332888911171e-08,3.333333222211126e-10,3.333333222211127e-10,33.3333288891117,-0.6666666777755541,-66.6666677775554,0.6666666777755541,0,-0.3333333222211126,-0.3333333222211127,-3.333332888911171e-08,0,0,0,0.3333333222211126,0.3333333222211127,3.333332888911171e-08,3.333333222211126e-10,3.333333222211127e-10,33.3333288891117
3.6,66.66666777788873,66.66666777788873,99.99999666666712,-33.33333222211126,-33.33333222211127,-3.333332888911171e-06,5.551115123125783e-17,0,0.6666666777755541,100,66.6666677775554,0.3333333222211126,0.3333333222211127,3.333332888911171e-08,1e-09,1e-09,1000000000,3.333333222211126e-10,3.333333222211127e-10,33.3333288891117,66,0.9,20,3,1,1,1,1,2,2,1,1,1,1,2,-0.3333333222211126,-0.3333333222211127,-3.333332888911171e-08,0.3333333222211126,0.3333333222211127,3.333332888911171e-08,-66.6666677775554,-66.6666677775554,-66.6666677775554,-0.3333333222211126,-0.3333333222211127,-3.333332888911171e-08,3.333333222211126e-10,3.333333222211127e-10,33.3333288891117,-0.6666666777755541,-66.6666677775554,0.6666666777755541,0,-0.3333333222211126,-0.3333333222211127,-3.333332888911171e-08,0,0,0,0.3333333222211126,0.3333333222211127,3.333332888911171e-08,3.333333222211126e-10,3.333333222211127e-10,33.3333288891117
3.7,66.66666777788873,66.66666777788873,99.99999666666712,-33.33333222211126,-33.33333222211127,-3.333332888911171e-06,5.551115123125783e-17,0,0.6666666777755541,100,66.6666677775554,0.3333333222211126,0.3333333222211127,3.333332888911171e-08,1e-09,1e-09,1000000000,3.333333222211126e-10,3.333333222211127e-10,33.3333288891117,66,0.9,20,3,1,1,1,1,2,2,1,1,1,1,2,-0.3333333222211126,-0.3333333222211127,-3.333332888911171e-08,0.3333333222211126,0.3333333222211127,3.333332888911171e-08,-66.6666677775554,-66.6666677775554,-66.6666677775554,-0.3333333222211126,-0.3333333222211127,-3.333332888911171e-08,3.333333222211126e-10,3.333333222211127e-10,33.3333288891117,-0.6666666777755541,-66.6666677775554,0.6666666777755541,0,-0.3333333222211126,-0.3333333222211127,-3.333332888911171e-08,0,0,0,0.3333333222211126,0.3333333222211127,3.333332888911171e-08,3.333333222211126e-10,3.333333222211127e-10,33.3333288891117
3.8,66.66666777788873,66.66666777788873,99.99999666666712,-33.33333222211126,-33.33333222211127,-3.333332888911171e-06,5.551115123125783e-17,0,0.6666666777755541,100,66.6666677775554,0.3333333222211126,0.3333333222211127,3.333332888911171e-08,1e-09,1e-09,1000000000,3.333333222211126e-10,3.333333222211127e-10,33.3333288891117,66,0.9,20,3,1,1,1,1,2,2,1,1,1,1,2,-0.3333333222211126,-0.3333333222211127,-3.333332888911171e-08,0.3333333222211126,0.3333333222211127,3.333332888911171e-08,-66.6666677775554,-66.6666677775554,-66.6666677775554,-0.3333333222211126,-0.3333333222211127,-3.333332888911171e-08,3.333333222211126e-10,3.333333222211127e-10,33.3333288891117,-0.6666666777755541,-66.6666677775554,0.6666666777755541,0,-0.3333333222211126,-0.3333333222211127,-3.333332888911171e-08,0,0,0,0.3333333222211126,0.3333333222211127,3.333332888911171e-08,3.333333222211126e-10,3.333333222211127e-10,33.3333288891117
3.9,66.66666777788873,66.66666777788873,99.99999666666712,-33.33333222211126,-33.33333222211127,-3.333332888911171e-06,5.551115123125783e-17,0,0.6666666777755541,100,66.6666677775554,0.3333333222211126,0.3333333222211127,3.333332888911171e-08,1e-09,1e-09,1000000000,3.333333222211126e-10,3.333333222211127e-10,33.3333288891117,66,0.9,20,3,1,1,1,1,2,2,1,1,1,1,2,-0.3333333222211126,-0.3333333222211127,-3.333332888911171e-08,0.3333333222211126,0.3333333222211127,3.333332888911171e-08,-66.6666677775554,-66.6666677775554,-66.6666677775554,-0.3333333222211126,-0.3333333222211127,-3.333332888911171e-08,3.333333222211126e-10,3.333333222211127e-10,33.3333288891117,-0.6666666777755541,-66.6666677775554,0.6666666777755541,0,-0.3333333222211126,-0.3333333222211127,-3.333332888911171e-08,0,0,0,0.3333333222211126,0.3333333222211127,3.333332888911171e-08,3.333333222211126e-10,3.333333222211127e-10,33.3333288891117
4,66.66666777788873,66.66666777788873,99.99999666666712,-33.33333222211126,-33.33333222211127,-3.333332888911171e-06,5.551115123125783e-17,0,0.6666666777755541,100,66.6666677775554,0.3333333222211126,0.3333333222211127,3.333332888911171e-08,1e-09,1e-09,1000000000,3.333333222211126e-10,3.333333222211127e-10,33.3333288891117,66,0.9,20,3,1,1,1,1,2,2,1,1,1,1,2,-0.3333333222211126,-0.3333333222211127,-3.333332888911171e-08,0.3333333222211126,0.3333333222211127,3.333332888911171e-08,-66.6666677775554,-66.6666677775554,-66.6666677775554,-0.3333333222211126,-0.3333333222211127,-3.333332888911171e-08,3.333333222211126e-10,3.333333222211127e-10,33.3333288891117,-0.6666666777755541,-66.6666677775554,0.6666666777755541,0,-0.3333333222211126,-0.3333333222211127,-3.333332888911171e-08,0,0,0,0.3333333222211126,0.3333333222211127,3.333332888911171e-08,3.333333222211126e-10,3.333333222211127e-10,33.3333288891117
4.1,66.66666777788873,66.66666777788873,99.99999666666712,-33.33333222211126,-33.33333222211127,-3.333332888911171e-06,5.551115123125783e-17,0,0.6666666777755541,100,66.6666677775554,0.3333333222211126,0.3333333222211127,3.333332888911171e-08,1e-09,1e-09,1000000000,3.333333222211126e-10,3.333333222211127e-10,33.3333288891117,66,0.9,20,3,1,1,1,1,2,2,1,1,1,1,2,-0.3333333222211126,-0.3333333222211127,-3.333332888911171e-08,0.3333333222211126,0.3333333222211127,3.333332888911171e-08,-66.6666677775554,-66.6666677775554,-66.6666677775554,-0.3333333222211126,-0.3333333222211127,-3.333332888911171e-08,3.333333222211126e-10,3.333333222211127e-10,33.3333288891117,-0.6666666777755541,-66.6666677775554,0.6666666777755541,0,-0.3333333222211126,-0.3333333222211127,-3.333332888911171e-08,0,0,0,0.3333333222211126,0.3333333222211127,3.333332888911171e-08,3.333333222211126e-10,3.333333222211127e-10,33.3333288891117
4.2,66.66666777788873,66.66666777788873,99.99999666666712,-33.33333222211126,-33.33333222211127,-3.333332888911171e-06,5.551115123125783e-17,0,0.6666666777755541,100,66.6666677775554,0.3333333222211126,0.3333333222211127,3.333332888911171e-08,1e-09,1e-09,1000000000,3.333333222211126e-10,3.333333222211127e-10,33.3333288891117,66,0.9,20,3,1,1,1,1,2,2,1,1,1,1,2,-0.3333333222211126,-0.3333333222211127,-3.333332888911171e-08,0.3333333222211126,0.3333333222211127,3.333332888911171e-08,-66.6666677775554,-66.6666677775554,-66.6666677775554,-0.3333333222211126,-0.3333333222211127,-3.333332888911171e-08,3.333333222211126e-10,3.333333222211127e-10,33.3333288891117,-0.6666666777755541,-66.6666677775554,0.6666666777755541,0,-0.3333333222211126,-0.3333333222211127,-3.333332888911171e-08,0,0,0,0.3333333222211126,0.3333333222211127,3.333332888911171e-08,3.333333222211126e-10,3.333333222211127e-10,33.3333288891117
4.3,66.66666777788873,66.66666777788873,99.99999666666712,-33.33333222211126,-33.33333222211127,-3.333332888911171e-06,5.551115123125783e-17,0,0.6666666777755541,100,66.6666677775554,0.3333333222211126,0.3333333222211127,3.333332888911171e-08,1e-09,1e-09,1000000000,3.333333222211126e-10,3.333333222211127e-10,33.3333288891117,66,0.9,20,3,1,1,1,1,2,2,1,1,1,1,2,-0.3333333222211126,-0.3333333222211127,-3.333332888911171e-08,0.3333333222211126,0.3333333222211127,3.333332888911171e-08,-66.6666677775554,-66.6666677775554,-66.6666677775554,-0.3333333222211126,-0.3333333222211127,-3.333332888911171e-08,3.333333222211126e-10,3.333333222211127e-10,33.3333288891117,-0.6666666777755541,-66.6666677775554,0.6666666777755541,0,-0.3333333222211126,-0.3333333222211127,-3.333332888911171e-08,0,0,0,0.3333333222211126,0.3333333222211127,3.333332888911171e-08,3.333333222211126e-10,3.333333222211127e-10,33.3333288891117
4.4,66.66666777788873,66.66666777788873,99.99999666666712,-33.33333222211126,-33.33333222211127,-3.333332888911171e-06,5.551115123125783e-17,0,0.6666666777755541,100,66.6666677775554,0.3333333222211126,0.3333333222211127,3.333332888911171e-08,1e-09,1e-09,1000000000,3.333333222211126e-10,3.333333222211127e-10,33.3333288891117,66,0.9,20,3,1,1,1,1,2,2,1,1,1,1,2,-0.3333333222211126,-0.3333333222211127,-3.333332888911171e-08,0.3333333222211126,0.3333333222211127,3.333332888911171e-08,-66.6666677775554,-66.6666677775554,-66.6666677775554,-0.3333333222211126,-0.3333333222211127,-3.333332888911171e-08,3.333333222211126e-10,3.333333222211127e-10,33.3333288891117,-0.6666666777755541,-66.6666677775554,0.6666666777755541,0,-0.3333333222211126,-0.3333333222211127,-3.333332888911171e-08,0,0,0,0.3333333222211126,0.3333333222211127,3.333332888911171e-08,3.333333222211126e-10,3.333333222211127e-10,33.3333288891117
4.5,66.66666777788873,66.66666777788873,99.99999666666712,-33.33333222211126,-33.33333222211127,-3.333332888911171e-06,5.551115123125783e-17,0,0.6666666777755541,100,66.6666677775554,0.3333333222211126,0.3333333222211127,3.333332888911171e-08,1e-09,1e-09,1000000000,3.333333222211126e-10,3.333333222211127e-10,33.3333288891117,66,0.9,20,3,1,1,1,1,2,2,1,1,1,1,2,-0.3333333222211126,-0.3333333222211127,-3.333332888911171e-08,0.3333333222211126,0.3333333222211127,3.333332888911171e-08,-66.6666677775554,-66.6666677775554,-66.6666677775554,-0.3333333222211126,-0.3333333222211127,-3.333332888911171e-08,3.333333222211126e-10,3.333333222211127e-10,33.3333288891117,-0.6666666777755541,-66.6666677775554,0.6666666777755541,0,-0.3333333222211126,-0.3333333222211127,-3.333332888911171e-08,0,0,0,0.3333333222211126,0.3333333222211127,3.333332888911171e-08,3.333333222211126e-10,3.333333222211127e-10,33.3333288891117
4.6,66.66666777788873,66.66666777788873,99.99999666666712,-33.33333222211126,-33.33333222211127,-3.333332888911171e-06,5.551115123125783e-17,0,0.6666666777755541,100,66.6666677775554,0.3333333222211126,0.3333333222211127,3.333332888911171e-08,1e-09,1e-09,1000000000,3.333333222211126e-10,3.333333222211127e-10,33.3333288891117,66,0.9,20,3,1,1,1,1,2,2,1,1,1,1,2,-0.3333333222211126,-0.3333333222211127,-3.333332888911171e-08,0.3333333222211126,0.3333333222211127,3.333332888911171e-08,-66.6666677775554,-66.6666677775554,-66.6666677775554,-0.3333333222211126,-0.3333333222211127,-3.333332888911171e-08,3.333333222211126e-10,3.333333222211127e-10,33.3333288891117,-0.6666666777755541,-66.6666677775554,0.6666666777755541,0,-0.3333333222211126,-0.3333333222211127,-3.333332888911171e-08,0,0,0,0.3333333222211126,0.3333333222211127,3.333332888911171e-08,3.333333222211126e-10,3.333333222211127e-10,33.3333288891117
4.7,66.66666777788873,66.66666777788873,99.99999666666712,-33.33333222211126,-33.33333222211127,-3.333332888911171e-06,5.551115123125783e-17,0,0.6666666777755541,100,66.6666677775554,0.3333333222211126,0.3333333222211127,3.333332888911171e-08,1e-09,1e-09,1000000000,3.333333222211126e-10,3.333333222211127e-10,33.3333288891117,66,0.9,20,3,1,1,1,1,2,2,1,1,1,1,2,-0.3333333222211126,-0.3333333222211127,-3.333332888911171e-08,0.3333333222211126,0.3333333222211127,3.333332888911171e-08,-66.6666677775554,-66.6666677775554,-66.6666677775554,-0.3333333222211126,-0.3333333222211127,-3.333332888911171e-08,3.333333222211126e-10,3.333333222211127e-10,33.3333288891117,-0.6666666777755541,-66.6666677775554,0.6666666777755541,0,-0.3333333222211126,-0.3333333222211127,-3.333332888911171e-08,0,0,0,0.3333333222211126,0.3333333222211127,3.333332888911171e-08,3.333333222211126e-10,3.333333222211127e-10,33.3333288891117
4.8,66.66666777788873,66.66666777788873,99.99999666666712,-33.33333222211126,-33.33333222211127,-3.333332888911171e-06,5.551115123125783e-17,0,0.6666666777755541,100,66.6666677775554,0.3333333222211126,0.3333333222211127,3.333332888911171e-08,1e-09,1e-09,1000000000,3.333333222211126e-10,3.333333222211127e-10,33.3333288891117,66,0.9,20,3,1,1,1,1,2,2,1,1,1,1,2,-0.3333333222211126,-0.3333333222211127,-3.333332888911171e-08,0.3333333222211126,0.3333333222211127,3.333332888911171e-08,-66.6666677775554,-66.6666677775554,-66.6666677775554,-0.3333333222211126,-0.3333333222211127,-3.333332888911171e-08,3.333333222211126e-10,3.333333222211127e-10,33.3333288891117,-0.6666666777755541,-66.6666677775554,0.6666666777755541,0,-0.3333333222211126,-0.3333333222211127,-3.333332888911171e-08,0,0,0,0.3333333222211126,0.3333333222211127,3.333332888911171e-08,3.333333222211126e-10,3.333333222211127e-10,33.3333288891117
4.9,66.66666777788873,66.66666777788873,99.99999666666712,-33.33333222211126,-33.33333222211127,-3.333332888911171e-06,5.551115123125783e-17,0,0.6666666777755541,100,66.6666677775554,0.3333333222211126,0.3333333222211127,3.333332888911171e-08,1e-09,1e-09,1000000000,3.333333222211126e-10,3.333333222211127e-10,33.3333288891117,66,0.9,20,3,1,1,1,1,2,2,1,1,1,1,2,-0.3333333222211126,-0.3333333222211127,-3.333332888911171e-08,0.3333333222211126,0.3333333222211127,3.333332888911171e-08,-66.6666677775554,-66.6666677775554,-66.6666677775554,-0.3333333222211126,-0.3333333222211127,-3.333332888911171e-08,3.333333222211126e-10,3.333333222211127e-10,33.3333288891117,-0.6666666777755541,-66.6666677775554,0.6666666777755541,0,-0.3333333222211126,-0.3333333222211127,-3.333332888911171e-08,0,0,0,0.3333333222211126,0.3333333222211127,3.333332888911171e-08,3.333333222211126e-10,3.333333222211127e-10,33.3333288891117
5,66.66666777788873,66.66666777788873,99.99999666666712,-33.33333222211126,-33.33333222211127,-3.333332888911171e-06,5.551115123125783e-17,0,0.6666666777755541,100,66.6666677775554,0.3333333222211126,0.3333333222211127,3.333332888911171e-08,1e-09,1e-09,1000000000,3.333333222211126e-10,3.333333222211127e-10,33.3333288891117,66,0.9,20,3,1,1,1,1,2,2,1,1,1,1,2,-0.3333333222211126,-0.3333333222211127,-3.333332888911171e-08,0.3333333222211126,0.3333333222211127,3.333332888911171e-08,-66.6666677775554,-66.6666677775554,-66.6666677775554,-0.3333333222211126,-0.3333333222211127,-3.333332888911171e-08,3.333333222211126e-10,3.333333222211127e-10,33.3333288891117,-0.6666666777755541,-66.6666677775554,0.6666666777755541,0,-0.3333333222211126,-0.3333333222211127,-3.333332888911171e-08,0,0,0,0.3333333222211126,0.3333333222211127,3.333332888911171e-08,3.333333222211126e-10,3.333333222211127e-10,33.3333288891117
5.1,66.66666777788873,66.66666777788873,99.99999666666712,-33.33333222211126,-33.33333222211127,-3.333332888911171e-06,5.551115123125783e-17,0,0.6666666777755541,100,66.6666677775554,0.3333333222211126,0.3333333222211127,3.333332888911171e-08,1e-09,1e-09,1000000000,3.333333222211126e-10,3.333333222211127e-10,33.3333288891117,66,0.9,20,3,1,1,1,1,2,2,1,1,1,1,2,-0.3333333222211126,-0.3333333222211127,-3.333332888911171e-08,0.3333333222211126,0.3333333222211127,3.333332888911171e-08,-66.6666677775554,-66.6666677775554,-66.6666677775554,-0.3333333222211126,-0.3333333222211127,-3.333332888911171e-08,3.333333222211126e-10,3.333333222211127e-10,33.3333288891117,-0.6666666777755541,-66.6666677775554,0.6666666777755541,0,-0.3333333222211126,-0.3333333222211127,-3.333332888911171e-08,0,0,0,0.3333333222211126,0.3333333222211127,3.333332888911171e-08,3.333333222211126e-10,3.333333222211127e-10,33.3333288891117
5.2,66.66666777788873,66.66666777788873,99.99999666666712,-33.33333222211126,-33.33333222211127,-3.333332888911171e-06,5.551115123125783e-17,0,0.6666666777755541,100,66.6666677775554,0.3333333222211126,0.3333333222211127,3.333332888911171e-08,1e-09,1e-09,1000000000,3.333333222211126e-10,3.333333222211127e-10,33.3333288891117,66,0.9,20,3,1,1,1,1,2,2,1,1,1,1,2,-0.3333333222211126,-0.3333333222211127,-3.333332888911171e-08,0.3333333222211126,0.3333333222211127,3.333332888911171e-08,-66.6666677775554,-66.6666677775554,-66.6666677775554,-0.3333333222211126,-0.3333333222211127,-3.333332888911171e-08,3.333333222211126e-10,3.333333222211127e-10,33.3333288891117,-0.6666666777755541,-66.6666677775554,0.6666666777755541,0,-0.3333333222211126,-0.3333333222211127,-3.333332888911171e-08,0,0,0,0.3333333222211126,0.3333333222211127,3.333332888911171e-08,3.333333222211126e-10,3.333333222211127e-10,33.3333288891117
5.3,66.66666777788873,66.66666777788873,99.99999666666712,-33.33333222211126,-33.33333222211127,-3.333332888911171e-06,5.551115123125783e-17,0,0.6666666777755541,100,66.6666677775554,0.3333333222211126,0.3333333222211127,3.333332888911171e-08,1e-09,1e-09,1000000000,3.333333222211126e-10,3.333333222211127e-10,33.3333288891117,66,0.9,20,3,1,1,1,1,2,2,1,1,1,1,2,-0.3333333222211126,-0.3333333222211127,-3.333332888911171e-08,0.3333333222211126,0.3333333222211127,3.333332888911171e-08,-66.6666677775554,-66.6666677775554,-66.6666677775554,-0.3333333222211126,-0.3333333222211127,-3.333332888911171e-08,3.333333222211126e-10,3.333333222211127e-10,33.3333288891117,-0.6666666777755541,-66.6666677775554,0.6666666777755541,0,-0.3333333222211126,-0.3333333222211127,-3.333332888911171e-08,0,0,0,0.3333333222211126,0.3333333222211127,3.333332888911171e-08,3.333333222211126e-10,3.333333222211127e-10,33.3333288891117
5.4,66.66666777788873,66.66666777788873,99.99999666666712,-33.33333222211126,-33.33333222211127,-3.333332888911171e-06,5.551115123125783e-17,0,0.6666666777755541,100,66.6666677775554,0.3333333222211126,0.3333333222211127,3.333332888911171e-08,1e-09,1e-09,1000000000,3.333333222211126e-10,3.333333222211127e-10,33.3333288891117,66,0.9,20,3,1,1,1,1,2,2,1,1,1,1,2,-0.3333333222211126,-0.3333333222211127,-3.333332888911171e-08,0.3333333222211126,0.3333333222211127,3.333332888911171e-08,-66.6666677775554,-66.6666677775554,-66.6666677775554,-0.3333333222211126,-0.3333333222211127,-3.333332888911171e-08,3.333333222211126e-10,3.333333222211127e-10,33.3333288891117,-0.6666666777755541,-66.6666677775554,0.6666666777755541,0,-0.3333333222211126,-0.3333333222211127,-3.333332888911171e-08,0,0,0,0.3333333222211126,0.3333333222211127,3.333332888911171e-08,3.333333222211126e-10,3.333333222211127e-10,33.3333288891117
5.5,66.66666777788873,66.66666777788873,99.99999666666712,-33.33333222211126,-33.33333222211127,-3.333332888911171e-06,5.551115123125783e-17,0,0.6666666777755541,100,66.6666677775554,0.3333333222211126,0.3333333222211127,3.333332888911171e-08,1e-09,1e-09,1000000000,3.333333222211126e-10,3.333333222211127e-10,33.3333288891117,66,0.9,20,3,1,1,1,1,2,2,1,1,1,1,2,-0.3333333222211126,-0.3333333222211127,-3.333332888911171e-08,0.3333333222211126,0.3333333222211127,3.333332888911171e-08,-66.6666677775554,-66.6666677775554,-66.6666677775554,-0.3333333222211126,-0.3333333222211127,-3.333332888911171e-08,3.333333222211126e-10,3.333333222211127e-10,33.3333288891117,-0.6666666777755541,-66.6666677775554,0.6666666777755541,0,-0.3333333222211126,-0.3333333222211127,-3.333332888911171e-08,0,0,0,0.3333333222211126,0.3333333222211127,3.333332888911171e-08,3.333333222211126e-10,3.333333222211127e-10,33.3333288891117
5.6,66.66666777788873,66.66666777788873,99.99999666666712,-33.33333222211126,-33.33333222211127,-3.333332888911171e-06,5.551115123125783e-17,0,0.6666666777755541,100,66.6666677775554,0.3333333222211126,0.3333333222211127,3.333332888911171e-08,1e-09,1e-09,1000000000,3.333333222211126e-10,3.333333222211127e-10,33.3333288891117,66,0.9,20,3,1,1,1,1,2,2,1,1,1,1,2,-0.3333333222211126,-0.3333333222211127,-3.333332888911171e-08,0.3333333222211126,0.3333333222211127,3.333332888911171e-08,-66.6666677775554,-66.6666677775554,-66.6666677775554,-0.3333333222211126,-0.3333333222211127,-3.333332888911171e-08,3.333333222211126e-10,3.333333222211127e-10,33.3333288891117,-0.6666666777755541,-66.6666677775554,0.6666666777755541,0,-0.3333333222211126,-0.3333333222211127,-3.333332888911171e-08,0,0,0,0.3333333222211126,0.3333333222211127,3.333332888911171e-08,3.333333222211126e-10,3.333333222211127e-10,33.3333288891117
5.7,66.66666777788873,66.66666777788873,99.99999666666712,-33.33333222211126,-33.33333222211127,-3.333332888911171e-06,5.551115123125783e-17,0,0.6666666777755541,100,66.6666677775554,0.3333333222211126,0.3333333222211127,3.333332888911171e-08,1e-09,1e-09,1000000000,3.333333222211126e-10,3.333333222211127e-10,33.3333288891117,66,0.9,20,3,1,1,1,1,2,2,1,1,1,1,2,-0.3333333222211126,-0.3333333222211127,-3.333332888911171e-08,0.3333333222211126,0.3333333222211127,3.333332888911171e-08,-66.6666677775554,-66.6666677775554,-66.6666677775554,-0.3333333222211126,-0.3333333222211127,-3.333332888911171e-08,3.333333222211126e-10,3.333333222211127e-10,33.3333288891117,-0.6666666777755541,-66.6666677775554,0.6666666777755541,0,-0.3333333222211126,-0.3333333222211127,-3.333332888911171e-08,0,0,0,0.3333333222211126,0.3333333222211127,3.333332888911171e-08,3.333333222211126e-10,3.333333222211127e-10,33.3333288891117
5.8,66.66666777788873,66.66666777788873,99.99999666666712,-33.33333222211126,-33.33333222211127,-3.333332888911171e-06,5.551115123125783e-17,0,0.6666666777755541,100,66.6666677775554,0.3333333222211126,0.3333333222211127,3.333332888911171e-08,1e-09,1e-09,1000000000,3.333333222211126e-10,3.333333222211127e-10,33.3333288891117,66,0.9,20,3,1,1,1,1,2,2,1,1,1,1,2,-0.3333333222211126,-0.3333333222211127,-3.333332888911171e-08,0.3333333222211126,0.3333333222211127,3.333332888911171e-08,-66.6666677775554,-66.6666677775554,-66.6666677775554,-0.3333333222211126,-0.3333333222211127,-3.333332888911171e-08,3.333333222211126e-10,3.333333222211127e-10,33.3333288891117,-0.6666666777755541,-66.6666677775554,0.6666666777755541,0,-0.3333333222211126,-0.3333333222211127,-3.333332888911171e-08,0,0,0,0.3333333222211126,0.3333333222211127,3.333332888911171e-08,3.333333222211126e-10,3.333333222211127e-10,33.3333288891117
5.9,66.66666777788873,66.66666777788873,99.99999666666712,-33.33333222211126,-33.33333222211127,-3.333332888911171e-06,5.551115123125783e-17,0,0.6666666777755541,100,66.6666677775554,0.3333333222211126,0.3333333222211127,3.333332888911171e-08,1e-09,1e-09,1000000000,3.333333222211126e-10,3.333333222211127e-10,33.3333288891117,66,0.9,20,3,1,1,1,1,2,2,1,1,1,1,2,-0.3333333222211126,-0.3333333222211127,-3.333332888911171e-08,0.3333333222211126,0.3333333222211127,3.333332888911171e-08,-66.6666677775554,-66.6666677775554,-66.6666677775554,-0.3333333222211126,-0.3333333222211127,-3.333332888911171e-08,3.333333222211126e-10,3.333333222211127e-10,33.3333288891117,-0.6666666777755541,-66.6666677775554,0.6666666777755541,0,-0.3333333222211126,-0.3333333222211127,-3.333332888911171e-08,0,0,0,0.3333333222211126,0.3333333222211127,3.333332888911171e-08,3.333333222211126e-10,3.333333222211127e-10,33.3333288891117
6,66.66666777788873,66.66666777788873,99.99999666666712,-33.33333222211126,-33.33333222211127,-3.333332888911171e-06,5.551115123125783e-17,0,0.6666666777755541,100,66.6666677775554,0.3333333222211126,0.3333333222211127,3.333332888911171e-08,1e-09,1e-09,1000000000,3.333333222211126e-10,3.333333222211127e-10,33.3333288891117,66,0.9,20,3,1,1,1,1,2,2,1,1,1,1,2,-0.3333333222211126,-0.3333333222211127,-3.333332888911171e-08,0.3333333222211126,0.3333333222211127,3.333332888911171e-08,-66.6666677775554,-66.6666677775554,-66.6666677775554,-0.3333333222211126,-0.3333333222211127,-3.333332888911171e-08,3.333333222211126e-10,3.333333222211127e-10,33.3333288891117,-0.6666666777755541,-66.6666677775554,0.6666666777755541,0,-0.3333333222211126,-0.3333333222211127,-3.333332888911171e-08,0,0,0,0.3333333222211126,0.3333333222211127,3.333332888911171e-08,3.333333222211126e-10,3.333333222211127e-10,33.3333288891117
6.1,66.66666777788873,66.66666777788873,99.99999666666712,-33.33333222211126,-33.33333222211127,-3.333332888911171e-06,5.551115123125783e-17,0,0.6666666777755541,100,66.6666677775554,0.3333333222211126,0.3333333222211127,3.333332888911171e-08,1e-09,1e-09,1000000000,3.333333222211126e-10,3.333333222211127e-10,33.3333288891117,66,0.9,20,3,1,1,1,1,2,2,1,1,1,1,2,-0.3333333222211126,-0.3333333222211127,-3.333332888911171e-08,0.3333333222211126,0.3333333222211127,3.333332888911171e-08,-66.6666677775554,-66.6666677775554,-66.6666677775554,-0.3333333222211126,-0.3333333222211127,-3.333332888911171e-08,3.333333222211126e-10,3.333333222211127e-10,33.3333288891117,-0.6666666777755541,-66.6666677775554,0.6666666777755541,0,-0.3333333222211126,-0.3333333222211127,-3.333332888911171e-08,0,0,0,0.3333333222211126,0.3333333222211127,3.333332888911171e-08,3.333333222211126e-10,3.333333222211127e-10,33.3333288891117
6.2,66.66666777788873,66.66666777788873,99.99999666666712,-33.33333222211126,-33.33333222211127,-3.333332888911171e-06,5.551115123125783e-17,0,0.6666666777755541,100,66.6666677775554,0.3333333222211126,0.3333333222211127,3.333332888911171e-08,1e-09,1e-09,1000000000,3.333333222211126e-10,3.333333222211127e-10,33.3333288891117,66,0.9,20,3,1,1,1,1,2,2,1,1,1,1,2,-0.3333333222211126,-0.3333333222211127,-3.333332888911171e-08,0.3333333222211126,0.3333333222211127,3.333332888911171e-08,-66.6666677775554,-66.6666677775554,-66.6666677775554,-0.3333333222211126,-0.3333333222211127,-3.333332888911171e-08,3.333333222211126e-10,3.333333222211127e-10,33.3333288891117,-0.6666666777755541,-66.6666677775554,0.6666666777755541,0,-0.3333333222211126,-0.3333333222211127,-3.333332888911171e-08,0,0,0,0.3333333222211126,0.3333333222211127,3.333332888911171e-08,3.333333222211126e-10,3.333333222211127e-10,33.3333288891117
6.3,66.66666777788873,66.66666777788873,99.99999666666712,-33.33333222211126,-33.33333222211127,-3.333332888911171e-06,5.551115123125783e-17,0,0.6666666777755541,100,66.6666677775554,0.3333333222211126,0.3333333222211127,3.333332888911171e-08,1e-09,1e-09,1000000000,3.333333222211126e-10,3.333333222211127e-10,33.3333288891117,66,0.9,20,3,1,1,1,1,2,2,1,1,1,1,2,-0.3333333222211126,-0.3333333222211127,-3.333332888911171e-08,0.3333333222211126,0.3333333222211127,3.333332888911171e-08,-66.6666677775554,-66.6666677775554,-66.6666677775554,-0.3333333222211126,-0.3333333222211127,-3.333332888911171e-08,3.333333222211126e-10,3.333333222211127e-10,33.3333288891117,-0.6666666777755541,-66.6666677775554,0.6666666777755541,0,-0.3333333222211126,-0.3333333222211127,-3.333332888911171e-08,0,0,0,0.3333333222211126,0.3333333222211127,3.333332888911171e-08,3.333333222211126e-10,3.333333222211127e-10,33.3333288891117
6.4,66.66666777788873,66.66666777788873,99.99999666666712,-33.33333222211126,-33.33333222211127,-3.333332888911171e-06,5.551115123125783e-17,0,0.6666666777755541,100,66.6666677775554,0.3333333222211126,0.3333333222211127,3.333332888911171e-08,1e-09,1e-09,1000000000,3.333333222211126e-10,3.333333222211127e-10,33.3333288891117,66,0.9,20,3,1,1,1,1,2,2,1,1,1,1,2,-0.3333333222211126,-0.3333333222211127,-3.333332888911171e-08,0.3333333222211126,0.3333333222211127,3.333332888911171e-08,-66.6666677775554,-66.6666677775554,-66.6666677775554,-0.3333333222211126,-0.3333333222211127,-3.333332888911171e-08,3.333333222211126e-10,3.333333222211127e-10,33.3333288891117,-0.6666666777755541,-66.6666677775554,0.6666666777755541,0,-0.3333333222211126,-0.3333333222211127,-3.333332888911171e-08,0,0,0,0.3333333222211126,0.3333333222211127,3.333332888911171e-08,3.333333222211126e-10,3.333333222211127e-10,33.3333288891117
6.5,66.66666777788873,66.66666777788873,99.99999666666712,-33.33333222211126,-33.33333222211127,-3.333332888911171e-06,5.551115123125783e-17,0,0.6666666777755541,100,66.6666677775554,0.3333333222211126,0.3333333222211127,3.333332888911171e-08,1e-09,1e-09,1000000000,3.333333222211126e-10,3.333333222211127e-10,33.3333288891117,66,0.9,20,3,1,1,1,1,2,2,1,1,1,1,2,-0.3333333222211126,-0.3333333222211127,-3.333332888911171e-08,0.3333333222211126,0.3333333222211127,3.333332888911171e-08,-66.6666677775554,-66.6666677775554,-66.6666677775554,-0.3333333222211126,-0.3333333222211127,-3.333332888911171e-08,3.333333222211126e-10,3.333333222211127e-10,33.3333288891117,-0.6666666777755541,-66.6666677775554,0.6666666777755541,0,-0.3333333222211126,-0.3333333222211127,-3.333332888911171e-08,0,0,0,0.3333333222211126,0.3333333222211127,3.333332888911171e-08,3.333333222211126e-10,3.333333222211127e-10,33.3333288891117
6.6,66.66666777788873,66.66666777788873,99.99999666666712,-33.33333222211126,-33.33333222211127,-3.333332888911171e-06,5.551115123125783e-17,0,0.6666666777755541,100,66.6666677775554,0.3333333222211126,0.3333333222211127,3.333332888911171e-08,1e-09,1e-09,1000000000,3.333333222211126e-10,3.333333222211127e-10,33.3333288891117,66,0.9,20,3,1,1,1,1,2,2,1,1,1,1,2,-0.3333333222211126,-0.3333333222211127,-3.333332888911171e-08,0.3333333222211126,0.3333333222211127,3.333332888911171e-08,-66.6666677775554,-66.6666677775554,-66.6666677775554,-0.3333333222211126,-0.3333333222211127,-3.333332888911171e-08,3.333333222211126e-10,3.333333222211127e-10,33.3333288891117,-0.6666666777755541,-66.6666677775554,0.6666666777755541,0,-0.3333333222211126,-0.3333333222211127,-3.333332888911171e-08,0,0,0,0.3333333222211126,0.3333333222211127,3.333332888911171e-08,3.333333222211126e-10,3.333333222211127e-10,33.3333288891117
6.7,66.66666777788873,66.66666777788873,99.99999666666712,-33.33333222211126,-33.33333222211127,-3.333332888911171e-06,5.551115123125783e-17,0,0.6666666777755541,100,66.6666677775554,0.3333333222211126,0.3333333222211127,3.333332888911171e-08,1e-09,1e-09,1000000000,3.333333222211126e-10,3.333333222211127e-10,33.3333288891117,66,0.9,20,3,1,1,1,1,2,2,1,1,1,1,2,-0.3333333222211126,-0.3333333222211127,-3.333332888911171e-08,0.3333333222211126,0.3333333222211127,3.333332888911171e-08,-66.6666677775554,-66.6666677775554,-66.6666677775554,-0.3333333222211126,-0.3333333222211127,-3.333332888911171e-08,3.333333222211126e-10,3.333333222211127e-10,33.3333288891117,-0.6666666777755541,-66.6666677775554,0.6666666777755541,0,-0.3333333222211126,-0.3333333222211127,-3.333332888911171e-08,0,0,0,0.3333333222211126,0.3333333222211127,3.333332888911171e-08,3.333333222211126e-10,3.333333222211127e-10,33.3333288891117
6.8,66.66666777788873,66.66666777788873,99.99999666666712,-33.33333222211126,-33.33333222211127,-3.333332888911171e-06,5.551115123125783e-17,0,0.6666666777755541,100,66.6666677775554,0.3333333222211126,0.3333333222211127,3.333332888911171e-08,1e-09,1e-09,1000000000,3.333333222211126e-10,3.333333222211127e-10,33.3333288891117,66,0.9,20,3,1,1,1,1,2,2,1,1,1,1,2,-0.3333333222211126,-0.3333333222211127,-3.333332888911171e-08,0.3333333222211126,0.3333333222211127,3.333332888911171e-08,-66.6666677775554,-66.6666677775554,-66.6666677775554,-0.3333333222211126,-0.3333333222211127,-3.333332888911171e-08,3.333333222211126e-10,3.333333222211127e-10,33.3333288891117,-0.6666666777755541,-66.6666677775554,0.6666666777755541,0,-0.3333333222211126,-0.3333333222211127,-3.333332888911171e-08,0,0,0,0.3333333222211126,0.3333333222211127,3.333332888911171e-08,3.333333222211126e-10,3.333333222211127e-10,33.3333288891117
6.9,66.66666777788873,66.66666777788873,99.99999666666712,-33.33333222211126,-33.33333222211127,-3.333332888911171e-06,5.551115123125783e-17,0,0.6666666777755541,100,66.6666677775554,0.3333333222211126,0.3333333222211127,3.333332888911171e-08,1e-09,1e-09,1000000000,3.333333222211126e-10,3.333333222211127e-10,33.3333288891117,66,0.9,20,3,1,1,1,1,2,2,1,1,1,1,2,-0.3333333222211126,-0.3333333222211127,-3.333332888911171e-08,0.3333333222211126,0.3333333222211127,3.333332888911171e-08,-66.6666677775554,-66.6666677775554,-66.6666677775554,-0.3333333222211126,-0.3333333222211127,-3.333332888911171e-08,3.333333222211126e-10,3.333333222211127e-10,33.3333288891117,-0.6666666777755541,-66.6666677775554,0.6666666777755541,0,-0.3333333222211126,-0.3333333222211127,-3.333332888911171e-08,0,0,0,0.3333333222211126,0.3333333222211127,3.333332888911171e-08,3.333333222211126e-10,3.333333222211127e-10,33.3333288891117
7,66.66666777788873,66.66666777788873,99.99999666666712,-33.33333222211126,-33.33333222211127,-3.333332888911171e-06,5.551115123125783e-17,0,0.6666666777755541,100,66.6666677775554,0.3333333222211126,0.3333333222211127,3.333332888911171e-08,1e-09,1e-09,1000000000,3.333333222211126e-10,3.333333222211127e-10,33.3333288891117,66,0.9,20,3,1,1,1,1,2,2,1,1,1,1,2,-0.3333333222211126,-0.3333333222211127,-3.333332888911171e-08,0.3333333222211126,0.3333333222211127,3.333332888911171e-08,-66.6666677775554,-66.6666677775554,-66.6666677775554,-0.3333333222211126,-0.3333333222211127,-3.333332888911171e-08,3.333333222211126e-10,3.333333222211127e-10,33.3333288891117,-0.6666666777755541,-66.6666677775554,0.6666666777755541,0,-0.3333333222211126,-0.3333333222211127,-3.333332888911171e-08,0,0,0,0.3333333222211126,0.3333333222211127,3.333332888911171e-08,3.333333222211126e-10,3.333333222211127e-10,33.3333288891117
7.1,66.66666777788873,66.66666777788873,99.99999666666712,-33.33333222211126,-33.33333222211127,-3.333332888911171e-06,5.551115123125783e-17,0,0.6666666777755541,100,66.6666677775554,0.3333333222211126,0.3333333222211127,3.333332888911171e-08,1e-09,1e-09,1000000000,3.333333222211126e-10,3.333333222211127e-10,33.3333288891117,66,0.9,20,3,1,1,1,1,2,2,1,1,1,1,2,-0.3333333222211126,-0.3333333222211127,-3.333332888911171e-08,0.3333333222211126,0.3333333222211127,3.333332888911171e-08,-66.6666677775554,-66.6666677775554,-66.6666677775554,-0.3333333222211126,-0.3333333222211127,-3.333332888911171e-08,3.333333222211126e-10,3.333333222211127e-10,33.3333288891117,-0.6666666777755541,-66.6666677775554,0.6666666777755541,0,-0.3333333222211126,-0.3333333222211127,-3.333332888911171e-08,0,0,0,0.3333333222211126,0.3333333222211127,3.333332888911171e-08,3.333333222211126e-10,3.333333222211127e-10,33.3333288891117
7.2,66.66666777788873,66.66666777788873,99.99999666666712,-33.33333222211126,-33.33333222211127,-3.333332888911171e-06,5.551115123125783e-17,0,0.6666666777755541,100,66.6666677775554,0.3333333222211126,0.3333333222211127,3.333332888911171e-08,1e-09,1e-09,1000000000,3.333333222211126e-10,3.333333222211127e-10,33.3333288891117,66,0.9,20,3,1,1,1,1,2,2,1,1,1,1,2,-0.3333333222211126,-0.3333333222211127,-3.333332888911171e-08,0.3333333222211126,0.3333333222211127,3.333332888911171e-08,-66.6666677775554,-66.6666677775554,-66.6666677775554,-0.3333333222211126,-0.3333333222211127,-3.333332888911171e-08,3.333333222211126e-10,3.333333222211127e-10,33.3333288891117,-0.6666666777755541,-66.6666677775554,0.6666666777755541,0,-0.3333333222211126,-0.3333333222211127,-3.333332888911171e-08,0,0,0,0.3333333222211126,0.3333333222211127,3.333332888911171e-08,3.333333222211126e-10,3.333333222211127e-10,33.3333288891117
7.3,66.66666777788873,66.66666777788873,99.99999666666712,-33.33333222211126,-33.33333222211127,-3.333332888911171e-06,5.551115123125783e-17,0,0.6666666777755541,100,66.6666677775554,0.3333333222211126,0.3333333222211127,3.333332888911171e-08,1e-09,1e-09,1000000000,3.333333222211126e-10,3.333333222211127e-10,33.3333288891117,66,0.9,20,3,1,1,1,1,2,2,1,1,1,1,2,-0.3333333222211126,-0.3333333222211127,-3.333332888911171e-08,0.3333333222211126,0.3333333222211127,3.333332888911171e-08,-66.6666677775554,-66.6666677775554,-66.6666677775554,-0.3333333222211126,-0.3333333222211127,-3.333332888911171e-08,3.333333222211126e-10,3.333333222211127e-10,33.3333288891117,-0.6666666777755541,-66.6666677775554,0.6666666777755541,0,-0.3333333222211126,-0.3333333222211127,-3.333332888911171e-08,0,0,0,0.3333333222211126,0.3333333222211127,3.333332888911171e-08,3.333333222211126e-10,3.333333222211127e-10,33.3333288891117
7.4,66.66666777788873,66.66666777788873,99.99999666666712,-33.33333222211126,-33.33333222211127,-3.333332888911171e-06,5.551115123125783e-17,0,0.6666666777755541,100,66.6666677775554,0.3333333222211126,0.3333333222211127,3.333332888911171e-08,1e-09,1e-09,1000000000,3.333333222211126e-10,3.333333222211127e-10,33.3333288891117,66,0.9,20,3,1,1,1,1,2,2,1,1,1,1,2,-0.3333333222211126,-0.3333333222211127,-3.333332888911171e-08,0.3333333222211126,0.3333333222211127,3.333332888911171e-08,-66.6666677775554,-66.6666677775554,-66.6666677775554,-0.3333333222211126,-0.3333333222211127,-3.333332888911171e-08,3.333333222211126e-10,3.333333222211127e-10,33.3333288891117,-0.6666666777755541,-66.6666677775554,0.6666666777755541,0,-0.3333333222211126,-0.3333333222211127,-3.333332888911171e-08,0,0,0,0.3333333222211126,0.3333333222211127,3.333332888911171e-08,3.333333222211126e-10,3.333333222211127e-10,33.3333288891117
7.5,66.66666777788873,66.66666777788873,99.99999666666712,-33.33333222211126,-33.33333222211127,-3.333332888911171e-06,5.551115123125783e-17,0,0.6666666777755541,100,66.6666677775554,0.3333333222211126,0.3333333222211127,3.333332888911171e-08,1e-09,1e-09,1000000000,3.333333222211126e-10,3.333333222211127e-10,33.3333288891117,66,0.9,20,3,1,1,1,1,2,2,1,1,1,1,2,-0.3333333222211126,-0.3333333222211127,-3.333332888911171e-08,0.3333333222211126,0.3333333222211127,3.333332888911171e-08,-66.6666677775554,-66.6666677775554,-66.6666677775554,-0.3333333222211126,-0.3333333222211127,-3.333332888911171e-08,3.333333222211126e-10,3.333333222211127e-10,33.3333288891117,-0.6666666777755541,-66.6666677775554,0.6666666777755541,0,-0.3333333222211126,-0.3333333222211127,-3.333332888911171e-08,0,0,0,0.3333333222211126,0.3333333222211127,3.333332888911171e-08,3.333333222211126e-10,3.333333222211127e-10,33.3333288891117
7.6,66.66666777788873,66.66666777788873,99.99999666666712,-33.33333222211126,-33.33333222211127,-3.333332888911171e-06,5.551115123125783e-17,0,0.6666666777755541,100,66.6666677775554,0.3333333222211126,0.3333333222211127,3.333332888911171e-08,1e-09,1e-09,1000000000,3.333333222211126e-10,3.333333222211127e-10,33.3333288891117,66,0.9,20,3,1,1,1,1,2,2,1,1,1,1,2,-0.3333333222211126,-0.3333333222211127,-3.333332888911171e-08,0.3333333222211126,0.3333333222211127,3.333332888911171e-08,-66.6666677775554,-66.6666677775554,-66.6666677775554,-0.3333333222211126,-0.3333333222211127,-3.333332888911171e-08,3.333333222211126e-10,3.333333222211127e-10,33.3333288891117,-0.6666666777755541,-66.6666677775554,0.6666666777755541,0,-0.3333333222211126,-0.3333333222211127,-3.333332888911171e-08,0,0,0,0.3333333222211126,0.3333333222211127,3.333332888911171e-08,3.333333222211126e-10,3.333333222211127e-10,33.3333288891117
7.7,66.66666777788873,66.66666777788873,99.99999666666712,-33.33333222211126,-33.33333222211127,-3.333332888911171e-06,5.551115123125783e-17,0,0.6666666777755541,100,66.6666677775554,0.3333333222211126,0.3333333222211127,3.333332888911171e-08,1e-09,1e-09,1000000000,3.333333222211126e-10,3.333333222211127e-10,33.3333288891117,66,0.9,20,3,1,1,1,1,2,2,1,1,1,1,2,-0.3333333222211126,-0.3333333222211127,-3.333332888911171e-08,0.3333333222211126,0.3333333222211127,3.333332888911171e-08,-66.6666677775554,-66.6666677775554,-66.6666677775554,-0.3333333222211126,-0.3333333222211127,-3.333332888911171e-08,3.333333222211126e-10,3.333333222211127e-10,33.3333288891117,-0.6666666777755541,-66.6666677775554,0.6666666777755541,0,-0.3333333222211126,-0.3333333222211127,-3.333332888911171e-08,0,0,0,0.3333333222211126,0.3333333222211127,3.333332888911171e-08,3.333333222211126e-10,3.333333222211127e-10,33.3333288891117
7.8,66.66666777788873,66.66666777788873,99.99999666666712,-33.33333222211126,-33.33333222211127,-3.333332888911171e-06,5.551115123125783e-17,0,0.6666666777755541,100,66.6666677775554,0.3333333222211126,0.3333333222211127,3.333332888911171e-08,1e-09,1e-09,1000000000,3.333333222211126e-10,3.333333222211127e-10,33.3333288891117,66,0.9,20,3,1,1,1,1,2,2,1,1,1,1,2,-0.3333333222211126,-0.3333333222211127,-3.333332888911171e-08,0.3333333222211126,0.3333333222211127,3.333332888911171e-08,-66.6666677775554,-66.6666677775554,-66.6666677775554,-0.3333333222211126,-0.3333333222211127,-3.333332888911171e-08,3.333333222211126e-10,3.333333222211127e-10,33.3333288891117,-0.6666666777755541,-66.6666677775554,0.6666666777755541,0,-0.3333333222211126,-0.3333333222211127,-3.333332888911171e-08,0,0,0,0.3333333222211126,0.3333333222211127,3.333332888911171e-08,3.333333222211126e-10,3.333333222211127e-10,33.3333288891117
7.9,66.66666777788873,66.66666777788873,99.99999666666712,-33.33333222211126,-33.33333222211127,-3.333332888911171e-06,5.551115123125783e-17,0,0.6666666777755541,100,66.6666677775554,0.3333333222211126,0.3333333222211127,3.333332888911171e-08,1e-09,1e-09,1000000000,3.333333222211126e-10,3.333333222211127e-10,33.3333288891117,66,0.9,20,3,1,1,1,1,2,2,1,1,1,1,2,-0.3333333222211126,-0.3333333222211127,-3.333332888911171e-08,0.3333333222211126,0.3333333222211127,3.333332888911171e-08,-66.6666677775554,-66.6666677775554,-66.6666677775554,-0.3333333222211126,-0.3333333222211127,-3.333332888911171e-08,3.333333222211126e-10,3.333333222211127e-10,33.3333288891117,-0.6666666777755541,-66.6666677775554,0.6666666777755541,0,-0.3333333222211126,-0.3333333222211127,-3.333332888911171e-08,0,0,0,0.3333333222211126,0.3333333222211127,3.333332888911171e-08,3.333333222211126e-10,3.333333222211127e-10,33.3333288891117
8,66.66666777788873,66.66666777788873,99.99999666666712,-33.33333222211126,-33.33333222211127,-3.333332888911171e-06,5.551115123125783e-17,0,0.6666666777755541,100,66.6666677775554,0.3333333222211126,0.3333333222211127,3.333332888911171e-08,1e-09,1e-09,1000000000,3.333333222211126e-10,3.333333222211127e-10,33.3333288891117,66,0.9,20,3,1,1,1,1,2,2,1,1,1,1,2,-0.3333333222211126,-0.3333333222211127,-3.333332888911171e-08,0.3333333222211126,0.3333333222211127,3.333332888911171e-08,-66.6666677775554,-66.6666677775554,-66.6666677775554,-0.3333333222211126,-0.3333333222211127,-3.333332888911171e-08,3.333333222211126e-10,3.333333222211127e-10,33.3333288891117,-0.6666666777755541,-66.6666677775554,0.6666666777755541,0,-0.3333333222211126,-0.3333333222211127,-3.333332888911171e-08,0,0,0,0.3333333222211126,0.3333333222211127,3.333332888911171e-08,3.333333222211126e-10,3.333333222211127e-10,33.3333288891117
8.1,66.66666777788873,66.66666777788873,99.99999666666712,-33.33333222211126,-33.33333222211127,-3.333332888911171e-06,5.551115123125783e-17,0,0.6666666777755541,100,66.6666677775554,0.3333333222211126,0.3333333222211127,3.333332888911171e-08,1e-09,1e-09,1000000000,3.333333222211126e-10,3.333333222211127e-10,33.3333288891117,66,0.9,20,3,1,1,1,1,2,2,1,1,1,1,2,-0.3333333222211126,-0.3333333222211127,-3.333332888911171e-08,0.3333333222211126,0.3333333222211127,3.333332888911171e-08,-66.6666677775554,-66.6666677775554,-66.6666677775554,-0.3333333222211126,-0.3333333222211127,-3.333332888911171e-08,3.333333222211126e-10,3.333333222211127e-10,33.3333288891117,-0.6666666777755541,-66.6666677775554,0.6666666777755541,0,-0.3333333222211126,-0.3333333222211127,-3.333332888911171e-08,0,0,0,0.3333333222211126,0.3333333222211127,3.333332888911171e-08,3.333333222211126e-10,3.333333222211127e-10,33.3333288891117
8.199999999999999,66.66666777788873,66.66666777788873,99.99999666666712,-33.33333222211126,-33.33333222211127,-3.333332888911171e-06,5.551115123125783e-17,0,0.6666666777755541,100,66.6666677775554,0.3333333222211126,0.3333333222211127,3.333332888911171e-08,1e-09,1e-09,1000000000,3.333333222211126e-10,3.333333222211127e-10,33.3333288891117,66,0.9,20,3,1,1,1,1,2,2,1,1,1,1,2,-0.3333333222211126,-0.3333333222211127,-3.333332888911171e-08,0.3333333222211126,0.3333333222211127,3.333332888911171e-08,-66.6666677775554,-66.6666677775554,-66.6666677775554,-0.3333333222211126,-0.3333333222211127,-3.333332888911171e-08,3.333333222211126e-10,3.333333222211127e-10,33.3333288891117,-0.6666666777755541,-66.6666677775554,0.6666666777755541,0,-0.3333333222211126,-0.3333333222211127,-3.333332888911171e-08,0,0,0,0.3333333222211126,0.3333333222211127,3.333332888911171e-08,3.333333222211126e-10,3.333333222211127e-10,33.3333288891117
8.300000000000001,66.66666777788873,66.66666777788873,99.99999666666712,-33.33333222211126,-33.33333222211127,-3.333332888911171e-06,5.551115123125783e-17,0,0.6666666777755541,100,66.6666677775554,0.3333333222211126,0.3333333222211127,3.333332888911171e-08,1e-09,1e-09,1000000000,3.333333222211126e-10,3.333333222211127e-10,33.3333288891117,66,0.9,20,3,1,1,1,1,2,2,1,1,1,1,2,-0.3333333222211126,-0.3333333222211127,-3.333332888911171e-08,0.3333333222211126,0.3333333222211127,3.333332888911171e-08,-66.6666677775554,-66.6666677775554,-66.6666677775554,-0.3333333222211126,-0.3333333222211127,-3.333332888911171e-08,3.333333222211126e-10,3.333333222211127e-10,33.3333288891117,-0.6666666777755541,-66.6666677775554,0.6666666777755541,0,-0.3333333222211126,-0.3333333222211127,-3.333332888911171e-08,0,0,0,0.3333333222211126,0.3333333222211127,3.333332888911171e-08,3.333333222211126e-10,3.333333222211127e-10,33.3333288891117
8.4,66.66666777788873,66.66666777788873,99.99999666666712,-33.33333222211126,-33.33333222211127,-3.333332888911171e-06,5.551115123125783e-17,0,0.6666666777755541,100,66.6666677775554,0.3333333222211126,0.3333333222211127,3.333332888911171e-08,1e-09,1e-09,1000000000,3.333333222211126e-10,3.333333222211127e-10,33.3333288891117,66,0.9,20,3,1,1,1,1,2,2,1,1,1,1,2,-0.3333333222211126,-0.3333333222211127,-3.333332888911171e-08,0.3333333222211126,0.3333333222211127,3.333332888911171e-08,-66.6666677775554,-66.6666677775554,-66.6666677775554,-0.3333333222211126,-0.3333333222211127,-3.333332888911171e-08,3.333333222211126e-10,3.333333222211127e-10,33.3333288891117,-0.6666666777755541,-66.6666677775554,0.6666666777755541,0,-0.3333333222211126,-0.3333333222211127,-3.333332888911171e-08,0,0,0,0.3333333222211126,0.3333333222211127,3.333332888911171e-08,3.333333222211126e-10,3.333333222211127e-10,33.3333288891117
8.5,66.66666777788873,66.66666777788873,99.99999666666712,-33.33333222211126,-33.33333222211127,-3.333332888911171e-06,5.551115123125783e-17,0,0.6666666777755541,100,66.6666677775554,0.3333333222211126,0.3333333222211127,3.333332888911171e-08,1e-09,1e-09,1000000000,3.333333222211126e-10,3.333333222211127e-10,33.3333288891117,66,0.9,20,3,1,1,1,1,2,2,1,1,1,1,2,-0.3333333222211126,-0.3333333222211127,-3.333332888911171e-08,0.3333333222211126,0.3333333222211127,3.333332888911171e-08,-66.6666677775554,-66.6666677775554,-66.6666677775554,-0.3333333222211126,-0.3333333222211127,-3.333332888911171e-08,3.333333222211126e-10,3.333333222211127e-10,33.3333288891117,-0.6666666777755541,-66.6666677775554,0.6666666777755541,0,-0.3333333222211126,-0.3333333222211127,-3.333332888911171e-08,0,0,0,0.3333333222211126,0.3333333222211127,3.333332888911171e-08,3.333333222211126e-10,3.333333222211127e-10,33.3333288891117
8.6,66.66666777788873,66.66666777788873,99.99999666666712,-33.33333222211126,-33.33333222211127,-3.333332888911171e-06,5.551115123125783e-17,0,0.6666666777755541,100,66.6666677775554,0.3333333222211126,0.3333333222211127,3.333332888911171e-08,1e-09,1e-09,1000000000,3.333333222211126e-10,3.333333222211127e-10,33.3333288891117,66,0.9,20,3,1,1,1,1,2,2,1,1,1,1,2,-0.3333333222211126,-0.3333333222211127,-3.333332888911171e-08,0.3333333222211126,0.3333333222211127,3.333332888911171e-08,-66.6666677775554,-66.6666677775554,-66.6666677775554,-0.3333333222211126,-0.3333333222211127,-3.333332888911171e-08,3.333333222211126e-10,3.333333222211127e-10,33.3333288891117,-0.6666666777755541,-66.6666677775554,0.6666666777755541,0,-0.3333333222211126,-0.3333333222211127,-3.333332888911171e-08,0,0,0,0.3333333222211126,0.3333333222211127,3.333332888911171e-08,3.333333222211126e-10,3.333333222211127e-10,33.3333288891117
8.699999999999999,66.66666777788873,66.66666777788873,99.99999666666712,-33.33333222211126,-33.33333222211127,-3.333332888911171e-06,5.551115123125783e-17,0,0.6666666777755541,100,66.6666677775554,0.3333333222211126,0.3333333222211127,3.333332888911171e-08,1e-09,1e-09,1000000000,3.333333222211126e-10,3.333333222211127e-10,33.3333288891117,66,0.9,20,3,1,1,1,1,2,2,1,1,1,1,2,-0.3333333222211126,-0.3333333222211127,-3.333332888911171e-08,0.3333333222211126,0.3333333222211127,3.333332888911171e-08,-66.6666677775554,-66.6666677775554,-66.6666677775554,-0.3333333222211126,-0.3333333222211127,-3.333332888911171e-08,3.333333222211126e-10,3.333333222211127e-10,33.3333288891117,-0.6666666777755541,-66.6666677775554,0.6666666777755541,0,-0.3333333222211126,-0.3333333222211127,-3.333332888911171e-08,0,0,0,0.3333333222211126,0.3333333222211127,3.333332888911171e-08,3.333333222211126e-10,3.333333222211127e-10,33.3333288891117
8.800000000000001,66.66666777788873,66.66666777788873,99.99999666666712,-33.33333222211126,-33.33333222211127,-3.333332888911171e-06,5.551115123125783e-17,0,0.6666666777755541,100,66.6666677775554,0.3333333222211126,0.3333333222211127,3.333332888911171e-08,1e-09,1e-09,1000000000,3.333333222211126e-10,3.333333222211127e-10,33.3333288891117,66,0.9,20,3,1,1,1,1,2,2,1,1,1,1,2,-0.3333333222211126,-0.3333333222211127,-3.333332888911171e-08,0.3333333222211126,0.3333333222211127,3.333332888911171e-08,-66.6666677775554,-66.6666677775554,-66.6666677775554,-0.3333333222211126,-0.3333333222211127,-3.333332888911171e-08,3.333333222211126e-10,3.333333222211127e-10,33.3333288891117,-0.6666666777755541,-66.6666677775554,0.6666666777755541,0,-0.3333333222211126,-0.3333333222211127,-3.333332888911171e-08,0,0,0,0.3333333222211126,0.3333333222211127,3.333332888911171e-08,3.333333222211126e-10,3.333333222211127e-10,33.3333288891117
8.9,66.66666777788873,66.66666777788873,99.99999666666712,-33.33333222211126,-33.33333222211127,-3.333332888911171e-06,5.551115123125783e-17,0,0.6666666777755541,100,66.6666677775554,0.3333333222211126,0.3333333222211127,3.333332888911171e-08,1e-09,1e-09,1000000000,3.333333222211126e-10,3.333333222211127e-10,33.3333288891117,66,0.9,20,3,1,1,1,1,2,2,1,1,1,1,2,-0.3333333222211126,-0.3333333222211127,-3.333332888911171e-08,0.3333333222211126,0.3333333222211127,3.333332888911171e-08,-66.6666677775554,-66.6666677775554,-66.6666677775554,-0.3333333222211126,-0.3333333222211127,-3.333332888911171e-08,3.333333222211126e-10,3.333333222211127e-10,33.3333288891117,-0.6666666777755541,-66.6666677775554,0.6666666777755541,0,-0.3333333222211126,-0.3333333222211127,-3.333332888911171e-08,0,0,0,0.3333333222211126,0.3333333222211127,3.333332888911171e-08,3.333333222211126e-10,3.333333222211127e-10,33.3333288891117
9,66.66666777788873,66.66666777788873,99.99999666666712,-33.33333222211126,-33.33333222211127,-3.333332888911171e-06,5.551115123125783e-17,0,0.6666666777755541,100,66.6666677775554,0.3333333222211126,0.3333333222211127,3.333332888911171e-08,1e-09,1e-09,1000000000,3.333333222211126e-10,3.333333222211127e-10,33.3333288891117,66,0.9,20,3,1,1,1,1,2,2,1,1,1,1,2,-0.3333333222211126,-0.3333333222211127,-3.333332888911171e-08,0.3333333222211126,0.3333333222211127,3.333332888911171e-08,-66.6666677775554,-66.6666677775554,-66.6666677775554,-0.3333333222211126,-0.3333333222211127,-3.333332888911171e-08,3.333333222211126e-10,3.333333222211127e-10,33.3333288891117,-0.6666666777755541,-66.6666677775554,0.6666666777755541,0,-0.3333333222211126,-0.3333333222211127,-3.333332888911171e-08,0,0,0,0.3333333222211126,0.3333333222211127,3.333332888911171e-08,3.333333222211126e-10,3.333333222211127e-10,33.3333288891117
9.1,66.66666777788873,66.66666777788873,99.99999666666712,-33.33333222211126,-33.33333222211127,-3.333332888911171e-06,5.551115123125783e-17,0,0.6666666777755541,100,66.6666677775554,0.3333333222211126,0.3333333222211127,3.333332888911171e-08,1e-09,1e-09,1000000000,3.333333222211126e-10,3.333333222211127e-10,33.3333288891117,66,0.9,20,3,1,1,1,1,2,2,1,1,1,1,2,-0.3333333222211126,-0.3333333222211127,-3.333332888911171e-08,0.3333333222211126,0.3333333222211127,3.333332888911171e-08,-66.6666677775554,-66.6666677775554,-66.6666677775554,-0.3333333222211126,-0.3333333222211127,-3.333332888911171e-08,3.333333222211126e-10,3.333333222211127e-10,33.3333288891117,-0.6666666777755541,-66.6666677775554,0.6666666777755541,0,-0.3333333222211126,-0.3333333222211127,-3.333332888911171e-08,0,0,0,0.3333333222211126,0.3333333222211127,3.333332888911171e-08,3.333333222211126e-10,3.333333222211127e-10,33.3333288891117
9.199999999999999,66.66666777788873,66.66666777788873,99.99999666666712,-33.33333222211126,-33.33333222211127,-3.333332888911171e-06,5.551115123125783e-17,0,0.6666666777755541,100,66.6666677775554,0.3333333222211126,0.3333333222211127,3.333332888911171e-08,1e-09,1e-09,1000000000,3.333333222211126e-10,3.333333222211127e-10,33.3333288891117,66,0.9,20,3,1,1,1,1,2,2,1,1,1,1,2,-0.3333333222211126,-0.3333333222211127,-3.333332888911171e-08,0.3333333222211126,0.3333333222211127,3.333332888911171e-08,-66.6666677775554,-66.6666677775554,-66.6666677775554,-0.3333333222211126,-0.3333333222211127,-3.333332888911171e-08,3.333333222211126e-10,3.333333222211127e-10,33.3333288891117,-0.6666666777755541,-66.6666677775554,0.6666666777755541,0,-0.3333333222211126,-0.3333333222211127,-3.333332888911171e-08,0,0,0,0.3333333222211126,0.3333333222211127,3.333332888911171e-08,3.333333222211126e-10,3.333333222211127e-10,33.3333288891117
9.300000000000001,66.66666777788873,66.66666777788873,99.99999666666712,-33.33333222211126,-33.33333222211127,-3.333332888911171e-06,5.551115123125783e-17,0,0.6666666777755541,100,66.6666677775554,0.3333333222211126,0.3333333222211127,3.333332888911171e-08,1e-09,1e-09,1000000000,3.333333222211126e-10,3.333333222211127e-10,33.3333288891117,66,0.9,20,3,1,1,1,1,2,2,1,1,1,1,2,-0.3333333222211126,-0.3333333222211127,-3.333332888911171e-08,0.3333333222211126,0.3333333222211127,3.333332888911171e-08,-66.6666677775554,-66.6666677775554,-66.6666677775554,-0.3333333222211126,-0.3333333222211127,-3.333332888911171e-08,3.333333222211126e-10,3.333333222211127e-10,33.3333288891117,-0.6666666777755541,-66.6666677775554,0.6666666777755541,0,-0.3333333222211126,-0.3333333222211127,-3.333332888911171e-08,0,0,0,0.3333333222211126,0.3333333222211127,3.333332888911171e-08,3.333333222211126e-10,3.333333222211127e-10,33.3333288891117
9.4,66.66666777788873,66.66666777788873,99.99999666666712,-33.33333222211126,-33.33333222211127,-3.333332888911171e-06,5.551115123125783e-17,0,0.6666666777755541,100,66.6666677775554,0.3333333222211126,0.3333333222211127,3.333332888911171e-08,1e-09,1e-09,1000000000,3.333333222211126e-10,3.333333222211127e-10,33.3333288891117,66,0.9,20,3,1,1,1,1,2,2,1,1,1,1,2,-0.3333333222211126,-0.3333333222211127,-3.333332888911171e-08,0.3333333222211126,0.3333333222211127,3.333332888911171e-08,-66.6666677775554,-66.6666677775554,-66.6666677775554,-0.3333333222211126,-0.3333333222211127,-3.333332888911171e-08,3.333333222211126e-10,3.333333222211127e-10,33.3333288891117,-0.6666666777755541,-66.6666677775554,0.6666666777755541,0,-0.3333333222211126,-0.3333333222211127,-3.333332888911171e-08,0,0,0,0.3333333222211126,0.3333333222211127,3.333332888911171e-08,3.333333222211126e-10,3.333333222211127e-10,33.3333288891117
9.5,66.66666777788873,66.66666777788873,99.99999666666712,-33.33333222211126,-33.33333222211127,-3.333332888911171e-06,5.551115123125783e-17,0,0.6666666777755541,100,66.6666677775554,0.3333333222211126,0.3333333222211127,3.333332888911171e-08,1e-09,1e-09,1000000000,3.333333222211126e-10,3.333333222211127e-10,33.3333288891117,66,0.9,20,3,1,1,1,1,2,2,1,1,1,1,2,-0.3333333222211126,-0.3333333222211127,-3.333332888911171e-08,0.3333333222211126,0.3333333222211127,3.333332888911171e-08,-66.6666677775554,-66.6666677775554,-66.6666677775554,-0.3333333222211126,-0.3333333222211127,-3.333332888911171e-08,3.333333222211126e-10,3.333333222211127e-10,33.3333288891117,-0.6666666777755541,-66.6666677775554,0.6666666777755541,0,-0.3333333222211126,-0.3333333222211127,-3.333332888911171e-08,0,0,0,0.3333333222211126,0.3333333222211127,3.333332888911171e-08,3.333333222211126e-10,3.333333222211127e-10,33.3333288891117
9.6,66.66666777788873,66.66666777788873,99.99999666666712,-33.33333222211126,-33.33333222211127,-3.333332888911171e-06,5.551115123125783e-17,0,0.6666666777755541,100,66.6666677775554,0.3333333222211126,0.3333333222211127,3.333332888911171e-08,1e-09,1e-09,1000000000,3.333333222211126e-10,3.333333222211127e-10,33.3333288891117,66,0.9,20,3,1,1,1,1,2,2,1,1,1,1,2,-0.3333333222211126,-0.3333333222211127,-3.333332888911171e-08,0.3333333222211126,0.3333333222211127,3.333332888911171e-08,-66.6666677775554,-66.6666677775554,-66.6666677775554,-0.3333333222211126,-0.3333333222211127,-3.333332888911171e-08,3.333333222211126e-10,3.333333222211127e-10,33.3333288891117,-0.6666666777755541,-66.6666677775554,0.6666666777755541,0,-0.3333333222211126,-0.3333333222211127,-3.333332888911171e-08,0,0,0,0.3333333222211126,0.3333333222211127,3.333332888911171e-08,3.333333222211126e-10,3.333333222211127e-10,33.3333288891117
9.699999999999999,66.66666777788873,66.66666777788873,99.99999666666712,-33.33333222211126,-33.33333222211127,-3.333332888911171e-06,5.551115123125783e-17,0,0.6666666777755541,100,66.6666677775554,0.3333333222211126,0.3333333222211127,3.333332888911171e-08,1e-09,1e-09,1000000000,3.333333222211126e-10,3.333333222211127e-10,33.3333288891117,66,0.9,20,3,1,1,1,1,2,2,1,1,1,1,2,-0.3333333222211126,-0.3333333222211127,-3.333332888911171e-08,0.3333333222211126,0.3333333222211127,3.333332888911171e-08,-66.6666677775554,-66.6666677775554,-66.6666677775554,-0.3333333222211126,-0.3333333222211127,-3.333332888911171e-08,3.333333222211126e-10,3.333333222211127e-10,33.3333288891117,-0.6666666777755541,-66.6666677775554,0.6666666777755541,0,-0.3333333222211126,-0.3333333222211127,-3.333332888911171e-08,0,0,0,0.3333333222211126,0.3333333222211127,3.333332888911171e-08,3.333333222211126e-10,3.333333222211127e-10,33.3333288891117
9.800000000000001,66.66666777788873,66.66666777788873,99.99999666666712,-33.33333222211126,-33.33333222211127,-3.333332888911171e-06,5.551115123125783e-17,0,0.6666666777755541,100,66.6666677775554,0.3333333222211126,0.3333333222211127,3.333332888911171e-08,1e-09,1e-09,1000000000,3.333333222211126e-10,3.333333222211127e-10,33.3333288891117,66,0.9,20,3,1,1,1,1,2,2,1,1,1,1,2,-0.3333333222211126,-0.3333333222211127,-3.333332888911171e-08,0.3333333222211126,0.3333333222211127,3.333332888911171e-08,-66.6666677775554,-66.6666677775554,-66.6666677775554,-0.3333333222211126,-0.3333333222211127,-3.333332888911171e-08,3.333333222211126e-10,3.333333222211127e-10,33.3333288891117,-0.6666666777755541,-66.6666677775554,0.6666666777755541,0,-0.3333333222211126,-0.3333333222211127,-3.333332888911171e-08,0,0,0,0.3333333222211126,0.3333333222211127,3.333332888911171e-08,3.333333222211126e-10,3.333333222211127e-10,33.3333288891117
9.9,66.66666777788873,66.66666777788873,99.99999666666712,-33.33333222211126,-33.33333222211127,-3.333332888911171e-06,5.551115123125783e-17,0,0.6666666777755541,100,66.6666677775554,0.3333333222211126,0.3333333222211127,3.333332888911171e-08,1e-09,1e-09,1000000000,3.333333222211126e-10,3.333333222211127e-10,33.3333288891117,66,0.9,20,3,1,1,1,1,2,2,1,1,1,1,2,-0.3333333222211126,-0.3333333222211127,-3.333332888911171e-08,0.3333333222211126,0.3333333222211127,3.333332888911171e-08,-66.6666677775554,-66.6666677775554,-66.6666677775554,-0.3333333222211126,-0.3333333222211127,-3.333332888911171e-08,3.333333222211126e-10,3.333333222211127e-10,33.3333288891117,-0.6666666777755541,-66.6666677775554,0.6666666777755541,0,-0.3333333222211126,-0.3333333222211127,-3.333332888911171e-08,0,0,0,0.3333333222211126,0.3333333222211127,3.333332888911171e-08,3.333333222211126e-10,3.333333222211127e-10,33.3333288891117
10,66.66666777788873,66.66666777788873,99.99999666666712,-33.33333222211126,-33.33333222211127,-3.333332888911171e-06,5.551115123125783e-17,0,0.6666666777755541,100,66.6666677775554,0.3333333222211126,0.3333333222211127,3.333332888911171e-08,1e-09,1e-09,1000000000,3.333333222211126e-10,3.333333222211127e-10,33.3333288891117,66,0.9,20,3,1,1,1,1,2,2,1,1,1,1,2,-0.3333333222211126,-0.3333333222211127,-3.333332888911171e-08,0.3333333222211126,0.3333333222211127,3.333332888911171e-08,-66.6666677775554,-66.6666677775554,-66.6666677775554,-0.3333333222211126,-0.3333333222211127,-3.333332888911171e-08,3.333333222211126e-10,3.333333222211127e-10,33.3333288891117,-0.6666666777755541,-66.6666677775554,0.6666666777755541,0,-0.3333333222211126,-0.3333333222211127,-3.333332888911171e-08,0,0,0,0.3333333222211126,0.3333333222211127,3.333332888911171e-08,3.333333222211126e-10,3.333333222211127e-10,33.3333288891117
10.1,66.66666777788873,66.66666777788873,99.99999666666712,-33.33333222211126,-33.33333222211127,-3.333332888911171e-06,5.551115123125783e-17,0,0.6666666777755541,100,66.6666677775554,0.3333333222211126,0.3333333222211127,3.333332888911171e-08,1e-09,1e-09,1000000000,3.333333222211126e-10,3.333333222211127e-10,33.3333288891117,66,0.9,20,3,1,1,1,1,2,2,1,1,1,1,2,-0.3333333222211126,-0.3333333222211127,-3.333332888911171e-08,0.3333333222211126,0.3333333222211127,3.333332888911171e-08,-66.6666677775554,-66.6666677775554,-66.6666677775554,-0.3333333222211126,-0.3333333222211127,-3.333332888911171e-08,3.333333222211126e-10,3.333333222211127e-10,33.3333288891117,-0.6666666777755541,-66.6666677775554,0.6666666777755541,0,-0.3333333222211126,-0.3333333222211127,-3.333332888911171e-08,0,0,0,0.3333333222211126,0.3333333222211127,3.333332888911171e-08,3.333333222211126e-10,3.333333222211127e-10,33.3333288891117
10.2,66.66666777788873,66.66666777788873,99.99999666666712,-33.33333222211126,-33.33333222211127,-3.333332888911171e-06,5.551115123125783e-17,0,0.6666666777755541,100,66.6666677775554,0.3333333222211126,0.3333333222211127,3.333332888911171e-08,1e-09,1e-09,1000000000,3.333333222211126e-10,3.333333222211127e-10,33.3333288891117,66,0.9,20,3,1,1,1,1,2,2,1,1,1,1,2,-0.3333333222211126,-0.3333333222211127,-3.333332888911171e-08,0.3333333222211126,0.3333333222211127,3.333332888911171e-08,-66.6666677775554,-66.6666677775554,-66.6666677775554,-0.3333333222211126,-0.3333333222211127,-3.333332888911171e-08,3.333333222211126e-10,3.333333222211127e-10,33.3333288891117,-0.6666666777755541,-66.6666677775554,0.6666666777755541,0,-0.3333333222211126,-0.3333333222211127,-3.333332888911171e-08,0,0,0,0.3333333222211126,0.3333333222211127,3.333332888911171e-08,3.333333222211126e-10,3.333333222211127e-10,33.3333288891117
10.3,66.66666777788873,66.66666777788873,99.99999666666712,-33.33333222211126,-33.33333222211127,-3.333332888911171e-06,5.551115123125783e-17,0,0.6666666777755541,100,66.6666677775554,0.3333333222211126,0.3333333222211127,3.333332888911171e-08,1e-09,1e-09,1000000000,3.333333222211126e-10,3.333333222211127e-10,33.3333288891117,66,0.9,20,3,1,1,1,1,2,2,1,1,1,1,2,-0.3333333222211126,-0.3333333222211127,-3.333332888911171e-08,0.3333333222211126,0.3333333222211127,3.333332888911171e-08,-66.6666677775554,-66.6666677775554,-66.6666677775554,-0.3333333222211126,-0.3333333222211127,-3.333332888911171e-08,3.333333222211126e-10,3.333333222211127e-10,33.3333288891117,-0.6666666777755541,-66.6666677775554,0.6666666777755541,0,-0.3333333222211126,-0.3333333222211127,-3.333332888911171e-08,0,0,0,0.3333333222211126,0.3333333222211127,3.333332888911171e-08,3.333333222211126e-10,3.333333222211127e-10,33.3333288891117
10.4,66.66666777788873,66.66666777788873,99.99999666666712,-33.33333222211126,-33.33333222211127,-3.333332888911171e-06,5.551115123125783e-17,0,0.6666666777755541,100,66.6666677775554,0.3333333222211126,0.3333333222211127,3.333332888911171e-08,1e-09,1e-09,1000000000,3.333333222211126e-10,3.333333222211127e-10,33.3333288891117,66,0.9,20,3,1,1,1,1,2,2,1,1,1,1,2,-0.3333333222211126,-0.3333333222211127,-3.333332888911171e-08,0.3333333222211126,0.3333333222211127,3.333332888911171e-08,-66.6666677775554,-66.6666677775554,-66.6666677775554,-0.3333333222211126,-0.3333333222211127,-3.333332888911171e-08,3.333333222211126e-10,3.333333222211127e-10,33.3333288891117,-0.6666666777755541,-66.6666677775554,0.6666666777755541,0,-0.3333333222211126,-0.3333333222211127,-3.333332888911171e-08,0,0,0,0.3333333222211126,0.3333333222211127,3.333332888911171e-08,3.333333222211126e-10,3.333333222211127e-10,33.3333288891117
10.5,66.66666777788873,66.66666777788873,99.99999666666712,-33.33333222211126,-33.33333222211127,-3.333332888911171e-06,5.551115123125783e-17,0,0.6666666777755541,100,66.6666677775554,0.3333333222211126,0.3333333222211127,3.333332888911171e-08,1e-09,1e-09,1000000000,3.333333222211126e-10,3.333333222211127e-10,33.3333288891117,66,0.9,20,3,1,1,1,1,2,2,1,1,1,1,2,-0.3333333222211126,-0.3333333222211127,-3.333332888911171e-08,0.3333333222211126,0.3333333222211127,3.333332888911171e-08,-66.6666677775554,-66.6666677775554,-66.6666677775554,-0.3333333222211126,-0.3333333222211127,-3.333332888911171e-08,3.333333222211126e-10,3.333333222211127e-10,33.3333288891117,-0.6666666777755541,-66.6666677775554,0.6666666777755541,0,-0.3333333222211126,-0.3333333222211127,-3.333332888911171e-08,0,0,0,0.3333333222211126,0.3333333222211127,3.333332888911171e-08,3.333333222211126e-10,3.333333222211127e-10,33.3333288891117
10.6,66.66666777788873,66.66666777788873,99.99999666666712,-33.33333222211126,-33.33333222211127,-3.333332888911171e-06,5.551115123125783e-17,0,0.6666666777755541,100,66.6666677775554,0.3333333222211126,0.3333333222211127,3.333332888911171e-08,1e-09,1e-09,1000000000,3.333333222211126e-10,3.333333222211127e-10,33.3333288891117,66,0.9,20,3,1,1,1,1,2,2,1,1,1,1,2,-0.3333333222211126,-0.3333333222211127,-3.333332888911171e-08,0.3333333222211126,0.3333333222211127,3.333332888911171e-08,-66.6666677775554,-66.6666677775554,-66.6666677775554,-0.3333333222211126,-0.3333333222211127,-3.333332888911171e-08,3.333333222211126e-10,3.333333222211127e-10,33.3333288891117,-0.6666666777755541,-66.6666677775554,0.6666666777755541,0,-0.3333333222211126,-0.3333333222211127,-3.333332888911171e-08,0,0,0,0.3333333222211126,0.3333333222211127,3.333332888911171e-08,3.333333222211126e-10,3.333333222211127e-10,33.3333288891117
10.7,66.66666777788873,66.66666777788873,99.99999666666712,-33.33333222211126,-33.33333222211127,-3.333332888911171e-06,5.551115123125783e-17,0,0.6666666777755541,100,66.6666677775554,0.3333333222211126,0.3333333222211127,3.333332888911171e-08,1e-09,1e-09,1000000000,3.333333222211126e-10,3.333333222211127e-10,33.3333288891117,66,0.9,20,3,1,1,1,1,2,2,1,1,1,1,2,-0.3333333222211126,-0.3333333222211127,-3.333332888911171e-08,0.3333333222211126,0.3333333222211127,3.333332888911171e-08,-66.6666677775554,-66.6666677775554,-66.6666677775554,-0.3333333222211126,-0.3333333222211127,-3.333332888911171e-08,3.333333222211126e-10,3.333333222211127e-10,33.3333288891117,-0.6666666777755541,-66.6666677775554,0.6666666777755541,0,-0.3333333222211126,-0.3333333222211127,-3.333332888911171e-08,0,0,0,0.3333333222211126,0.3333333222211127,3.333332888911171e-08,3.333333222211126e-10,3.333333222211127e-10,33.3333288891117
10.8,66.66666777788873,66.66666777788873,99.99999666666712,-33.33333222211126,-33.33333222211127,-3.333332888911171e-06,5.551115123125783e-17,0,0.6666666777755541,100,66.6666677775554,0.3333333222211126,0.3333333222211127,3.333332888911171e-08,1e-09,1e-09,1000000000,3.333333222211126e-10,3.333333222211127e-10,33.3333288891117,66,0.9,20,3,1,1,1,1,2,2,1,1,1,1,2,-0.3333333222211126,-0.3333333222211127,-3.333332888911171e-08,0.3333333222211126,0.3333333222211127,3.333332888911171e-08,-66.6666677775554,-66.6666677775554,-66.6666677775554,-0.3333333222211126,-0.3333333222211127,-3.333332888911171e-08,3.333333222211126e-10,3.333333222211127e-10,33.3333288891117,-0.6666666777755541,-66.6666677775554,0.6666666777755541,0,-0.3333333222211126,-0.3333333222211127,-3.333332888911171e-08,0,0,0,0.3333333222211126,0.3333333222211127,3.333332888911171e-08,3.333333222211126e-10,3.333333222211127e-10,33.3333288891117
10.9,66.66666777788873,66.66666777788873,99.99999666666712,-33.33333222211126,-33.33333222211127,-3.333332888911171e-06,5.551115123125783e-17,0,0.6666666777755541,100,66.6666677775554,0.3333333222211126,0.3333333222211127,3.333332888911171e-08,1e-09,1e-09,1000000000,3.333333222211126e-10,3.333333222211127e-10,33.3333288891117,66,0.9,20,3,1,1,1,1,2,2,1,1,1,1,2,-0.3333333222211126,-0.3333333222211127,-3.333332888911171e-08,0.3333333222211126,0.3333333222211127,3.333332888911171e-08,-66.6666677775554,-66.6666677775554,-66.6666677775554,-0.3333333222211126,-0.3333333222211127,-3.333332888911171e-08,3.333333222211126e-10,3.333333222211127e-10,33.3333288891117,-0.6666666777755541,-66.6666677775554,0.6666666777755541,0,-0.3333333222211126,-0.3333333222211127,-3.333332888911171e-08,0,0,0,0.3333333222211126,0.3333333222211127,3.333332888911171e-08,3.333333222211126e-10,3.333333222211127e-10,33.3333288891117
11,66.66666777788873,66.66666777788873,99.99999666666712,-33.33333222211126,-33.33333222211127,-3.333332888911171e-06,5.551115123125783e-17,0,0.6666666777755541,100,66.6666677775554,0.3333333222211126,0.3333333222211127,3.333332888911171e-08,1e-09,1e-09,1000000000,3.333333222211126e-10,3.333333222211127e-10,33.3333288891117,66,0.9,20,3,1,1,1,1,2,2,1,1,1,1,2,-0.3333333222211126,-0.3333333222211127,-3.333332888911171e-08,0.3333333222211126,0.3333333222211127,3.333332888911171e-08,-66.6666677775554,-66.6666677775554,-66.6666677775554,-0.3333333222211126,-0.3333333222211127,-3.333332888911171e-08,3.333333222211126e-10,3.333333222211127e-10,33.3333288891117,-0.6666666777755541,-66.6666677775554,0.6666666777755541,0,-0.3333333222211126,-0.3333333222211127,-3.333332888911171e-08,0,0,0,0.3333333222211126,0.3333333222211127,3.333332888911171e-08,3.333333222211126e-10,3.333333222211127e-10,33.3333288891117
11.1,66.66666777788873,66.66666777788873,99.99999666666712,-33.33333222211126,-33.33333222211127,-3.333332888911171e-06,5.551115123125783e-17,0,0.6666666777755541,100,66.6666677775554,0.3333333222211126,0.3333333222211127,3.333332888911171e-08,1e-09,1e-09,1000000000,3.333333222211126e-10,3.333333222211127e-10,33.3333288891117,66,0.9,20,3,1,1,1,1,2,2,1,1,1,1,2,-0.3333333222211126,-0.3333333222211127,-3.333332888911171e-08,0.3333333222211126,0.3333333222211127,3.333332888911171e-08,-66.6666677775554,-66.6666677775554,-66.6666677775554,-0.3333333222211126,-0.3333333222211127,-3.333332888911171e-08,3.333333222211126e-10,3.333333222211127e-10,33.3333288891117,-0.6666666777755541,-66.6666677775554,0.6666666777755541,0,-0.3333333222211126,-0.3333333222211127,-3.333332888911171e-08,0,0,0,0.3333333222211126,0.3333333222211127,3.333332888911171e-08,3.333333222211126e-10,3.333333222211127e-10,33.3333288891117
11.2,66.66666777788873,66.66666777788873,99.99999666666712,-33.33333222211126,-33.33333222211127,-3.333332888911171e-06,5.551115123125783e-17,0,0.6666666777755541,100,66.6666677775554,0.3333333222211126,0.3333333222211127,3.333332888911171e-08,1e-09,1e-09,1000000000,3.333333222211126e-10,3.333333222211127e-10,33.3333288891117,66,0.9,20,3,1,1,1,1,2,2,1,1,1,1,2,-0.3333333222211126,-0.3333333222211127,-3.333332888911171e-08,0.3333333222211126,0.3333333222211127,3.333332888911171e-08,-66.6666677775554,-66.6666677775554,-66.6666677775554,-0.3333333222211126,-0.3333333222211127,-3.333332888911171e-08,3.333333222211126e-10,3.333333222211127e-10,33.3333288891117,-0.6666666777755541,-66.6666677775554,0.6666666777755541,0,-0.3333333222211126,-0.3333333222211127,-3.333332888911171e-08,0,0,0,0.3333333222211126,0.3333333222211127,3.333332888911171e-08,3.333333222211126e-10,3.333333222211127e-10,33.3333288891117
11.3,66.66666777788873,66.66666777788873,99.99999666666712,-33.33333222211126,-33.33333222211127,-3.333332888911171e-06,5.551115123125783e-17,0,0.6666666777755541,100,66.6666677775554,0.3333333222211126,0.3333333222211127,3.333332888911171e-08,1e-09,1e-09,1000000000,3.333333222211126e-10,3.333333222211127e-10,33.3333288891117,66,0.9,20,3,1,1,1,1,2,2,1,1,1,1,2,-0.3333333222211126,-0.3333333222211127,-3.333332888911171e-08,0.3333333222211126,0.3333333222211127,3.333332888911171e-08,-66.6666677775554,-66.6666677775554,-66.6666677775554,-0.3333333222211126,-0.3333333222211127,-3.333332888911171e-08,3.333333222211126e-10,3.333333222211127e-10,33.3333288891117,-0.6666666777755541,-66.6666677775554,0.6666666777755541,0,-0.3333333222211126,-0.3333333222211127,-3.333332888911171e-08,0,0,0,0.3333333222211126,0.3333333222211127,3.333332888911171e-08,3.333333222211126e-10,3.333333222211127e-10,33.3333288891117
11.4,66.66666777788873,66.66666777788873,99.99999666666712,-33.33333222211126,-33.33333222211127,-3.333332888911171e-06,5.551115123125783e-17,0,0.6666666777755541,100,66.6666677775554,0.3333333222211126,0.3333333222211127,3.333332888911171e-08,1e-09,1e-09,1000000000,3.333333222211126e-10,3.333333222211127e-10,33.3333288891117,66,0.9,20,3,1,1,1,1,2,2,1,1,1,1,2,-0.3333333222211126,-0.3333333222211127,-3.333332888911171e-08,0.3333333222211126,0.3333333222211127,3.333332888911171e-08,-66.6666677775554,-66.6666677775554,-66.6666677775554,-0.3333333222211126,-0.3333333222211127,-3.333332888911171e-08,3.333333222211126e-10,3.333333222211127e-10,33.3333288891117,-0.6666666777755541,-66.6666677775554,0.6666666777755541,0,-0.3333333222211126,-0.3333333222211127,-3.333332888911171e-08,0,0,0,0.3333333222211126,0.3333333222211127,3.333332888911171e-08,3.333333222211126e-10,3.333333222211127e-10,33.3333288891117
11.5,66.66666777788873,66.66666777788873,99.99999666666712,-33.33333222211126,-33.33333222211127,-3.333332888911171e-06,5.551115123125783e-17,0,0.6666666777755541,100,66.6666677775554,0.3333333222211126,0.3333333222211127,3.333332888911171e-08,1e-09,1e-09,1000000000,3.333333222211126e-10,3.333333222211127e-10,33.3333288891117,66,0.9,20,3,1,1,1,1,2,2,1,1,1,1,2,-0.3333333222211126,-0.3333333222211127,-3.333332888911171e-08,0.3333333222211126,0.3333333222211127,3.333332888911171e-08,-66.6666677775554,-66.6666677775554,-66.6666677775554,-0.3333333222211126,-0.3333333222211127,-3.333332888911171e-08,3.333333222211126e-10,3.333333222211127e-10,33.3333288891117,-0.6666666777755541,-66.6666677775554,0.6666666777755541,0,-0.3333333222211126,-0.3333333222211127,-3.333332888911171e-08,0,0,0,0.3333333222211126,0.3333333222211127,3.333332888911171e-08,3.333333222211126e-10,3.333333222211127e-10,33.3333288891117
11.6,66.66666777788873,66.66666777788873,99.99999666666712,-33.33333222211126,-33.33333222211127,-3.333332888911171e-06,5.551115123125783e-17,0,0.6666666777755541,100,66.6666677775554,0.3333333222211126,0.3333333222211127,3.333332888911171e-08,1e-09,1e-09,1000000000,3.333333222211126e-10,3.333333222211127e-10,33.3333288891117,66,0.9,20,3,1,1,1,1,2,2,1,1,1,1,2,-0.3333333222211126,-0.3333333222211127,-3.333332888911171e-08,0.3333333222211126,0.3333333222211127,3.333332888911171e-08,-66.6666677775554,-66.6666677775554,-66.6666677775554,-0.3333333222211126,-0.3333333222211127,-3.333332888911171e-08,3.333333222211126e-10,3.333333222211127e-10,33.3333288891117,-0.6666666777755541,-66.6666677775554,0.6666666777755541,0,-0.3333333222211126,-0.3333333222211127,-3.333332888911171e-08,0,0,0,0.3333333222211126,0.3333333222211127,3.333332888911171e-08,3.333333222211126e-10,3.333333222211127e-10,33.3333288891117
11.7,66.66666777788873,66.66666777788873,99.99999666666712,-33.33333222211126,-33.33333222211127,-3.333332888911171e-06,5.551115123125783e-17,0,0.6666666777755541,100,66.6666677775554,0.3333333222211126,0.3333333222211127,3.333332888911171e-08,1e-09,1e-09,1000000000,3.333333222211126e-10,3.333333222211127e-10,33.3333288891117,66,0.9,20,3,1,1,1,1,2,2,1,1,1,1,2,-0.3333333222211126,-0.3333333222211127,-3.333332888911171e-08,0.3333333222211126,0.3333333222211127,3.333332888911171e-08,-66.6666677775554,-66.6666677775554,-66.6666677775554,-0.3333333222211126,-0.3333333222211127,-3.333332888911171e-08,3.333333222211126e-10,3.333333222211127e-10,33.3333288891117,-0.6666666777755541,-66.6666677775554,0.6666666777755541,0,-0.3333333222211126,-0.3333333222211127,-3.333332888911171e-08,0,0,0,0.3333333222211126,0.3333333222211127,3.333332888911171e-08,3.333333222211126e-10,3.333333222211127e-10,33.3333288891117
11.8,66.66666777788873,66.66666777788873,99.99999666666712,-33.33333222211126,-33.33333222211127,-3.333332888911171e-06,5.551115123125783e-17,0,0.6666666777755541,100,66.6666677775554,0.3333333222211126,0.3333333222211127,3.333332888911171e-08,1e-09,1e-09,1000000000,3.333333222211126e-10,3.333333222211127e-10,33.3333288891117,66,0.9,20,3,1,1,1,1,2,2,1,1,1,1,2,-0.3333333222211126,-0.3333333222211127,-3.333332888911171e-08,0.3333333222211126,0.3333333222211127,3.333332888911171e-08,-66.6666677775554,-66.6666677775554,-66.6666677775554,-0.3333333222211126,-0.3333333222211127,-3.333332888911171e-08,3.333333222211126e-10,3.333333222211127e-10,33.3333288891117,-0.6666666777755541,-66.6666677775554,0.6666666777755541,0,-0.3333333222211126,-0.3333333222211127,-3.333332888911171e-08,0,0,0,0.3333333222211126,0.3333333222211127,3.333332888911171e-08,3.333333222211126e-10,3.333333222211127e-10,33.3333288891117
11.9,66.66666777788873,66.66666777788873,99.99999666666712,-33.33333222211126,-33.33333222211127,-3.333332888911171e-06,5.551115123125783e-17,0,0.6666666777755541,100,66.6666677775554,0.3333333222211126,0.3333333222211127,3.333332888911171e-08,1e-09,1e-09,1000000000,3.333333222211126e-10,3.333333222211127e-10,33.3333288891117,66,0.9,20,3,1,1,1,1,2,2,1,1,1,1,2,-0.3333333222211126,-0.3333333222211127,-3.333332888911171e-08,0.3333333222211126,0.3333333222211127,3.333332888911171e-08,-66.6666677775554,-66.6666677775554,-66.6666677775554,-0.3333333222211126,-0.3333333222211127,-3.333332888911171e-08,3.333333222211126e-10,3.333333222211127e-10,33.3333288891117,-0.6666666777755541,-66.6666677775554,0.6666666777755541,0,-0.3333333222211126,-0.3333333222211127,-3.333332888911171e-08,0,0,0,0.3333333222211126,0.3333333222211127,3.333332888911171e-08,3.333333222211126e-10,3.333333222211127e-10,33.3333288891117
12,66.66666777788873,66.66666777788873,99.99999666666712,-33.33333222211126,-33.33333222211127,-3.333332888911171e-06,5.551115123125783e-17,0,0.6666666777755541,100,66.6666677775554,0.3333333222211126,0.3333333222211127,3.333332888911171e-08,1e-09,1e-09,1000000000,3.333333222211126e-10,3.333333222211127e-10,33.3333288891117,66,0.9,20,3,1,1,1,1,2,2,1,1,1,1,2,-0.3333333222211126,-0.3333333222211127,-3.333332888911171e-08,0.3333333222211126,0.3333333222211127,3.333332888911171e-08,-66.6666677775554,-66.6666677775554,-66.6666677775554,-0.3333333222211126,-0.3333333222211127,-3.333332888911171e-08,3.333333222211126e-10,3.333333222211127e-10,33.3333288891117,-0.6666666777755541,-66.6666677775554,0.6666666777755541,0,-0.3333333222211126,-0.3333333222211127,-3.333332888911171e-08,0,0,0,0.3333333222211126,0.3333333222211127,3.333332888911171e-08,3.333333222211126e-10,3.333333222211127e-10,33.3333288891117
12.1,66.66666777788873,66.66666777788873,99.99999666666712,-33.33333222211126,-33.33333222211127,-3.333332888911171e-06,5.551115123125783e-17,0,0.6666666777755541,100,66.6666677775554,0.3333333222211126,0.3333333222211127,3.333332888911171e-08,1e-09,1e-09,1000000000,3.333333222211126e-10,3.333333222211127e-10,33.3333288891117,66,0.9,20,3,1,1,1,1,2,2,1,1,1,1,2,-0.3333333222211126,-0.3333333222211127,-3.333332888911171e-08,0.3333333222211126,0.3333333222211127,3.333332888911171e-08,-66.6666677775554,-66.6666677775554,-66.6666677775554,-0.3333333222211126,-0.3333333222211127,-3.333332888911171e-08,3.333333222211126e-10,3.333333222211127e-10,33.3333288891117,-0.6666666777755541,-66.6666677775554,0.6666666777755541,0,-0.3333333222211126,-0.3333333222211127,-3.333332888911171e-08,0,0,0,0.3333333222211126,0.3333333222211127,3.333332888911171e-08,3.333333222211126e-10,3.333333222211127e-10,33.3333288891117
12.2,66.66666777788873,66.66666777788873,99.99999666666712,-33.33333222211126,-33.33333222211127,-3.333332888911171e-06,5.551115123125783e-17,0,0.6666666777755541,100,66.6666677775554,0.3333333222211126,0.3333333222211127,3.333332888911171e-08,1e-09,1e-09,1000000000,3.333333222211126e-10,3.333333222211127e-10,33.3333288891117,66,0.9,20,3,1,1,1,1,2,2,1,1,1,1,2,-0.3333333222211126,-0.3333333222211127,-3.333332888911171e-08,0.3333333222211126,0.3333333222211127,3.333332888911171e-08,-66.6666677775554,-66.6666677775554,-66.6666677775554,-0.3333333222211126,-0.3333333222211127,-3.333332888911171e-08,3.333333222211126e-10,3.333333222211127e-10,33.3333288891117,-0.6666666777755541,-66.6666677775554,0.6666666777755541,0,-0.3333333222211126,-0.3333333222211127,-3.333332888911171e-08,0,0,0,0.3333333222211126,0.3333333222211127,3.333332888911171e-08,3.333333222211126e-10,3.333333222211127e-10,33.3333288891117
12.3,66.66666777788873,66.66666777788873,99.99999666666712,-33.33333222211126,-33.33333222211127,-3.333332888911171e-06,5.551115123125783e-17,0,0.6666666777755541,100,66.6666677775554,0.3333333222211126,0.3333333222211127,3.333332888911171e-08,1e-09,1e-09,1000000000,3.333333222211126e-10,3.333333222211127e-10,33.3333288891117,66,0.9,20,3,1,1,1,1,2,2,1,1,1,1,2,-0.3333333222211126,-0.3333333222211127,-3.333332888911171e-08,0.3333333222211126,0.3333333222211127,3.333332888911171e-08,-66.6666677775554,-66.6666677775554,-66.6666677775554,-0.3333333222211126,-0.3333333222211127,-3.333332888911171e-08,3.333333222211126e-10,3.333333222211127e-10,33.3333288891117,-0.6666666777755541,-66.6666677775554,0.6666666777755541,0,-0.3333333222211126,-0.3333333222211127,-3.333332888911171e-08,0,0,0,0.3333333222211126,0.3333333222211127,3.333332888911171e-08,3.333333222211126e-10,3.333333222211127e-10,33.3333288891117
12.4,66.66666777788873,66.66666777788873,99.99999666666712,-33.33333222211126,-33.33333222211127,-3.333332888911171e-06,5.551115123125783e-17,0,0.6666666777755541,100,66.6666677775554,0.3333333222211126,0.3333333222211127,3.333332888911171e-08,1e-09,1e-09,1000000000,3.333333222211126e-10,3.333333222211127e-10,33.3333288891117,66,0.9,20,3,1,1,1,1,2,2,1,1,1,1,2,-0.3333333222211126,-0.3333333222211127,-3.333332888911171e-08,0.3333333222211126,0.3333333222211127,3.333332888911171e-08,-66.6666677775554,-66.6666677775554,-66.6666677775554,-0.3333333222211126,-0.3333333222211127,-3.333332888911171e-08,3.333333222211126e-10,3.333333222211127e-10,33.3333288891117,-0.6666666777755541,-66.6666677775554,0.6666666777755541,0,-0.3333333222211126,-0.3333333222211127,-3.333332888911171e-08,0,0,0,0.3333333222211126,0.3333333222211127,3.333332888911171e-08,3.333333222211126e-10,3.333333222211127e-10,33.3333288891117
12.5,66.66666777788873,66.66666777788873,99.99999666666712,-33.33333222211126,-33.33333222211127,-3.333332888911171e-06,5.551115123125783e-17,0,0.6666666777755541,100,66.6666677775554,0.3333333222211126,0.3333333222211127,3.333332888911171e-08,1e-09,1e-09,1000000000,3.333333222211126e-10,3.333333222211127e-10,33.3333288891117,66,0.9,20,3,1,1,1,1,2,2,1,1,1,1,2,-0.3333333222211126,-0.3333333222211127,-3.333332888911171e-08,0.3333333222211126,0.3333333222211127,3.333332888911171e-08,-66.6666677775554,-66.6666677775554,-66.6666677775554,-0.3333333222211126,-0.3333333222211127,-3.333332888911171e-08,3.333333222211126e-10,3.333333222211127e-10,33.3333288891117,-0.6666666777755541,-66.6666677775554,0.6666666777755541,0,-0.3333333222211126,-0.3333333222211127,-3.333332888911171e-08,0,0,0,0.3333333222211126,0.3333333222211127,3.333332888911171e-08,3.333333222211126e-10,3.333333222211127e-10,33.3333288891117
12.6,66.66666777788873,66.66666777788873,99.99999666666712,-33.33333222211126,-33.33333222211127,-3.333332888911171e-06,5.551115123125783e-17,0,0.6666666777755541,100,66.6666677775554,0.3333333222211126,0.3333333222211127,3.333332888911171e-08,1e-09,1e-09,1000000000,3.333333222211126e-10,3.333333222211127e-10,33.3333288891117,66,0.9,20,3,1,1,1,1,2,2,1,1,1,1,2,-0.3333333222211126,-0.3333333222211127,-3.333332888911171e-08,0.3333333222211126,0.3333333222211127,3.333332888911171e-08,-66.6666677775554,-66.6666677775554,-66.6666677775554,-0.3333333222211126,-0.3333333222211127,-3.333332888911171e-08,3.333333222211126e-10,3.333333222211127e-10,33.3333288891117,-0.6666666777755541,-66.6666677775554,0.6666666777755541,0,-0.3333333222211126,-0.3333333222211127,-3.333332888911171e-08,0,0,0,0.3333333222211126,0.3333333222211127,3.333332888911171e-08,3.333333222211126e-10,3.333333222211127e-10,33.3333288891117
12.7,66.66666777788873,66.66666777788873,99.99999666666712,-33.33333222211126,-33.33333222211127,-3.333332888911171e-06,5.551115123125783e-17,0,0.6666666777755541,100,66.6666677775554,0.3333333222211126,0.3333333222211127,3.333332888911171e-08,1e-09,1e-09,1000000000,3.333333222211126e-10,3.333333222211127e-10,33.3333288891117,66,0.9,20,3,1,1,1,1,2,2,1,1,1,1,2,-0.3333333222211126,-0.3333333222211127,-3.333332888911171e-08,0.3333333222211126,0.3333333222211127,3.333332888911171e-08,-66.6666677775554,-66.6666677775554,-66.6666677775554,-0.3333333222211126,-0.3333333222211127,-3.333332888911171e-08,3.333333222211126e-10,3.333333222211127e-10,33.3333288891117,-0.6666666777755541,-66.6666677775554,0.6666666777755541,0,-0.3333333222211126,-0.3333333222211127,-3.333332888911171e-08,0,0,0,0.3333333222211126,0.3333333222211127,3.333332888911171e-08,3.333333222211126e-10,3.333333222211127e-10,33.3333288891117
12.8,66.66666777788873,66.66666777788873,99.99999666666712,-33.33333222211126,-33.33333222211127,-3.333332888911171e-06,5.551115123125783e-17,0,0.6666666777755541,100,66.6666677775554,0.3333333222211126,0.3333333222211127,3.333332888911171e-08,1e-09,1e-09,1000000000,3.333333222211126e-10,3.333333222211127e-10,33.3333288891117,66,0.9,20,3,1,1,1,1,2,2,1,1,1,1,2,-0.3333333222211126,-0.3333333222211127,-3.333332888911171e-08,0.3333333222211126,0.3333333222211127,3.333332888911171e-08,-66.6666677775554,-66.6666677775554,-66.6666677775554,-0.3333333222211126,-0.3333333222211127,-3.333332888911171e-08,3.333333222211126e-10,3.333333222211127e-10,33.3333288891117,-0.6666666777755541,-66.6666677775554,0.6666666777755541,0,-0.3333333222211126,-0.3333333222211127,-3.333332888911171e-08,0,0,0,0.3333333222211126,0.3333333222211127,3.333332888911171e-08,3.333333222211126e-10,3.333333222211127e-10,33.3333288891117
12.9,66.66666777788873,66.66666777788873,99.99999666666712,-33.33333222211126,-33.33333222211127,-3.333332888911171e-06,5.551115123125783e-17,0,0.6666666777755541,100,66.6666677775554,0.3333333222211126,0.3333333222211127,3.333332888911171e-08,1e-09,1e-09,1000000000,3.333333222211126e-10,3.333333222211127e-10,33.3333288891117,66,0.9,20,3,1,1,1,1,2,2,1,1,1,1,2,-0.3333333222211126,-0.3333333222211127,-3.333332888911171e-08,0.3333333222211126,0.3333333222211127,3.333332888911171e-08,-66.6666677775554,-66.6666677775554,-66.6666677775554,-0.3333333222211126,-0.3333333222211127,-3.333332888911171e-08,3.333333222211126e-10,3.333333222211127e-10,33.3333288891117,-0.6666666777755541,-66.6666677775554,0.6666666777755541,0,-0.3333333222211126,-0.3333333222211127,-3.333332888911171e-08,0,0,0,0.3333333222211126,0.3333333222211127,3.333332888911171e-08,3.333333222211126e-10,3.333333222211127e-10,33.3333288891117
13,66.66666777788873,66.66666777788873,99.99999666666712,-33.33333222211126,-33.33333222211127,-3.333332888911171e-06,5.551115123125783e-17,0,0.6666666777755541,100,66.6666677775554,0.3333333222211126,0.3333333222211127,3.333332888911171e-08,1e-09,1e-09,1000000000,3.333333222211126e-10,3.333333222211127e-10,33.3333288891117,66,0.9,20,3,1,1,1,1,2,2,1,1,1,1,2,-0.3333333222211126,-0.3333333222211127,-3.333332888911171e-08,0.3333333222211126,0.3333333222211127,3.333332888911171e-08,-66.6666677775554,-66.6666677775554,-66.6666677775554,-0.3333333222211126,-0.3333333222211127,-3.333332888911171e-08,3.333333222211126e-10,3.333333222211127e-10,33.3333288891117,-0.6666666777755541,-66.6666677775554,0.6666666777755541,0,-0.3333333222211126,-0.3333333222211127,-3.333332888911171e-08,0,0,0,0.3333333222211126,0.3333333222211127,3.333332888911171e-08,3.333333222211126e-10,3.333333222211127e-10,33.3333288891117
13.1,66.66666777788873,66.66666777788873,99.99999666666712,-33.33333222211126,-33.33333222211127,-3.333332888911171e-06,5.551115123125783e-17,0,0.6666666777755541,100,66.6666677775554,0.3333333222211126,0.3333333222211127,3.333332888911171e-08,1e-09,1e-09,1000000000,3.333333222211126e-10,3.333333222211127e-10,33.3333288891117,66,0.9,20,3,1,1,1,1,2,2,1,1,1,1,2,-0.3333333222211126,-0.3333333222211127,-3.333332888911171e-08,0.3333333222211126,0.3333333222211127,3.333332888911171e-08,-66.6666677775554,-66.6666677775554,-66.6666677775554,-0.3333333222211126,-0.3333333222211127,-3.333332888911171e-08,3.333333222211126e-10,3.333333222211127e-10,33.3333288891117,-0.6666666777755541,-66.6666677775554,0.6666666777755541,0,-0.3333333222211126,-0.3333333222211127,-3.333332888911171e-08,0,0,0,0.3333333222211126,0.3333333222211127,3.333332888911171e-08,3.333333222211126e-10,3.333333222211127e-10,33.3333288891117
13.2,66.66666777788873,66.66666777788873,99.99999666666712,-33.33333222211126,-33.33333222211127,-3.333332888911171e-06,5.551115123125783e-17,0,0.6666666777755541,100,66.6666677775554,0.3333333222211126,0.3333333222211127,3.333332888911171e-08,1e-09,1e-09,1000000000,3.333333222211126e-10,3.333333222211127e-10,33.3333288891117,66,0.9,20,3,1,1,1,1,2,2,1,1,1,1,2,-0.3333333222211126,-0.3333333222211127,-3.333332888911171e-08,0.3333333222211126,0.3333333222211127,3.333332888911171e-08,-66.6666677775554,-66.6666677775554,-66.6666677775554,-0.3333333222211126,-0.3333333222211127,-3.333332888911171e-08,3.333333222211126e-10,3.333333222211127e-10,33.3333288891117,-0.6666666777755541,-66.6666677775554,0.6666666777755541,0,-0.3333333222211126,-0.3333333222211127,-3.333332888911171e-08,0,0,0,0.3333333222211126,0.3333333222211127,3.333332888911171e-08,3.333333222211126e-10,3.333333222211127e-10,33.3333288891117
13.3,66.66666777788873,66.66666777788873,99.99999666666712,-33.33333222211126,-33.33333222211127,-3.333332888911171e-06,5.551115123125783e-17,0,0.6666666777755541,100,66.6666677775554,0.3333333222211126,0.3333333222211127,3.333332888911171e-08,1e-09,1e-09,1000000000,3.333333222211126e-10,3.333333222211127e-10,33.3333288891117,66,0.9,20,3,1,1,1,1,2,2,1,1,1,1,2,-0.3333333222211126,-0.3333333222211127,-3.333332888911171e-08,0.3333333222211126,0.3333333222211127,3.333332888911171e-08,-66.6666677775554,-66.6666677775554,-66.6666677775554,-0.3333333222211126,-0.3333333222211127,-3.333332888911171e-08,3.333333222211126e-10,3.333333222211127e-10,33.3333288891117,-0.6666666777755541,-66.6666677775554,0.6666666777755541,0,-0.3333333222211126,-0.3333333222211127,-3.333332888911171e-08,0,0,0,0.3333333222211126,0.3333333222211127,3.333332888911171e-08,3.333333222211126e-10,3.333333222211127e-10,33.3333288891117
13.4,66.66666777788873,66.66666777788873,99.99999666666712,-33.33333222211126,-33.33333222211127,-3.333332888911171e-06,5.551115123125783e-17,0,0.6666666777755541,100,66.6666677775554,0.3333333222211126,0.3333333222211127,3.333332888911171e-08,1e-09,1e-09,1000000000,3.333333222211126e-10,3.333333222211127e-10,33.3333288891117,66,0.9,20,3,1,1,1,1,2,2,1,1,1,1,2,-0.3333333222211126,-0.3333333222211127,-3.333332888911171e-08,0.3333333222211126,0.3333333222211127,3.333332888911171e-08,-66.6666677775554,-66.6666677775554,-66.6666677775554,-0.3333333222211126,-0.3333333222211127,-3.333332888911171e-08,3.333333222211126e-10,3.333333222211127e-10,33.3333288891117,-0.6666666777755541,-66.6666677775554,0.6666666777755541,0,-0.3333333222211126,-0.3333333222211127,-3.333332888911171e-08,0,0,0,0.3333333222211126,0.3333333222211127,3.333332888911171e-08,3.333333222211126e-10,3.333333222211127e-10,33.3333288891117
13.5,66.66666777788873,66.66666777788873,99.99999666666712,-33.33333222211126,-33.33333222211127,-3.333332888911171e-06,5.551115123125783e-17,0,0.6666666777755541,100,66.6666677775554,0.3333333222211126,0.3333333222211127,3.333332888911171e-08,1e-09,1e-09,1000000000,3.333333222211126e-10,3.333333222211127e-10,33.3333288891117,66,0.9,20,3,1,1,1,1,2,2,1,1,1,1,2,-0.3333333222211126,-0.3333333222211127,-3.333332888911171e-08,0.3333333222211126,0.3333333222211127,3.333332888911171e-08,-66.6666677775554,-66.6666677775554,-66.6666677775554,-0.3333333222211126,-0.3333333222211127,-3.333332888911171e-08,3.333333222211126e-10,3.333333222211127e-10,33.3333288891117,-0.6666666777755541,-66.6666677775554,0.6666666777755541,0,-0.3333333222211126,-0.3333333222211127,-3.333332888911171e-08,0,0,0,0.3333333222211126,0.3333333222211127,3.333332888911171e-08,3.333333222211126e-10,3.333333222211127e-10,33.3333288891117
13.6,66.66666777788873,66.66666777788873,99.99999666666712,-33.33333222211126,-33.33333222211127,-3.333332888911171e-06,5.551115123125783e-17,0,0.6666666777755541,100,66.6666677775554,0.3333333222211126,0.3333333222211127,3.333332888911171e-08,1e-09,1e-09,1000000000,3.333333222211126e-10,3.333333222211127e-10,33.3333288891117,66,0.9,20,3,1,1,1,1,2,2,1,1,1,1,2,-0.3333333222211126,-0.3333333222211127,-3.333332888911171e-08,0.3333333222211126,0.3333333222211127,3.333332888911171e-08,-66.6666677775554,-66.6666677775554,-66.6666677775554,-0.3333333222211126,-0.3333333222211127,-3.333332888911171e-08,3.333333222211126e-10,3.333333222211127e-10,33.3333288891117,-0.6666666777755541,-66.6666677775554,0.6666666777755541,0,-0.3333333222211126,-0.3333333222211127,-3.333332888911171e-08,0,0,0,0.3333333222211126,0.3333333222211127,3.333332888911171e-08,3.333333222211126e-10,3.333333222211127e-10,33.3333288891117
13.7,66.66666777788873,66.66666777788873,99.99999666666712,-33.33333222211126,-33.33333222211127,-3.333332888911171e-06,5.551115123125783e-17,0,0.6666666777755541,100,66.6666677775554,0.3333333222211126,0.3333333222211127,3.333332888911171e-08,1e-09,1e-09,1000000000,3.333333222211126e-10,3.333333222211127e-10,33.3333288891117,66,0.9,20,3,1,1,1,1,2,2,1,1,1,1,2,-0.3333333222211126,-0.3333333222211127,-3.333332888911171e-08,0.3333333222211126,0.3333333222211127,3.333332888911171e-08,-66.6666677775554,-66.6666677775554,-66.6666677775554,-0.3333333222211126,-0.3333333222211127,-3.333332888911171e-08,3.333333222211126e-10,3.333333222211127e-10,33.3333288891117,-0.6666666777755541,-66.6666677775554,0.6666666777755541,0,-0.3333333222211126,-0.3333333222211127,-3.333332888911171e-08,0,0,0,0.3333333222211126,0.3333333222211127,3.333332888911171e-08,3.333333222211126e-10,3.333333222211127e-10,33.3333288891117
13.8,66.66666777788873,66.66666777788873,99.99999666666712,-33.33333222211126,-33.33333222211127,-3.333332888911171e-06,5.551115123125783e-17,0,0.6666666777755541,100,66.6666677775554,0.3333333222211126,0.3333333222211127,3.333332888911171e-08,1e-09,1e-09,1000000000,3.333333222211126e-10,3.333333222211127e-10,33.3333288891117,66,0.9,20,3,1,1,1,1,2,2,1,1,1,1,2,-0.3333333222211126,-0.3333333222211127,-3.333332888911171e-08,0.3333333222211126,0.3333333222211127,3.333332888911171e-08,-66.6666677775554,-66.6666677775554,-66.6666677775554,-0.3333333222211126,-0.3333333222211127,-3.333332888911171e-08,3.333333222211126e-10,3.333333222211127e-10,33.3333288891117,-0.6666666777755541,-66.6666677775554,0.6666666777755541,0,-0.3333333222211126,-0.3333333222211127,-3.333332888911171e-08,0,0,0,0.3333333222211126,0.3333333222211127,3.333332888911171e-08,3.333333222211126e-10,3.333333222211127e-10,33.3333288891117
13.9,66.66666777788873,66.66666777788873,99.99999666666712,-33.33333222211126,-33.33333222211127,-3.333332888911171e-06,5.551115123125783e-17,0,0.6666666777755541,100,66.6666677775554,0.3333333222211126,0.3333333222211127,3.333332888911171e-08,1e-09,1e-09,1000000000,3.333333222211126e-10,3.333333222211127e-10,33.3333288891117,66,0.9,20,3,1,1,1,1,2,2,1,1,1,1,2,-0.3333333222211126,-0.3333333222211127,-3.333332888911171e-08,0.3333333222211126,0.3333333222211127,3.333332888911171e-08,-66.6666677775554,-66.6666677775554,-66.6666677775554,-0.3333333222211126,-0.3333333222211127,-3.333332888911171e-08,3.333333222211126e-10,3.333333222211127e-10,33.3333288891117,-0.6666666777755541,-66.6666677775554,0.6666666777755541,0,-0.3333333222211126,-0.3333333222211127,-3.333332888911171e-08,0,0,0,0.3333333222211126,0.3333333222211127,3.333332888911171e-08,3.333333222211126e-10,3.333333222211127e-10,33.3333288891117
14,66.66666777788873,66.66666777788873,99.99999666666712,-33.33333222211126,-33.33333222211127,-3.333332888911171e-06,5.551115123125783e-17,0,0.6666666777755541,100,66.6666677775554,0.3333333222211126,0.3333333222211127,3.333332888911171e-08,1e-09,1e-09,1000000000,3.333333222211126e-10,3.333333222211127e-10,33.3333288891117,66,0.9,20,3,1,1,1,1,2,2,1,1,1,1,2,-0.3333333222211126,-0.3333333222211127,-3.333332888911171e-08,0.3333333222211126,0.3333333222211127,3.333332888911171e-08,-66.6666677775554,-66.6666677775554,-66.6666677775554,-0.3333333222211126,-0.3333333222211127,-3.333332888911171e-08,3.333333222211126e-10,3.333333222211127e-10,33.3333288891117,-0.6666666777755541,-66.6666677775554,0.6666666777755541,0,-0.3333333222211126,-0.3333333222211127,-3.333332888911171e-08,0,0,0,0.3333333222211126,0.3333333222211127,3.333332888911171e-08,3.333333222211126e-10,3.333333222211127e-10,33.3333288891117
14.1,66.66666777788873,66.66666777788873,99.99999666666712,-33.33333222211126,-33.33333222211127,-3.333332888911171e-06,5.551115123125783e-17,0,0.6666666777755541,100,66.6666677775554,0.3333333222211126,0.3333333222211127,3.333332888911171e-08,1e-09,1e-09,1000000000,3.333333222211126e-10,3.333333222211127e-10,33.3333288891117,66,0.9,20,3,1,1,1,1,2,2,1,1,1,1,2,-0.3333333222211126,-0.3333333222211127,-3.333332888911171e-08,0.3333333222211126,0.3333333222211127,3.333332888911171e-08,-66.6666677775554,-66.6666677775554,-66.6666677775554,-0.3333333222211126,-0.3333333222211127,-3.333332888911171e-08,3.333333222211126e-10,3.333333222211127e-10,33.3333288891117,-0.6666666777755541,-66.6666677775554,0.6666666777755541,0,-0.3333333222211126,-0.3333333222211127,-3.333332888911171e-08,0,0,0,0.3333333222211126,0.3333333222211127,3.333332888911171e-08,3.333333222211126e-10,3.333333222211127e-10,33.3333288891117
14.2,66.66666777788873,66.66666777788873,99.99999666666712,-33.33333222211126,-33.33333222211127,-3.333332888911171e-06,5.551115123125783e-17,0,0.6666666777755541,100,66.6666677775554,0.3333333222211126,0.3333333222211127,3.333332888911171e-08,1e-09,1e-09,1000000000,3.333333222211126e-10,3.333333222211127e-10,33.3333288891117,66,0.9,20,3,1,1,1,1,2,2,1,1,1,1,2,-0.3333333222211126,-0.3333333222211127,-3.333332888911171e-08,0.3333333222211126,0.3333333222211127,3.333332888911171e-08,-66.6666677775554,-66.6666677775554,-66.6666677775554,-0.3333333222211126,-0.3333333222211127,-3.333332888911171e-08,3.333333222211126e-10,3.333333222211127e-10,33.3333288891117,-0.6666666777755541,-66.6666677775554,0.6666666777755541,0,-0.3333333222211126,-0.3333333222211127,-3.333332888911171e-08,0,0,0,0.3333333222211126,0.3333333222211127,3.333332888911171e-08,3.333333222211126e-10,3.333333222211127e-10,33.3333288891117
14.3,66.66666777788873,66.66666777788873,99.99999666666712,-33.33333222211126,-33.33333222211127,-3.333332888911171e-06,5.551115123125783e-17,0,0.6666666777755541,100,66.6666677775554,0.3333333222211126,0.3333333222211127,3.333332888911171e-08,1e-09,1e-09,1000000000,3.333333222211126e-10,3.333333222211127e-10,33.3333288891117,66,0.9,20,3,1,1,1,1,2,2,1,1,1,1,2,-0.3333333222211126,-0.3333333222211127,-3.333332888911171e-08,0.3333333222211126,0.3333333222211127,3.333332888911171e-08,-66.6666677775554,-66.6666677775554,-66.6666677775554,-0.3333333222211126,-0.3333333222211127,-3.333332888911171e-08,3.333333222211126e-10,3.333333222211127e-10,33.3333288891117,-0.6666666777755541,-66.6666677775554,0.6666666777755541,0,-0.3333333222211126,-0.3333333222211127,-3.333332888911171e-08,0,0,0,0.3333333222211126,0.3333333222211127,3.333332888911171e-08,3.333333222211126e-10,3.333333222211127e-10,33.3333288891117
14.4,66.66666777788873,66.66666777788873,99.99999666666712,-33.33333222211126,-33.33333222211127,-3.333332888911171e-06,5.551115123125783e-17,0,0.6666666777755541,100,66.6666677775554,0.3333333222211126,0.3333333222211127,3.333332888911171e-08,1e-09,1e-09,1000000000,3.333333222211126e-10,3.333333222211127e-10,33.3333288891117,66,0.9,20,3,1,1,1,1,2,2,1,1,1,1,2,-0.3333333222211126,-0.3333333222211127,-3.333332888911171e-08,0.3333333222211126,0.3333333222211127,3.333332888911171e-08,-66.6666677775554,-66.6666677775554,-66.6666677775554,-0.3333333222211126,-0.3333333222211127,-3.333332888911171e-08,3.333333222211126e-10,3.333333222211127e-10,33.3333288891117,-0.6666666777755541,-66.6666677775554,0.6666666777755541,0,-0.3333333222211126,-0.3333333222211127,-3.333332888911171e-08,0,0,0,0.3333333222211126,0.3333333222211127,3.333332888911171e-08,3.333333222211126e-10,3.333333222211127e-10,33.3333288891117
14.5,66.66666777788873,66.66666777788873,99.99999666666712,-33.33333222211126,-33.33333222211127,-3.333332888911171e-06,5.551115123125783e-17,0,0.6666666777755541,100,66.6666677775554,0.3333333222211126,0.3333333222211127,3.333332888911171e-08,1e-09,1e-09,1000000000,3.333333222211126e-10,3.333333222211127e-10,33.3333288891117,66,0.9,20,3,1,1,1,1,2,2,1,1,1,1,2,-0.3333333222211126,-0.3333333222211127,-3.333332888911171e-08,0.3333333222211126,0.3333333222211127,3.333332888911171e-08,-66.6666677775554,-66.6666677775554,-66.6666677775554,-0.3333333222211126,-0.3333333222211127,-3.333332888911171e-08,3.333333222211126e-10,3.333333222211127e-10,33.3333288891117,-0.6666666777755541,-66.6666677775554,0.6666666777755541,0,-0.3333333222211126,-0.3333333222211127,-3.333332888911171e-08,0,0,0,0.3333333222211126,0.3333333222211127,3.333332888911171e-08,3.333333222211126e-10,3.333333222211127e-10,33.3333288891117
14.6,66.66666777788873,66.66666777788873,99.99999666666712,-33.33333222211126,-33.33333222211127,-3.333332888911171e-06,5.551115123125783e-17,0,0.6666666777755541,100,66.6666677775554,0.3333333222211126,0.3333333222211127,3.333332888911171e-08,1e-09,1e-09,1000000000,3.333333222211126e-10,3.333333222211127e-10,33.3333288891117,66,0.9,20,3,1,1,1,1,2,2,1,1,1,1,2,-0.3333333222211126,-0.3333333222211127,-3.333332888911171e-08,0.3333333222211126,0.3333333222211127,3.333332888911171e-08,-66.6666677775554,-66.6666677775554,-66.6666677775554,-0.3333333222211126,-0.3333333222211127,-3.333332888911171e-08,3.333333222211126e-10,3.333333222211127e-10,33.3333288891117,-0.6666666777755541,-66.6666677775554,0.6666666777755541,0,-0.3333333222211126,-0.3333333222211127,-3.333332888911171e-08,0,0,0,0.3333333222211126,0.3333333222211127,3.333332888911171e-08,3.333333222211126e-10,3.333333222211127e-10,33.3333288891117
14.7,66.66666777788873,66.66666777788873,99.99999666666712,-33.33333222211126,-33.33333222211127,-3.333332888911171e-06,5.551115123125783e-17,0,0.6666666777755541,100,66.6666677775554,0.3333333222211126,0.3333333222211127,3.333332888911171e-08,1e-09,1e-09,1000000000,3.333333222211126e-10,3.333333222211127e-10,33.3333288891117,66,0.9,20,3,1,1,1,1,2,2,1,1,1,1,2,-0.3333333222211126,-0.3333333222211127,-3.333332888911171e-08,0.3333333222211126,0.3333333222211127,3.333332888911171e-08,-66.6666677775554,-66.6666677775554,-66.6666677775554,-0.3333333222211126,-0.3333333222211127,-3.333332888911171e-08,3.333333222211126e-10,3.333333222211127e-10,33.3333288891117,-0.6666666777755541,-66.6666677775554,0.6666666777755541,0,-0.3333333222211126,-0.3333333222211127,-3.333332888911171e-08,0,0,0,0.3333333222211126,0.3333333222211127,3.333332888911171e-08,3.333333222211126e-10,3.333333222211127e-10,33.3333288891117
14.8,66.66666777788873,66.66666777788873,99.99999666666712,-33.33333222211126,-33.33333222211127,-3.333332888911171e-06,5.551115123125783e-17,0,0.6666666777755541,100,66.6666677775554,0.3333333222211126,0.3333333222211127,3.333332888911171e-08,1e-09,1e-09,1000000000,3.333333222211126e-10,3.333333222211127e-10,33.3333288891117,66,0.9,20,3,1,1,1,1,2,2,1,1,1,1,2,-0.3333333222211126,-0.3333333222211127,-3.333332888911171e-08,0.3333333222211126,0.3333333222211127,3.333332888911171e-08,-66.6666677775554,-66.6666677775554,-66.6666677775554,-0.3333333222211126,-0.3333333222211127,-3.333332888911171e-08,3.333333222211126e-10,3.333333222211127e-10,33.3333288891117,-0.6666666777755541,-66.6666677775554,0.6666666777755541,0,-0.3333333222211126,-0.3333333222211127,-3.333332888911171e-08,0,0,0,0.3333333222211126,0.3333333222211127,3.333332888911171e-08,3.333333222211126e-10,3.333333222211127e-10,33.3333288891117
14.9,66.66666777788873,66.66666777788873,99.99999666666712,-33.33333222211126,-33.33333222211127,-3.333332888911171e-06,5.551115123125783e-17,0,0.6666666777755541,100,66.6666677775554,0.3333333222211126,0.3333333222211127,3.333332888911171e-08,1e-09,1e-09,1000000000,3.333333222211126e-10,3.333333222211127e-10,33.3333288891117,66,0.9,20,3,1,1,1,1,2,2,1,1,1,1,2,-0.3333333222211126,-0.3333333222211127,-3.333332888911171e-08,0.3333333222211126,0.3333333222211127,3.333332888911171e-08,-66.6666677775554,-66.6666677775554,-66.6666677775554,-0.3333333222211126,-0.3333333222211127,-3.333332888911171e-08,3.333333222211126e-10,3.333333222211127e-10,33.3333288891117,-0.6666666777755541,-66.6666677775554,0.6666666777755541,0,-0.3333333222211126,-0.3333333222211127,-3.333332888911171e-08,0,0,0,0.3333333222211126,0.3333333222211127,3.333332888911171e-08,3.333333222211126e-10,3.333333222211127e-10,33.3333288891117
15,66.66666777788873,66.66666777788873,99.99999666666712,-33.33333222211126,-33.33333222211127,-3.333332888911171e-06,5.551115123125783e-17,0,0.6666666777755541,100,66.6666677775554,0.3333333222211126,0.3333333222211127,3.333332888911171e-08,1e-09,1e-09,1000000000,3.333333222211126e-10,3.333333222211127e-10,33.3333288891117,66,0.9,20,3,1,1,1,1,2,2,1,1,1,1,2,-0.3333333222211126,-0.3333333222211127,-3.333332888911171e-08,0.3333333222211126,0.3333333222211127,3.333332888911171e-08,-66.6666677775554,-66.6666677775554,-66.6666677775554,-0.3333333222211126,-0.3333333222211127,-3.333332888911171e-08,3.333333222211126e-10,3.333333222211127e-10,33.3333288891117,-0.6666666777755541,-66.6666677775554,0.6666666777755541,0,-0.3333333222211126,-0.3333333222211127,-3.333332888911171e-08,0,0,0,0.3333333222211126,0.3333333222211127,3.333332888911171e-08,3.333333222211126e-10,3.333333222211127e-10,33.3333288891117
15.1,66.66666777788873,66.66666777788873,99.99999666666712,-33.33333222211126,-33.33333222211127,-3.333332888911171e-06,5.551115123125783e-17,0,0.6666666777755541,100,66.6666677775554,0.3333333222211126,0.3333333222211127,3.333332888911171e-08,1e-09,1e-09,1000000000,3.333333222211126e-10,3.333333222211127e-10,33.3333288891117,66,0.9,20,3,1,1,1,1,2,2,1,1,1,1,2,-0.3333333222211126,-0.3333333222211127,-3.333332888911171e-08,0.3333333222211126,0.3333333222211127,3.333332888911171e-08,-66.6666677775554,-66.6666677775554,-66.6666677775554,-0.3333333222211126,-0.3333333222211127,-3.333332888911171e-08,3.333333222211126e-10,3.333333222211127e-10,33.3333288891117,-0.6666666777755541,-66.6666677775554,0.6666666777755541,0,-0.3333333222211126,-0.3333333222211127,-3.333332888911171e-08,0,0,0,0.3333333222211126,0.3333333222211127,3.333332888911171e-08,3.333333222211126e-10,3.333333222211127e-10,33.3333288891117
15.2,66.66666777788873,66.66666777788873,99.99999666666712,-33.33333222211126,-33.33333222211127,-3.333332888911171e-06,5.551115123125783e-17,0,0.6666666777755541,100,66.6666677775554,0.3333333222211126,0.3333333222211127,3.333332888911171e-08,1e-09,1e-09,1000000000,3.333333222211126e-10,3.333333222211127e-10,33.3333288891117,66,0.9,20,3,1,1,1,1,2,2,1,1,1,1,2,-0.3333333222211126,-0.3333333222211127,-3.333332888911171e-08,0.3333333222211126,0.3333333222211127,3.333332888911171e-08,-66.6666677775554,-66.6666677775554,-66.6666677775554,-0.3333333222211126,-0.3333333222211127,-3.333332888911171e-08,3.333333222211126e-10,3.333333222211127e-10,33.3333288891117,-0.6666666777755541,-66.6666677775554,0.6666666777755541,0,-0.3333333222211126,-0.3333333222211127,-3.333332888911171e-08,0,0,0,0.3333333222211126,0.3333333222211127,3.333332888911171e-08,3.333333222211126e-10,3.333333222211127e-10,33.3333288891117
15.3,66.66666777788873,66.66666777788873,99.99999666666712,-33.33333222211126,-33.33333222211127,-3.333332888911171e-06,5.551115123125783e-17,0,0.6666666777755541,100,66.6666677775554,0.3333333222211126,0.3333333222211127,3.333332888911171e-08,1e-09,1e-09,1000000000,3.333333222211126e-10,3.333333222211127e-10,33.3333288891117,66,0.9,20,3,1,1,1,1,2,2,1,1,1,1,2,-0.3333333222211126,-0.3333333222211127,-3.333332888911171e-08,0.3333333222211126,0.3333333222211127,3.333332888911171e-08,-66.6666677775554,-66.6666677775554,-66.6666677775554,-0.3333333222211126,-0.3333333222211127,-3.333332888911171e-08,3.333333222211126e-10,3.333333222211127e-10,33.3333288891117,-0.6666666777755541,-66.6666677775554,0.6666666777755541,0,-0.3333333222211126,-0.3333333222211127,-3.333332888911171e-08,0,0,0,0.3333333222211126,0.3333333222211127,3.333332888911171e-08,3.333333222211126e-10,3.333333222211127e-10,33.3333288891117
15.4,66.66666777788873,66.66666777788873,99.99999666666712,-33.33333222211126,-33.33333222211127,-3.333332888911171e-06,5.551115123125783e-17,0,0.6666666777755541,100,66.6666677775554,0.3333333222211126,0.3333333222211127,3.333332888911171e-08,1e-09,1e-09,1000000000,3.333333222211126e-10,3.333333222211127e-10,33.3333288891117,66,0.9,20,3,1,1,1,1,2,2,1,1,1,1,2,-0.3333333222211126,-0.3333333222211127,-3.333332888911171e-08,0.3333333222211126,0.3333333222211127,3.333332888911171e-08,-66.6666677775554,-66.6666677775554,-66.6666677775554,-0.3333333222211126,-0.3333333222211127,-3.333332888911171e-08,3.333333222211126e-10,3.333333222211127e-10,33.3333288891117,-0.6666666777755541,-66.6666677775554,0.6666666777755541,0,-0.3333333222211126,-0.3333333222211127,-3.333332888911171e-08,0,0,0,0.3333333222211126,0.3333333222211127,3.333332888911171e-08,3.333333222211126e-10,3.333333222211127e-10,33.3333288891117
15.5,66.66666777788873,66.66666777788873,99.99999666666712,-33.33333222211126,-33.33333222211127,-3.333332888911171e-06,5.551115123125783e-17,0,0.6666666777755541,100,66.6666677775554,0.3333333222211126,0.3333333222211127,3.333332888911171e-08,1e-09,1e-09,1000000000,3.333333222211126e-10,3.333333222211127e-10,33.3333288891117,66,0.9,20,3,1,1,1,1,2,2,1,1,1,1,2,-0.3333333222211126,-0.3333333222211127,-3.333332888911171e-08,0.3333333222211126,0.3333333222211127,3.333332888911171e-08,-66.6666677775554,-66.6666677775554,-66.6666677775554,-0.3333333222211126,-0.3333333222211127,-3.333332888911171e-08,3.333333222211126e-10,3.333333222211127e-10,33.3333288891117,-0.6666666777755541,-66.6666677775554,0.6666666777755541,0,-0.3333333222211126,-0.3333333222211127,-3.333332888911171e-08,0,0,0,0.3333333222211126,0.3333333222211127,3.333332888911171e-08,3.333333222211126e-10,3.333333222211127e-10,33.3333288891117
15.6,66.66666777788873,66.66666777788873,99.99999666666712,-33.33333222211126,-33.33333222211127,-3.333332888911171e-06,5.551115123125783e-17,0,0.6666666777755541,100,66.6666677775554,0.3333333222211126,0.3333333222211127,3.333332888911171e-08,1e-09,1e-09,1000000000,3.333333222211126e-10,3.333333222211127e-10,33.3333288891117,66,0.9,20,3,1,1,1,1,2,2,1,1,1,1,2,-0.3333333222211126,-0.3333333222211127,-3.333332888911171e-08,0.3333333222211126,0.3333333222211127,3.333332888911171e-08,-66.6666677775554,-66.6666677775554,-66.6666677775554,-0.3333333222211126,-0.3333333222211127,-3.333332888911171e-08,3.333333222211126e-10,3.333333222211127e-10,33.3333288891117,-0.6666666777755541,-66.6666677775554,0.6666666777755541,0,-0.3333333222211126,-0.3333333222211127,-3.333332888911171e-08,0,0,0,0.3333333222211126,0.3333333222211127,3.333332888911171e-08,3.333333222211126e-10,3.333333222211127e-10,33.3333288891117
15.7,66.66666777788873,66.66666777788873,99.99999666666712,-33.33333222211126,-33.33333222211127,-3.333332888911171e-06,5.551115123125783e-17,0,0.6666666777755541,100,66.6666677775554,0.3333333222211126,0.3333333222211127,3.333332888911171e-08,1e-09,1e-09,1000000000,3.333333222211126e-10,3.333333222211127e-10,33.3333288891117,66,0.9,20,3,1,1,1,1,2,2,1,1,1,1,2,-0.3333333222211126,-0.3333333222211127,-3.333332888911171e-08,0.3333333222211126,0.3333333222211127,3.333332888911171e-08,-66.6666677775554,-66.6666677775554,-66.6666677775554,-0.3333333222211126,-0.3333333222211127,-3.333332888911171e-08,3.333333222211126e-10,3.333333222211127e-10,33.3333288891117,-0.6666666777755541,-66.6666677775554,0.6666666777755541,0,-0.3333333222211126,-0.3333333222211127,-3.333332888911171e-08,0,0,0,0.3333333222211126,0.3333333222211127,3.333332888911171e-08,3.333333222211126e-10,3.333333222211127e-10,33.3333288891117
15.8,66.66666777788873,66.66666777788873,99.99999666666712,-33.33333222211126,-33.33333222211127,-3.333332888911171e-06,5.551115123125783e-17,0,0.6666666777755541,100,66.6666677775554,0.3333333222211126,0.3333333222211127,3.333332888911171e-08,1e-09,1e-09,1000000000,3.333333222211126e-10,3.333333222211127e-10,33.3333288891117,66,0.9,20,3,1,1,1,1,2,2,1,1,1,1,2,-0.3333333222211126,-0.3333333222211127,-3.333332888911171e-08,0.3333333222211126,0.3333333222211127,3.333332888911171e-08,-66.6666677775554,-66.6666677775554,-66.6666677775554,-0.3333333222211126,-0.3333333222211127,-3.333332888911171e-08,3.333333222211126e-10,3.333333222211127e-10,33.3333288891117,-0.6666666777755541,-66.6666677775554,0.6666666777755541,0,-0.3333333222211126,-0.3333333222211127,-3.333332888911171e-08,0,0,0,0.3333333222211126,0.3333333222211127,3.333332888911171e-08,3.333333222211126e-10,3.333333222211127e-10,33.3333288891117
15.9,66.66666777788873,66.66666777788873,99.99999666666712,-33.33333222211126,-33.33333222211127,-3.333332888911171e-06,5.551115123125783e-17,0,0.6666666777755541,100,66.6666677775554,0.3333333222211126,0.3333333222211127,3.333332888911171e-08,1e-09,1e-09,1000000000,3.333333222211126e-10,3.333333222211127e-10,33.3333288891117,66,0.9,20,3,1,1,1,1,2,2,1,1,1,1,2,-0.3333333222211126,-0.3333333222211127,-3.333332888911171e-08,0.3333333222211126,0.3333333222211127,3.333332888911171e-08,-66.6666677775554,-66.6666677775554,-66.6666677775554,-0.3333333222211126,-0.3333333222211127,-3.333332888911171e-08,3.333333222211126e-10,3.333333222211127e-10,33.3333288891117,-0.6666666777755541,-66.6666677775554,0.6666666777755541,0,-0.3333333222211126,-0.3333333222211127,-3.333332888911171e-08,0,0,0,0.3333333222211126,0.3333333222211127,3.333332888911171e-08,3.333333222211126e-10,3.333333222211127e-10,33.3333288891117
16,66.66666777788873,66.66666777788873,99.99999666666712,-33.33333222211126,-33.33333222211127,-3.333332888911171e-06,5.551115123125783e-17,0,0.6666666777755541,100,66.6666677775554,0.3333333222211126,0.3333333222211127,3.333332888911171e-08,1e-09,1e-09,1000000000,3.333333222211126e-10,3.333333222211127e-10,33.3333288891117,66,0.9,20,3,1,1,1,1,2,2,1,1,1,1,2,-0.3333333222211126,-0.3333333222211127,-3.333332888911171e-08,0.3333333222211126,0.3333333222211127,3.333332888911171e-08,-66.6666677775554,-66.6666677775554,-66.6666677775554,-0.3333333222211126,-0.3333333222211127,-3.333332888911171e-08,3.333333222211126e-10,3.333333222211127e-10,33.3333288891117,-0.6666666777755541,-66.6666677775554,0.6666666777755541,0,-0.3333333222211126,-0.3333333222211127,-3.333332888911171e-08,0,0,0,0.3333333222211126,0.3333333222211127,3.333332888911171e-08,3.333333222211126e-10,3.333333222211127e-10,33.3333288891117
16.1,66.66666777788873,66.66666777788873,99.99999666666712,-33.33333222211126,-33.33333222211127,-3.333332888911171e-06,5.551115123125783e-17,0,0.6666666777755541,100,66.6666677775554,0.3333333222211126,0.3333333222211127,3.333332888911171e-08,1e-09,1e-09,1000000000,3.333333222211126e-10,3.333333222211127e-10,33.3333288891117,66,0.9,20,3,1,1,1,1,2,2,1,1,1,1,2,-0.3333333222211126,-0.3333333222211127,-3.333332888911171e-08,0.3333333222211126,0.3333333222211127,3.333332888911171e-08,-66.6666677775554,-66.6666677775554,-66.6666677775554,-0.3333333222211126,-0.3333333222211127,-3.333332888911171e-08,3.333333222211126e-10,3.333333222211127e-10,33.3333288891117,-0.6666666777755541,-66.6666677775554,0.6666666777755541,0,-0.3333333222211126,-0.3333333222211127,-3.333332888911171e-08,0,0,0,0.3333333222211126,0.3333333222211127,3.333332888911171e-08,3.333333222211126e-10,3.333333222211127e-10,33.3333288891117
16.2,66.66666777788873,66.66666777788873,99.99999666666712,-33.33333222211126,-33.33333222211127,-3.333332888911171e-06,5.551115123125783e-17,0,0.6666666777755541,100,66.6666677775554,0.3333333222211126,0.3333333222211127,3.333332888911171e-08,1e-09,1e-09,1000000000,3.333333222211126e-10,3.333333222211127e-10,33.3333288891117,66,0.9,20,3,1,1,1,1,2,2,1,1,1,1,2,-0.3333333222211126,-0.3333333222211127,-3.333332888911171e-08,0.3333333222211126,0.3333333222211127,3.333332888911171e-08,-66.6666677775554,-66.6666677775554,-66.6666677775554,-0.3333333222211126,-0.3333333222211127,-3.333332888911171e-08,3.333333222211126e-10,3.333333222211127e-10,33.3333288891117,-0.6666666777755541,-66.6666677775554,0.6666666777755541,0,-0.3333333222211126,-0.3333333222211127,-3.333332888911171e-08,0,0,0,0.3333333222211126,0.3333333222211127,3.333332888911171e-08,3.333333222211126e-10,3.333333222211127e-10,33.3333288891117
16.3,66.66666777788873,66.66666777788873,99.99999666666712,-33.33333222211126,-33.33333222211127,-3.333332888911171e-06,5.551115123125783e-17,0,0.6666666777755541,100,66.6666677775554,0.3333333222211126,0.3333333222211127,3.333332888911171e-08,1e-09,1e-09,1000000000,3.333333222211126e-10,3.333333222211127e-10,33.3333288891117,66,0.9,20,3,1,1,1,1,2,2,1,1,1,1,2,-0.3333333222211126,-0.3333333222211127,-3.333332888911171e-08,0.3333333222211126,0.3333333222211127,3.333332888911171e-08,-66.6666677775554,-66.6666677775554,-66.6666677775554,-0.3333333222211126,-0.3333333222211127,-3.333332888911171e-08,3.333333222211126e-10,3.333333222211127e-10,33.3333288891117,-0.6666666777755541,-66.6666677775554,0.6666666777755541,0,-0.3333333222211126,-0.3333333222211127,-3.333332888911171e-08,0,0,0,0.3333333222211126,0.3333333222211127,3.333332888911171e-08,3.333333222211126e-10,3.333333222211127e-10,33.3333288891117
16.4,66.66666777788873,66.66666777788873,99.99999666666712,-33.33333222211126,-33.33333222211127,-3.333332888911171e-06,5.551115123125783e-17,0,0.6666666777755541,100,66.6666677775554,0.3333333222211126,0.3333333222211127,3.333332888911171e-08,1e-09,1e-09,1000000000,3.333333222211126e-10,3.333333222211127e-10,33.3333288891117,66,0.9,20,3,1,1,1,1,2,2,1,1,1,1,2,-0.3333333222211126,-0.3333333222211127,-3.333332888911171e-08,0.3333333222211126,0.3333333222211127,3.333332888911171e-08,-66.6666677775554,-66.6666677775554,-66.6666677775554,-0.3333333222211126,-0.3333333222211127,-3.333332888911171e-08,3.333333222211126e-10,3.333333222211127e-10,33.3333288891117,-0.6666666777755541,-66.6666677775554,0.6666666777755541,0,-0.3333333222211126,-0.3333333222211127,-3.333332888911171e-08,0,0,0,0.3333333222211126,0.3333333222211127,3.333332888911171e-08,3.333333222211126e-10,3.333333222211127e-10,33.3333288891117
16.5,66.66666777788873,66.66666777788873,99.99999666666712,-33.33333222211126,-33.33333222211127,-3.333332888911171e-06,5.551115123125783e-17,0,0.6666666777755541,100,66.6666677775554,0.3333333222211126,0.3333333222211127,3.333332888911171e-08,1e-09,1e-09,1000000000,3.333333222211126e-10,3.333333222211127e-10,33.3333288891117,66,0.9,20,3,1,1,1,1,2,2,1,1,1,1,2,-0.3333333222211126,-0.3333333222211127,-3.333332888911171e-08,0.3333333222211126,0.3333333222211127,3.333332888911171e-08,-66.6666677775554,-66.6666677775554,-66.6666677775554,-0.3333333222211126,-0.3333333222211127,-3.333332888911171e-08,3.333333222211126e-10,3.333333222211127e-10,33.3333288891117,-0.6666666777755541,-66.6666677775554,0.6666666777755541,0,-0.3333333222211126,-0.3333333222211127,-3.333332888911171e-08,0,0,0,0.3333333222211126,0.3333333222211127,3.333332888911171e-08,3.333333222211126e-10,3.333333222211127e-10,33.3333288891117
16.6,66.66666777788873,66.66666777788873,99.99999666666712,-33.33333222211126,-33.33333222211127,-3.333332888911171e-06,5.551115123125783e-17,0,0.6666666777755541,100,66.6666677775554,0.3333333222211126,0.3333333222211127,3.333332888911171e-08,1e-09,1e-09,1000000000,3.333333222211126e-10,3.333333222211127e-10,33.3333288891117,66,0.9,20,3,1,1,1,1,2,2,1,1,1,1,2,-0.3333333222211126,-0.3333333222211127,-3.333332888911171e-08,0.3333333222211126,0.3333333222211127,3.333332888911171e-08,-66.6666677775554,-66.6666677775554,-66.6666677775554,-0.3333333222211126,-0.3333333222211127,-3.333332888911171e-08,3.333333222211126e-10,3.333333222211127e-10,33.3333288891117,-0.6666666777755541,-66.6666677775554,0.6666666777755541,0,-0.3333333222211126,-0.3333333222211127,-3.333332888911171e-08,0,0,0,0.3333333222211126,0.3333333222211127,3.333332888911171e-08,3.333333222211126e-10,3.333333222211127e-10,33.3333288891117
16.7,66.66666777788873,66.66666777788873,99.99999666666712,-33.33333222211126,-33.33333222211127,-3.333332888911171e-06,5.551115123125783e-17,0,0.6666666777755541,100,66.6666677775554,0.3333333222211126,0.3333333222211127,3.333332888911171e-08,1e-09,1e-09,1000000000,3.333333222211126e-10,3.333333222211127e-10,33.3333288891117,66,0.9,20,3,1,1,1,1,2,2,1,1,1,1,2,-0.3333333222211126,-0.3333333222211127,-3.333332888911171e-08,0.3333333222211126,0.3333333222211127,3.333332888911171e-08,-66.6666677775554,-66.6666677775554,-66.6666677775554,-0.3333333222211126,-0.3333333222211127,-3.333332888911171e-08,3.333333222211126e-10,3.333333222211127e-10,33.3333288891117,-0.6666666777755541,-66.6666677775554,0.6666666777755541,0,-0.3333333222211126,-0.3333333222211127,-3.333332888911171e-08,0,0,0,0.3333333222211126,0.3333333222211127,3.333332888911171e-08,3.333333222211126e-10,3.333333222211127e-10,33.3333288891117
16.8,66.66666777788873,66.66666777788873,99.99999666666712,-33.33333222211126,-33.33333222211127,-3.333332888911171e-06,5.551115123125783e-17,0,0.6666666777755541,100,66.6666677775554,0.3333333222211126,0.3333333222211127,3.333332888911171e-08,1e-09,1e-09,1000000000,3.333333222211126e-10,3.333333222211127e-10,33.3333288891117,66,0.9,20,3,1,1,1,1,2,2,1,1,1,1,2,-0.3333333222211126,-0.3333333222211127,-3.333332888911171e-08,0.3333333222211126,0.3333333222211127,3.333332888911171e-08,-66.6666677775554,-66.6666677775554,-66.6666677775554,-0.3333333222211126,-0.3333333222211127,-3.333332888911171e-08,3.333333222211126e-10,3.333333222211127e-10,33.3333288891117,-0.6666666777755541,-66.6666677775554,0.6666666777755541,0,-0.3333333222211126,-0.3333333222211127,-3.333332888911171e-08,0,0,0,0.3333333222211126,0.3333333222211127,3.333332888911171e-08,3.333333222211126e-10,3.333333222211127e-10,33.3333288891117
16.9,66.66666777788873,66.66666777788873,99.99999666666712,-33.33333222211126,-33.33333222211127,-3.333332888911171e-06,5.551115123125783e-17,0,0.6666666777755541,100,66.6666677775554,0.3333333222211126,0.3333333222211127,3.333332888911171e-08,1e-09,1e-09,1000000000,3.333333222211126e-10,3.333333222211127e-10,33.3333288891117,66,0.9,20,3,1,1,1,1,2,2,1,1,1,1,2,-0.3333333222211126,-0.3333333222211127,-3.333332888911171e-08,0.3333333222211126,0.3333333222211127,3.333332888911171e-08,-66.6666677775554,-66.6666677775554,-66.6666677775554,-0.3333333222211126,-0.3333333222211127,-3.333332888911171e-08,3.333333222211126e-10,3.333333222211127e-10,33.3333288891117,-0.6666666777755541,-66.6666677775554,0.6666666777755541,0,-0.3333333222211126,-0.3333333222211127,-3.333332888911171e-08,0,0,0,0.3333333222211126,0.3333333222211127,3.333332888911171e-08,3.333333222211126e-10,3.333333222211127e-10,33.3333288891117
17,66.66666777788873,66.66666777788873,99.99999666666712,-33.33333222211126,-33.33333222211127,-3.333332888911171e-06,5.551115123125783e-17,0,0.6666666777755541,100,66.6666677775554,0.3333333222211126,0.3333333222211127,3.333332888911171e-08,1e-09,1e-09,1000000000,3.333333222211126e-10,3.333333222211127e-10,33.3333288891117,66,0.9,20,3,1,1,1,1,2,2,1,1,1,1,2,-0.3333333222211126,-0.3333333222211127,-3.333332888911171e-08,0.3333333222211126,0.3333333222211127,3.333332888911171e-08,-66.6666677775554,-66.6666677775554,-66.6666677775554,-0.3333333222211126,-0.3333333222211127,-3.333332888911171e-08,3.333333222211126e-10,3.333333222211127e-10,33.3333288891117,-0.6666666777755541,-66.6666677775554,0.6666666777755541,0,-0.3333333222211126,-0.3333333222211127,-3.333332888911171e-08,0,0,0,0.3333333222211126,0.3333333222211127,3.333332888911171e-08,3.333333222211126e-10,3.333333222211127e-10,33.3333288891117
17.1,66.66666777788873,66.66666777788873,99.99999666666712,-33.33333222211126,-33.33333222211127,-3.333332888911171e-06,5.551115123125783e-17,0,0.6666666777755541,100,66.6666677775554,0.3333333222211126,0.3333333222211127,3.333332888911171e-08,1e-09,1e-09,1000000000,3.333333222211126e-10,3.333333222211127e-10,33.3333288891117,66,0.9,20,3,1,1,1,1,2,2,1,1,1,1,2,-0.3333333222211126,-0.3333333222211127,-3.333332888911171e-08,0.3333333222211126,0.3333333222211127,3.333332888911171e-08,-66.6666677775554,-66.6666677775554,-66.6666677775554,-0.3333333222211126,-0.3333333222211127,-3.333332888911171e-08,3.333333222211126e-10,3.333333222211127e-10,33.3333288891117,-0.6666666777755541,-66.6666677775554,0.6666666777755541,0,-0.3333333222211126,-0.3333333222211127,-3.333332888911171e-08,0,0,0,0.3333333222211126,0.3333333222211127,3.333332888911171e-08,3.333333222211126e-10,3.333333222211127e-10,33.3333288891117
17.2,66.66666777788873,66.66666777788873,99.99999666666712,-33.33333222211126,-33.33333222211127,-3.333332888911171e-06,5.551115123125783e-17,0,0.6666666777755541,100,66.6666677775554,0.3333333222211126,0.3333333222211127,3.333332888911171e-08,1e-09,1e-09,1000000000,3.333333222211126e-10,3.333333222211127e-10,33.3333288891117,66,0.9,20,3,1,1,1,1,2,2,1,1,1,1,2,-0.3333333222211126,-0.3333333222211127,-3.333332888911171e-08,0.3333333222211126,0.3333333222211127,3.333332888911171e-08,-66.6666677775554,-66.6666677775554,-66.6666677775554,-0.3333333222211126,-0.3333333222211127,-3.333332888911171e-08,3.333333222211126e-10,3.333333222211127e-10,33.3333288891117,-0.6666666777755541,-66.6666677775554,0.6666666777755541,0,-0.3333333222211126,-0.3333333222211127,-3.333332888911171e-08,0,0,0,0.3333333222211126,0.3333333222211127,3.333332888911171e-08,3.333333222211126e-10,3.333333222211127e-10,33.3333288891117
17.3,66.66666777788873,66.66666777788873,99.99999666666712,-33.33333222211126,-33.33333222211127,-3.333332888911171e-06,5.551115123125783e-17,0,0.6666666777755541,100,66.6666677775554,0.3333333222211126,0.3333333222211127,3.333332888911171e-08,1e-09,1e-09,1000000000,3.333333222211126e-10,3.333333222211127e-10,33.3333288891117,66,0.9,20,3,1,1,1,1,2,2,1,1,1,1,2,-0.3333333222211126,-0.3333333222211127,-3.333332888911171e-08,0.3333333222211126,0.3333333222211127,3.333332888911171e-08,-66.6666677775554,-66.6666677775554,-66.6666677775554,-0.3333333222211126,-0.3333333222211127,-3.333332888911171e-08,3.333333222211126e-10,3.333333222211127e-10,33.3333288891117,-0.6666666777755541,-66.6666677775554,0.6666666777755541,0,-0.3333333222211126,-0.3333333222211127,-3.333332888911171e-08,0,0,0,0.3333333222211126,0.3333333222211127,3.333332888911171e-08,3.333333222211126e-10,3.333333222211127e-10,33.3333288891117
17.4,66.66666777788873,66.66666777788873,99.99999666666712,-33.33333222211126,-33.33333222211127,-3.333332888911171e-06,5.551115123125783e-17,0,0.6666666777755541,100,66.6666677775554,0.3333333222211126,0.3333333222211127,3.333332888911171e-08,1e-09,1e-09,1000000000,3.333333222211126e-10,3.333333222211127e-10,33.3333288891117,66,0.9,20,3,1,1,1,1,2,2,1,1,1,1,2,-0.3333333222211126,-0.3333333222211127,-3.333332888911171e-08,0.3333333222211126,0.3333333222211127,3.333332888911171e-08,-66.6666677775554,-66.6666677775554,-66.6666677775554,-0.3333333222211126,-0.3333333222211127,-3.333332888911171e-08,3.333333222211126e-10,3.333333222211127e-10,33.3333288891117,-0.6666666777755541,-66.6666677775554,0.6666666777755541,0,-0.3333333222211126,-0.3333333222211127,-3.333332888911171e-08,0,0,0,0.3333333222211126,0.3333333222211127,3.333332888911171e-08,3.333333222211126e-10,3.333333222211127e-10,33.3333288891117
17.5,66.66666777788873,66.66666777788873,99.99999666666712,-33.33333222211126,-33.33333222211127,-3.333332888911171e-06,5.551115123125783e-17,0,0.6666666777755541,100,66.6666677775554,0.3333333222211126,0.3333333222211127,3.333332888911171e-08,1e-09,1e-09,1000000000,3.333333222211126e-10,3.333333222211127e-10,33.3333288891117,66,0.9,20,3,1,1,1,1,2,2,1,1,1,1,2,-0.3333333222211126,-0.3333333222211127,-3.333332888911171e-08,0.3333333222211126,0.3333333222211127,3.333332888911171e-08,-66.6666677775554,-66.6666677775554,-66.6666677775554,-0.3333333222211126,-0.3333333222211127,-3.333332888911171e-08,3.333333222211126e-10,3.333333222211127e-10,33.3333288891117,-0.6666666777755541,-66.6666677775554,0.6666666777755541,0,-0.3333333222211126,-0.3333333222211127,-3.333332888911171e-08,0,0,0,0.3333333222211126,0.3333333222211127,3.333332888911171e-08,3.333333222211126e-10,3.333333222211127e-10,33.3333288891117
17.6,66.66666777788873,66.66666777788873,99.99999666666712,-33.33333222211126,-33.33333222211127,-3.333332888911171e-06,5.551115123125783e-17,0,0.6666666777755541,100,66.6666677775554,0.3333333222211126,0.3333333222211127,3.333332888911171e-08,1e-09,1e-09,1000000000,3.333333222211126e-10,3.333333222211127e-10,33.3333288891117,66,0.9,20,3,1,1,1,1,2,2,1,1,1,1,2,-0.3333333222211126,-0.3333333222211127,-3.333332888911171e-08,0.3333333222211126,0.3333333222211127,3.333332888911171e-08,-66.6666677775554,-66.6666677775554,-66.6666677775554,-0.3333333222211126,-0.3333333222211127,-3.333332888911171e-08,3.333333222211126e-10,3.333333222211127e-10,33.3333288891117,-0.6666666777755541,-66.6666677775554,0.6666666777755541,0,-0.3333333222211126,-0.3333333222211127,-3.333332888911171e-08,0,0,0,0.3333333222211126,0.3333333222211127,3.333332888911171e-08,3.333333222211126e-10,3.333333222211127e-10,33.3333288891117
17.7,66.66666777788873,66.66666777788873,99.99999666666712,-33.33333222211126,-33.33333222211127,-3.333332888911171e-06,5.551115123125783e-17,0,0.6666666777755541,100,66.6666677775554,0.3333333222211126,0.3333333222211127,3.333332888911171e-08,1e-09,1e-09,1000000000,3.333333222211126e-10,3.333333222211127e-10,33.3333288891117,66,0.9,20,3,1,1,1,1,2,2,1,1,1,1,2,-0.3333333222211126,-0.3333333222211127,-3.333332888911171e-08,0.3333333222211126,0.3333333222211127,3.333332888911171e-08,-66.6666677775554,-66.6666677775554,-66.6666677775554,-0.3333333222211126,-0.3333333222211127,-3.333332888911171e-08,3.333333222211126e-10,3.333333222211127e-10,33.3333288891117,-0.6666666777755541,-66.6666677775554,0.6666666777755541,0,-0.3333333222211126,-0.3333333222211127,-3.333332888911171e-08,0,0,0,0.3333333222211126,0.3333333222211127,3.333332888911171e-08,3.333333222211126e-10,3.333333222211127e-10,33.3333288891117
17.8,66.66666777788873,66.66666777788873,99.99999666666712,-33.33333222211126,-33.33333222211127,-3.333332888911171e-06,5.551115123125783e-17,0,0.6666666777755541,100,66.6666677775554,0.3333333222211126,0.3333333222211127,3.333332888911171e-08,1e-09,1e-09,1000000000,3.333333222211126e-10,3.333333222211127e-10,33.3333288891117,66,0.9,20,3,1,1,1,1,2,2,1,1,1,1,2,-0.3333333222211126,-0.3333333222211127,-3.333332888911171e-08,0.3333333222211126,0.3333333222211127,3.333332888911171e-08,-66.6666677775554,-66.6666677775554,-66.6666677775554,-0.3333333222211126,-0.3333333222211127,-3.333332888911171e-08,3.333333222211126e-10,3.333333222211127e-10,33.3333288891117,-0.6666666777755541,-66.6666677775554,0.6666666777755541,0,-0.3333333222211126,-0.3333333222211127,-3.333332888911171e-08,0,0,0,0.3333333222211126,0.3333333222211127,3.333332888911171e-08,3.333333222211126e-10,3.333333222211127e-10,33.3333288891117
17.9,66.66666777788873,66.66666777788873,99.99999666666712,-33.33333222211126,-33.33333222211127,-3.333332888911171e-06,5.551115123125783e-17,0,0.6666666777755541,100,66.6666677775554,0.3333333222211126,0.3333333222211127,3.333332888911171e-08,1e-09,1e-09,1000000000,3.333333222211126e-10,3.333333222211127e-10,33.3333288891117,66,0.9,20,3,1,1,1,1,2,2,1,1,1,1,2,-0.3333333222211126,-0.3333333222211127,-3.333332888911171e-08,0.3333333222211126,0.3333333222211127,3.333332888911171e-08,-66.6666677775554,-66.6666677775554,-66.6666677775554,-0.3333333222211126,-0.3333333222211127,-3.333332888911171e-08,3.333333222211126e-10,3.333333222211127e-10,33.3333288891117,-0.6666666777755541,-66.6666677775554,0.6666666777755541,0,-0.3333333222211126,-0.3333333222211127,-3.333332888911171e-08,0,0,0,0.3333333222211126,0.3333333222211127,3.333332888911171e-08,3.333333222211126e-10,3.333333222211127e-10,33.3333288891117
18,66.66666777788873,66.66666777788873,99.99999666666712,-33.33333222211126,-33.33333222211127,-3.333332888911171e-06,5.551115123125783e-17,0,0.6666666777755541,100,66.6666677775554,0.3333333222211126,0.3333333222211127,3.333332888911171e-08,1e-09,1e-09,1000000000,3.333333222211126e-10,3.333333222211127e-10,33.3333288891117,66,0.9,20,3,1,1,1,1,2,2,1,1,1,1,2,-0.3333333222211126,-0.3333333222211127,-3.333332888911171e-08,0.3333333222211126,0.3333333222211127,3.333332888911171e-08,-66.6666677775554,-66.6666677775554,-66.6666677775554,-0.3333333222211126,-0.3333333222211127,-3.333332888911171e-08,3.333333222211126e-10,3.333333222211127e-10,33.3333288891117,-0.6666666777755541,-66.6666677775554,0.6666666777755541,0,-0.3333333222211126,-0.3333333222211127,-3.333332888911171e-08,0,0,0,0.3333333222211126,0.3333333222211127,3.333332888911171e-08,3.333333222211126e-10,3.333333222211127e-10,33.3333288891117
18.1,66.66666777788873,66.66666777788873,99.99999666666712,-33.33333222211126,-33.33333222211127,-3.333332888911171e-06,5.551115123125783e-17,0,0.6666666777755541,100,66.6666677775554,0.3333333222211126,0.3333333222211127,3.333332888911171e-08,1e-09,1e-09,1000000000,3.333333222211126e-10,3.333333222211127e-10,33.3333288891117,66,0.9,20,3,1,1,1,1,2,2,1,1,1,1,2,-0.3333333222211126,-0.3333333222211127,-3.333332888911171e-08,0.3333333222211126,0.3333333222211127,3.333332888911171e-08,-66.6666677775554,-66.6666677775554,-66.6666677775554,-0.3333333222211126,-0.3333333222211127,-3.333332888911171e-08,3.333333222211126e-10,3.333333222211127e-10,33.3333288891117,-0.6666666777755541,-66.6666677775554,0.6666666777755541,0,-0.3333333222211126,-0.3333333222211127,-3.333332888911171e-08,0,0,0,0.3333333222211126,0.3333333222211127,3.333332888911171e-08,3.333333222211126e-10,3.333333222211127e-10,33.3333288891117
18.2,66.66666777788873,66.66666777788873,99.99999666666712,-33.33333222211126,-33.33333222211127,-3.333332888911171e-06,5.551115123125783e-17,0,0.6666666777755541,100,66.6666677775554,0.3333333222211126,0.3333333222211127,3.333332888911171e-08,1e-09,1e-09,1000000000,3.333333222211126e-10,3.333333222211127e-10,33.3333288891117,66,0.9,20,3,1,1,1,1,2,2,1,1,1,1,2,-0.3333333222211126,-0.3333333222211127,-3.333332888911171e-08,0.3333333222211126,0.3333333222211127,3.333332888911171e-08,-66.6666677775554,-66.6666677775554,-66.6666677775554,-0.3333333222211126,-0.3333333222211127,-3.333332888911171e-08,3.333333222211126e-10,3.333333222211127e-10,33.3333288891117,-0.6666666777755541,-66.6666677775554,0.6666666777755541,0,-0.3333333222211126,-0.3333333222211127,-3.333332888911171e-08,0,0,0,0.3333333222211126,0.3333333222211127,3.333332888911171e-08,3.333333222211126e-10,3.333333222211127e-10,33.3333288891117
18.3,66.66666777788873,66.66666777788873,99.99999666666712,-33.33333222211126,-33.33333222211127,-3.333332888911171e-06,5.551115123125783e-17,0,0.6666666777755541,100,66.6666677775554,0.3333333222211126,0.3333333222211127,3.333332888911171e-08,1e-09,1e-09,1000000000,3.333333222211126e-10,3.333333222211127e-10,33.3333288891117,66,0.9,20,3,1,1,1,1,2,2,1,1,1,1,2,-0.3333333222211126,-0.3333333222211127,-3.333332888911171e-08,0.3333333222211126,0.3333333222211127,3.333332888911171e-08,-66.6666677775554,-66.6666677775554,-66.6666677775554,-0.3333333222211126,-0.3333333222211127,-3.333332888911171e-08,3.333333222211126e-10,3.333333222211127e-10,33.3333288891117,-0.6666666777755541,-66.6666677775554,0.6666666777755541,0,-0.3333333222211126,-0.3333333222211127,-3.333332888911171e-08,0,0,0,0.3333333222211126,0.3333333222211127,3.333332888911171e-08,3.333333222211126e-10,3.333333222211127e-10,33.3333288891117
18.4,66.66666777788873,66.66666777788873,99.99999666666712,-33.33333222211126,-33.33333222211127,-3.333332888911171e-06,5.551115123125783e-17,0,0.6666666777755541,100,66.6666677775554,0.3333333222211126,0.3333333222211127,3.333332888911171e-08,1e-09,1e-09,1000000000,3.333333222211126e-10,3.333333222211127e-10,33.3333288891117,66,0.9,20,3,1,1,1,1,2,2,1,1,1,1,2,-0.3333333222211126,-0.3333333222211127,-3.333332888911171e-08,0.3333333222211126,0.3333333222211127,3.333332888911171e-08,-66.6666677775554,-66.6666677775554,-66.6666677775554,-0.3333333222211126,-0.3333333222211127,-3.333332888911171e-08,3.333333222211126e-10,3.333333222211127e-10,33.3333288891117,-0.6666666777755541,-66.6666677775554,0.6666666777755541,0,-0.3333333222211126,-0.3333333222211127,-3.333332888911171e-08,0,0,0,0.3333333222211126,0.3333333222211127,3.333332888911171e-08,3.333333222211126e-10,3.333333222211127e-10,33.3333288891117
18.5,66.66666777788873,66.66666777788873,99.99999666666712,-33.33333222211126,-33.33333222211127,-3.333332888911171e-06,5.551115123125783e-17,0,0.6666666777755541,100,66.6666677775554,0.3333333222211126,0.3333333222211127,3.333332888911171e-08,1e-09,1e-09,1000000000,3.333333222211126e-10,3.333333222211127e-10,33.3333288891117,66,0.9,20,3,1,1,1,1,2,2,1,1,1,1,2,-0.3333333222211126,-0.3333333222211127,-3.333332888911171e-08,0.3333333222211126,0.3333333222211127,3.333332888911171e-08,-66.6666677775554,-66.6666677775554,-66.6666677775554,-0.3333333222211126,-0.3333333222211127,-3.333332888911171e-08,3.333333222211126e-10,3.333333222211127e-10,33.3333288891117,-0.6666666777755541,-66.6666677775554,0.6666666777755541,0,-0.3333333222211126,-0.3333333222211127,-3.333332888911171e-08,0,0,0,0.3333333222211126,0.3333333222211127,3.333332888911171e-08,3.333333222211126e-10,3.333333222211127e-10,33.3333288891117
18.6,66.66666777788873,66.66666777788873,99.99999666666712,-33.33333222211126,-33.33333222211127,-3.333332888911171e-06,5.551115123125783e-17,0,0.6666666777755541,100,66.6666677775554,0.3333333222211126,0.3333333222211127,3.333332888911171e-08,1e-09,1e-09,1000000000,3.333333222211126e-10,3.333333222211127e-10,33.3333288891117,66,0.9,20,3,1,1,1,1,2,2,1,1,1,1,2,-0.3333333222211126,-0.3333333222211127,-3.333332888911171e-08,0.3333333222211126,0.3333333222211127,3.333332888911171e-08,-66.6666677775554,-66.6666677775554,-66.6666677775554,-0.3333333222211126,-0.3333333222211127,-3.333332888911171e-08,3.333333222211126e-10,3.333333222211127e-10,33.3333288891117,-0.6666666777755541,-66.6666677775554,0.6666666777755541,0,-0.3333333222211126,-0.3333333222211127,-3.333332888911171e-08,0,0,0,0.3333333222211126,0.3333333222211127,3.333332888911171e-08,3.333333222211126e-10,3.333333222211127e-10,33.3333288891117
18.7,66.66666777788873,66.66666777788873,99.99999666666712,-33.33333222211126,-33.33333222211127,-3.333332888911171e-06,5.551115123125783e-17,0,0.6666666777755541,100,66.6666677775554,0.3333333222211126,0.3333333222211127,3.333332888911171e-08,1e-09,1e-09,1000000000,3.333333222211126e-10,3.333333222211127e-10,33.3333288891117,66,0.9,20,3,1,1,1,1,2,2,1,1,1,1,2,-0.3333333222211126,-0.3333333222211127,-3.333332888911171e-08,0.3333333222211126,0.3333333222211127,3.333332888911171e-08,-66.6666677775554,-66.6666677775554,-66.6666677775554,-0.3333333222211126,-0.3333333222211127,-3.333332888911171e-08,3.333333222211126e-10,3.333333222211127e-10,33.3333288891117,-0.6666666777755541,-66.6666677775554,0.6666666777755541,0,-0.3333333222211126,-0.3333333222211127,-3.333332888911171e-08,0,0,0,0.3333333222211126,0.3333333222211127,3.333332888911171e-08,3.333333222211126e-10,3.333333222211127e-10,33.3333288891117
18.8,66.66666777788873,66.66666777788873,99.99999666666712,-33.33333222211126,-33.33333222211127,-3.333332888911171e-06,5.551115123125783e-17,0,0.6666666777755541,100,66.6666677775554,0.3333333222211126,0.3333333222211127,3.333332888911171e-08,1e-09,1e-09,1000000000,3.333333222211126e-10,3.333333222211127e-10,33.3333288891117,66,0.9,20,3,1,1,1,1,2,2,1,1,1,1,2,-0.3333333222211126,-0.3333333222211127,-3.333332888911171e-08,0.3333333222211126,0.3333333222211127,3.333332888911171e-08,-66.6666677775554,-66.6666677775554,-66.6666677775554,-0.3333333222211126,-0.3333333222211127,-3.333332888911171e-08,3.333333222211126e-10,3.333333222211127e-10,33.3333288891117,-0.6666666777755541,-66.6666677775554,0.6666666777755541,0,-0.3333333222211126,-0.3333333222211127,-3.333332888911171e-08,0,0,0,0.3333333222211126,0.3333333222211127,3.333332888911171e-08,3.333333222211126e-10,3.333333222211127e-10,33.3333288891117
18.9,66.66666777788873,66.66666777788873,99.99999666666712,-33.33333222211126,-33.33333222211127,-3.333332888911171e-06,5.551115123125783e-17,0,0.6666666777755541,100,66.6666677775554,0.3333333222211126,0.3333333222211127,3.333332888911171e-08,1e-09,1e-09,1000000000,3.333333222211126e-10,3.333333222211127e-10,33.3333288891117,66,0.9,20,3,1,1,1,1,2,2,1,1,1,1,2,-0.3333333222211126,-0.3333333222211127,-3.333332888911171e-08,0.3333333222211126,0.3333333222211127,3.333332888911171e-08,-66.6666677775554,-66.6666677775554,-66.6666677775554,-0.3333333222211126,-0.3333333222211127,-3.333332888911171e-08,3.333333222211126e-10,3.333333222211127e-10,33.3333288891117,-0.6666666777755541,-66.6666677775554,0.6666666777755541,0,-0.3333333222211126,-0.3333333222211127,-3.333332888911171e-08,0,0,0,0.3333333222211126,0.3333333222211127,3.333332888911171e-08,3.333333222211126e-10,3.333333222211127e-10,33.3333288891117
19,66.66666777788873,66.66666777788873,99.99999666666712,-33.33333222211126,-33.33333222211127,-3.333332888911171e-06,5.551115123125783e-17,0,0.6666666777755541,100,66.6666677775554,0.3333333222211126,0.3333333222211127,3.333332888911171e-08,1e-09,1e-09,1000000000,3.333333222211126e-10,3.333333222211127e-10,33.3333288891117,66,0.9,20,3,1,1,1,1,2,2,1,1,1,1,2,-0.3333333222211126,-0.3333333222211127,-3.333332888911171e-08,0.3333333222211126,0.3333333222211127,3.333332888911171e-08,-66.6666677775554,-66.6666677775554,-66.6666677775554,-0.3333333222211126,-0.3333333222211127,-3.333332888911171e-08,3.333333222211126e-10,3.333333222211127e-10,33.3333288891117,-0.6666666777755541,-66.6666677775554,0.6666666777755541,0,-0.3333333222211126,-0.3333333222211127,-3.333332888911171e-08,0,0,0,0.3333333222211126,0.3333333222211127,3.333332888911171e-08,3.333333222211126e-10,3.333333222211127e-10,33.3333288891117
19.1,66.66666777788873,66.66666777788873,99.99999666666712,-33.33333222211126,-33.33333222211127,-3.333332888911171e-06,5.551115123125783e-17,0,0.6666666777755541,100,66.6666677775554,0.3333333222211126,0.3333333222211127,3.333332888911171e-08,1e-09,1e-09,1000000000,3.333333222211126e-10,3.333333222211127e-10,33.3333288891117,66,0.9,20,3,1,1,1,1,2,2,1,1,1,1,2,-0.3333333222211126,-0.3333333222211127,-3.333332888911171e-08,0.3333333222211126,0.3333333222211127,3.333332888911171e-08,-66.6666677775554,-66.6666677775554,-66.6666677775554,-0.3333333222211126,-0.3333333222211127,-3.333332888911171e-08,3.333333222211126e-10,3.333333222211127e-10,33.3333288891117,-0.6666666777755541,-66.6666677775554,0.6666666777755541,0,-0.3333333222211126,-0.3333333222211127,-3.333332888911171e-08,0,0,0,0.3333333222211126,0.3333333222211127,3.333332888911171e-08,3.333333222211126e-10,3.333333222211127e-10,33.3333288891117
19.2,66.66666777788873,66.66666777788873,99.99999666666712,-33.33333222211126,-33.33333222211127,-3.333332888911171e-06,5.551115123125783e-17,0,0.6666666777755541,100,66.6666677775554,0.3333333222211126,0.3333333222211127,3.333332888911171e-08,1e-09,1e-09,1000000000,3.333333222211126e-10,3.333333222211127e-10,33.3333288891117,66,0.9,20,3,1,1,1,1,2,2,1,1,1,1,2,-0.3333333222211126,-0.3333333222211127,-3.333332888911171e-08,0.3333333222211126,0.3333333222211127,3.333332888911171e-08,-66.6666677775554,-66.6666677775554,-66.6666677775554,-0.3333333222211126,-0.3333333222211127,-3.333332888911171e-08,3.333333222211126e-10,3.333333222211127e-10,33.3333288891117,-0.6666666777755541,-66.6666677775554,0.6666666777755541,0,-0.3333333222211126,-0.3333333222211127,-3.333332888911171e-08,0,0,0,0.3333333222211126,0.3333333222211127,3.333332888911171e-08,3.333333222211126e-10,3.333333222211127e-10,33.3333288891117
19.3,66.66666777788873,66.66666777788873,99.99999666666712,-33.33333222211126,-33.33333222211127,-3.333332888911171e-06,5.551115123125783e-17,0,0.6666666777755541,100,66.6666677775554,0.3333333222211126,0.3333333222211127,3.333332888911171e-08,1e-09,1e-09,1000000000,3.333333222211126e-10,3.333333222211127e-10,33.3333288891117,66,0.9,20,3,1,1,1,1,2,2,1,1,1,1,2,-0.3333333222211126,-0.3333333222211127,-3.333332888911171e-08,0.3333333222211126,0.3333333222211127,3.333332888911171e-08,-66.6666677775554,-66.6666677775554,-66.6666677775554,-0.3333333222211126,-0.3333333222211127,-3.333332888911171e-08,3.333333222211126e-10,3.333333222211127e-10,33.3333288891117,-0.6666666777755541,-66.6666677775554,0.6666666777755541,0,-0.3333333222211126,-0.3333333222211127,-3.333332888911171e-08,0,0,0,0.3333333222211126,0.3333333222211127,3.333332888911171e-08,3.333333222211126e-10,3.333333222211127e-10,33.3333288891117
19.4,66.66666777788873,66.66666777788873,99.99999666666712,-33.33333222211126,-33.33333222211127,-3.333332888911171e-06,5.551115123125783e-17,0,0.6666666777755541,100,66.6666677775554,0.3333333222211126,0.3333333222211127,3.333332888911171e-08,1e-09,1e-09,1000000000,3.333333222211126e-10,3.333333222211127e-10,33.3333288891117,66,0.9,20,3,1,1,1,1,2,2,1,1,1,1,2,-0.3333333222211126,-0.3333333222211127,-3.333332888911171e-08,0.3333333222211126,0.3333333222211127,3.333332888911171e-08,-66.6666677775554,-66.6666677775554,-66.6666677775554,-0.3333333222211126,-0.3333333222211127,-3.333332888911171e-08,3.333333222211126e-10,3.333333222211127e-10,33.3333288891117,-0.6666666777755541,-66.6666677775554,0.6666666777755541,0,-0.3333333222211126,-0.3333333222211127,-3.333332888911171e-08,0,0,0,0.3333333222211126,0.3333333222211127,3.333332888911171e-08,3.333333222211126e-10,3.333333222211127e-10,33.3333288891117
19.5,66.66666777788873,66.66666777788873,99.99999666666712,-33.33333222211126,-33.33333222211127,-3.333332888911171e-06,5.551115123125783e-17,0,0.6666666777755541,100,66.6666677775554,0.3333333222211126,0.3333333222211127,3.333332888911171e-08,1e-09,1e-09,1000000000,3.333333222211126e-10,3.333333222211127e-10,33.3333288891117,66,0.9,20,3,1,1,1,1,2,2,1,1,1,1,2,-0.3333333222211126,-0.3333333222211127,-3.333332888911171e-08,0.3333333222211126,0.3333333222211127,3.333332888911171e-08,-66.6666677775554,-66.6666677775554,-66.6666677775554,-0.3333333222211126,-0.3333333222211127,-3.333332888911171e-08,3.333333222211126e-10,3.333333222211127e-10,33.3333288891117,-0.6666666777755541,-66.6666677775554,0.6666666777755541,0,-0.3333333222211126,-0.3333333222211127,-3.333332888911171e-08,0,0,0,0.3333333222211126,0.3333333222211127,3.333332888911171e-08,3.333333222211126e-10,3.333333222211127e-10,33.3333288891117
19.6,66.66666777788873,66.66666777788873,99.99999666666712,-33.33333222211126,-33.33333222211127,-3.333332888911171e-06,5.551115123125783e-17,0,0.6666666777755541,100,66.6666677775554,0.3333333222211126,0.3333333222211127,3.333332888911171e-08,1e-09,1e-09,1000000000,3.333333222211126e-10,3.333333222211127e-10,33.3333288891117,66,0.9,20,3,1,1,1,1,2,2,1,1,1,1,2,-0.3333333222211126,-0.3333333222211127,-3.333332888911171e-08,0.3333333222211126,0.3333333222211127,3.333332888911171e-08,-66.6666677775554,-66.6666677775554,-66.6666677775554,-0.3333333222211126,-0.3333333222211127,-3.333332888911171e-08,3.333333222211126e-10,3.333333222211127e-10,33.3333288891117,-0.6666666777755541,-66.6666677775554,0.6666666777755541,0,-0.3333333222211126,-0.3333333222211127,-3.333332888911171e-08,0,0,0,0.3333333222211126,0.3333333222211127,3.333332888911171e-08,3.333333222211126e-10,3.333333222211127e-10,33.3333288891117
19.7,66.66666777788873,66.66666777788873,99.99999666666712,-33.33333222211126,-33.33333222211127,-3.333332888911171e-06,5.551115123125783e-17,0,0.6666666777755541,100,66.6666677775554,0.3333333222211126,0.3333333222211127,3.333332888911171e-08,1e-09,1e-09,1000000000,3.333333222211126e-10,3.333333222211127e-10,33.3333288891117,66,0.9,20,3,1,1,1,1,2,2,1,1,1,1,2,-0.3333333222211126,-0.3333333222211127,-3.333332888911171e-08,0.3333333222211126,0.3333333222211127,3.333332888911171e-08,-66.6666677775554,-66.6666677775554,-66.6666677775554,-0.3333333222211126,-0.3333333222211127,-3.333332888911171e-08,3.333333222211126e-10,3.333333222211127e-10,33.3333288891117,-0.6666666777755541,-66.6666677775554,0.6666666777755541,0,-0.3333333222211126,-0.3333333222211127,-3.333332888911171e-08,0,0,0,0.3333333222211126,0.3333333222211127,3.333332888911171e-08,3.333333222211126e-10,3.333333222211127e-10,33.3333288891117
19.8,66.66666777788873,66.66666777788873,99.99999666666712,-33.33333222211126,-33.33333222211127,-3.333332888911171e-06,5.551115123125783e-17,0,0.6666666777755541,100,66.6666677775554,0.3333333222211126,0.3333333222211127,3.333332888911171e-08,1e-09,1e-09,1000000000,3.333333222211126e-10,3.333333222211127e-10,33.3333288891117,66,0.9,20,3,1,1,1,1,2,2,1,1,1,1,2,-0.3333333222211126,-0.3333333222211127,-3.333332888911171e-08,0.3333333222211126,0.3333333222211127,3.333332888911171e-08,-66.6666677775554,-66.6666677775554,-66.6666677775554,-0.3333333222211126,-0.3333333222211127,-3.333332888911171e-08,3.333333222211126e-10,3.333333222211127e-10,33.3333288891117,-0.6666666777755541,-66.6666677775554,0.6666666777755541,0,-0.3333333222211126,-0.3333333222211127,-3.333332888911171e-08,0,0,0,0.3333333222211126,0.3333333222211127,3.333332888911171e-08,3.333333222211126e-10,3.333333222211127e-10,33.3333288891117
19.9,66.66666777788873,66.66666777788873,99.99999666666712,-33.33333222211126,-33.33333222211127,-3.333332888911171e-06,5.551115123125783e-17,0,0.6666666777755541,100,66.6666677775554,0.3333333222211126,0.3333333222211127,3.333332888911171e-08,1e-09,1e-09,1000000000,3.333333222211126e-10,3.333333222211127e-10,33.3333288891117,66,0.9,20,3,1,1,1,1,2,2,1,1,1,1,2,-0.3333333222211126,-0.3333333222211127,-3.333332888911171e-08,0.3333333222211126,0.3333333222211127,3.333332888911171e-08,-66.6666677775554,-66.6666677775554,-66.6666677775554,-0.3333333222211126,-0.3333333222211127,-3.333332888911171e-08,3.333333222211126e-10,3.333333222211127e-10,33.3333288891117,-0.6666666777755541,-66.6666677775554,0.6666666777755541,0,-0.3333333222211126,-0.3333333222211127,-3.333332888911171e-08,0,0,0,0.3333333222211126,0.3333333222211127,3.333332888911171e-08,3.333333222211126e-10,3.333333222211127e-10,33.3333288891117
20,66.66666777788873,66.66666777788873,99.99999666666712,-33.33333222211126,-33.33333222211127,-3.333332888911171e-06,5.551115123125783e-17,0,0.6666666777755541,100,66.6666677775554,0.3333333222211126,0.3333333222211127,3.333332888911171e-08,1e-09,1e-09,1000000000,3.333333222211126e-10,3.333333222211127e-10,33.3333288891117,66,0.9,20,3,1,1,1,1,2,2,1,1,1,1,2,-0.3333333222211126,-0.3333333222211127,-3.333332888911171e-08,0.3333333222211126,0.3333333222211127,3.333332888911171e-08,-66.6666677775554,-66.6666677775554,-66.6666677775554,-0.3333333222211126,-0.3333333222211127,-3.333332888911171e-08,3.333333222211126e-10,3.333333222211127e-10,33.3333288891117,-0.6666666777755541,-66.6666677775554,0.6666666777755541,0,-0.3333333222211126,-0.3333333222211127,-3.333332888911171e-08,0,0,0,0.3333333222211126,0.3333333222211127,3.333332888911171e-08,3.333333222211126e-10,3.333333222211127e-10,33.3333288891117
20.1,66.66666777788873,66.66666777788873,99.99999666666712,-33.33333222211126,-33.33333222211127,-3.333332888911171e-06,5.551115123125783e-17,0,0.6666666777755541,100,66.6666677775554,0.3333333222211126,0.3333333222211127,3.333332888911171e-08,1e-09,1e-09,1000000000,3.333333222211126e-10,3.333333222211127e-10,33.3333288891117,66,0.9,20,3,1,1,1,1,2,2,1,1,1,1,2,-0.3333333222211126,-0.3333333222211127,-3.333332888911171e-08,0.3333333222211126,0.3333333222211127,3.333332888911171e-08,-66.6666677775554,-66.6666677775554,-66.6666677775554,-0.3333333222211126,-0.3333333222211127,-3.333332888911171e-08,3.333333222211126e-10,3.333333222211127e-10,33.3333288891117,-0.6666666777755541,-66.6666677775554,0.6666666777755541,0,-0.3333333222211126,-0.3333333222211127,-3.333332888911171e-08,0,0,0,0.3333333222211126,0.3333333222211127,3.333332888911171e-08,3.333333222211126e-10,3.333333222211127e-10,33.3333288891117
20.2,66.66666777788873,66.66666777788873,99.99999666666712,-33.33333222211126,-33.33333222211127,-3.333332888911171e-06,5.551115123125783e-17,0,0.6666666777755541,100,66.6666677775554,0.3333333222211126,0.3333333222211127,3.333332888911171e-08,1e-09,1e-09,1000000000,3.333333222211126e-10,3.333333222211127e-10,33.3333288891117,66,0.9,20,3,1,1,1,1,2,2,1,1,1,1,2,-0.3333333222211126,-0.3333333222211127,-3.333332888911171e-08,0.3333333222211126,0.3333333222211127,3.333332888911171e-08,-66.6666677775554,-66.6666677775554,-66.6666677775554,-0.3333333222211126,-0.3333333222211127,-3.333332888911171e-08,3.333333222211126e-10,3.333333222211127e-10,33.3333288891117,-0.6666666777755541,-66.6666677775554,0.6666666777755541,0,-0.3333333222211126,-0.3333333222211127,-3.333332888911171e-08,0,0,0,0.3333333222211126,0.3333333222211127,3.333332888911171e-08,3.333333222211126e-10,3.333333222211127e-10,33.3333288891117
20.3,66.66666777788873,66.66666777788873,99.99999666666712,-33.33333222211126,-33.33333222211127,-3.333332888911171e-06,5.551115123125783e-17,0,0.6666666777755541,100,66.6666677775554,0.3333333222211126,0.3333333222211127,3.333332888911171e-08,1e-09,1e-09,1000000000,3.333333222211126e-10,3.333333222211127e-10,33.3333288891117,66,0.9,20,3,1,1,1,1,2,2,1,1,1,1,2,-0.3333333222211126,-0.3333333222211127,-3.333332888911171e-08,0.3333333222211126,0.3333333222211127,3.333332888911171e-08,-66.6666677775554,-66.6666677775554,-66.6666677775554,-0.3333333222211126,-0.3333333222211127,-3.333332888911171e-08,3.333333222211126e-10,3.333333222211127e-10,33.3333288891117,-0.6666666777755541,-66.6666677775554,0.6666666777755541,0,-0.3333333222211126,-0.3333333222211127,-3.333332888911171e-08,0,0,0,0.3333333222211126,0.3333333222211127,3.333332888911171e-08,3.333333222211126e-10,3.333333222211127e-10,33.3333288891117
20.4,66.66666777788873,66.66666777788873,99.99999666666712,-33.33333222211126,-33.33333222211127,-3.333332888911171e-06,5.551115123125783e-17,0,0.6666666777755541,100,66.6666677775554,0.3333333222211126,0.3333333222211127,3.333332888911171e-08,1e-09,1e-09,1000000000,3.333333222211126e-10,3.333333222211127e-10,33.3333288891117,66,0.9,20,3,1,1,1,1,2,2,1,1,1,1,2,-0.3333333222211126,-0.3333333222211127,-3.333332888911171e-08,0.3333333222211126,0.3333333222211127,3.333332888911171e-08,-66.6666677775554,-66.6666677775554,-66.6666677775554,-0.3333333222211126,-0.3333333222211127,-3.333332888911171e-08,3.333333222211126e-10,3.333333222211127e-10,33.3333288891117,-0.6666666777755541,-66.6666677775554,0.6666666777755541,0,-0.3333333222211126,-0.3333333222211127,-3.333332888911171e-08,0,0,0,0.3333333222211126,0.3333333222211127,3.333332888911171e-08,3.333333222211126e-10,3.333333222211127e-10,33.3333288891117
20.5,66.66666777788873,66.66666777788873,99.99999666666712,-33.33333222211126,-33.33333222211127,-3.333332888911171e-06,5.551115123125783e-17,0,0.6666666777755541,100,66.6666677775554,0.3333333222211126,0.3333333222211127,3.333332888911171e-08,1e-09,1e-09,1000000000,3.333333222211126e-10,3.333333222211127e-10,33.3333288891117,66,0.9,20,3,1,1,1,1,2,2,1,1,1,1,2,-0.3333333222211126,-0.3333333222211127,-3.333332888911171e-08,0.3333333222211126,0.3333333222211127,3.333332888911171e-08,-66.6666677775554,-66.6666677775554,-66.6666677775554,-0.3333333222211126,-0.3333333222211127,-3.333332888911171e-08,3.333333222211126e-10,3.333333222211127e-10,33.3333288891117,-0.6666666777755541,-66.6666677775554,0.6666666777755541,0,-0.3333333222211126,-0.3333333222211127,-3.333332888911171e-08,0,0,0,0.3333333222211126,0.3333333222211127,3.333332888911171e-08,3.333333222211126e-10,3.333333222211127e-10,33.3333288891117
20.6,66.66666777788873,66.66666777788873,99.99999666666712,-33.33333222211126,-33.33333222211127,-3.333332888911171e-06,5.551115123125783e-17,0,0.6666666777755541,100,66.6666677775554,0.3333333222211126,0.3333333222211127,3.333332888911171e-08,1e-09,1e-09,1000000000,3.333333222211126e-10,3.333333222211127e-10,33.3333288891117,66,0.9,20,3,1,1,1,1,2,2,1,1,1,1,2,-0.3333333222211126,-0.3333333222211127,-3.333332888911171e-08,0.3333333222211126,0.3333333222211127,3.333332888911171e-08,-66.6666677775554,-66.6666677775554,-66.6666677775554,-0.3333333222211126,-0.3333333222211127,-3.333332888911171e-08,3.333333222211126e-10,3.333333222211127e-10,33.3333288891117,-0.6666666777755541,-66.6666677775554,0.6666666777755541,0,-0.3333333222211126,-0.3333333222211127,-3.333332888911171e-08,0,0,0,0.3333333222211126,0.3333333222211127,3.333332888911171e-08,3.333333222211126e-10,3.333333222211127e-10,33.3333288891117
20.7,66.66666777788873,66.66666777788873,99.99999666666712,-33.33333222211126,-33.33333222211127,-3.333332888911171e-06,5.551115123125783e-17,0,0.6666666777755541,100,66.6666677775554,0.3333333222211126,0.3333333222211127,3.333332888911171e-08,1e-09,1e-09,1000000000,3.333333222211126e-10,3.333333222211127e-10,33.3333288891117,66,0.9,20,3,1,1,1,1,2,2,1,1,1,1,2,-0.3333333222211126,-0.3333333222211127,-3.333332888911171e-08,0.3333333222211126,0.3333333222211127,3.333332888911171e-08,-66.6666677775554,-66.6666677775554,-66.6666677775554,-0.3333333222211126,-0.3333333222211127,-3.333332888911171e-08,3.333333222211126e-10,3.333333222211127e-10,33.3333288891117,-0.6666666777755541,-66.6666677775554,0.6666666777755541,0,-0.3333333222211126,-0.3333333222211127,-3.333332888911171e-08,0,0,0,0.3333333222211126,0.3333333222211127,3.333332888911171e-08,3.333333222211126e-10,3.333333222211127e-10,33.3333288891117
20.8,66.66666777788873,66.66666777788873,99.99999666666712,-33.33333222211126,-33.33333222211127,-3.333332888911171e-06,5.551115123125783e-17,0,0.6666666777755541,100,66.6666677775554,0.3333333222211126,0.3333333222211127,3.333332888911171e-08,1e-09,1e-09,1000000000,3.333333222211126e-10,3.333333222211127e-10,33.3333288891117,66,0.9,20,3,1,1,1,1,2,2,1,1,1,1,2,-0.3333333222211126,-0.3333333222211127,-3.333332888911171e-08,0.3333333222211126,0.3333333222211127,3.333332888911171e-08,-66.6666677775554,-66.6666677775554,-66.6666677775554,-0.3333333222211126,-0.3333333222211127,-3.333332888911171e-08,3.333333222211126e-10,3.333333222211127e-10,33.3333288891117,-0.6666666777755541,-66.6666677775554,0.6666666777755541,0,-0.3333333222211126,-0.3333333222211127,-3.333332888911171e-08,0,0,0,0.3333333222211126,0.3333333222211127,3.333332888911171e-08,3.333333222211126e-10,3.333333222211127e-10,33.3333288891117
20.9,66.66666777788873,66.66666777788873,99.99999666666712,-33.33333222211126,-33.33333222211127,-3.333332888911171e-06,5.551115123125783e-17,0,0.6666666777755541,100,66.6666677775554,0.3333333222211126,0.3333333222211127,3.333332888911171e-08,1e-09,1e-09,1000000000,3.333333222211126e-10,3.333333222211127e-10,33.3333288891117,66,0.9,20,3,1,1,1,1,2,2,1,1,1,1,2,-0.3333333222211126,-0.3333333222211127,-3.333332888911171e-08,0.3333333222211126,0.3333333222211127,3.333332888911171e-08,-66.6666677775554,-66.6666677775554,-66.6666677775554,-0.3333333222211126,-0.3333333222211127,-3.333332888911171e-08,3.333333222211126e-10,3.333333222211127e-10,33.3333288891117,-0.6666666777755541,-66.6666677775554,0.6666666777755541,0,-0.3333333222211126,-0.3333333222211127,-3.333332888911171e-08,0,0,0,0.3333333222211126,0.3333333222211127,3.333332888911171e-08,3.333333222211126e-10,3.333333222211127e-10,33.3333288891117
21,66.66666777788873,66.66666777788873,99.99999666666712,-33.33333222211126,-33.33333222211127,-3.333332888911171e-06,5.551115123125783e-17,0,0.6666666777755541,100,66.6666677775554,0.3333333222211126,0.3333333222211127,3.333332888911171e-08,1e-09,1e-09,1000000000,3.333333222211126e-10,3.333333222211127e-10,33.3333288891117,66,0.9,20,3,1,1,1,1,2,2,1,1,1,1,2,-0.3333333222211126,-0.3333333222211127,-3.333332888911171e-08,0.3333333222211126,0.3333333222211127,3.333332888911171e-08,-66.6666677775554,-66.6666677775554,-66.6666677775554,-0.3333333222211126,-0.3333333222211127,-3.333332888911171e-08,3.333333222211126e-10,3.333333222211127e-10,33.3333288891117,-0.6666666777755541,-66.6666677775554,0.6666666777755541,0,-0.3333333222211126,-0.3333333222211127,-3.333332888911171e-08,0,0,0,0.3333333222211126,0.3333333222211127,3.333332888911171e-08,3.333333222211126e-10,3.333333222211127e-10,33.3333288891117
21.1,66.66666777788873,66.66666777788873,99.99999666666712,-33.33333222211126,-33.33333222211127,-3.333332888911171e-06,5.551115123125783e-17,0,0.6666666777755541,100,66.6666677775554,0.3333333222211126,0.3333333222211127,3.333332888911171e-08,1e-09,1e-09,1000000000,3.333333222211126e-10,3.333333222211127e-10,33.3333288891117,66,0.9,20,3,1,1,1,1,2,2,1,1,1,1,2,-0.3333333222211126,-0.3333333222211127,-3.333332888911171e-08,0.3333333222211126,0.3333333222211127,3.333332888911171e-08,-66.6666677775554,-66.6666677775554,-66.6666677775554,-0.3333333222211126,-0.3333333222211127,-3.333332888911171e-08,3.333333222211126e-10,3.333333222211127e-10,33.3333288891117,-0.6666666777755541,-66.6666677775554,0.6666666777755541,0,-0.3333333222211126,-0.3333333222211127,-3.333332888911171e-08,0,0,0,0.3333333222211126,0.3333333222211127,3.333332888911171e-08,3.333333222211126e-10,3.333333222211127e-10,33.3333288891117
21.2,66.66666777788873,66.66666777788873,99.99999666666712,-33.33333222211126,-33.33333222211127,-3.333332888911171e-06,5.551115123125783e-17,0,0.6666666777755541,100,66.6666677775554,0.3333333222211126,0.3333333222211127,3.333332888911171e-08,1e-09,1e-09,1000000000,3.333333222211126e-10,3.333333222211127e-10,33.3333288891117,66,0.9,20,3,1,1,1,1,2,2,1,1,1,1,2,-0.3333333222211126,-0.3333333222211127,-3.333332888911171e-08,0.3333333222211126,0.3333333222211127,3.333332888911171e-08,-66.6666677775554,-66.6666677775554,-66.6666677775554,-0.3333333222211126,-0.3333333222211127,-3.333332888911171e-08,3.333333222211126e-10,3.333333222211127e-10,33.3333288891117,-0.6666666777755541,-66.6666677775554,0.6666666777755541,0,-0.3333333222211126,-0.3333333222211127,-3.333332888911171e-08,0,0,0,0.3333333222211126,0.3333333222211127,3.333332888911171e-08,3.333333222211126e-10,3.333333222211127e-10,33.3333288891117
21.3,66.66666777788873,66.66666777788873,99.99999666666712,-33.33333222211126,-33.33333222211127,-3.333332888911171e-06,5.551115123125783e-17,0,0.6666666777755541,100,66.6666677775554,0.3333333222211126,0.3333333222211127,3.333332888911171e-08,1e-09,1e-09,1000000000,3.333333222211126e-10,3.333333222211127e-10,33.3333288891117,66,0.9,20,3,1,1,1,1,2,2,1,1,1,1,2,-0.3333333222211126,-0.3333333222211127,-3.333332888911171e-08,0.3333333222211126,0.3333333222211127,3.333332888911171e-08,-66.6666677775554,-66.6666677775554,-66.6666677775554,-0.3333333222211126,-0.3333333222211127,-3.333332888911171e-08,3.333333222211126e-10,3.333333222211127e-10,33.3333288891117,-0.6666666777755541,-66.6666677775554,0.6666666777755541,0,-0.3333333222211126,-0.3333333222211127,-3.333332888911171e-08,0,0,0,0.3333333222211126,0.3333333222211127,3.333332888911171e-08,3.333333222211126e-10,3.333333222211127e-10,33.3333288891117
21.4,66.66666777788873,66.66666777788873,99.99999666666712,-33.33333222211126,-33.33333222211127,-3.333332888911171e-06,5.551115123125783e-17,0,0.6666666777755541,100,66.6666677775554,0.3333333222211126,0.3333333222211127,3.333332888911171e-08,1e-09,1e-09,1000000000,3.333333222211126e-10,3.333333222211127e-10,33.3333288891117,66,0.9,20,3,1,1,1,1,2,2,1,1,1,1,2,-0.3333333222211126,-0.3333333222211127,-3.333332888911171e-08,0.3333333222211126,0.3333333222211127,3.333332888911171e-08,-66.6666677775554,-66.6666677775554,-66.6666677775554,-0.3333333222211126,-0.3333333222211127,-3.333332888911171e-08,3.333333222211126e-10,3.333333222211127e-10,33.3333288891117,-0.6666666777755541,-66.6666677775554,0.6666666777755541,0,-0.3333333222211126,-0.3333333222211127,-3.333332888911171e-08,0,0,0,0.3333333222211126,0.3333333222211127,3.333332888911171e-08,3.333333222211126e-10,3.333333222211127e-10,33.3333288891117
21.5,66.66666777788873,66.66666777788873,99.99999666666712,-33.33333222211126,-33.33333222211127,-3.333332888911171e-06,5.551115123125783e-17,0,0.6666666777755541,100,66.6666677775554,0.3333333222211126,0.3333333222211127,3.333332888911171e-08,1e-09,1e-09,1000000000,3.333333222211126e-10,3.333333222211127e-10,33.3333288891117,66,0.9,20,3,1,1,1,1,2,2,1,1,1,1,2,-0.3333333222211126,-0.3333333222211127,-3.333332888911171e-08,0.3333333222211126,0.3333333222211127,3.333332888911171e-08,-66.6666677775554,-66.6666677775554,-66.6666677775554,-0.3333333222211126,-0.3333333222211127,-3.333332888911171e-08,3.333333222211126e-10,3.333333222211127e-10,33.3333288891117,-0.6666666777755541,-66.6666677775554,0.6666666777755541,0,-0.3333333222211126,-0.3333333222211127,-3.333332888911171e-08,0,0,0,0.3333333222211126,0.3333333222211127,3.333332888911171e-08,3.333333222211126e-10,3.333333222211127e-10,33.3333288891117
21.6,66.66666777788873,66.66666777788873,99.99999666666712,-33.33333222211126,-33.33333222211127,-3.333332888911171e-06,5.551115123125783e-17,0,0.6666666777755541,100,66.6666677775554,0.3333333222211126,0.3333333222211127,3.333332888911171e-08,1e-09,1e-09,1000000000,3.333333222211126e-10,3.333333222211127e-10,33.3333288891117,66,0.9,20,3,1,1,1,1,2,2,1,1,1,1,2,-0.3333333222211126,-0.3333333222211127,-3.333332888911171e-08,0.3333333222211126,0.3333333222211127,3.333332888911171e-08,-66.6666677775554,-66.6666677775554,-66.6666677775554,-0.3333333222211126,-0.3333333222211127,-3.333332888911171e-08,3.333333222211126e-10,3.333333222211127e-10,33.3333288891117,-0.6666666777755541,-66.6666677775554,0.6666666777755541,0,-0.3333333222211126,-0.3333333222211127,-3.333332888911171e-08,0,0,0,0.3333333222211126,0.3333333222211127,3.333332888911171e-08,3.333333222211126e-10,3.333333222211127e-10,33.3333288891117
21.7,66.66666777788873,66.66666777788873,99.99999666666712,-33.33333222211126,-33.33333222211127,-3.333332888911171e-06,5.551115123125783e-17,0,0.6666666777755541,100,66.6666677775554,0.3333333222211126,0.3333333222211127,3.333332888911171e-08,1e-09,1e-09,1000000000,3.333333222211126e-10,3.333333222211127e-10,33.3333288891117,66,0.9,20,3,1,1,1,1,2,2,1,1,1,1,2,-0.3333333222211126,-0.3333333222211127,-3.333332888911171e-08,0.3333333222211126,0.3333333222211127,3.333332888911171e-08,-66.6666677775554,-66.6666677775554,-66.6666677775554,-0.3333333222211126,-0.3333333222211127,-3.333332888911171e-08,3.333333222211126e-10,3.333333222211127e-10,33.3333288891117,-0.6666666777755541,-66.6666677775554,0.6666666777755541,0,-0.3333333222211126,-0.3333333222211127,-3.333332888911171e-08,0,0,0,0.3333333222211126,0.3333333222211127,3.333332888911171e-08,3.333333222211126e-10,3.333333222211127e-10,33.3333288891117
21.8,66.66666777788873,66.66666777788873,99.99999666666712,-33.33333222211126,-33.33333222211127,-3.333332888911171e-06,5.551115123125783e-17,0,0.6666666777755541,100,66.6666677775554,0.3333333222211126,0.3333333222211127,3.333332888911171e-08,1e-09,1e-09,1000000000,3.333333222211126e-10,3.333333222211127e-10,33.3333288891117,66,0.9,20,3,1,1,1,1,2,2,1,1,1,1,2,-0.3333333222211126,-0.3333333222211127,-3.333332888911171e-08,0.3333333222211126,0.3333333222211127,3.333332888911171e-08,-66.6666677775554,-66.6666677775554,-66.6666677775554,-0.3333333222211126,-0.3333333222211127,-3.333332888911171e-08,3.333333222211126e-10,3.333333222211127e-10,33.3333288891117,-0.6666666777755541,-66.6666677775554,0.6666666777755541,0,-0.3333333222211126,-0.3333333222211127,-3.333332888911171e-08,0,0,0,0.3333333222211126,0.3333333222211127,3.333332888911171e-08,3.333333222211126e-10,3.333333222211127e-10,33.3333288891117
21.9,66.66666777788873,66.66666777788873,99.99999666666712,-33.33333222211126,-33.33333222211127,-3.333332888911171e-06,5.551115123125783e-17,0,0.6666666777755541,100,66.6666677775554,0.3333333222211126,0.3333333222211127,3.333332888911171e-08,1e-09,1e-09,1000000000,3.333333222211126e-10,3.333333222211127e-10,33.3333288891117,66,0.9,20,3,1,1,1,1,2,2,1,1,1,1,2,-0.3333333222211126,-0.3333333222211127,-3.333332888911171e-08,0.3333333222211126,0.3333333222211127,3.333332888911171e-08,-66.6666677775554,-66.6666677775554,-66.6666677775554,-0.3333333222211126,-0.3333333222211127,-3.333332888911171e-08,3.333333222211126e-10,3.333333222211127e-10,33.3333288891117,-0.6666666777755541,-66.6666677775554,0.6666666777755541,0,-0.3333333222211126,-0.3333333222211127,-3.333332888911171e-08,0,0,0,0.3333333222211126,0.3333333222211127,3.333332888911171e-08,3.333333222211126e-10,3.333333222211127e-10,33.3333288891117
22,66.66666777788873,66.66666777788873,99.99999666666712,-33.33333222211126,-33.33333222211127,-3.333332888911171e-06,5.551115123125783e-17,0,0.6666666777755541,100,66.6666677775554,0.3333333222211126,0.3333333222211127,3.333332888911171e-08,1e-09,1e-09,1000000000,3.333333222211126e-10,3.333333222211127e-10,33.3333288891117,66,0.9,20,3,1,1,1,1,2,2,1,1,1,1,2,-0.3333333222211126,-0.3333333222211127,-3.333332888911171e-08,0.3333333222211126,0.3333333222211127,3.333332888911171e-08,-66.6666677775554,-66.6666677775554,-66.6666677775554,-0.3333333222211126,-0.3333333222211127,-3.333332888911171e-08,3.333333222211126e-10,3.333333222211127e-10,33.3333288891117,-0.6666666777755541,-66.6666677775554,0.6666666777755541,0,-0.3333333222211126,-0.3333333222211127,-3.333332888911171e-08,0,0,0,0.3333333222211126,0.3333333222211127,3.333332888911171e-08,3.333333222211126e-10,3.333333222211127e-10,33.3333288891117
22.1,66.66666777788873,66.66666777788873,99.99999666666712,-33.33333222211126,-33.33333222211127,-3.333332888911171e-06,5.551115123125783e-17,0,0.6666666777755541,100,66.6666677775554,0.3333333222211126,0.3333333222211127,3.333332888911171e-08,1e-09,1e-09,1000000000,3.333333222211126e-10,3.333333222211127e-10,33.3333288891117,66,0.9,20,3,1,1,1,1,2,2,1,1,1,1,2,-0.3333333222211126,-0.3333333222211127,-3.333332888911171e-08,0.3333333222211126,0.3333333222211127,3.333332888911171e-08,-66.6666677775554,-66.6666677775554,-66.6666677775554,-0.3333333222211126,-0.3333333222211127,-3.333332888911171e-08,3.333333222211126e-10,3.333333222211127e-10,33.3333288891117,-0.6666666777755541,-66.6666677775554,0.6666666777755541,0,-0.3333333222211126,-0.3333333222211127,-3.333332888911171e-08,0,0,0,0.3333333222211126,0.3333333222211127,3.333332888911171e-08,3.333333222211126e-10,3.333333222211127e-10,33.3333288891117
22.2,66.66666777788873,66.66666777788873,99.99999666666712,-33.33333222211126,-33.33333222211127,-3.333332888911171e-06,5.551115123125783e-17,0,0.6666666777755541,100,66.6666677775554,0.3333333222211126,0.3333333222211127,3.333332888911171e-08,1e-09,1e-09,1000000000,3.333333222211126e-10,3.333333222211127e-10,33.3333288891117,66,0.9,20,3,1,1,1,1,2,2,1,1,1,1,2,-0.3333333222211126,-0.3333333222211127,-3.333332888911171e-08,0.3333333222211126,0.3333333222211127,3.333332888911171e-08,-66.6666677775554,-66.6666677775554,-66.6666677775554,-0.3333333222211126,-0.3333333222211127,-3.333332888911171e-08,3.333333222211126e-10,3.333333222211127e-10,33.3333288891117,-0.6666666777755541,-66.6666677775554,0.6666666777755541,0,-0.3333333222211126,-0.3333333222211127,-3.333332888911171e-08,0,0,0,0.3333333222211126,0.3333333222211127,3.333332888911171e-08,3.333333222211126e-10,3.333333222211127e-10,33.3333288891117
22.3,66.66666777788873,66.66666777788873,99.99999666666712,-33.33333222211126,-33.33333222211127,-3.333332888911171e-06,5.551115123125783e-17,0,0.6666666777755541,100,66.6666677775554,0.3333333222211126,0.3333333222211127,3.333332888911171e-08,1e-09,1e-09,1000000000,3.333333222211126e-10,3.333333222211127e-10,33.3333288891117,66,0.9,20,3,1,1,1,1,2,2,1,1,1,1,2,-0.3333333222211126,-0.3333333222211127,-3.333332888911171e-08,0.3333333222211126,0.3333333222211127,3.333332888911171e-08,-66.6666677775554,-66.6666677775554,-66.6666677775554,-0.3333333222211126,-0.3333333222211127,-3.333332888911171e-08,3.333333222211126e-10,3.333333222211127e-10,33.3333288891117,-0.6666666777755541,-66.6666677775554,0.6666666777755541,0,-0.3333333222211126,-0.3333333222211127,-3.333332888911171e-08,0,0,0,0.3333333222211126,0.3333333222211127,3.333332888911171e-08,3.333333222211126e-10,3.333333222211127e-10,33.3333288891117
22.4,66.66666777788873,66.66666777788873,99.99999666666712,-33.33333222211126,-33.33333222211127,-3.333332888911171e-06,5.551115123125783e-17,0,0.6666666777755541,100,66.6666677775554,0.3333333222211126,0.3333333222211127,3.333332888911171e-08,1e-09,1e-09,1000000000,3.333333222211126e-10,3.333333222211127e-10,33.3333288891117,66,0.9,20,3,1,1,1,1,2,2,1,1,1,1,2,-0.3333333222211126,-0.3333333222211127,-3.333332888911171e-08,0.3333333222211126,0.3333333222211127,3.333332888911171e-08,-66.6666677775554,-66.6666677775554,-66.6666677775554,-0.3333333222211126,-0.3333333222211127,-3.333332888911171e-08,3.333333222211126e-10,3.333333222211127e-10,33.3333288891117,-0.6666666777755541,-66.6666677775554,0.6666666777755541,0,-0.3333333222211126,-0.3333333222211127,-3.333332888911171e-08,0,0,0,0.3333333222211126,0.3333333222211127,3.333332888911171e-08,3.333333222211126e-10,3.333333222211127e-10,33.3333288891117
22.5,66.66666777788873,66.66666777788873,99.99999666666712,-33.33333222211126,-33.33333222211127,-3.333332888911171e-06,5.551115123125783e-17,0,0.6666666777755541,100,66.6666677775554,0.3333333222211126,0.3333333222211127,3.333332888911171e-08,1e-09,1e-09,1000000000,3.333333222211126e-10,3.333333222211127e-10,33.3333288891117,66,0.9,20,3,1,1,1,1,2,2,1,1,1,1,2,-0.3333333222211126,-0.3333333222211127,-3.333332888911171e-08,0.3333333222211126,0.3333333222211127,3.333332888911171e-08,-66.6666677775554,-66.6666677775554,-66.6666677775554,-0.3333333222211126,-0.3333333222211127,-3.333332888911171e-08,3.333333222211126e-10,3.333333222211127e-10,33.3333288891117,-0.6666666777755541,-66.6666677775554,0.6666666777755541,0,-0.3333333222211126,-0.3333333222211127,-3.333332888911171e-08,0,0,0,0.3333333222211126,0.3333333222211127,3.333332888911171e-08,3.333333222211126e-10,3.333333222211127e-10,33.3333288891117
22.6,66.66666777788873,66.66666777788873,99.99999666666712,-33.33333222211126,-33.33333222211127,-3.333332888911171e-06,5.551115123125783e-17,0,0.6666666777755541,100,66.6666677775554,0.3333333222211126,0.3333333222211127,3.333332888911171e-08,1e-09,1e-09,1000000000,3.333333222211126e-10,3.333333222211127e-10,33.3333288891117,66,0.9,20,3,1,1,1,1,2,2,1,1,1,1,2,-0.3333333222211126,-0.3333333222211127,-3.333332888911171e-08,0.3333333222211126,0.3333333222211127,3.333332888911171e-08,-66.6666677775554,-66.6666677775554,-66.6666677775554,-0.3333333222211126,-0.3333333222211127,-3.333332888911171e-08,3.333333222211126e-10,3.333333222211127e-10,33.3333288891117,-0.6666666777755541,-66.6666677775554,0.6666666777755541,0,-0.3333333222211126,-0.3333333222211127,-3.333332888911171e-08,0,0,0,0.3333333222211126,0.3333333222211127,3.333332888911171e-08,3.333333222211126e-10,3.333333222211127e-10,33.3333288891117
22.7,66.66666777788873,66.66666777788873,99.99999666666712,-33.33333222211126,-33.33333222211127,-3.333332888911171e-06,5.551115123125783e-17,0,0.6666666777755541,100,66.6666677775554,0.3333333222211126,0.3333333222211127,3.333332888911171e-08,1e-09,1e-09,1000000000,3.333333222211126e-10,3.333333222211127e-10,33.3333288891117,66,0.9,20,3,1,1,1,1,2,2,1,1,1,1,2,-0.3333333222211126,-0.3333333222211127,-3.333332888911171e-08,0.3333333222211126,0.3333333222211127,3.333332888911171e-08,-66.6666677775554,-66.6666677775554,-66.6666677775554,-0.3333333222211126,-0.3333333222211127,-3.333332888911171e-08,3.333333222211126e-10,3.333333222211127e-10,33.3333288891117,-0.6666666777755541,-66.6666677775554,0.6666666777755541,0,-0.3333333222211126,-0.3333333222211127,-3.333332888911171e-08,0,0,0,0.3333333222211126,0.3333333222211127,3.333332888911171e-08,3.333333222211126e-10,3.333333222211127e-10,33.3333288891117
22.8,66.66666777788873,66.66666777788873,99.99999666666712,-33.33333222211126,-33.33333222211127,-3.333332888911171e-06,5.551115123125783e-17,0,0.6666666777755541,100,66.6666677775554,0.3333333222211126,0.3333333222211127,3.333332888911171e-08,1e-09,1e-09,1000000000,3.333333222211126e-10,3.333333222211127e-10,33.3333288891117,66,0.9,20,3,1,1,1,1,2,2,1,1,1,1,2,-0.3333333222211126,-0.3333333222211127,-3.333332888911171e-08,0.3333333222211126,0.3333333222211127,3.333332888911171e-08,-66.6666677775554,-66.6666677775554,-66.6666677775554,-0.3333333222211126,-0.3333333222211127,-3.333332888911171e-08,3.333333222211126e-10,3.333333222211127e-10,33.3333288891117,-0.6666666777755541,-66.6666677775554,0.6666666777755541,0,-0.3333333222211126,-0.3333333222211127,-3.333332888911171e-08,0,0,0,0.3333333222211126,0.3333333222211127,3.333332888911171e-08,3.333333222211126e-10,3.333333222211127e-10,33.3333288891117
22.9,66.66666777788873,66.66666777788873,99.99999666666712,-33.33333222211126,-33.33333222211127,-3.333332888911171e-06,5.551115123125783e-17,0,0.6666666777755541,100,66.6666677775554,0.3333333222211126,0.3333333222211127,3.333332888911171e-08,1e-09,1e-09,1000000000,3.333333222211126e-10,3.333333222211127e-10,33.3333288891117,66,0.9,20,3,1,1,1,1,2,2,1,1,1,1,2,-0.3333333222211126,-0.3333333222211127,-3.333332888911171e-08,0.3333333222211126,0.3333333222211127,3.333332888911171e-08,-66.6666677775554,-66.6666677775554,-66.6666677775554,-0.3333333222211126,-0.3333333222211127,-3.333332888911171e-08,3.333333222211126e-10,3.333333222211127e-10,33.3333288891117,-0.6666666777755541,-66.6666677775554,0.6666666777755541,0,-0.3333333222211126,-0.3333333222211127,-3.333332888911171e-08,0,0,0,0.3333333222211126,0.3333333222211127,3.333332888911171e-08,3.333333222211126e-10,3.333333222211127e-10,33.3333288891117
23,66.66666777788873,66.66666777788873,99.99999666666712,-33.33333222211126,-33.33333222211127,-3.333332888911171e-06,5.551115123125783e-17,0,0.6666666777755541,100,66.6666677775554,0.3333333222211126,0.3333333222211127,3.333332888911171e-08,1e-09,1e-09,1000000000,3.333333222211126e-10,3.333333222211127e-10,33.3333288891117,66,0.9,20,3,1,1,1,1,2,2,1,1,1,1,2,-0.3333333222211126,-0.3333333222211127,-3.333332888911171e-08,0.3333333222211126,0.3333333222211127,3.333332888911171e-08,-66.6666677775554,-66.6666677775554,-66.6666677775554,-0.3333333222211126,-0.3333333222211127,-3.333332888911171e-08,3.333333222211126e-10,3.333333222211127e-10,33.3333288891117,-0.6666666777755541,-66.6666677775554,0.6666666777755541,0,-0.3333333222211126,-0.3333333222211127,-3.333332888911171e-08,0,0,0,0.3333333222211126,0.3333333222211127,3.333332888911171e-08,3.333333222211126e-10,3.333333222211127e-10,33.3333288891117
23.1,66.66666777788873,66.66666777788873,99.99999666666712,-33.33333222211126,-33.33333222211127,-3.333332888911171e-06,5.551115123125783e-17,0,0.6666666777755541,100,66.6666677775554,0.3333333222211126,0.3333333222211127,3.333332888911171e-08,1e-09,1e-09,1000000000,3.333333222211126e-10,3.333333222211127e-10,33.3333288891117,66,0.9,20,3,1,1,1,1,2,2,1,1,1,1,2,-0.3333333222211126,-0.3333333222211127,-3.333332888911171e-08,0.3333333222211126,0.3333333222211127,3.333332888911171e-08,-66.6666677775554,-66.6666677775554,-66.6666677775554,-0.3333333222211126,-0.3333333222211127,-3.333332888911171e-08,3.333333222211126e-10,3.333333222211127e-10,33.3333288891117,-0.6666666777755541,-66.6666677775554,0.6666666777755541,0,-0.3333333222211126,-0.3333333222211127,-3.333332888911171e-08,0,0,0,0.3333333222211126,0.3333333222211127,3.333332888911171e-08,3.333333222211126e-10,3.333333222211127e-10,33.3333288891117
23.2,66.66666777788873,66.66666777788873,99.99999666666712,-33.33333222211126,-33.33333222211127,-3.333332888911171e-06,5.551115123125783e-17,0,0.6666666777755541,100,66.6666677775554,0.3333333222211126,0.3333333222211127,3.333332888911171e-08,1e-09,1e-09,1000000000,3.333333222211126e-10,3.333333222211127e-10,33.3333288891117,66,0.9,20,3,1,1,1,1,2,2,1,1,1,1,2,-0.3333333222211126,-0.3333333222211127,-3.333332888911171e-08,0.3333333222211126,0.3333333222211127,3.333332888911171e-08,-66.6666677775554,-66.6666677775554,-66.6666677775554,-0.3333333222211126,-0.3333333222211127,-3.333332888911171e-08,3.333333222211126e-10,3.333333222211127e-10,33.3333288891117,-0.6666666777755541,-66.6666677775554,0.6666666777755541,0,-0.3333333222211126,-0.3333333222211127,-3.333332888911171e-08,0,0,0,0.3333333222211126,0.3333333222211127,3.333332888911171e-08,3.333333222211126e-10,3.333333222211127e-10,33.3333288891117
23.3,66.66666777788873,66.66666777788873,99.99999666666712,-33.33333222211126,-33.33333222211127,-3.333332888911171e-06,5.551115123125783e-17,0,0.6666666777755541,100,66.6666677775554,0.3333333222211126,0.3333333222211127,3.333332888911171e-08,1e-09,1e-09,1000000000,3.333333222211126e-10,3.333333222211127e-10,33.3333288891117,66,0.9,20,3,1,1,1,1,2,2,1,1,1,1,2,-0.3333333222211126,-0.3333333222211127,-3.333332888911171e-08,0.3333333222211126,0.3333333222211127,3.333332888911171e-08,-66.6666677775554,-66.6666677775554,-66.6666677775554,-0.3333333222211126,-0.3333333222211127,-3.333332888911171e-08,3.333333222211126e-10,3.333333222211127e-10,33.3333288891117,-0.6666666777755541,-66.6666677775554,0.6666666777755541,0,-0.3333333222211126,-0.3333333222211127,-3.333332888911171e-08,0,0,0,0.3333333222211126,0.3333333222211127,3.333332888911171e-08,3.333333222211126e-10,3.333333222211127e-10,33.3333288891117
23.4,66.66666777788873,66.66666777788873,99.99999666666712,-33.33333222211126,-33.33333222211127,-3.333332888911171e-06,5.551115123125783e-17,0,0.6666666777755541,100,66.6666677775554,0.3333333222211126,0.3333333222211127,3.333332888911171e-08,1e-09,1e-09,1000000000,3.333333222211126e-10,3.333333222211127e-10,33.3333288891117,66,0.9,20,3,1,1,1,1,2,2,1,1,1,1,2,-0.3333333222211126,-0.3333333222211127,-3.333332888911171e-08,0.3333333222211126,0.3333333222211127,3.333332888911171e-08,-66.6666677775554,-66.6666677775554,-66.6666677775554,-0.3333333222211126,-0.3333333222211127,-3.333332888911171e-08,3.333333222211126e-10,3.333333222211127e-10,33.3333288891117,-0.6666666777755541,-66.6666677775554,0.6666666777755541,0,-0.3333333222211126,-0.3333333222211127,-3.333332888911171e-08,0,0,0,0.3333333222211126,0.3333333222211127,3.333332888911171e-08,3.333333222211126e-10,3.333333222211127e-10,33.3333288891117
23.5,66.66666777788873,66.66666777788873,99.99999666666712,-33.33333222211126,-33.33333222211127,-3.333332888911171e-06,5.551115123125783e-17,0,0.6666666777755541,100,66.6666677775554,0.3333333222211126,0.3333333222211127,3.333332888911171e-08,1e-09,1e-09,1000000000,3.333333222211126e-10,3.333333222211127e-10,33.3333288891117,66,0.9,20,3,1,1,1,1,2,2,1,1,1,1,2,-0.3333333222211126,-0.3333333222211127,-3.333332888911171e-08,0.3333333222211126,0.3333333222211127,3.333332888911171e-08,-66.6666677775554,-66.6666677775554,-66.6666677775554,-0.3333333222211126,-0.3333333222211127,-3.333332888911171e-08,3.333333222211126e-10,3.333333222211127e-10,33.3333288891117,-0.6666666777755541,-66.6666677775554,0.6666666777755541,0,-0.3333333222211126,-0.3333333222211127,-3.333332888911171e-08,0,0,0,0.3333333222211126,0.3333333222211127,3.333332888911171e-08,3.333333222211126e-10,3.333333222211127e-10,33.3333288891117
23.6,66.66666777788873,66.66666777788873,99.99999666666712,-33.33333222211126,-33.33333222211127,-3.333332888911171e-06,5.551115123125783e-17,0,0.6666666777755541,100,66.6666677775554,0.3333333222211126,0.3333333222211127,3.333332888911171e-08,1e-09,1e-09,1000000000,3.333333222211126e-10,3.333333222211127e-10,33.3333288891117,66,0.9,20,3,1,1,1,1,2,2,1,1,1,1,2,-0.3333333222211126,-0.3333333222211127,-3.333332888911171e-08,0.3333333222211126,0.3333333222211127,3.333332888911171e-08,-66.6666677775554,-66.6666677775554,-66.6666677775554,-0.3333333222211126,-0.3333333222211127,-3.333332888911171e-08,3.333333222211126e-10,3.333333222211127e-10,33.3333288891117,-0.6666666777755541,-66.6666677775554,0.6666666777755541,0,-0.3333333222211126,-0.3333333222211127,-3.333332888911171e-08,0,0,0,0.3333333222211126,0.3333333222211127,3.333332888911171e-08,3.333333222211126e-10,3.333333222211127e-10,33.3333288891117
23.7,66.66666777788873,66.66666777788873,99.99999666666712,-33.33333222211126,-33.33333222211127,-3.333332888911171e-06,5.551115123125783e-17,0,0.6666666777755541,100,66.6666677775554,0.3333333222211126,0.3333333222211127,3.333332888911171e-08,1e-09,1e-09,1000000000,3.333333222211126e-10,3.333333222211127e-10,33.3333288891117,66,0.9,20,3,1,1,1,1,2,2,1,1,1,1,2,-0.3333333222211126,-0.3333333222211127,-3.333332888911171e-08,0.3333333222211126,0.3333333222211127,3.333332888911171e-08,-66.6666677775554,-66.6666677775554,-66.6666677775554,-0.3333333222211126,-0.3333333222211127,-3.333332888911171e-08,3.333333222211126e-10,3.333333222211127e-10,33.3333288891117,-0.6666666777755541,-66.6666677775554,0.6666666777755541,0,-0.3333333222211126,-0.3333333222211127,-3.333332888911171e-08,0,0,0,0.3333333222211126,0.3333333222211127,3.333332888911171e-08,3.333333222211126e-10,3.333333222211127e-10,33.3333288891117
23.8,66.66666777788873,66.66666777788873,99.99999666666712,-33.33333222211126,-33.33333222211127,-3.333332888911171e-06,5.551115123125783e-17,0,0.6666666777755541,100,66.6666677775554,0.3333333222211126,0.3333333222211127,3.333332888911171e-08,1e-09,1e-09,1000000000,3.333333222211126e-10,3.333333222211127e-10,33.3333288891117,66,0.9,20,3,1,1,1,1,2,2,1,1,1,1,2,-0.3333333222211126,-0.3333333222211127,-3.333332888911171e-08,0.3333333222211126,0.3333333222211127,3.333332888911171e-08,-66.6666677775554,-66.6666677775554,-66.6666677775554,-0.3333333222211126,-0.3333333222211127,-3.333332888911171e-08,3.333333222211126e-10,3.333333222211127e-10,33.3333288891117,-0.6666666777755541,-66.6666677775554,0.6666666777755541,0,-0.3333333222211126,-0.3333333222211127,-3.333332888911171e-08,0,0,0,0.3333333222211126,0.3333333222211127,3.333332888911171e-08,3.333333222211126e-10,3.333333222211127e-10,33.3333288891117
23.9,66.66666777788873,66.66666777788873,99.99999666666712,-33.33333222211126,-33.33333222211127,-3.333332888911171e-06,5.551115123125783e-17,0,0.6666666777755541,100,66.6666677775554,0.3333333222211126,0.3333333222211127,3.333332888911171e-08,1e-09,1e-09,1000000000,3.333333222211126e-10,3.333333222211127e-10,33.3333288891117,66,0.9,20,3,1,1,1,1,2,2,1,1,1,1,2,-0.3333333222211126,-0.3333333222211127,-3.333332888911171e-08,0.3333333222211126,0.3333333222211127,3.333332888911171e-08,-66.6666677775554,-66.6666677775554,-66.6666677775554,-0.3333333222211126,-0.3333333222211127,-3.333332888911171e-08,3.333333222211126e-10,3.333333222211127e-10,33.3333288891117,-0.6666666777755541,-66.6666677775554,0.6666666777755541,0,-0.3333333222211126,-0.3333333222211127,-3.333332888911171e-08,0,0,0,0.3333333222211126,0.3333333222211127,3.333332888911171e-08,3.333333222211126e-10,3.333333222211127e-10,33.3333288891117
24,66.66666777788873,66.66666777788873,99.99999666666712,-33.33333222211126,-33.33333222211127,-3.333332888911171e-06,5.551115123125783e-17,0,0.6666666777755541,100,66.6666677775554,0.3333333222211126,0.3333333222211127,3.333332888911171e-08,1e-09,1e-09,1000000000,3.333333222211126e-10,3.333333222211127e-10,33.3333288891117,66,0.9,20,3,1,1,1,1,2,2,1,1,1,1,2,-0.3333333222211126,-0.3333333222211127,-3.333332888911171e-08,0.3333333222211126,0.3333333222211127,3.333332888911171e-08,-66.6666677775554,-66.6666677775554,-66.6666677775554,-0.3333333222211126,-0.3333333222211127,-3.333332888911171e-08,3.333333222211126e-10,3.333333222211127e-10,33.3333288891117,-0.6666666777755541,-66.6666677775554,0.6666666777755541,0,-0.3333333222211126,-0.3333333222211127,-3.333332888911171e-08,0,0,0,0.3333333222211126,0.3333333222211127,3.333332888911171e-08,3.333333222211126e-10,3.333333222211127e-10,33.3333288891117
24.1,66.66666777788873,66.66666777788873,99.99999666666712,-33.33333222211126,-33.33333222211127,-3.333332888911171e-06,5.551115123125783e-17,0,0.6666666777755541,100,66.6666677775554,0.3333333222211126,0.3333333222211127,3.333332888911171e-08,1e-09,1e-09,1000000000,3.333333222211126e-10,3.333333222211127e-10,33.3333288891117,66,0.9,20,3,1,1,1,1,2,2,1,1,1,1,2,-0.3333333222211126,-0.3333333222211127,-3.333332888911171e-08,0.3333333222211126,0.3333333222211127,3.333332888911171e-08,-66.6666677775554,-66.6666677775554,-66.6666677775554,-0.3333333222211126,-0.3333333222211127,-3.333332888911171e-08,3.333333222211126e-10,3.333333222211127e-10,33.3333288891117,-0.6666666777755541,-66.6666677775554,0.6666666777755541,0,-0.3333333222211126,-0.3333333222211127,-3.333332888911171e-08,0,0,0,0.3333333222211126,0.3333333222211127,3.333332888911171e-08,3.333333222211126e-10,3.333333222211127e-10,33.3333288891117
24.2,66.66666777788873,66.66666777788873,99.99999666666712,-33.33333222211126,-33.33333222211127,-3.333332888911171e-06,5.551115123125783e-17,0,0.6666666777755541,100,66.6666677775554,0.3333333222211126,0.3333333222211127,3.333332888911171e-08,1e-09,1e-09,1000000000,3.333333222211126e-10,3.333333222211127e-10,33.3333288891117,66,0.9,20,3,1,1,1,1,2,2,1,1,1,1,2,-0.3333333222211126,-0.3333333222211127,-3.333332888911171e-08,0.3333333222211126,0.3333333222211127,3.333332888911171e-08,-66.6666677775554,-66.6666677775554,-66.6666677775554,-0.3333333222211126,-0.3333333222211127,-3.333332888911171e-08,3.333333222211126e-10,3.333333222211127e-10,33.3333288891117,-0.6666666777755541,-66.6666677775554,0.6666666777755541,0,-0.3333333222211126,-0.3333333222211127,-3.333332888911171e-08,0,0,0,0.3333333222211126,0.3333333222211127,3.333332888911171e-08,3.333333222211126e-10,3.333333222211127e-10,33.3333288891117
24.3,66.66666777788873,66.66666777788873,99.99999666666712,-33.33333222211126,-33.33333222211127,-3.333332888911171e-06,5.551115123125783e-17,0,0.6666666777755541,100,66.6666677775554,0.3333333222211126,0.3333333222211127,3.333332888911171e-08,1e-09,1e-09,1000000000,3.333333222211126e-10,3.333333222211127e-10,33.3333288891117,66,0.9,20,3,1,1,1,1,2,2,1,1,1,1,2,-0.3333333222211126,-0.3333333222211127,-3.333332888911171e-08,0.3333333222211126,0.3333333222211127,3.333332888911171e-08,-66.6666677775554,-66.6666677775554,-66.6666677775554,-0.3333333222211126,-0.3333333222211127,-3.333332888911171e-08,3.333333222211126e-10,3.333333222211127e-10,33.3333288891117,-0.6666666777755541,-66.6666677775554,0.6666666777755541,0,-0.3333333222211126,-0.3333333222211127,-3.333332888911171e-08,0,0,0,0.3333333222211126,0.3333333222211127,3.333332888911171e-08,3.333333222211126e-10,3.333333222211127e-10,33.3333288891117
24.4,66.66666777788873,66.66666777788873,99.99999666666712,-33.33333222211126,-33.33333222211127,-3.333332888911171e-06,5.551115123125783e-17,0,0.6666666777755541,100,66.6666677775554,0.3333333222211126,0.3333333222211127,3.333332888911171e-08,1e-09,1e-09,1000000000,3.333333222211126e-10,3.333333222211127e-10,33.3333288891117,66,0.9,20,3,1,1,1,1,2,2,1,1,1,1,2,-0.3333333222211126,-0.3333333222211127,-3.333332888911171e-08,0.3333333222211126,0.3333333222211127,3.333332888911171e-08,-66.6666677775554,-66.6666677775554,-66.6666677775554,-0.3333333222211126,-0.3333333222211127,-3.333332888911171e-08,3.333333222211126e-10,3.333333222211127e-10,33.3333288891117,-0.6666666777755541,-66.6666677775554,0.6666666777755541,0,-0.3333333222211126,-0.3333333222211127,-3.333332888911171e-08,0,0,0,0.3333333222211126,0.3333333222211127,3.333332888911171e-08,3.333333222211126e-10,3.333333222211127e-10,33.3333288891117
24.5,66.66666777788873,66.66666777788873,99.99999666666712,-33.33333222211126,-33.33333222211127,-3.333332888911171e-06,5.551115123125783e-17,0,0.6666666777755541,100,66.6666677775554,0.3333333222211126,0.3333333222211127,3.333332888911171e-08,1e-09,1e-09,1000000000,3.333333222211126e-10,3.333333222211127e-10,33.3333288891117,66,0.9,20,3,1,1,1,1,2,2,1,1,1,1,2,-0.3333333222211126,-0.3333333222211127,-3.333332888911171e-08,0.3333333222211126,0.3333333222211127,3.333332888911171e-08,-66.6666677775554,-66.6666677775554,-66.6666677775554,-0.3333333222211126,-0.3333333222211127,-3.333332888911171e-08,3.333333222211126e-10,3.333333222211127e-10,33.3333288891117,-0.6666666777755541,-66.6666677775554,0.6666666777755541,0,-0.3333333222211126,-0.3333333222211127,-3.333332888911171e-08,0,0,0,0.3333333222211126,0.3333333222211127,3.333332888911171e-08,3.333333222211126e-10,3.333333222211127e-10,33.3333288891117
24.6,66.66666777788873,66.66666777788873,99.99999666666712,-33.33333222211126,-33.33333222211127,-3.333332888911171e-06,5.551115123125783e-17,0,0.6666666777755541,100,66.6666677775554,0.3333333222211126,0.3333333222211127,3.333332888911171e-08,1e-09,1e-09,1000000000,3.333333222211126e-10,3.333333222211127e-10,33.3333288891117,66,0.9,20,3,1,1,1,1,2,2,1,1,1,1,2,-0.3333333222211126,-0.3333333222211127,-3.333332888911171e-08,0.3333333222211126,0.3333333222211127,3.333332888911171e-08,-66.6666677775554,-66.6666677775554,-66.6666677775554,-0.3333333222211126,-0.3333333222211127,-3.333332888911171e-08,3.333333222211126e-10,3.333333222211127e-10,33.3333288891117,-0.6666666777755541,-66.6666677775554,0.6666666777755541,0,-0.3333333222211126,-0.3333333222211127,-3.333332888911171e-08,0,0,0,0.3333333222211126,0.3333333222211127,3.333332888911171e-08,3.333333222211126e-10,3.333333222211127e-10,33.3333288891117
24.7,66.66666777788873,66.66666777788873,99.99999666666712,-33.33333222211126,-33.33333222211127,-3.333332888911171e-06,5.551115123125783e-17,0,0.6666666777755541,100,66.6666677775554,0.3333333222211126,0.3333333222211127,3.333332888911171e-08,1e-09,1e-09,1000000000,3.333333222211126e-10,3.333333222211127e-10,33.3333288891117,66,0.9,20,3,1,1,1,1,2,2,1,1,1,1,2,-0.3333333222211126,-0.3333333222211127,-3.333332888911171e-08,0.3333333222211126,0.3333333222211127,3.333332888911171e-08,-66.6666677775554,-66.6666677775554,-66.6666677775554,-0.3333333222211126,-0.3333333222211127,-3.333332888911171e-08,3.333333222211126e-10,3.333333222211127e-10,33.3333288891117,-0.6666666777755541,-66.6666677775554,0.6666666777755541,0,-0.3333333222211126,-0.3333333222211127,-3.333332888911171e-08,0,0,0,0.3333333222211126,0.3333333222211127,3.333332888911171e-08,3.333333222211126e-10,3.333333222211127e-10,33.3333288891117
24.8,66.66666777788873,66.66666777788873,99.99999666666712,-33.33333222211126,-33.33333222211127,-3.333332888911171e-06,5.551115123125783e-17,0,0.6666666777755541,100,66.6666677775554,0.3333333222211126,0.3333333222211127,3.333332888911171e-08,1e-09,1e-09,1000000000,3.333333222211126e-10,3.333333222211127e-10,33.3333288891117,66,0.9,20,3,1,1,1,1,2,2,1,1,1,1,2,-0.3333333222211126,-0.3333333222211127,-3.333332888911171e-08,0.3333333222211126,0.3333333222211127,3.333332888911171e-08,-66.6666677775554,-66.6666677775554,-66.6666677775554,-0.3333333222211126,-0.3333333222211127,-3.333332888911171e-08,3.333333222211126e-10,3.333333222211127e-10,33.3333288891117,-0.6666666777755541,-66.6666677775554,0.6666666777755541,0,-0.3333333222211126,-0.3333333222211127,-3.333332888911171e-08,0,0,0,0.3333333222211126,0.3333333222211127,3.333332888911171e-08,3.333333222211126e-10,3.333333222211127e-10,33.3333288891117
24.9,66.66666777788873,66.66666777788873,99.99999666666712,-33.33333222211126,-33.33333222211127,-3.333332888911171e-06,5.551115123125783e-17,0,0.6666666777755541,100,66.6666677775554,0.3333333222211126,0.3333333222211127,3.333332888911171e-08,1e-09,1e-09,1000000000,3.333333222211126e-10,3.333333222211127e-10,33.3333288891117,66,0.9,20,3,1,1,1,1,2,2,1,1,1,1,2,-0.3333333222211126,-0.3333333222211127,-3.333332888911171e-08,0.3333333222211126,0.3333333222211127,3.333332888911171e-08,-66.6666677775554,-66.6666677775554,-66.6666677775554,-0.3333333222211126,-0.3333333222211127,-3.333332888911171e-08,3.333333222211126e-10,3.333333222211127e-10,33.3333288891117,-0.6666666777755541,-66.6666677775554,0.6666666777755541,0,-0.3333333222211126,-0.3333333222211127,-3.333332888911171e-08,0,0,0,0.3333333222211126,0.3333333222211127,3.333332888911171e-08,3.333333222211126e-10,3.333333222211127e-10,33.3333288891117
25,66.66666777788873,66.66666777788873,99.99999666666712,-33.33333222211126,-33.33333222211127,-3.333332888911171e-06,5.551115123125783e-17,0,0.6666666777755541,100,66.6666677775554,0.3333333222211126,0.3333333222211127,3.333332888911171e-08,1e-09,1e-09,1000000000,3.333333222211126e-10,3.333333222211127e-10,33.3333288891117,66,0.9,20,3,1,1,1,1,2,2,1,1,1,1,2,-0.3333333222211126,-0.3333333222211127,-3.333332888911171e-08,0.3333333222211126,0.3333333222211127,3.333332888911171e-08,-66.6666677775554,-66.6666677775554,-66.6666677775554,-0.3333333222211126,-0.3333333222211127,-3.333332888911171e-08,3.333333222211126e-10,3.333333222211127e-10,33.3333288891117,-0.6666666777755541,-66.6666677775554,0.6666666777755541,0,-0.3333333222211126,-0.3333333222211127,-3.333332888911171e-08,0,0,0,0.3333333222211126,0.3333333222211127,3.333332888911171e-08,3.333333222211126e-10,3.333333222211127e-10,33.3333288891117
25.1,66.66666777788873,66.66666777788873,99.99999666666712,-33.33333222211126,-33.33333222211127,-3.333332888911171e-06,5.551115123125783e-17,0,0.6666666777755541,100,66.6666677775554,0.3333333222211126,0.3333333222211127,3.333332888911171e-08,1e-09,1e-09,1000000000,3.333333222211126e-10,3.333333222211127e-10,33.3333288891117,66,0.9,20,3,1,1,1,1,2,2,1,1,1,1,2,-0.3333333222211126,-0.3333333222211127,-3.333332888911171e-08,0.3333333222211126,0.3333333222211127,3.333332888911171e-08,-66.6666677775554,-66.6666677775554,-66.6666677775554,-0.3333333222211126,-0.3333333222211127,-3.333332888911171e-08,3.333333222211126e-10,3.333333222211127e-10,33.3333288891117,-0.6666666777755541,-66.6666677775554,0.6666666777755541,0,-0.3333333222211126,-0.3333333222211127,-3.333332888911171e-08,0,0,0,0.3333333222211126,0.3333333222211127,3.333332888911171e-08,3.333333222211126e-10,3.333333222211127e-10,33.3333288891117
25.2,66.66666777788873,66.66666777788873,99.99999666666712,-33.33333222211126,-33.33333222211127,-3.333332888911171e-06,5.551115123125783e-17,0,0.6666666777755541,100,66.6666677775554,0.3333333222211126,0.3333333222211127,3.333332888911171e-08,1e-09,1e-09,1000000000,3.333333222211126e-10,3.333333222211127e-10,33.3333288891117,66,0.9,20,3,1,1,1,1,2,2,1,1,1,1,2,-0.3333333222211126,-0.3333333222211127,-3.333332888911171e-08,0.3333333222211126,0.3333333222211127,3.333332888911171e-08,-66.6666677775554,-66.6666677775554,-66.6666677775554,-0.3333333222211126,-0.3333333222211127,-3.333332888911171e-08,3.333333222211126e-10,3.333333222211127e-10,33.3333288891117,-0.6666666777755541,-66.6666677775554,0.6666666777755541,0,-0.3333333222211126,-0.3333333222211127,-3.333332888911171e-08,0,0,0,0.3333333222211126,0.3333333222211127,3.333332888911171e-08,3.333333222211126e-10,3.333333222211127e-10,33.3333288891117
25.3,66.66666777788873,66.66666777788873,99.99999666666712,-33.33333222211126,-33.33333222211127,-3.333332888911171e-06,5.551115123125783e-17,0,0.6666666777755541,100,66.6666677775554,0.3333333222211126,0.3333333222211127,3.333332888911171e-08,1e-09,1e-09,1000000000,3.333333222211126e-10,3.333333222211127e-10,33.3333288891117,66,0.9,20,3,1,1,1,1,2,2,1,1,1,1,2,-0.3333333222211126,-0.3333333222211127,-3.333332888911171e-08,0.3333333222211126,0.3333333222211127,3.333332888911171e-08,-66.6666677775554,-66.6666677775554,-66.6666677775554,-0.3333333222211126,-0.3333333222211127,-3.333332888911171e-08,3.333333222211126e-10,3.333333222211127e-10,33.3333288891117,-0.6666666777755541,-66.6666677775554,0.6666666777755541,0,-0.3333333222211126,-0.3333333222211127,-3.333332888911171e-08,0,0,0,0.3333333222211126,0.3333333222211127,3.333332888911171e-08,3.333333222211126e-10,3.333333222211127e-10,33.3333288891117
25.4,66.66666777788873,66.66666777788873,99.99999666666712,-33.33333222211126,-33.33333222211127,-3.333332888911171e-06,5.551115123125783e-17,0,0.6666666777755541,100,66.6666677775554,0.3333333222211126,0.3333333222211127,3.333332888911171e-08,1e-09,1e-09,1000000000,3.333333222211126e-10,3.333333222211127e-10,33.3333288891117,66,0.9,20,3,1,1,1,1,2,2,1,1,1,1,2,-0.3333333222211126,-0.3333333222211127,-3.333332888911171e-08,0.3333333222211126,0.3333333222211127,3.333332888911171e-08,-66.6666677775554,-66.6666677775554,-66.6666677775554,-0.3333333222211126,-0.3333333222211127,-3.333332888911171e-08,3.333333222211126e-10,3.333333222211127e-10,33.3333288891117,-0.6666666777755541,-66.6666677775554,0.6666666777755541,0,-0.3333333222211126,-0.3333333222211127,-3.333332888911171e-08,0,0,0,0.3333333222211126,0.3333333222211127,3.333332888911171e-08,3.333333222211126e-10,3.333333222211127e-10,33.3333288891117
25.5,66.66666777788873,66.66666777788873,99.99999666666712,-33.33333222211126,-33.33333222211127,-3.333332888911171e-06,5.551115123125783e-17,0,0.6666666777755541,100,66.6666677775554,0.3333333222211126,0.3333333222211127,3.333332888911171e-08,1e-09,1e-09,1000000000,3.333333222211126e-10,3.333333222211127e-10,33.3333288891117,66,0.9,20,3,1,1,1,1,2,2,1,1,1,1,2,-0.3333333222211126,-0.3333333222211127,-3.333332888911171e-08,0.3333333222211126,0.3333333222211127,3.333332888911171e-08,-66.6666677775554,-66.6666677775554,-66.6666677775554,-0.3333333222211126,-0.3333333222211127,-3.333332888911171e-08,3.333333222211126e-10,3.333333222211127e-10,33.3333288891117,-0.6666666777755541,-66.6666677775554,0.6666666777755541,0,-0.3333333222211126,-0.3333333222211127,-3.333332888911171e-08,0,0,0,0.3333333222211126,0.3333333222211127,3.333332888911171e-08,3.333333222211126e-10,3.333333222211127e-10,33.3333288891117
25.6,66.66666777788873,66.66666777788873,99.99999666666712,-33.33333222211126,-33.33333222211127,-3.333332888911171e-06,5.551115123125783e-17,0,0.6666666777755541,100,66.6666677775554,0.3333333222211126,0.3333333222211127,3.333332888911171e-08,1e-09,1e-09,1000000000,3.333333222211126e-10,3.333333222211127e-10,33.3333288891117,66,0.9,20,3,1,1,1,1,2,2,1,1,1,1,2,-0.3333333222211126,-0.3333333222211127,-3.333332888911171e-08,0.3333333222211126,0.3333333222211127,3.333332888911171e-08,-66.6666677775554,-66.6666677775554,-66.6666677775554,-0.3333333222211126,-0.3333333222211127,-3.333332888911171e-08,3.333333222211126e-10,3.333333222211127e-10,33.3333288891117,-0.6666666777755541,-66.6666677775554,0.6666666777755541,0,-0.3333333222211126,-0.3333333222211127,-3.333332888911171e-08,0,0,0,0.3333333222211126,0.3333333222211127,3.333332888911171e-08,3.333333222211126e-10,3.333333222211127e-10,33.3333288891117
25.7,66.66666777788873,66.66666777788873,99.99999666666712,-33.33333222211126,-33.33333222211127,-3.333332888911171e-06,5.551115123125783e-17,0,0.6666666777755541,100,66.6666677775554,0.3333333222211126,0.3333333222211127,3.333332888911171e-08,1e-09,1e-09,1000000000,3.333333222211126e-10,3.333333222211127e-10,33.3333288891117,66,0.9,20,3,1,1,1,1,2,2,1,1,1,1,2,-0.3333333222211126,-0.3333333222211127,-3.333332888911171e-08,0.3333333222211126,0.3333333222211127,3.333332888911171e-08,-66.6666677775554,-66.6666677775554,-66.6666677775554,-0.3333333222211126,-0.3333333222211127,-3.333332888911171e-08,3.333333222211126e-10,3.333333222211127e-10,33.3333288891117,-0.6666666777755541,-66.6666677775554,0.6666666777755541,0,-0.3333333222211126,-0.3333333222211127,-3.333332888911171e-08,0,0,0,0.3333333222211126,0.3333333222211127,3.333332888911171e-08,3.333333222211126e-10,3.333333222211127e-10,33.3333288891117
25.8,66.66666777788873,66.66666777788873,99.99999666666712,-33.33333222211126,-33.33333222211127,-3.333332888911171e-06,5.551115123125783e-17,0,0.6666666777755541,100,66.6666677775554,0.3333333222211126,0.3333333222211127,3.333332888911171e-08,1e-09,1e-09,1000000000,3.333333222211126e-10,3.333333222211127e-10,33.3333288891117,66,0.9,20,3,1,1,1,1,2,2,1,1,1,1,2,-0.3333333222211126,-0.3333333222211127,-3.333332888911171e-08,0.3333333222211126,0.3333333222211127,3.333332888911171e-08,-66.6666677775554,-66.6666677775554,-66.6666677775554,-0.3333333222211126,-0.3333333222211127,-3.333332888911171e-08,3.333333222211126e-10,3.333333222211127e-10,33.3333288891117,-0.6666666777755541,-66.6666677775554,0.6666666777755541,0,-0.3333333222211126,-0.3333333222211127,-3.333332888911171e-08,0,0,0,0.3333333222211126,0.3333333222211127,3.333332888911171e-08,3.333333222211126e-10,3.333333222211127e-10,33.3333288891117
25.9,66.66666777788873,66.66666777788873,99.99999666666712,-33.33333222211126,-33.33333222211127,-3.333332888911171e-06,5.551115123125783e-17,0,0.6666666777755541,100,66.6666677775554,0.3333333222211126,0.3333333222211127,3.333332888911171e-08,1e-09,1e-09,1000000000,3.333333222211126e-10,3.333333222211127e-10,33.3333288891117,66,0.9,20,3,1,1,1,1,2,2,1,1,1,1,2,-0.3333333222211126,-0.3333333222211127,-3.333332888911171e-08,0.3333333222211126,0.3333333222211127,3.333332888911171e-08,-66.6666677775554,-66.6666677775554,-66.6666677775554,-0.3333333222211126,-0.3333333222211127,-3.333332888911171e-08,3.333333222211126e-10,3.333333222211127e-10,33.3333288891117,-0.6666666777755541,-66.6666677775554,0.6666666777755541,0,-0.3333333222211126,-0.3333333222211127,-3.333332888911171e-08,0,0,0,0.3333333222211126,0.3333333222211127,3.333332888911171e-08,3.333333222211126e-10,3.333333222211127e-10,33.3333288891117
26,66.66666777788873,66.66666777788873,99.99999666666712,-33.33333222211126,-33.33333222211127,-3.333332888911171e-06,5.551115123125783e-17,0,0.6666666777755541,100,66.6666677775554,0.3333333222211126,0.3333333222211127,3.333332888911171e-08,1e-09,1e-09,1000000000,3.333333222211126e-10,3.333333222211127e-10,33.3333288891117,66,0.9,20,3,1,1,1,1,2,2,1,1,1,1,2,-0.3333333222211126,-0.3333333222211127,-3.333332888911171e-08,0.3333333222211126,0.3333333222211127,3.333332888911171e-08,-66.6666677775554,-66.6666677775554,-66.6666677775554,-0.3333333222211126,-0.3333333222211127,-3.333332888911171e-08,3.333333222211126e-10,3.333333222211127e-10,33.3333288891117,-0.6666666777755541,-66.6666677775554,0.6666666777755541,0,-0.3333333222211126,-0.3333333222211127,-3.333332888911171e-08,0,0,0,0.3333333222211126,0.3333333222211127,3.333332888911171e-08,3.333333222211126e-10,3.333333222211127e-10,33.3333288891117
26.1,66.66666777788873,66.66666777788873,99.99999666666712,-33.33333222211126,-33.33333222211127,-3.333332888911171e-06,5.551115123125783e-17,0,0.6666666777755541,100,66.6666677775554,0.3333333222211126,0.3333333222211127,3.333332888911171e-08,1e-09,1e-09,1000000000,3.333333222211126e-10,3.333333222211127e-10,33.3333288891117,66,0.9,20,3,1,1,1,1,2,2,1,1,1,1,2,-0.3333333222211126,-0.3333333222211127,-3.333332888911171e-08,0.3333333222211126,0.3333333222211127,3.333332888911171e-08,-66.6666677775554,-66.6666677775554,-66.6666677775554,-0.3333333222211126,-0.3333333222211127,-3.333332888911171e-08,3.333333222211126e-10,3.333333222211127e-10,33.3333288891117,-0.6666666777755541,-66.6666677775554,0.6666666777755541,0,-0.3333333222211126,-0.3333333222211127,-3.333332888911171e-08,0,0,0,0.3333333222211126,0.3333333222211127,3.333332888911171e-08,3.333333222211126e-10,3.333333222211127e-10,33.3333288891117
26.2,66.66666777788873,66.66666777788873,99.99999666666712,-33.33333222211126,-33.33333222211127,-3.333332888911171e-06,5.551115123125783e-17,0,0.6666666777755541,100,66.6666677775554,0.3333333222211126,0.3333333222211127,3.333332888911171e-08,1e-09,1e-09,1000000000,3.333333222211126e-10,3.333333222211127e-10,33.3333288891117,66,0.9,20,3,1,1,1,1,2,2,1,1,1,1,2,-0.3333333222211126,-0.3333333222211127,-3.333332888911171e-08,0.3333333222211126,0.3333333222211127,3.333332888911171e-08,-66.6666677775554,-66.6666677775554,-66.6666677775554,-0.3333333222211126,-0.3333333222211127,-3.333332888911171e-08,3.333333222211126e-10,3.333333222211127e-10,33.3333288891117,-0.6666666777755541,-66.6666677775554,0.6666666777755541,0,-0.3333333222211126,-0.3333333222211127,-3.333332888911171e-08,0,0,0,0.3333333222211126,0.3333333222211127,3.333332888911171e-08,3.333333222211126e-10,3.333333222211127e-10,33.3333288891117
26.3,66.66666777788873,66.66666777788873,99.99999666666712,-33.33333222211126,-33.33333222211127,-3.333332888911171e-06,5.551115123125783e-17,0,0.6666666777755541,100,66.6666677775554,0.3333333222211126,0.3333333222211127,3.333332888911171e-08,1e-09,1e-09,1000000000,3.333333222211126e-10,3.333333222211127e-10,33.3333288891117,66,0.9,20,3,1,1,1,1,2,2,1,1,1,1,2,-0.3333333222211126,-0.3333333222211127,-3.333332888911171e-08,0.3333333222211126,0.3333333222211127,3.333332888911171e-08,-66.6666677775554,-66.6666677775554,-66.6666677775554,-0.3333333222211126,-0.3333333222211127,-3.333332888911171e-08,3.333333222211126e-10,3.333333222211127e-10,33.3333288891117,-0.6666666777755541,-66.6666677775554,0.6666666777755541,0,-0.3333333222211126,-0.3333333222211127,-3.333332888911171e-08,0,0,0,0.3333333222211126,0.3333333222211127,3.333332888911171e-08,3.333333222211126e-10,3.333333222211127e-10,33.3333288891117
26.4,66.66666777788873,66.66666777788873,99.99999666666712,-33.33333222211126,-33.33333222211127,-3.333332888911171e-06,5.551115123125783e-17,0,0.6666666777755541,100,66.6666677775554,0.3333333222211126,0.3333333222211127,3.333332888911171e-08,1e-09,1e-09,1000000000,3.333333222211126e-10,3.333333222211127e-10,33.3333288891117,66,0.9,20,3,1,1,1,1,2,2,1,1,1,1,2,-0.3333333222211126,-0.3333333222211127,-3.333332888911171e-08,0.3333333222211126,0.3333333222211127,3.333332888911171e-08,-66.6666677775554,-66.6666677775554,-66.6666677775554,-0.3333333222211126,-0.3333333222211127,-3.333332888911171e-08,3.333333222211126e-10,3.333333222211127e-10,33.3333288891117,-0.6666666777755541,-66.6666677775554,0.6666666777755541,0,-0.3333333222211126,-0.3333333222211127,-3.333332888911171e-08,0,0,0,0.3333333222211126,0.3333333222211127,3.333332888911171e-08,3.333333222211126e-10,3.333333222211127e-10,33.3333288891117
26.5,66.66666777788873,66.66666777788873,99.99999666666712,-33.33333222211126,-33.33333222211127,-3.333332888911171e-06,5.551115123125783e-17,0,0.6666666777755541,100,66.6666677775554,0.3333333222211126,0.3333333222211127,3.333332888911171e-08,1e-09,1e-09,1000000000,3.333333222211126e-10,3.333333222211127e-10,33.3333288891117,66,0.9,20,3,1,1,1,1,2,2,1,1,1,1,2,-0.3333333222211126,-0.3333333222211127,-3.333332888911171e-08,0.3333333222211126,0.3333333222211127,3.333332888911171e-08,-66.6666677775554,-66.6666677775554,-66.6666677775554,-0.3333333222211126,-0.3333333222211127,-3.333332888911171e-08,3.333333222211126e-10,3.333333222211127e-10,33.3333288891117,-0.6666666777755541,-66.6666677775554,0.6666666777755541,0,-0.3333333222211126,-0.3333333222211127,-3.333332888911171e-08,0,0,0,0.3333333222211126,0.3333333222211127,3.333332888911171e-08,3.333333222211126e-10,3.333333222211127e-10,33.3333288891117
26.6,66.66666777788873,66.66666777788873,99.99999666666712,-33.33333222211126,-33.33333222211127,-3.333332888911171e-06,5.551115123125783e-17,0,0.6666666777755541,100,66.6666677775554,0.3333333222211126,0.3333333222211127,3.333332888911171e-08,1e-09,1e-09,1000000000,3.333333222211126e-10,3.333333222211127e-10,33.3333288891117,66,0.9,20,3,1,1,1,1,2,2,1,1,1,1,2,-0.3333333222211126,-0.3333333222211127,-3.333332888911171e-08,0.3333333222211126,0.3333333222211127,3.333332888911171e-08,-66.6666677775554,-66.6666677775554,-66.6666677775554,-0.3333333222211126,-0.3333333222211127,-3.333332888911171e-08,3.333333222211126e-10,3.333333222211127e-10,33.3333288891117,-0.6666666777755541,-66.6666677775554,0.6666666777755541,0,-0.3333333222211126,-0.3333333222211127,-3.333332888911171e-08,0,0,0,0.3333333222211126,0.3333333222211127,3.333332888911171e-08,3.333333222211126e-10,3.333333222211127e-10,33.3333288891117
26.7,66.66666777788873,66.66666777788873,99.99999666666712,-33.33333222211126,-33.33333222211127,-3.333332888911171e-06,5.551115123125783e-17,0,0.6666666777755541,100,66.6666677775554,0.3333333222211126,0.3333333222211127,3.333332888911171e-08,1e-09,1e-09,1000000000,3.333333222211126e-10,3.333333222211127e-10,33.3333288891117,66,0.9,20,3,1,1,1,1,2,2,1,1,1,1,2,-0.3333333222211126,-0.3333333222211127,-3.333332888911171e-08,0.3333333222211126,0.3333333222211127,3.333332888911171e-08,-66.6666677775554,-66.6666677775554,-66.6666677775554,-0.3333333222211126,-0.3333333222211127,-3.333332888911171e-08,3.333333222211126e-10,3.333333222211127e-10,33.3333288891117,-0.6666666777755541,-66.6666677775554,0.6666666777755541,0,-0.3333333222211126,-0.3333333222211127,-3.333332888911171e-08,0,0,0,0.3333333222211126,0.3333333222211127,3.333332888911171e-08,3.333333222211126e-10,3.333333222211127e-10,33.3333288891117
26.8,66.66666777788873,66.66666777788873,99.99999666666712,-33.33333222211126,-33.33333222211127,-3.333332888911171e-06,5.551115123125783e-17,0,0.6666666777755541,100,66.6666677775554,0.3333333222211126,0.3333333222211127,3.333332888911171e-08,1e-09,1e-09,1000000000,3.333333222211126e-10,3.333333222211127e-10,33.3333288891117,66,0.9,20,3,1,1,1,1,2,2,1,1,1,1,2,-0.3333333222211126,-0.3333333222211127,-3.333332888911171e-08,0.3333333222211126,0.3333333222211127,3.333332888911171e-08,-66.6666677775554,-66.6666677775554,-66.6666677775554,-0.3333333222211126,-0.3333333222211127,-3.333332888911171e-08,3.333333222211126e-10,3.333333222211127e-10,33.3333288891117,-0.6666666777755541,-66.6666677775554,0.6666666777755541,0,-0.3333333222211126,-0.3333333222211127,-3.333332888911171e-08,0,0,0,0.3333333222211126,0.3333333222211127,3.333332888911171e-08,3.333333222211126e-10,3.333333222211127e-10,33.3333288891117
26.9,66.66666777788873,66.66666777788873,99.99999666666712,-33.33333222211126,-33.33333222211127,-3.333332888911171e-06,5.551115123125783e-17,0,0.6666666777755541,100,66.6666677775554,0.3333333222211126,0.3333333222211127,3.333332888911171e-08,1e-09,1e-09,1000000000,3.333333222211126e-10,3.333333222211127e-10,33.3333288891117,66,0.9,20,3,1,1,1,1,2,2,1,1,1,1,2,-0.3333333222211126,-0.3333333222211127,-3.333332888911171e-08,0.3333333222211126,0.3333333222211127,3.333332888911171e-08,-66.6666677775554,-66.6666677775554,-66.6666677775554,-0.3333333222211126,-0.3333333222211127,-3.333332888911171e-08,3.333333222211126e-10,3.333333222211127e-10,33.3333288891117,-0.6666666777755541,-66.6666677775554,0.6666666777755541,0,-0.3333333222211126,-0.3333333222211127,-3.333332888911171e-08,0,0,0,0.3333333222211126,0.3333333222211127,3.333332888911171e-08,3.333333222211126e-10,3.333333222211127e-10,33.3333288891117
27,66.66666777788873,66.66666777788873,99.99999666666712,-33.33333222211126,-33.33333222211127,-3.333332888911171e-06,5.551115123125783e-17,0,0.6666666777755541,100,66.6666677775554,0.3333333222211126,0.3333333222211127,3.333332888911171e-08,1e-09,1e-09,1000000000,3.333333222211126e-10,3.333333222211127e-10,33.3333288891117,66,0.9,20,3,1,1,1,1,2,2,1,1,1,1,2,-0.3333333222211126,-0.3333333222211127,-3.333332888911171e-08,0.3333333222211126,0.3333333222211127,3.333332888911171e-08,-66.6666677775554,-66.6666677775554,-66.6666677775554,-0.3333333222211126,-0.3333333222211127,-3.333332888911171e-08,3.333333222211126e-10,3.333333222211127e-10,33.3333288891117,-0.6666666777755541,-66.6666677775554,0.6666666777755541,0,-0.3333333222211126,-0.3333333222211127,-3.333332888911171e-08,0,0,0,0.3333333222211126,0.3333333222211127,3.333332888911171e-08,3.333333222211126e-10,3.333333222211127e-10,33.3333288891117
27.1,66.66666777788873,66.66666777788873,99.99999666666712,-33.33333222211126,-33.33333222211127,-3.333332888911171e-06,5.551115123125783e-17,0,0.6666666777755541,100,66.6666677775554,0.3333333222211126,0.3333333222211127,3.333332888911171e-08,1e-09,1e-09,1000000000,3.333333222211126e-10,3.333333222211127e-10,33.3333288891117,66,0.9,20,3,1,1,1,1,2,2,1,1,1,1,2,-0.3333333222211126,-0.3333333222211127,-3.333332888911171e-08,0.3333333222211126,0.3333333222211127,3.333332888911171e-08,-66.6666677775554,-66.6666677775554,-66.6666677775554,-0.3333333222211126,-0.3333333222211127,-3.333332888911171e-08,3.333333222211126e-10,3.333333222211127e-10,33.3333288891117,-0.6666666777755541,-66.6666677775554,0.6666666777755541,0,-0.3333333222211126,-0.3333333222211127,-3.333332888911171e-08,0,0,0,0.3333333222211126,0.3333333222211127,3.333332888911171e-08,3.333333222211126e-10,3.333333222211127e-10,33.3333288891117
27.2,66.66666777788873,66.66666777788873,99.99999666666712,-33.33333222211126,-33.33333222211127,-3.333332888911171e-06,5.551115123125783e-17,0,0.6666666777755541,100,66.6666677775554,0.3333333222211126,0.3333333222211127,3.333332888911171e-08,1e-09,1e-09,1000000000,3.333333222211126e-10,3.333333222211127e-10,33.3333288891117,66,0.9,20,3,1,1,1,1,2,2,1,1,1,1,2,-0.3333333222211126,-0.3333333222211127,-3.333332888911171e-08,0.3333333222211126,0.3333333222211127,3.333332888911171e-08,-66.6666677775554,-66.6666677775554,-66.6666677775554,-0.3333333222211126,-0.3333333222211127,-3.333332888911171e-08,3.333333222211126e-10,3.333333222211127e-10,33.3333288891117,-0.6666666777755541,-66.6666677775554,0.6666666777755541,0,-0.3333333222211126,-0.3333333222211127,-3.333332888911171e-08,0,0,0,0.3333333222211126,0.3333333222211127,3.333332888911171e-08,3.333333222211126e-10,3.333333222211127e-10,33.3333288891117
27.3,66.66666777788873,66.66666777788873,99.99999666666712,-33.33333222211126,-33.33333222211127,-3.333332888911171e-06,5.551115123125783e-17,0,0.6666666777755541,100,66.6666677775554,0.3333333222211126,0.3333333222211127,3.333332888911171e-08,1e-09,1e-09,1000000000,3.333333222211126e-10,3.333333222211127e-10,33.3333288891117,66,0.9,20,3,1,1,1,1,2,2,1,1,1,1,2,-0.3333333222211126,-0.3333333222211127,-3.333332888911171e-08,0.3333333222211126,0.3333333222211127,3.333332888911171e-08,-66.6666677775554,-66.6666677775554,-66.6666677775554,-0.3333333222211126,-0.3333333222211127,-3.333332888911171e-08,3.333333222211126e-10,3.333333222211127e-10,33.3333288891117,-0.6666666777755541,-66.6666677775554,0.6666666777755541,0,-0.3333333222211126,-0.3333333222211127,-3.333332888911171e-08,0,0,0,0.3333333222211126,0.3333333222211127,3.333332888911171e-08,3.333333222211126e-10,3.333333222211127e-10,33.3333288891117
27.4,66.66666777788873,66.66666777788873,99.99999666666712,-33.33333222211126,-33.33333222211127,-3.333332888911171e-06,5.551115123125783e-17,0,0.6666666777755541,100,66.6666677775554,0.3333333222211126,0.3333333222211127,3.333332888911171e-08,1e-09,1e-09,1000000000,3.333333222211126e-10,3.333333222211127e-10,33.3333288891117,66,0.9,20,3,1,1,1,1,2,2,1,1,1,1,2,-0.3333333222211126,-0.3333333222211127,-3.333332888911171e-08,0.3333333222211126,0.3333333222211127,3.333332888911171e-08,-66.6666677775554,-66.6666677775554,-66.6666677775554,-0.3333333222211126,-0.3333333222211127,-3.333332888911171e-08,3.333333222211126e-10,3.333333222211127e-10,33.3333288891117,-0.6666666777755541,-66.6666677775554,0.6666666777755541,0,-0.3333333222211126,-0.3333333222211127,-3.333332888911171e-08,0,0,0,0.3333333222211126,0.3333333222211127,3.333332888911171e-08,3.333333222211126e-10,3.333333222211127e-10,33.3333288891117
27.5,66.66666777788873,66.66666777788873,99.99999666666712,-33.33333222211126,-33.33333222211127,-3.333332888911171e-06,5.551115123125783e-17,0,0.6666666777755541,100,66.6666677775554,0.3333333222211126,0.3333333222211127,3.333332888911171e-08,1e-09,1e-09,1000000000,3.333333222211126e-10,3.333333222211127e-10,33.3333288891117,66,0.9,20,3,1,1,1,1,2,2,1,1,1,1,2,-0.3333333222211126,-0.3333333222211127,-3.333332888911171e-08,0.3333333222211126,0.3333333222211127,3.333332888911171e-08,-66.6666677775554,-66.6666677775554,-66.6666677775554,-0.3333333222211126,-0.3333333222211127,-3.333332888911171e-08,3.333333222211126e-10,3.333333222211127e-10,33.3333288891117,-0.6666666777755541,-66.6666677775554,0.6666666777755541,0,-0.3333333222211126,-0.3333333222211127,-3.333332888911171e-08,0,0,0,0.3333333222211126,0.3333333222211127,3.333332888911171e-08,3.333333222211126e-10,3.333333222211127e-10,33.3333288891117
27.6,66.66666777788873,66.66666777788873,99.99999666666712,-33.33333222211126,-33.33333222211127,-3.333332888911171e-06,5.551115123125783e-17,0,0.6666666777755541,100,66.6666677775554,0.3333333222211126,0.3333333222211127,3.333332888911171e-08,1e-09,1e-09,1000000000,3.333333222211126e-10,3.333333222211127e-10,33.3333288891117,66,0.9,20,3,1,1,1,1,2,2,1,1,1,1,2,-0.3333333222211126,-0.3333333222211127,-3.333332888911171e-08,0.3333333222211126,0.3333333222211127,3.333332888911171e-08,-66.6666677775554,-66.6666677775554,-66.6666677775554,-0.3333333222211126,-0.3333333222211127,-3.333332888911171e-08,3.333333222211126e-10,3.333333222211127e-10,33.3333288891117,-0.6666666777755541,-66.6666677775554,0.6666666777755541,0,-0.3333333222211126,-0.3333333222211127,-3.333332888911171e-08,0,0,0,0.3333333222211126,0.3333333222211127,3.333332888911171e-08,3.333333222211126e-10,3.333333222211127e-10,33.3333288891117
27.7,66.66666777788873,66.66666777788873,99.99999666666712,-33.33333222211126,-33.33333222211127,-3.333332888911171e-06,5.551115123125783e-17,0,0.6666666777755541,100,66.6666677775554,0.3333333222211126,0.3333333222211127,3.333332888911171e-08,1e-09,1e-09,1000000000,3.333333222211126e-10,3.333333222211127e-10,33.3333288891117,66,0.9,20,3,1,1,1,1,2,2,1,1,1,1,2,-0.3333333222211126,-0.3333333222211127,-3.333332888911171e-08,0.3333333222211126,0.3333333222211127,3.333332888911171e-08,-66.6666677775554,-66.6666677775554,-66.6666677775554,-0.3333333222211126,-0.3333333222211127,-3.333332888911171e-08,3.333333222211126e-10,3.333333222211127e-10,33.3333288891117,-0.6666666777755541,-66.6666677775554,0.6666666777755541,0,-0.3333333222211126,-0.3333333222211127,-3.333332888911171e-08,0,0,0,0.3333333222211126,0.3333333222211127,3.333332888911171e-08,3.333333222211126e-10,3.333333222211127e-10,33.3333288891117
27.8,66.66666777788873,66.66666777788873,99.99999666666712,-33.33333222211126,-33.33333222211127,-3.333332888911171e-06,5.551115123125783e-17,0,0.6666666777755541,100,66.6666677775554,0.3333333222211126,0.3333333222211127,3.333332888911171e-08,1e-09,1e-09,1000000000,3.333333222211126e-10,3.333333222211127e-10,33.3333288891117,66,0.9,20,3,1,1,1,1,2,2,1,1,1,1,2,-0.3333333222211126,-0.3333333222211127,-3.333332888911171e-08,0.3333333222211126,0.3333333222211127,3.333332888911171e-08,-66.6666677775554,-66.6666677775554,-66.6666677775554,-0.3333333222211126,-0.3333333222211127,-3.333332888911171e-08,3.333333222211126e-10,3.333333222211127e-10,33.3333288891117,-0.6666666777755541,-66.6666677775554,0.6666666777755541,0,-0.3333333222211126,-0.3333333222211127,-3.333332888911171e-08,0,0,0,0.3333333222211126,0.3333333222211127,3.333332888911171e-08,3.333333222211126e-10,3.333333222211127e-10,33.3333288891117
27.9,66.66666777788873,66.66666777788873,99.99999666666712,-33.33333222211126,-33.33333222211127,-3.333332888911171e-06,5.551115123125783e-17,0,0.6666666777755541,100,66.6666677775554,0.3333333222211126,0.3333333222211127,3.333332888911171e-08,1e-09,1e-09,1000000000,3.333333222211126e-10,3.333333222211127e-10,33.3333288891117,66,0.9,20,3,1,1,1,1,2,2,1,1,1,1,2,-0.3333333222211126,-0.3333333222211127,-3.333332888911171e-08,0.3333333222211126,0.3333333222211127,3.333332888911171e-08,-66.6666677775554,-66.6666677775554,-66.6666677775554,-0.3333333222211126,-0.3333333222211127,-3.333332888911171e-08,3.333333222211126e-10,3.333333222211127e-10,33.3333288891117,-0.6666666777755541,-66.6666677775554,0.6666666777755541,0,-0.3333333222211126,-0.3333333222211127,-3.333332888911171e-08,0,0,0,0.3333333222211126,0.3333333222211127,3.333332888911171e-08,3.333333222211126e-10,3.333333222211127e-10,33.3333288891117
28,66.66666777788873,66.66666777788873,99.99999666666712,-33.33333222211126,-33.33333222211127,-3.333332888911171e-06,5.551115123125783e-17,0,0.6666666777755541,100,66.6666677775554,0.3333333222211126,0.3333333222211127,3.333332888911171e-08,1e-09,1e-09,1000000000,3.333333222211126e-10,3.333333222211127e-10,33.3333288891117,66,0.9,20,3,1,1,1,1,2,2,1,1,1,1,2,-0.3333333222211126,-0.3333333222211127,-3.333332888911171e-08,0.3333333222211126,0.3333333222211127,3.333332888911171e-08,-66.6666677775554,-66.6666677775554,-66.6666677775554,-0.3333333222211126,-0.3333333222211127,-3.333332888911171e-08,3.333333222211126e-10,3.333333222211127e-10,33.3333288891117,-0.6666666777755541,-66.6666677775554,0.6666666777755541,0,-0.3333333222211126,-0.3333333222211127,-3.333332888911171e-08,0,0,0,0.3333333222211126,0.3333333222211127,3.333332888911171e-08,3.333333222211126e-10,3.333333222211127e-10,33.3333288891117
28.1,66.66666777788873,66.66666777788873,99.99999666666712,-33.33333222211126,-33.33333222211127,-3.333332888911171e-06,5.551115123125783e-17,0,0.6666666777755541,100,66.6666677775554,0.3333333222211126,0.3333333222211127,3.333332888911171e-08,1e-09,1e-09,1000000000,3.333333222211126e-10,3.333333222211127e-10,33.3333288891117,66,0.9,20,3,1,1,1,1,2,2,1,1,1,1,2,-0.3333333222211126,-0.3333333222211127,-3.333332888911171e-08,0.3333333222211126,0.3333333222211127,3.333332888911171e-08,-66.6666677775554,-66.6666677775554,-66.6666677775554,-0.3333333222211126,-0.3333333222211127,-3.333332888911171e-08,3.333333222211126e-10,3.333333222211127e-10,33.3333288891117,-0.6666666777755541,-66.6666677775554,0.6666666777755541,0,-0.3333333222211126,-0.3333333222211127,-3.333332888911171e-08,0,0,0,0.3333333222211126,0.3333333222211127,3.333332888911171e-08,3.333333222211126e-10,3.333333222211127e-10,33.3333288891117
28.2,66.66666777788873,66.66666777788873,99.99999666666712,-33.33333222211126,-33.33333222211127,-3.333332888911171e-06,5.551115123125783e-17,0,0.6666666777755541,100,66.6666677775554,0.3333333222211126,0.3333333222211127,3.333332888911171e-08,1e-09,1e-09,1000000000,3.333333222211126e-10,3.333333222211127e-10,33.3333288891117,66,0.9,20,3,1,1,1,1,2,2,1,1,1,1,2,-0.3333333222211126,-0.3333333222211127,-3.333332888911171e-08,0.3333333222211126,0.3333333222211127,3.333332888911171e-08,-66.6666677775554,-66.6666677775554,-66.6666677775554,-0.3333333222211126,-0.3333333222211127,-3.333332888911171e-08,3.333333222211126e-10,3.333333222211127e-10,33.3333288891117,-0.6666666777755541,-66.6666677775554,0.6666666777755541,0,-0.3333333222211126,-0.3333333222211127,-3.333332888911171e-08,0,0,0,0.3333333222211126,0.3333333222211127,3.333332888911171e-08,3.333333222211126e-10,3.333333222211127e-10,33.3333288891117
28.3,66.66666777788873,66.66666777788873,99.99999666666712,-33.33333222211126,-33.33333222211127,-3.333332888911171e-06,5.551115123125783e-17,0,0.6666666777755541,100,66.6666677775554,0.3333333222211126,0.3333333222211127,3.333332888911171e-08,1e-09,1e-09,1000000000,3.333333222211126e-10,3.333333222211127e-10,33.3333288891117,66,0.9,20,3,1,1,1,1,2,2,1,1,1,1,2,-0.3333333222211126,-0.3333333222211127,-3.333332888911171e-08,0.3333333222211126,0.3333333222211127,3.333332888911171e-08,-66.6666677775554,-66.6666677775554,-66.6666677775554,-0.3333333222211126,-0.3333333222211127,-3.333332888911171e-08,3.333333222211126e-10,3.333333222211127e-10,33.3333288891117,-0.6666666777755541,-66.6666677775554,0.6666666777755541,0,-0.3333333222211126,-0.3333333222211127,-3.333332888911171e-08,0,0,0,0.3333333222211126,0.3333333222211127,3.333332888911171e-08,3.333333222211126e-10,3.333333222211127e-10,33.3333288891117
28.4,66.66666777788873,66.66666777788873,99.99999666666712,-33.33333222211126,-33.33333222211127,-3.333332888911171e-06,5.551115123125783e-17,0,0.6666666777755541,100,66.6666677775554,0.3333333222211126,0.3333333222211127,3.333332888911171e-08,1e-09,1e-09,1000000000,3.333333222211126e-10,3.333333222211127e-10,33.3333288891117,66,0.9,20,3,1,1,1,1,2,2,1,1,1,1,2,-0.3333333222211126,-0.3333333222211127,-3.333332888911171e-08,0.3333333222211126,0.3333333222211127,3.333332888911171e-08,-66.6666677775554,-66.6666677775554,-66.6666677775554,-0.3333333222211126,-0.3333333222211127,-3.333332888911171e-08,3.333333222211126e-10,3.333333222211127e-10,33.3333288891117,-0.6666666777755541,-66.6666677775554,0.6666666777755541,0,-0.3333333222211126,-0.3333333222211127,-3.333332888911171e-08,0,0,0,0.3333333222211126,0.3333333222211127,3.333332888911171e-08,3.333333222211126e-10,3.333333222211127e-10,33.3333288891117
28.5,66.66666777788873,66.66666777788873,99.99999666666712,-33.33333222211126,-33.33333222211127,-3.333332888911171e-06,5.551115123125783e-17,0,0.6666666777755541,100,66.6666677775554,0.3333333222211126,0.3333333222211127,3.333332888911171e-08,1e-09,1e-09,1000000000,3.333333222211126e-10,3.333333222211127e-10,33.3333288891117,66,0.9,20,3,1,1,1,1,2,2,1,1,1,1,2,-0.3333333222211126,-0.3333333222211127,-3.333332888911171e-08,0.3333333222211126,0.3333333222211127,3.333332888911171e-08,-66.6666677775554,-66.6666677775554,-66.6666677775554,-0.3333333222211126,-0.3333333222211127,-3.333332888911171e-08,3.333333222211126e-10,3.333333222211127e-10,33.3333288891117,-0.6666666777755541,-66.6666677775554,0.6666666777755541,0,-0.3333333222211126,-0.3333333222211127,-3.333332888911171e-08,0,0,0,0.3333333222211126,0.3333333222211127,3.333332888911171e-08,3.333333222211126e-10,3.333333222211127e-10,33.3333288891117
28.6,66.66666777788873,66.66666777788873,99.99999666666712,-33.33333222211126,-33.33333222211127,-3.333332888911171e-06,5.551115123125783e-17,0,0.6666666777755541,100,66.6666677775554,0.3333333222211126,0.3333333222211127,3.333332888911171e-08,1e-09,1e-09,1000000000,3.333333222211126e-10,3.333333222211127e-10,33.3333288891117,66,0.9,20,3,1,1,1,1,2,2,1,1,1,1,2,-0.3333333222211126,-0.3333333222211127,-3.333332888911171e-08,0.3333333222211126,0.3333333222211127,3.333332888911171e-08,-66.6666677775554,-66.6666677775554,-66.6666677775554,-0.3333333222211126,-0.3333333222211127,-3.333332888911171e-08,3.333333222211126e-10,3.333333222211127e-10,33.3333288891117,-0.6666666777755541,-66.6666677775554,0.6666666777755541,0,-0.3333333222211126,-0.3333333222211127,-3.333332888911171e-08,0,0,0,0.3333333222211126,0.3333333222211127,3.333332888911171e-08,3.333333222211126e-10,3.333333222211127e-10,33.3333288891117
28.7,66.66666777788873,66.66666777788873,99.99999666666712,-33.33333222211126,-33.33333222211127,-3.333332888911171e-06,5.551115123125783e-17,0,0.6666666777755541,100,66.6666677775554,0.3333333222211126,0.3333333222211127,3.333332888911171e-08,1e-09,1e-09,1000000000,3.333333222211126e-10,3.333333222211127e-10,33.3333288891117,66,0.9,20,3,1,1,1,1,2,2,1,1,1,1,2,-0.3333333222211126,-0.3333333222211127,-3.333332888911171e-08,0.3333333222211126,0.3333333222211127,3.333332888911171e-08,-66.6666677775554,-66.6666677775554,-66.6666677775554,-0.3333333222211126,-0.3333333222211127,-3.333332888911171e-08,3.333333222211126e-10,3.333333222211127e-10,33.3333288891117,-0.6666666777755541,-66.6666677775554,0.6666666777755541,0,-0.3333333222211126,-0.3333333222211127,-3.333332888911171e-08,0,0,0,0.3333333222211126,0.3333333222211127,3.333332888911171e-08,3.333333222211126e-10,3.333333222211127e-10,33.3333288891117
28.8,66.66666777788873,66.66666777788873,99.99999666666712,-33.33333222211126,-33.33333222211127,-3.333332888911171e-06,5.551115123125783e-17,0,0.6666666777755541,100,66.6666677775554,0.3333333222211126,0.3333333222211127,3.333332888911171e-08,1e-09,1e-09,1000000000,3.333333222211126e-10,3.333333222211127e-10,33.3333288891117,66,0.9,20,3,1,1,1,1,2,2,1,1,1,1,2,-0.3333333222211126,-0.3333333222211127,-3.333332888911171e-08,0.3333333222211126,0.3333333222211127,3.333332888911171e-08,-66.6666677775554,-66.6666677775554,-66.6666677775554,-0.3333333222211126,-0.3333333222211127,-3.333332888911171e-08,3.333333222211126e-10,3.333333222211127e-10,33.3333288891117,-0.6666666777755541,-66.6666677775554,0.6666666777755541,0,-0.3333333222211126,-0.3333333222211127,-3.333332888911171e-08,0,0,0,0.3333333222211126,0.3333333222211127,3.333332888911171e-08,3.333333222211126e-10,3.333333222211127e-10,33.3333288891117
28.9,66.66666777788873,66.66666777788873,99.99999666666712,-33.33333222211126,-33.33333222211127,-3.333332888911171e-06,5.551115123125783e-17,0,0.6666666777755541,100,66.6666677775554,0.3333333222211126,0.3333333222211127,3.333332888911171e-08,1e-09,1e-09,1000000000,3.333333222211126e-10,3.333333222211127e-10,33.3333288891117,66,0.9,20,3,1,1,1,1,2,2,1,1,1,1,2,-0.3333333222211126,-0.3333333222211127,-3.333332888911171e-08,0.3333333222211126,0.3333333222211127,3.333332888911171e-08,-66.6666677775554,-66.6666677775554,-66.6666677775554,-0.3333333222211126,-0.3333333222211127,-3.333332888911171e-08,3.333333222211126e-10,3.333333222211127e-10,33.3333288891117,-0.6666666777755541,-66.6666677775554,0.6666666777755541,0,-0.3333333222211126,-0.3333333222211127,-3.333332888911171e-08,0,0,0,0.3333333222211126,0.3333333222211127,3.333332888911171e-08,3.333333222211126e-10,3.333333222211127e-10,33.3333288891117
29,66.66666777788873,66.66666777788873,99.99999666666712,-33.33333222211126,-33.33333222211127,-3.333332888911171e-06,5.551115123125783e-17,0,0.6666666777755541,100,66.6666677775554,0.3333333222211126,0.3333333222211127,3.333332888911171e-08,1e-09,1e-09,1000000000,3.333333222211126e-10,3.333333222211127e-10,33.3333288891117,66,0.9,20,3,1,1,1,1,2,2,1,1,1,1,2,-0.3333333222211126,-0.3333333222211127,-3.333332888911171e-08,0.3333333222211126,0.3333333222211127,3.333332888911171e-08,-66.6666677775554,-66.6666677775554,-66.6666677775554,-0.3333333222211126,-0.3333333222211127,-3.333332888911171e-08,3.333333222211126e-10,3.333333222211127e-10,33.3333288891117,-0.6666666777755541,-66.6666677775554,0.6666666777755541,0,-0.3333333222211126,-0.3333333222211127,-3.333332888911171e-08,0,0,0,0.3333333222211126,0.3333333222211127,3.333332888911171e-08,3.333333222211126e-10,3.333333222211127e-10,33.3333288891117
29.1,66.66666777788873,66.66666777788873,99.99999666666712,-33.33333222211126,-33.33333222211127,-3.333332888911171e-06,5.551115123125783e-17,0,0.6666666777755541,100,66.6666677775554,0.3333333222211126,0.3333333222211127,3.333332888911171e-08,1e-09,1e-09,1000000000,3.333333222211126e-10,3.333333222211127e-10,33.3333288891117,66,0.9,20,3,1,1,1,1,2,2,1,1,1,1,2,-0.3333333222211126,-0.3333333222211127,-3.333332888911171e-08,0.3333333222211126,0.3333333222211127,3.333332888911171e-08,-66.6666677775554,-66.6666677775554,-66.6666677775554,-0.3333333222211126,-0.3333333222211127,-3.333332888911171e-08,3.333333222211126e-10,3.333333222211127e-10,33.3333288891117,-0.6666666777755541,-66.6666677775554,0.6666666777755541,0,-0.3333333222211126,-0.3333333222211127,-3.333332888911171e-08,0,0,0,0.3333333222211126,0.3333333222211127,3.333332888911171e-08,3.333333222211126e-10,3.333333222211127e-10,33.3333288891117
29.2,66.66666777788873,66.66666777788873,99.99999666666712,-33.33333222211126,-33.33333222211127,-3.333332888911171e-06,5.551115123125783e-17,0,0.6666666777755541,100,66.6666677775554,0.3333333222211126,0.3333333222211127,3.333332888911171e-08,1e-09,1e-09,1000000000,3.333333222211126e-10,3.333333222211127e-10,33.3333288891117,66,0.9,20,3,1,1,1,1,2,2,1,1,1,1,2,-0.3333333222211126,-0.3333333222211127,-3.333332888911171e-08,0.3333333222211126,0.3333333222211127,3.333332888911171e-08,-66.6666677775554,-66.6666677775554,-66.6666677775554,-0.3333333222211126,-0.3333333222211127,-3.333332888911171e-08,3.333333222211126e-10,3.333333222211127e-10,33.3333288891117,-0.6666666777755541,-66.6666677775554,0.6666666777755541,0,-0.3333333222211126,-0.3333333222211127,-3.333332888911171e-08,0,0,0,0.3333333222211126,0.3333333222211127,3.333332888911171e-08,3.333333222211126e-10,3.333333222211127e-10,33.3333288891117
29.3,66.66666777788873,66.66666777788873,99.99999666666712,-33.33333222211126,-33.33333222211127,-3.333332888911171e-06,5.551115123125783e-17,0,0.6666666777755541,100,66.6666677775554,0.3333333222211126,0.3333333222211127,3.333332888911171e-08,1e-09,1e-09,1000000000,3.333333222211126e-10,3.333333222211127e-10,33.3333288891117,66,0.9,20,3,1,1,1,1,2,2,1,1,1,1,2,-0.3333333222211126,-0.3333333222211127,-3.333332888911171e-08,0.3333333222211126,0.3333333222211127,3.333332888911171e-08,-66.6666677775554,-66.6666677775554,-66.6666677775554,-0.3333333222211126,-0.3333333222211127,-3.333332888911171e-08,3.333333222211126e-10,3.333333222211127e-10,33.3333288891117,-0.6666666777755541,-66.6666677775554,0.6666666777755541,0,-0.3333333222211126,-0.3333333222211127,-3.333332888911171e-08,0,0,0,0.3333333222211126,0.3333333222211127,3.333332888911171e-08,3.333333222211126e-10,3.333333222211127e-10,33.3333288891117
29.4,66.66666777788873,66.66666777788873,99.99999666666712,-33.33333222211126,-33.33333222211127,-3.333332888911171e-06,5.551115123125783e-17,0,0.6666666777755541,100,66.6666677775554,0.3333333222211126,0.3333333222211127,3.333332888911171e-08,1e-09,1e-09,1000000000,3.333333222211126e-10,3.333333222211127e-10,33.3333288891117,66,0.9,20,3,1,1,1,1,2,2,1,1,1,1,2,-0.3333333222211126,-0.3333333222211127,-3.333332888911171e-08,0.3333333222211126,0.3333333222211127,3.333332888911171e-08,-66.6666677775554,-66.6666677775554,-66.6666677775554,-0.3333333222211126,-0.3333333222211127,-3.333332888911171e-08,3.333333222211126e-10,3.333333222211127e-10,33.3333288891117,-0.6666666777755541,-66.6666677775554,0.6666666777755541,0,-0.3333333222211126,-0.3333333222211127,-3.333332888911171e-08,0,0,0,0.3333333222211126,0.3333333222211127,3.333332888911171e-08,3.333333222211126e-10,3.333333222211127e-10,33.3333288891117
29.5,66.66666777788873,66.66666777788873,99.99999666666712,-33.33333222211126,-33.33333222211127,-3.333332888911171e-06,5.551115123125783e-17,0,0.6666666777755541,100,66.6666677775554,0.3333333222211126,0.3333333222211127,3.333332888911171e-08,1e-09,1e-09,1000000000,3.333333222211126e-10,3.333333222211127e-10,33.3333288891117,66,0.9,20,3,1,1,1,1,2,2,1,1,1,1,2,-0.3333333222211126,-0.3333333222211127,-3.333332888911171e-08,0.3333333222211126,0.3333333222211127,3.333332888911171e-08,-66.6666677775554,-66.6666677775554,-66.6666677775554,-0.3333333222211126,-0.3333333222211127,-3.333332888911171e-08,3.333333222211126e-10,3.333333222211127e-10,33.3333288891117,-0.6666666777755541,-66.6666677775554,0.6666666777755541,0,-0.3333333222211126,-0.3333333222211127,-3.333332888911171e-08,0,0,0,0.3333333222211126,0.3333333222211127,3.333332888911171e-08,3.333333222211126e-10,3.333333222211127e-10,33.3333288891117
29.6,66.66666777788873,66.66666777788873,99.99999666666712,-33.33333222211126,-33.33333222211127,-3.333332888911171e-06,5.551115123125783e-17,0,0.6666666777755541,100,66.6666677775554,0.3333333222211126,0.3333333222211127,3.333332888911171e-08,1e-09,1e-09,1000000000,3.333333222211126e-10,3.333333222211127e-10,33.3333288891117,66,0.9,20,3,1,1,1,1,2,2,1,1,1,1,2,-0.3333333222211126,-0.3333333222211127,-3.333332888911171e-08,0.3333333222211126,0.3333333222211127,3.333332888911171e-08,-66.6666677775554,-66.6666677775554,-66.6666677775554,-0.3333333222211126,-0.3333333222211127,-3.333332888911171e-08,3.333333222211126e-10,3.333333222211127e-10,33.3333288891117,-0.6666666777755541,-66.6666677775554,0.6666666777755541,0,-0.3333333222211126,-0.3333333222211127,-3.333332888911171e-08,0,0,0,0.3333333222211126,0.3333333222211127,3.333332888911171e-08,3.333333222211126e-10,3.333333222211127e-10,33.3333288891117
29.7,66.66666777788873,66.66666777788873,99.99999666666712,-33.33333222211126,-33.33333222211127,-3.333332888911171e-06,5.551115123125783e-17,0,0.6666666777755541,100,66.6666677775554,0.3333333222211126,0.3333333222211127,3.333332888911171e-08,1e-09,1e-09,1000000000,3.333333222211126e-10,3.333333222211127e-10,33.3333288891117,66,0.9,20,3,1,1,1,1,2,2,1,1,1,1,2,-0.3333333222211126,-0.3333333222211127,-3.333332888911171e-08,0.3333333222211126,0.3333333222211127,3.333332888911171e-08,-66.6666677775554,-66.6666677775554,-66.6666677775554,-0.3333333222211126,-0.3333333222211127,-3.333332888911171e-08,3.333333222211126e-10,3.333333222211127e-10,33.3333288891117,-0.6666666777755541,-66.6666677775554,0.6666666777755541,0,-0.3333333222211126,-0.3333333222211127,-3.333332888911171e-08,0,0,0,0.3333333222211126,0.3333333222211127,3.333332888911171e-08,3.333333222211126e-10,3.333333222211127e-10,33.3333288891117
29.8,66.66666777788873,66.66666777788873,99.99999666666712,-33.33333222211126,-33.33333222211127,-3.333332888911171e-06,5.551115123125783e-17,0,0.6666666777755541,100,66.6666677775554,0.3333333222211126,0.3333333222211127,3.333332888911171e-08,1e-09,1e-09,1000000000,3.333333222211126e-10,3.333333222211127e-10,33.3333288891117,66,0.9,20,3,1,1,1,1,2,2,1,1,1,1,2,-0.3333333222211126,-0.3333333222211127,-3.333332888911171e-08,0.3333333222211126,0.3333333222211127,3.333332888911171e-08,-66.6666677775554,-66.6666677775554,-66.6666677775554,-0.3333333222211126,-0.3333333222211127,-3.333332888911171e-08,3.333333222211126e-10,3.333333222211127e-10,33.3333288891117,-0.6666666777755541,-66.6666677775554,0.6666666777755541,0,-0.3333333222211126,-0.3333333222211127,-3.333332888911171e-08,0,0,0,0.3333333222211126,0.3333333222211127,3.333332888911171e-08,3.333333222211126e-10,3.333333222211127e-10,33.3333288891117
29.9,66.66666777788873,66.66666777788873,99.99999666666712,-33.33333222211126,-33.33333222211127,-3.333332888911171e-06,5.551115123125783e-17,0,0.6666666777755541,100,66.6666677775554,0.3333333222211126,0.3333333222211127,3.333332888911171e-08,1e-09,1e-09,1000000000,3.333333222211126e-10,3.333333222211127e-10,33.3333288891117,66,0.9,20,3,1,1,1,1,2,2,1,1,1,1,2,-0.3333333222211126,-0.3333333222211127,-3.333332888911171e-08,0.3333333222211126,0.3333333222211127,3.333332888911171e-08,-66.6666677775554,-66.6666677775554,-66.6666677775554,-0.3333333222211126,-0.3333333222211127,-3.333332888911171e-08,3.333333222211126e-10,3.333333222211127e-10,33.3333288891117,-0.6666666777755541,-66.6666677775554,0.6666666777755541,0,-0.3333333222211126,-0.3333333222211127,-3.333332888911171e-08,0,0,0,0.3333333222211126,0.3333333222211127,3.333332888911171e-08,3.333333222211126e-10,3.333333222211127e-10,33.3333288891117
30,66.66666777788873,66.66666777788873,99.99999666666712,-33.33333222211126,-33.33333222211127,-3.333332888911171e-06,5.551115123125783e-17,0,0.6666666777755541,100,66.6666677775554,0.3333333222211126,0.3333333222211127,3.333332888911171e-08,1e-09,1e-09,1000000000,3.333333222211126e-10,3.333333222211127e-10,33.3333288891117,66,0.9,20,3,1,1,1,1,2,2,1,1,1,1,2,-0.3333333222211126,-0.3333333222211127,-3.333332888911171e-08,0.3333333222211126,0.3333333222211127,3.333332888911171e-08,-66.6666677775554,-66.6666677775554,-66.6666677775554,-0.3333333222211126,-0.3333333222211127,-3.333332888911171e-08,3.333333222211126e-10,3.333333222211127e-10,33.3333288891117,-0.6666666777755541,-66.6666677775554,0.6666666777755541,0,-0.3333333222211126,-0.3333333222211127,-3.333332888911171e-08,0,0,0,0.3333333222211126,0.3333333222211127,3.333332888911171e-08,3.333333222211126e-10,3.333333222211127e-10,33.3333288891117
30,66.66666777788873,66.66666777788873,99.99999666666712,-33.33333222211126,-33.33333222211127,-3.333332888911171e-06,5.551115123125783e-17,0,0.6666666777755541,100,66.6666677775554,0.3333333222211126,0.3333333222211127,3.333332888911171e-08,1e-09,1e-09,1000000000,3.333333222211126e-10,3.333333222211127e-10,33.3333288891117,66,0.9,20,3,1,1,1,1,2,2,1,1,1,1,2,-0.3333333222211126,-0.3333333222211127,-3.333332888911171e-08,0.3333333222211126,0.3333333222211127,3.333332888911171e-08,-66.6666677775554,-66.6666677775554,-66.6666677775554,-0.3333333222211126,-0.3333333222211127,-3.333332888911171e-08,3.333333222211126e-10,3.333333222211127e-10,33.3333288891117,-0.6666666777755541,-66.6666677775554,0.6666666777755541,0,-0.3333333222211126,-0.3333333222211127,-3.333332888911171e-08,0,0,0,0.3333333222211126,0.3333333222211127,3.333332888911171e-08,3.333333222211126e-10,3.333333222211127e-10,33.3333288891117
