"time","circ1.bats[1].v","circ1.bats[2].v","circ1.bats[3].v","circ1.bats[1].vr","circ1.bats[2].vr","circ1.bats[3].vr","circ1.gnd.p.i","circ1.gnd.p.v","circ1.r_load.i","circ1.r_load.r_int","circ1.r_load.v","circ1.s[1].i","circ1.s[2].i","circ1.s[3].i","circ1.s[1].r_int","circ1.s[2].r_int","circ1.s[3].r_int","circ1.s[1].v","circ1.s[2].v","circ1.s[3].v","circ1.target_v","circ1.tolerance","circ1.r_load.percentage","circ1.bat_num","circ1.bats[1].state","circ1.bats[2].state","circ1.bats[3].state","circ1.r_load.state","circ1.s[1].mode","circ1.s[2].mode","circ1.s[3].mode","circ1.s[1].state","circ1.s[2].state","circ1.s[3].state","on","circ1.bats[1].i","circ1.bats[2].i","circ1.bats[3].i","circ1.bats[1].m.i","circ1.bats[2].m.i","circ1.bats[3].m.i","circ1.bats[1].m.v","circ1.bats[2].m.v","circ1.bats[3].m.v","circ1.bats[1].p.i","circ1.bats[2].p.i","circ1.bats[3].p.i","circ1.bats[1].p.v","circ1.bats[2].p.v","circ1.bats[3].p.v","circ1.r_load.m.i","circ1.r_load.m.v","circ1.r_load.p.i","circ1.r_load.p.v","circ1.s[1].m.i","circ1.s[2].m.i","circ1.s[3].m.i","circ1.s[1].m.v","circ1.s[2].m.v","circ1.s[3].m.v","circ1.s[1].p.i","circ1.s[2].p.i","circ1.s[3].p.i","circ1.s[1].p.v","circ1.s[2].p.v","circ1.s[3].p.v"
0,83.33333611113815,99.99999833333376,99.99999833333378,-16.66666388886186,-1.666666222236228e-06,-1.66666622223623e-06,0,0,0.166666672221943,500,83.33333611097149,0.1666666388886185,1.666666222236228e-08,1.66666622223623e-08,1e-09,1000000000,1000000000,1.666666388886186e-10,16.66666222236228,16.6666622223623,80,0.9,100,3,1,1,1,1,2,1,1,1,1,1,1,-0.1666666388886185,-1.666666222236228e-08,-1.66666622223623e-08,0.1666666388886185,1.666666222236228e-08,1.66666622223623e-08,-83.33333611097149,-83.33333611097149,-83.33333611097149,-0.1666666388886185,-1.666666222236228e-08,-1.66666622223623e-08,1.666666388886186e-10,16.66666222236228,16.6666622223623,-0.166666672221943,-83.33333611097149,0.166666672221943,0,-0.1666666388886185,-1.666666222236228e-08,-1.66666622223623e-08,0,0,0,0.1666666388886185,1.666666222236228e-08,1.66666622223623e-08,1.666666388886186e-10,16.66666222236228,16.6666622223623
1.004082150757313e-10,83.33333611113815,99.99999833333379,99.99999833333378,-16.66666388886186,-1.66666622223623e-06,-1.66666622223623e-06,0,0,0.166666672221943,500,83.33333611097149,0.1666666388886185,1.66666622223623e-08,1.66666622223623e-08,1e-09,1000000000,1000000000,1.666666388886186e-10,16.6666622223623,16.6666622223623,80,0.9,100,3,1,1,1,1,2,1,1,1,1,1,1,-0.1666666388886185,-1.66666622223623e-08,-1.66666622223623e-08,0.1666666388886185,1.66666622223623e-08,1.66666622223623e-08,-83.33333611097149,-83.33333611097149,-83.33333611097149,-0.1666666388886185,-1.66666622223623e-08,-1.66666622223623e-08,1.666666388886186e-10,16.6666622223623,16.6666622223623,-0.166666672221943,-83.33333611097149,0.166666672221943,0,-0.1666666388886185,-1.66666622223623e-08,-1.66666622223623e-08,0,0,0,0.1666666388886185,1.66666622223623e-08,1.66666622223623e-08,1.666666388886186e-10,16.6666622223623,16.6666622223623
1.004082150757313e-10,60.00000000016,60.00000000016,60.00000000016,-39.99999999984001,-39.99999999984001,-39.99999999984,0,0,1.1999999999952,50,59.99999999976,0.3999999999984001,0.3999999999984001,0.3999999999984,1e-09,1e-09,1e-09,3.999999999984001e-10,3.999999999984001e-10,3.999999999984e-10,80,0.9,10,3,1,1,1,1,2,2,2,1,1,1,3,-0.3999999999984001,-0.3999999999984001,-0.3999999999984,0.3999999999984001,0.3999999999984001,0.3999999999984,-59.99999999976,-59.99999999976,-59.99999999976,-0.3999999999984001,-0.3999999999984001,-0.3999999999984,3.999999999984001e-10,3.999999999984001e-10,3.999999999984e-10,-1.1999999999952,-59.99999999976,1.1999999999952,0,-0.3999999999984001,-0.3999999999984001,-0.3999999999984,0,0,0,0.3999999999984001,0.3999999999984001,0.3999999999984,3.999999999984001e-10,3.999999999984001e-10,3.999999999984e-10
0.1,60.00000000016,60.00000000016,60.00000000016,-39.99999999984,-39.99999999984,-39.99999999984,-5.551115123125783e-17,0,1.1999999999952,50,59.99999999976,0.3999999999984,0.3999999999984,0.3999999999984,1e-09,1e-09,1e-09,3.999999999984e-10,3.999999999984e-10,3.999999999984e-10,80,0.9,10,3,1,1,1,1,2,2,2,1,1,1,3,-0.3999999999984,-0.3999999999984,-0.3999999999984,0.3999999999984,0.3999999999984,0.3999999999984,-59.99999999976,-59.99999999976,-59.99999999976,-0.3999999999984,-0.3999999999984,-0.3999999999984,3.999999999984e-10,3.999999999984e-10,3.999999999984e-10,-1.1999999999952,-59.99999999976,1.1999999999952,0,-0.3999999999984,-0.3999999999984,-0.3999999999984,0,0,0,0.3999999999984,0.3999999999984,0.3999999999984,3.999999999984e-10,3.999999999984e-10,3.999999999984e-10
0.2,60.00000000016,60.00000000016,60.00000000016,-39.99999999984,-39.99999999984,-39.99999999984,-5.551115123125783e-17,0,1.1999999999952,50,59.99999999976,0.3999999999984,0.3999999999984,0.3999999999984,1e-09,1e-09,1e-09,3.999999999984e-10,3.999999999984e-10,3.999999999984e-10,80,0.9,10,3,1,1,1,1,2,2,2,1,1,1,3,-0.3999999999984,-0.3999999999984,-0.3999999999984,0.3999999999984,0.3999999999984,0.3999999999984,-59.99999999976,-59.99999999976,-59.99999999976,-0.3999999999984,-0.3999999999984,-0.3999999999984,3.999999999984e-10,3.999999999984e-10,3.999999999984e-10,-1.1999999999952,-59.99999999976,1.1999999999952,0,-0.3999999999984,-0.3999999999984,-0.3999999999984,0,0,0,0.3999999999984,0.3999999999984,0.3999999999984,3.999999999984e-10,3.999999999984e-10,3.999999999984e-10
0.3,60.00000000016,60.00000000016,60.00000000016,-39.99999999984,-39.99999999984,-39.99999999984,-5.551115123125783e-17,0,1.1999999999952,50,59.99999999976,0.3999999999984,0.3999999999984,0.3999999999984,1e-09,1e-09,1e-09,3.999999999984e-10,3.999999999984e-10,3.999999999984e-10,80,0.9,10,3,1,1,1,1,2,2,2,1,1,1,3,-0.3999999999984,-0.3999999999984,-0.3999999999984,0.3999999999984,0.3999999999984,0.3999999999984,-59.99999999976,-59.99999999976,-59.99999999976,-0.3999999999984,-0.3999999999984,-0.3999999999984,3.999999999984e-10,3.999999999984e-10,3.999999999984e-10,-1.1999999999952,-59.99999999976,1.1999999999952,0,-0.3999999999984,-0.3999999999984,-0.3999999999984,0,0,0,0.3999999999984,0.3999999999984,0.3999999999984,3.999999999984e-10,3.999999999984e-10,3.999999999984e-10
0.4,60.00000000016,60.00000000016,60.00000000016,-39.99999999984,-39.99999999984,-39.99999999984,-5.551115123125783e-17,0,1.1999999999952,50,59.99999999976,0.3999999999984,0.3999999999984,0.3999999999984,1e-09,1e-09,1e-09,3.999999999984e-10,3.999999999984e-10,3.999999999984e-10,80,0.9,10,3,1,1,1,1,2,2,2,1,1,1,3,-0.3999999999984,-0.3999999999984,-0.3999999999984,0.3999999999984,0.3999999999984,0.3999999999984,-59.99999999976,-59.99999999976,-59.99999999976,-0.3999999999984,-0.3999999999984,-0.3999999999984,3.999999999984e-10,3.999999999984e-10,3.999999999984e-10,-1.1999999999952,-59.99999999976,1.1999999999952,0,-0.3999999999984,-0.3999999999984,-0.3999999999984,0,0,0,0.3999999999984,0.3999999999984,0.3999999999984,3.999999999984e-10,3.999999999984e-10,3.999999999984e-10
0.5,60.00000000016,60.00000000016,60.00000000016,-39.99999999984,-39.99999999984,-39.99999999984,-5.551115123125783e-17,0,1.1999999999952,50,59.99999999976,0.3999999999984,0.3999999999984,0.3999999999984,1e-09,1e-09,1e-09,3.999999999984e-10,3.999999999984e-10,3.999999999984e-10,80,0.9,10,3,1,1,1,1,2,2,2,1,1,1,3,-0.3999999999984,-0.3999999999984,-0.3999999999984,0.3999999999984,0.3999999999984,0.3999999999984,-59.99999999976,-59.99999999976,-59.99999999976,-0.3999999999984,-0.3999999999984,-0.3999999999984,3.999999999984e-10,3.999999999984e-10,3.999999999984e-10,-1.1999999999952,-59.99999999976,1.1999999999952,0,-0.3999999999984,-0.3999999999984,-0.3999999999984,0,0,0,0.3999999999984,0.3999999999984,0.3999999999984,3.999999999984e-10,3.999999999984e-10,3.999999999984e-10
0.6,60.00000000016,60.00000000016,60.00000000016,-39.99999999984,-39.99999999984,-39.99999999984,-5.551115123125783e-17,0,1.1999999999952,50,59.99999999976,0.3999999999984,0.3999999999984,0.3999999999984,1e-09,1e-09,1e-09,3.999999999984e-10,3.999999999984e-10,3.999999999984e-10,80,0.9,10,3,1,1,1,1,2,2,2,1,1,1,3,-0.3999999999984,-0.3999999999984,-0.3999999999984,0.3999999999984,0.3999999999984,0.3999999999984,-59.99999999976,-59.99999999976,-59.99999999976,-0.3999999999984,-0.3999999999984,-0.3999999999984,3.999999999984e-10,3.999999999984e-10,3.999999999984e-10,-1.1999999999952,-59.99999999976,1.1999999999952,0,-0.3999999999984,-0.3999999999984,-0.3999999999984,0,0,0,0.3999999999984,0.3999999999984,0.3999999999984,3.999999999984e-10,3.999999999984e-10,3.999999999984e-10
0.7,60.00000000016,60.00000000016,60.00000000016,-39.99999999984,-39.99999999984,-39.99999999984,-5.551115123125783e-17,0,1.1999999999952,50,59.99999999976,0.3999999999984,0.3999999999984,0.3999999999984,1e-09,1e-09,1e-09,3.999999999984e-10,3.999999999984e-10,3.999999999984e-10,80,0.9,10,3,1,1,1,1,2,2,2,1,1,1,3,-0.3999999999984,-0.3999999999984,-0.3999999999984,0.3999999999984,0.3999999999984,0.3999999999984,-59.99999999976,-59.99999999976,-59.99999999976,-0.3999999999984,-0.3999999999984,-0.3999999999984,3.999999999984e-10,3.999999999984e-10,3.999999999984e-10,-1.1999999999952,-59.99999999976,1.1999999999952,0,-0.3999999999984,-0.3999999999984,-0.3999999999984,0,0,0,0.3999999999984,0.3999999999984,0.3999999999984,3.999999999984e-10,3.999999999984e-10,3.999999999984e-10
0.8,60.00000000016,60.00000000016,60.00000000016,-39.99999999984,-39.99999999984,-39.99999999984,-5.551115123125783e-17,0,1.1999999999952,50,59.99999999976,0.3999999999984,0.3999999999984,0.3999999999984,1e-09,1e-09,1e-09,3.999999999984e-10,3.999999999984e-10,3.999999999984e-10,80,0.9,10,3,1,1,1,1,2,2,2,1,1,1,3,-0.3999999999984,-0.3999999999984,-0.3999999999984,0.3999999999984,0.3999999999984,0.3999999999984,-59.99999999976,-59.99999999976,-59.99999999976,-0.3999999999984,-0.3999999999984,-0.3999999999984,3.999999999984e-10,3.999999999984e-10,3.999999999984e-10,-1.1999999999952,-59.99999999976,1.1999999999952,0,-0.3999999999984,-0.3999999999984,-0.3999999999984,0,0,0,0.3999999999984,0.3999999999984,0.3999999999984,3.999999999984e-10,3.999999999984e-10,3.999999999984e-10
0.9,60.00000000016,60.00000000016,60.00000000016,-39.99999999984,-39.99999999984,-39.99999999984,-5.551115123125783e-17,0,1.1999999999952,50,59.99999999976,0.3999999999984,0.3999999999984,0.3999999999984,1e-09,1e-09,1e-09,3.999999999984e-10,3.999999999984e-10,3.999999999984e-10,80,0.9,10,3,1,1,1,1,2,2,2,1,1,1,3,-0.3999999999984,-0.3999999999984,-0.3999999999984,0.3999999999984,0.3999999999984,0.3999999999984,-59.99999999976,-59.99999999976,-59.99999999976,-0.3999999999984,-0.3999999999984,-0.3999999999984,3.999999999984e-10,3.999999999984e-10,3.999999999984e-10,-1.1999999999952,-59.99999999976,1.1999999999952,0,-0.3999999999984,-0.3999999999984,-0.3999999999984,0,0,0,0.3999999999984,0.3999999999984,0.3999999999984,3.999999999984e-10,3.999999999984e-10,3.999999999984e-10
1,60.00000000016,60.00000000016,60.00000000016,-39.99999999984,-39.99999999984,-39.99999999984,-5.551115123125783e-17,0,1.1999999999952,50,59.99999999976,0.3999999999984,0.3999999999984,0.3999999999984,1e-09,1e-09,1e-09,3.999999999984e-10,3.999999999984e-10,3.999999999984e-10,80,0.9,10,3,1,1,1,1,2,2,2,1,1,1,3,-0.3999999999984,-0.3999999999984,-0.3999999999984,0.3999999999984,0.3999999999984,0.3999999999984,-59.99999999976,-59.99999999976,-59.99999999976,-0.3999999999984,-0.3999999999984,-0.3999999999984,3.999999999984e-10,3.999999999984e-10,3.999999999984e-10,-1.1999999999952,-59.99999999976,1.1999999999952,0,-0.3999999999984,-0.3999999999984,-0.3999999999984,0,0,0,0.3999999999984,0.3999999999984,0.3999999999984,3.999999999984e-10,3.999999999984e-10,3.999999999984e-10
1.000000000200089,60.00000000016,60.00000000016,60.00000000016,-39.99999999984,-39.99999999984,-39.99999999984,-5.551115123125783e-17,0,1.1999999999952,50,59.99999999976,0.3999999999984,0.3999999999984,0.3999999999984,1e-09,1e-09,1e-09,3.999999999984e-10,3.999999999984e-10,3.999999999984e-10,80,0.9,10,3,1,1,1,1,2,2,2,1,1,1,3,-0.3999999999984,-0.3999999999984,-0.3999999999984,0.3999999999984,0.3999999999984,0.3999999999984,-59.99999999976,-59.99999999976,-59.99999999976,-0.3999999999984,-0.3999999999984,-0.3999999999984,3.999999999984e-10,3.999999999984e-10,3.999999999984e-10,-1.1999999999952,-59.99999999976,1.1999999999952,0,-0.3999999999984,-0.3999999999984,-0.3999999999984,0,0,0,0.3999999999984,0.3999999999984,0.3999999999984,3.999999999984e-10,3.999999999984e-10,3.999999999984e-10
1.000000000200089,69.2307692308639,69.2307692308639,69.2307692308639,-30.76923076913609,-30.76923076913609,-30.7692307691361,5.551115123125783e-17,0,0.9230769230740827,75,69.23076923055621,0.3076923076913609,0.3076923076913609,0.307692307691361,1e-09,1e-09,1e-09,3.076923076913609e-10,3.076923076913609e-10,3.07692307691361e-10,80,0.9,15,3,1,1,1,1,2,2,2,1,1,1,3,-0.3076923076913609,-0.3076923076913609,-0.307692307691361,0.3076923076913609,0.3076923076913609,0.307692307691361,-69.23076923055621,-69.23076923055621,-69.23076923055621,-0.3076923076913609,-0.3076923076913609,-0.307692307691361,3.076923076913609e-10,3.076923076913609e-10,3.07692307691361e-10,-0.9230769230740827,-69.23076923055621,0.9230769230740827,0,-0.3076923076913609,-0.3076923076913609,-0.307692307691361,0,0,0,0.3076923076913609,0.3076923076913609,0.307692307691361,3.076923076913609e-10,3.076923076913609e-10,3.07692307691361e-10
1.1,69.23076923086391,69.23076923086391,69.23076923086391,-30.7692307691361,-30.7692307691361,-30.76923076913609,5.551115123125783e-17,0,0.9230769230740827,75,69.23076923055622,0.307692307691361,0.307692307691361,0.3076923076913609,1e-09,1e-09,1e-09,3.07692307691361e-10,3.07692307691361e-10,3.076923076913609e-10,80,0.9,15,3,1,1,1,1,2,2,2,1,1,1,3,-0.307692307691361,-0.307692307691361,-0.3076923076913609,0.307692307691361,0.307692307691361,0.3076923076913609,-69.23076923055622,-69.23076923055622,-69.23076923055622,-0.307692307691361,-0.307692307691361,-0.3076923076913609,3.07692307691361e-10,3.07692307691361e-10,3.076923076913609e-10,-0.9230769230740827,-69.23076923055622,0.9230769230740827,0,-0.307692307691361,-0.307692307691361,-0.3076923076913609,0,0,0,0.307692307691361,0.307692307691361,0.3076923076913609,3.07692307691361e-10,3.07692307691361e-10,3.076923076913609e-10
1.2,69.2307692308639,69.2307692308639,69.2307692308639,-30.76923076913609,-30.76923076913609,-30.7692307691361,0,0,0.9230769230740828,75,69.23076923055621,0.3076923076913609,0.3076923076913609,0.307692307691361,1e-09,1e-09,1e-09,3.076923076913609e-10,3.076923076913609e-10,3.07692307691361e-10,80,0.9,15,3,1,1,1,1,2,2,2,1,1,1,3,-0.3076923076913609,-0.3076923076913609,-0.307692307691361,0.3076923076913609,0.3076923076913609,0.307692307691361,-69.23076923055621,-69.23076923055621,-69.23076923055621,-0.3076923076913609,-0.3076923076913609,-0.307692307691361,3.076923076913609e-10,3.076923076913609e-10,3.07692307691361e-10,-0.9230769230740828,-69.23076923055621,0.9230769230740828,0,-0.3076923076913609,-0.3076923076913609,-0.307692307691361,0,0,0,0.3076923076913609,0.3076923076913609,0.307692307691361,3.076923076913609e-10,3.076923076913609e-10,3.07692307691361e-10
1.3,69.23076923086391,69.23076923086391,69.23076923086391,-30.7692307691361,-30.7692307691361,-30.76923076913609,5.551115123125783e-17,0,0.9230769230740827,75,69.23076923055622,0.307692307691361,0.307692307691361,0.3076923076913609,1e-09,1e-09,1e-09,3.07692307691361e-10,3.07692307691361e-10,3.076923076913609e-10,80,0.9,15,3,1,1,1,1,2,2,2,1,1,1,3,-0.307692307691361,-0.307692307691361,-0.3076923076913609,0.307692307691361,0.307692307691361,0.3076923076913609,-69.23076923055622,-69.23076923055622,-69.23076923055622,-0.307692307691361,-0.307692307691361,-0.3076923076913609,3.07692307691361e-10,3.07692307691361e-10,3.076923076913609e-10,-0.9230769230740827,-69.23076923055622,0.9230769230740827,0,-0.307692307691361,-0.307692307691361,-0.3076923076913609,0,0,0,0.307692307691361,0.307692307691361,0.3076923076913609,3.07692307691361e-10,3.07692307691361e-10,3.076923076913609e-10
1.4,69.2307692308639,69.2307692308639,69.2307692308639,-30.76923076913609,-30.76923076913609,-30.7692307691361,0,0,0.9230769230740828,75,69.23076923055621,0.3076923076913609,0.3076923076913609,0.307692307691361,1e-09,1e-09,1e-09,3.076923076913609e-10,3.076923076913609e-10,3.07692307691361e-10,80,0.9,15,3,1,1,1,1,2,2,2,1,1,1,3,-0.3076923076913609,-0.3076923076913609,-0.307692307691361,0.3076923076913609,0.3076923076913609,0.307692307691361,-69.23076923055621,-69.23076923055621,-69.23076923055621,-0.3076923076913609,-0.3076923076913609,-0.307692307691361,3.076923076913609e-10,3.076923076913609e-10,3.07692307691361e-10,-0.9230769230740828,-69.23076923055621,0.9230769230740828,0,-0.3076923076913609,-0.3076923076913609,-0.307692307691361,0,0,0,0.3076923076913609,0.3076923076913609,0.307692307691361,3.076923076913609e-10,3.076923076913609e-10,3.07692307691361e-10
1.5,69.23076923086391,69.23076923086391,69.23076923086391,-30.7692307691361,-30.7692307691361,-30.76923076913609,5.551115123125783e-17,0,0.9230769230740827,75,69.23076923055622,0.307692307691361,0.307692307691361,0.3076923076913609,1e-09,1e-09,1e-09,3.07692307691361e-10,3.07692307691361e-10,3.076923076913609e-10,80,0.9,15,3,1,1,1,1,2,2,2,1,1,1,3,-0.307692307691361,-0.307692307691361,-0.3076923076913609,0.307692307691361,0.307692307691361,0.3076923076913609,-69.23076923055622,-69.23076923055622,-69.23076923055622,-0.307692307691361,-0.307692307691361,-0.3076923076913609,3.07692307691361e-10,3.07692307691361e-10,3.076923076913609e-10,-0.9230769230740827,-69.23076923055622,0.9230769230740827,0,-0.307692307691361,-0.307692307691361,-0.3076923076913609,0,0,0,0.307692307691361,0.307692307691361,0.3076923076913609,3.07692307691361e-10,3.07692307691361e-10,3.076923076913609e-10
1.6,69.2307692308639,69.2307692308639,69.2307692308639,-30.76923076913609,-30.76923076913609,-30.7692307691361,0,0,0.9230769230740828,75,69.23076923055621,0.3076923076913609,0.3076923076913609,0.307692307691361,1e-09,1e-09,1e-09,3.076923076913609e-10,3.076923076913609e-10,3.07692307691361e-10,80,0.9,15,3,1,1,1,1,2,2,2,1,1,1,3,-0.3076923076913609,-0.3076923076913609,-0.307692307691361,0.3076923076913609,0.3076923076913609,0.307692307691361,-69.23076923055621,-69.23076923055621,-69.23076923055621,-0.3076923076913609,-0.3076923076913609,-0.307692307691361,3.076923076913609e-10,3.076923076913609e-10,3.07692307691361e-10,-0.9230769230740828,-69.23076923055621,0.9230769230740828,0,-0.3076923076913609,-0.3076923076913609,-0.307692307691361,0,0,0,0.3076923076913609,0.3076923076913609,0.307692307691361,3.076923076913609e-10,3.076923076913609e-10,3.07692307691361e-10
1.7,69.23076923086391,69.23076923086391,69.23076923086391,-30.7692307691361,-30.7692307691361,-30.76923076913609,5.551115123125783e-17,0,0.9230769230740827,75,69.23076923055622,0.307692307691361,0.307692307691361,0.3076923076913609,1e-09,1e-09,1e-09,3.07692307691361e-10,3.07692307691361e-10,3.076923076913609e-10,80,0.9,15,3,1,1,1,1,2,2,2,1,1,1,3,-0.307692307691361,-0.307692307691361,-0.3076923076913609,0.307692307691361,0.307692307691361,0.3076923076913609,-69.23076923055622,-69.23076923055622,-69.23076923055622,-0.307692307691361,-0.307692307691361,-0.3076923076913609,3.07692307691361e-10,3.07692307691361e-10,3.076923076913609e-10,-0.9230769230740827,-69.23076923055622,0.9230769230740827,0,-0.307692307691361,-0.307692307691361,-0.3076923076913609,0,0,0,0.307692307691361,0.307692307691361,0.3076923076913609,3.07692307691361e-10,3.07692307691361e-10,3.076923076913609e-10
1.8,69.2307692308639,69.2307692308639,69.2307692308639,-30.76923076913609,-30.76923076913609,-30.7692307691361,0,0,0.9230769230740828,75,69.23076923055621,0.3076923076913609,0.3076923076913609,0.307692307691361,1e-09,1e-09,1e-09,3.076923076913609e-10,3.076923076913609e-10,3.07692307691361e-10,80,0.9,15,3,1,1,1,1,2,2,2,1,1,1,3,-0.3076923076913609,-0.3076923076913609,-0.307692307691361,0.3076923076913609,0.3076923076913609,0.307692307691361,-69.23076923055621,-69.23076923055621,-69.23076923055621,-0.3076923076913609,-0.3076923076913609,-0.307692307691361,3.076923076913609e-10,3.076923076913609e-10,3.07692307691361e-10,-0.9230769230740828,-69.23076923055621,0.9230769230740828,0,-0.3076923076913609,-0.3076923076913609,-0.307692307691361,0,0,0,0.3076923076913609,0.3076923076913609,0.307692307691361,3.076923076913609e-10,3.076923076913609e-10,3.07692307691361e-10
1.9,69.23076923086391,69.23076923086391,69.23076923086391,-30.7692307691361,-30.7692307691361,-30.76923076913609,5.551115123125783e-17,0,0.9230769230740827,75,69.23076923055622,0.307692307691361,0.307692307691361,0.3076923076913609,1e-09,1e-09,1e-09,3.07692307691361e-10,3.07692307691361e-10,3.076923076913609e-10,80,0.9,15,3,1,1,1,1,2,2,2,1,1,1,3,-0.307692307691361,-0.307692307691361,-0.3076923076913609,0.307692307691361,0.307692307691361,0.3076923076913609,-69.23076923055622,-69.23076923055622,-69.23076923055622,-0.307692307691361,-0.307692307691361,-0.3076923076913609,3.07692307691361e-10,3.07692307691361e-10,3.076923076913609e-10,-0.9230769230740827,-69.23076923055622,0.9230769230740827,0,-0.307692307691361,-0.307692307691361,-0.3076923076913609,0,0,0,0.307692307691361,0.307692307691361,0.3076923076913609,3.07692307691361e-10,3.07692307691361e-10,3.076923076913609e-10
2,69.2307692308639,69.2307692308639,69.2307692308639,-30.76923076913609,-30.76923076913609,-30.7692307691361,0,0,0.9230769230740828,75,69.23076923055621,0.3076923076913609,0.3076923076913609,0.307692307691361,1e-09,1e-09,1e-09,3.076923076913609e-10,3.076923076913609e-10,3.07692307691361e-10,80,0.9,15,3,1,1,1,1,2,2,2,1,1,1,3,-0.3076923076913609,-0.3076923076913609,-0.307692307691361,0.3076923076913609,0.3076923076913609,0.307692307691361,-69.23076923055621,-69.23076923055621,-69.23076923055621,-0.3076923076913609,-0.3076923076913609,-0.307692307691361,3.076923076913609e-10,3.076923076913609e-10,3.07692307691361e-10,-0.9230769230740828,-69.23076923055621,0.9230769230740828,0,-0.3076923076913609,-0.3076923076913609,-0.307692307691361,0,0,0,0.3076923076913609,0.3076923076913609,0.307692307691361,3.076923076913609e-10,3.076923076913609e-10,3.07692307691361e-10
2.000000000400178,69.23076923086391,69.23076923086391,69.23076923086391,-30.7692307691361,-30.7692307691361,-30.76923076913609,5.551115123125783e-17,0,0.9230769230740827,75,69.23076923055622,0.307692307691361,0.307692307691361,0.3076923076913609,1e-09,1e-09,1e-09,3.07692307691361e-10,3.07692307691361e-10,3.076923076913609e-10,80,0.9,15,3,1,1,1,1,2,2,2,1,1,1,3,-0.307692307691361,-0.307692307691361,-0.3076923076913609,0.307692307691361,0.307692307691361,0.3076923076913609,-69.23076923055622,-69.23076923055622,-69.23076923055622,-0.307692307691361,-0.307692307691361,-0.3076923076913609,3.07692307691361e-10,3.07692307691361e-10,3.076923076913609e-10,-0.9230769230740827,-69.23076923055622,0.9230769230740827,0,-0.307692307691361,-0.307692307691361,-0.3076923076913609,0,0,0,0.307692307691361,0.307692307691361,0.3076923076913609,3.07692307691361e-10,3.07692307691361e-10,3.076923076913609e-10
2.000000000400178,81.81818473829318,99.99999818181865,99.99999818181865,-18.18181519562253,-1.818181344370728e-06,-1.818181344370728e-06,0,0,0.1818181883198521,450,81.81818473811137,0.1818181519562252,1.818181344370728e-08,1.818181344370728e-08,1e-09,1000000000,1000000000,1.818181519562253e-10,18.18181344370728,18.18181344370728,80,0.9,90,3,1,1,1,1,2,1,1,1,1,1,1,-0.1818181519562252,-1.818181344370728e-08,-1.818181344370728e-08,0.1818181519562252,1.818181344370728e-08,1.818181344370728e-08,-81.81818473811137,-81.81818473811137,-81.81818473811137,-0.1818181519562252,-1.818181344370728e-08,-1.818181344370728e-08,1.818181519562253e-10,18.18181344370728,18.18181344370728,-0.1818181883198521,-81.81818473811137,0.1818181883198521,0,-0.1818181519562252,-1.818181344370728e-08,-1.818181344370728e-08,0,0,0,0.1818181519562252,1.818181344370728e-08,1.818181344370728e-08,1.818181519562253e-10,18.18181344370728,18.18181344370728
2.1,81.81818479342068,99.99999818181865,99.99999818181865,-18.1818152065793,-1.818181338857978e-06,-1.818181338857978e-06,0,0,0.1818181884294197,450,81.81818479323887,0.181818152065793,1.818181338857978e-08,1.818181338857978e-08,1e-09,1000000000,1000000000,1.81818152065793e-10,18.18181338857978,18.18181338857978,80,0.9,90,3,1,1,1,1,2,1,1,1,1,1,1,-0.181818152065793,-1.818181338857978e-08,-1.818181338857978e-08,0.181818152065793,1.818181338857978e-08,1.818181338857978e-08,-81.81818479323887,-81.81818479323887,-81.81818479323887,-0.181818152065793,-1.818181338857978e-08,-1.818181338857978e-08,1.81818152065793e-10,18.18181338857978,18.18181338857978,-0.1818181884294197,-81.81818479323887,0.1818181884294197,0,-0.181818152065793,-1.818181338857978e-08,-1.818181338857978e-08,0,0,0,0.181818152065793,1.818181338857978e-08,1.818181338857978e-08,1.81818152065793e-10,18.18181338857978,18.18181338857978
2.2,81.8181847934207,99.99999818181865,99.99999818181865,-18.1818152065793,-1.818181338857977e-06,-1.818181338857977e-06,0,0,0.1818181884294197,450,81.81818479323888,0.181818152065793,1.818181338857977e-08,1.818181338857977e-08,1e-09,1000000000,1000000000,1.81818152065793e-10,18.18181338857977,18.18181338857977,80,0.9,90,3,1,1,1,1,2,1,1,1,1,1,1,-0.181818152065793,-1.818181338857977e-08,-1.818181338857977e-08,0.181818152065793,1.818181338857977e-08,1.818181338857977e-08,-81.81818479323888,-81.81818479323888,-81.81818479323888,-0.181818152065793,-1.818181338857977e-08,-1.818181338857977e-08,1.81818152065793e-10,18.18181338857977,18.18181338857977,-0.1818181884294197,-81.81818479323888,0.1818181884294197,0,-0.181818152065793,-1.818181338857977e-08,-1.818181338857977e-08,0,0,0,0.181818152065793,1.818181338857977e-08,1.818181338857977e-08,1.81818152065793e-10,18.18181338857977,18.18181338857977
2.3,81.8181847934207,99.99999818181865,99.99999818181865,-18.1818152065793,-1.818181338857977e-06,-1.818181338857977e-06,0,0,0.1818181884294197,450,81.81818479323888,0.181818152065793,1.818181338857977e-08,1.818181338857977e-08,1e-09,1000000000,1000000000,1.81818152065793e-10,18.18181338857977,18.18181338857977,80,0.9,90,3,1,1,1,1,2,1,1,1,1,1,1,-0.181818152065793,-1.818181338857977e-08,-1.818181338857977e-08,0.181818152065793,1.818181338857977e-08,1.818181338857977e-08,-81.81818479323888,-81.81818479323888,-81.81818479323888,-0.181818152065793,-1.818181338857977e-08,-1.818181338857977e-08,1.81818152065793e-10,18.18181338857977,18.18181338857977,-0.1818181884294197,-81.81818479323888,0.1818181884294197,0,-0.181818152065793,-1.818181338857977e-08,-1.818181338857977e-08,0,0,0,0.181818152065793,1.818181338857977e-08,1.818181338857977e-08,1.81818152065793e-10,18.18181338857977,18.18181338857977
2.4,81.8181847934207,99.99999818181865,99.99999818181865,-18.1818152065793,-1.818181338857977e-06,-1.818181338857977e-06,0,0,0.1818181884294197,450,81.81818479323888,0.181818152065793,1.818181338857977e-08,1.818181338857977e-08,1e-09,1000000000,1000000000,1.81818152065793e-10,18.18181338857977,18.18181338857977,80,0.9,90,3,1,1,1,1,2,1,1,1,1,1,1,-0.181818152065793,-1.818181338857977e-08,-1.818181338857977e-08,0.181818152065793,1.818181338857977e-08,1.818181338857977e-08,-81.81818479323888,-81.81818479323888,-81.81818479323888,-0.181818152065793,-1.818181338857977e-08,-1.818181338857977e-08,1.81818152065793e-10,18.18181338857977,18.18181338857977,-0.1818181884294197,-81.81818479323888,0.1818181884294197,0,-0.181818152065793,-1.818181338857977e-08,-1.818181338857977e-08,0,0,0,0.181818152065793,1.818181338857977e-08,1.818181338857977e-08,1.81818152065793e-10,18.18181338857977,18.18181338857977
2.5,81.8181847934207,99.99999818181865,99.99999818181865,-18.1818152065793,-1.818181338857977e-06,-1.818181338857977e-06,0,0,0.1818181884294197,450,81.81818479323888,0.181818152065793,1.818181338857977e-08,1.818181338857977e-08,1e-09,1000000000,1000000000,1.81818152065793e-10,18.18181338857977,18.18181338857977,80,0.9,90,3,1,1,1,1,2,1,1,1,1,1,1,-0.181818152065793,-1.818181338857977e-08,-1.818181338857977e-08,0.181818152065793,1.818181338857977e-08,1.818181338857977e-08,-81.81818479323888,-81.81818479323888,-81.81818479323888,-0.181818152065793,-1.818181338857977e-08,-1.818181338857977e-08,1.81818152065793e-10,18.18181338857977,18.18181338857977,-0.1818181884294197,-81.81818479323888,0.1818181884294197,0,-0.181818152065793,-1.818181338857977e-08,-1.818181338857977e-08,0,0,0,0.181818152065793,1.818181338857977e-08,1.818181338857977e-08,1.81818152065793e-10,18.18181338857977,18.18181338857977
2.6,81.8181847934207,99.99999818181865,99.99999818181865,-18.1818152065793,-1.818181338857977e-06,-1.818181338857977e-06,0,0,0.1818181884294197,450,81.81818479323888,0.181818152065793,1.818181338857977e-08,1.818181338857977e-08,1e-09,1000000000,1000000000,1.81818152065793e-10,18.18181338857977,18.18181338857977,80,0.9,90,3,1,1,1,1,2,1,1,1,1,1,1,-0.181818152065793,-1.818181338857977e-08,-1.818181338857977e-08,0.181818152065793,1.818181338857977e-08,1.818181338857977e-08,-81.81818479323888,-81.81818479323888,-81.81818479323888,-0.181818152065793,-1.818181338857977e-08,-1.818181338857977e-08,1.81818152065793e-10,18.18181338857977,18.18181338857977,-0.1818181884294197,-81.81818479323888,0.1818181884294197,0,-0.181818152065793,-1.818181338857977e-08,-1.818181338857977e-08,0,0,0,0.181818152065793,1.818181338857977e-08,1.818181338857977e-08,1.81818152065793e-10,18.18181338857977,18.18181338857977
2.7,81.8181847934207,99.99999818181865,99.99999818181865,-18.1818152065793,-1.818181338857977e-06,-1.818181338857977e-06,0,0,0.1818181884294197,450,81.81818479323888,0.181818152065793,1.818181338857977e-08,1.818181338857977e-08,1e-09,1000000000,1000000000,1.81818152065793e-10,18.18181338857977,18.18181338857977,80,0.9,90,3,1,1,1,1,2,1,1,1,1,1,1,-0.181818152065793,-1.818181338857977e-08,-1.818181338857977e-08,0.181818152065793,1.818181338857977e-08,1.818181338857977e-08,-81.81818479323888,-81.81818479323888,-81.81818479323888,-0.181818152065793,-1.818181338857977e-08,-1.818181338857977e-08,1.81818152065793e-10,18.18181338857977,18.18181338857977,-0.1818181884294197,-81.81818479323888,0.1818181884294197,0,-0.181818152065793,-1.818181338857977e-08,-1.818181338857977e-08,0,0,0,0.181818152065793,1.818181338857977e-08,1.818181338857977e-08,1.81818152065793e-10,18.18181338857977,18.18181338857977
2.8,81.8181847934207,99.99999818181865,99.99999818181865,-18.1818152065793,-1.818181338857977e-06,-1.818181338857977e-06,0,0,0.1818181884294197,450,81.81818479323888,0.181818152065793,1.818181338857977e-08,1.818181338857977e-08,1e-09,1000000000,1000000000,1.81818152065793e-10,18.18181338857977,18.18181338857977,80,0.9,90,3,1,1,1,1,2,1,1,1,1,1,1,-0.181818152065793,-1.818181338857977e-08,-1.818181338857977e-08,0.181818152065793,1.818181338857977e-08,1.818181338857977e-08,-81.81818479323888,-81.81818479323888,-81.81818479323888,-0.181818152065793,-1.818181338857977e-08,-1.818181338857977e-08,1.81818152065793e-10,18.18181338857977,18.18181338857977,-0.1818181884294197,-81.81818479323888,0.1818181884294197,0,-0.181818152065793,-1.818181338857977e-08,-1.818181338857977e-08,0,0,0,0.181818152065793,1.818181338857977e-08,1.818181338857977e-08,1.81818152065793e-10,18.18181338857977,18.18181338857977
2.9,81.8181847934207,99.99999818181865,99.99999818181865,-18.1818152065793,-1.818181338857977e-06,-1.818181338857977e-06,0,0,0.1818181884294197,450,81.81818479323888,0.181818152065793,1.818181338857977e-08,1.818181338857977e-08,1e-09,1000000000,1000000000,1.81818152065793e-10,18.18181338857977,18.18181338857977,80,0.9,90,3,1,1,1,1,2,1,1,1,1,1,1,-0.181818152065793,-1.818181338857977e-08,-1.818181338857977e-08,0.181818152065793,1.818181338857977e-08,1.818181338857977e-08,-81.81818479323888,-81.81818479323888,-81.81818479323888,-0.181818152065793,-1.818181338857977e-08,-1.818181338857977e-08,1.81818152065793e-10,18.18181338857977,18.18181338857977,-0.1818181884294197,-81.81818479323888,0.1818181884294197,0,-0.181818152065793,-1.818181338857977e-08,-1.818181338857977e-08,0,0,0,0.181818152065793,1.818181338857977e-08,1.818181338857977e-08,1.81818152065793e-10,18.18181338857977,18.18181338857977
3,81.8181847934207,99.99999818181865,99.99999818181865,-18.1818152065793,-1.818181338857977e-06,-1.818181338857977e-06,0,0,0.1818181884294197,450,81.81818479323888,0.181818152065793,1.818181338857977e-08,1.818181338857977e-08,1e-09,1000000000,1000000000,1.81818152065793e-10,18.18181338857977,18.18181338857977,80,0.9,90,3,1,1,1,1,2,1,1,1,1,1,1,-0.181818152065793,-1.818181338857977e-08,-1.818181338857977e-08,0.181818152065793,1.818181338857977e-08,1.818181338857977e-08,-81.81818479323888,-81.81818479323888,-81.81818479323888,-0.181818152065793,-1.818181338857977e-08,-1.818181338857977e-08,1.81818152065793e-10,18.18181338857977,18.18181338857977,-0.1818181884294197,-81.81818479323888,0.1818181884294197,0,-0.181818152065793,-1.818181338857977e-08,-1.818181338857977e-08,0,0,0,0.181818152065793,1.818181338857977e-08,1.818181338857977e-08,1.81818152065793e-10,18.18181338857977,18.18181338857977
3.000000000600267,81.8181847934207,99.99999818181865,99.99999818181865,-18.1818152065793,-1.818181338857977e-06,-1.818181338857977e-06,0,0,0.1818181884294197,450,81.81818479323888,0.181818152065793,1.818181338857977e-08,1.818181338857977e-08,1e-09,1000000000,1000000000,1.81818152065793e-10,18.18181338857977,18.18181338857977,80,0.9,90,3,1,1,1,1,2,1,1,1,1,1,1,-0.181818152065793,-1.818181338857977e-08,-1.818181338857977e-08,0.181818152065793,1.818181338857977e-08,1.818181338857977e-08,-81.81818479323888,-81.81818479323888,-81.81818479323888,-0.181818152065793,-1.818181338857977e-08,-1.818181338857977e-08,1.81818152065793e-10,18.18181338857977,18.18181338857977,-0.1818181884294197,-81.81818479323888,0.1818181884294197,0,-0.181818152065793,-1.818181338857977e-08,-1.818181338857977e-08,0,0,0,0.181818152065793,1.818181338857977e-08,1.818181338857977e-08,1.81818152065793e-10,18.18181338857977,18.18181338857977
3.000000000600267,75.0000000000625,75.0000000000625,75.0000000000625,-24.9999999999375,-24.9999999999375,-24.9999999999375,-8.326672684688674e-17,0,0.7499999999981251,100,74.9999999998125,0.2499999999993751,0.249999999999375,0.249999999999375,1e-09,1e-09,1e-09,2.499999999993751e-10,2.49999999999375e-10,2.49999999999375e-10,80,0.9,20,3,1,1,1,1,2,2,2,1,1,1,3,-0.2499999999993751,-0.249999999999375,-0.249999999999375,0.2499999999993751,0.249999999999375,0.249999999999375,-74.9999999998125,-74.9999999998125,-74.9999999998125,-0.2499999999993751,-0.249999999999375,-0.249999999999375,2.499999999993751e-10,2.49999999999375e-10,2.49999999999375e-10,-0.7499999999981251,-74.9999999998125,0.7499999999981251,0,-0.2499999999993751,-0.249999999999375,-0.249999999999375,0,0,0,0.2499999999993751,0.249999999999375,0.249999999999375,2.499999999993751e-10,2.49999999999375e-10,2.49999999999375e-10
3.1,75.0000000000625,75.0000000000625,75.0000000000625,-24.9999999999375,-24.9999999999375,-24.9999999999375,-8.326672684688674e-17,0,0.7499999999981251,100,74.9999999998125,0.2499999999993751,0.249999999999375,0.249999999999375,1e-09,1e-09,1e-09,2.499999999993751e-10,2.49999999999375e-10,2.49999999999375e-10,80,0.9,20,3,1,1,1,1,2,2,2,1,1,1,3,-0.2499999999993751,-0.249999999999375,-0.249999999999375,0.2499999999993751,0.249999999999375,0.249999999999375,-74.9999999998125,-74.9999999998125,-74.9999999998125,-0.2499999999993751,-0.249999999999375,-0.249999999999375,2.499999999993751e-10,2.49999999999375e-10,2.49999999999375e-10,-0.7499999999981251,-74.9999999998125,0.7499999999981251,0,-0.2499999999993751,-0.249999999999375,-0.249999999999375,0,0,0,0.2499999999993751,0.249999999999375,0.249999999999375,2.499999999993751e-10,2.49999999999375e-10,2.49999999999375e-10
3.2,75.0000000000625,75.0000000000625,75.0000000000625,-24.9999999999375,-24.9999999999375,-24.9999999999375,-8.326672684688674e-17,0,0.7499999999981251,100,74.9999999998125,0.2499999999993751,0.249999999999375,0.249999999999375,1e-09,1e-09,1e-09,2.499999999993751e-10,2.49999999999375e-10,2.49999999999375e-10,80,0.9,20,3,1,1,1,1,2,2,2,1,1,1,3,-0.2499999999993751,-0.249999999999375,-0.249999999999375,0.2499999999993751,0.249999999999375,0.249999999999375,-74.9999999998125,-74.9999999998125,-74.9999999998125,-0.2499999999993751,-0.249999999999375,-0.249999999999375,2.499999999993751e-10,2.49999999999375e-10,2.49999999999375e-10,-0.7499999999981251,-74.9999999998125,0.7499999999981251,0,-0.2499999999993751,-0.249999999999375,-0.249999999999375,0,0,0,0.2499999999993751,0.249999999999375,0.249999999999375,2.499999999993751e-10,2.49999999999375e-10,2.49999999999375e-10
3.3,75.0000000000625,75.0000000000625,75.0000000000625,-24.9999999999375,-24.9999999999375,-24.9999999999375,-8.326672684688674e-17,0,0.7499999999981251,100,74.9999999998125,0.2499999999993751,0.249999999999375,0.249999999999375,1e-09,1e-09,1e-09,2.499999999993751e-10,2.49999999999375e-10,2.49999999999375e-10,80,0.9,20,3,1,1,1,1,2,2,2,1,1,1,3,-0.2499999999993751,-0.249999999999375,-0.249999999999375,0.2499999999993751,0.249999999999375,0.249999999999375,-74.9999999998125,-74.9999999998125,-74.9999999998125,-0.2499999999993751,-0.249999999999375,-0.249999999999375,2.499999999993751e-10,2.49999999999375e-10,2.49999999999375e-10,-0.7499999999981251,-74.9999999998125,0.7499999999981251,0,-0.2499999999993751,-0.249999999999375,-0.249999999999375,0,0,0,0.2499999999993751,0.249999999999375,0.249999999999375,2.499999999993751e-10,2.49999999999375e-10,2.49999999999375e-10
3.4,75.0000000000625,75.0000000000625,75.0000000000625,-24.9999999999375,-24.9999999999375,-24.9999999999375,-8.326672684688674e-17,0,0.7499999999981251,100,74.9999999998125,0.2499999999993751,0.249999999999375,0.249999999999375,1e-09,1e-09,1e-09,2.499999999993751e-10,2.49999999999375e-10,2.49999999999375e-10,80,0.9,20,3,1,1,1,1,2,2,2,1,1,1,3,-0.2499999999993751,-0.249999999999375,-0.249999999999375,0.2499999999993751,0.249999999999375,0.249999999999375,-74.9999999998125,-74.9999999998125,-74.9999999998125,-0.2499999999993751,-0.249999999999375,-0.249999999999375,2.499999999993751e-10,2.49999999999375e-10,2.49999999999375e-10,-0.7499999999981251,-74.9999999998125,0.7499999999981251,0,-0.2499999999993751,-0.249999999999375,-0.249999999999375,0,0,0,0.2499999999993751,0.249999999999375,0.249999999999375,2.499999999993751e-10,2.49999999999375e-10,2.49999999999375e-10
3.5,75.0000000000625,75.0000000000625,75.0000000000625,-24.9999999999375,-24.9999999999375,-24.9999999999375,-8.326672684688674e-17,0,0.7499999999981251,100,74.9999999998125,0.2499999999993751,0.249999999999375,0.249999999999375,1e-09,1e-09,1e-09,2.499999999993751e-10,2.49999999999375e-10,2.49999999999375e-10,80,0.9,20,3,1,1,1,1,2,2,2,1,1,1,3,-0.2499999999993751,-0.249999999999375,-0.249999999999375,0.2499999999993751,0.249999999999375,0.249999999999375,-74.9999999998125,-74.9999999998125,-74.9999999998125,-0.2499999999993751,-0.249999999999375,-0.249999999999375,2.499999999993751e-10,2.49999999999375e-10,2.49999999999375e-10,-0.7499999999981251,-74.9999999998125,0.7499999999981251,0,-0.2499999999993751,-0.249999999999375,-0.249999999999375,0,0,0,0.2499999999993751,0.249999999999375,0.249999999999375,2.499999999993751e-10,2.49999999999375e-10,2.49999999999375e-10
3.6,75.0000000000625,75.0000000000625,75.0000000000625,-24.9999999999375,-24.9999999999375,-24.9999999999375,-8.326672684688674e-17,0,0.7499999999981251,100,74.9999999998125,0.2499999999993751,0.249999999999375,0.249999999999375,1e-09,1e-09,1e-09,2.499999999993751e-10,2.49999999999375e-10,2.49999999999375e-10,80,0.9,20,3,1,1,1,1,2,2,2,1,1,1,3,-0.2499999999993751,-0.249999999999375,-0.249999999999375,0.2499999999993751,0.249999999999375,0.249999999999375,-74.9999999998125,-74.9999999998125,-74.9999999998125,-0.2499999999993751,-0.249999999999375,-0.249999999999375,2.499999999993751e-10,2.49999999999375e-10,2.49999999999375e-10,-0.7499999999981251,-74.9999999998125,0.7499999999981251,0,-0.2499999999993751,-0.249999999999375,-0.249999999999375,0,0,0,0.2499999999993751,0.249999999999375,0.249999999999375,2.499999999993751e-10,2.49999999999375e-10,2.49999999999375e-10
3.7,75.0000000000625,75.0000000000625,75.0000000000625,-24.9999999999375,-24.9999999999375,-24.9999999999375,-8.326672684688674e-17,0,0.7499999999981251,100,74.9999999998125,0.2499999999993751,0.249999999999375,0.249999999999375,1e-09,1e-09,1e-09,2.499999999993751e-10,2.49999999999375e-10,2.49999999999375e-10,80,0.9,20,3,1,1,1,1,2,2,2,1,1,1,3,-0.2499999999993751,-0.249999999999375,-0.249999999999375,0.2499999999993751,0.249999999999375,0.249999999999375,-74.9999999998125,-74.9999999998125,-74.9999999998125,-0.2499999999993751,-0.249999999999375,-0.249999999999375,2.499999999993751e-10,2.49999999999375e-10,2.49999999999375e-10,-0.7499999999981251,-74.9999999998125,0.7499999999981251,0,-0.2499999999993751,-0.249999999999375,-0.249999999999375,0,0,0,0.2499999999993751,0.249999999999375,0.249999999999375,2.499999999993751e-10,2.49999999999375e-10,2.49999999999375e-10
3.8,75.0000000000625,75.0000000000625,75.0000000000625,-24.9999999999375,-24.9999999999375,-24.9999999999375,-8.326672684688674e-17,0,0.7499999999981251,100,74.9999999998125,0.2499999999993751,0.249999999999375,0.249999999999375,1e-09,1e-09,1e-09,2.499999999993751e-10,2.49999999999375e-10,2.49999999999375e-10,80,0.9,20,3,1,1,1,1,2,2,2,1,1,1,3,-0.2499999999993751,-0.249999999999375,-0.249999999999375,0.2499999999993751,0.249999999999375,0.249999999999375,-74.9999999998125,-74.9999999998125,-74.9999999998125,-0.2499999999993751,-0.249999999999375,-0.249999999999375,2.499999999993751e-10,2.49999999999375e-10,2.49999999999375e-10,-0.7499999999981251,-74.9999999998125,0.7499999999981251,0,-0.2499999999993751,-0.249999999999375,-0.249999999999375,0,0,0,0.2499999999993751,0.249999999999375,0.249999999999375,2.499999999993751e-10,2.49999999999375e-10,2.49999999999375e-10
3.9,75.0000000000625,75.0000000000625,75.0000000000625,-24.9999999999375,-24.9999999999375,-24.9999999999375,-8.326672684688674e-17,0,0.7499999999981251,100,74.9999999998125,0.2499999999993751,0.249999999999375,0.249999999999375,1e-09,1e-09,1e-09,2.499999999993751e-10,2.49999999999375e-10,2.49999999999375e-10,80,0.9,20,3,1,1,1,1,2,2,2,1,1,1,3,-0.2499999999993751,-0.249999999999375,-0.249999999999375,0.2499999999993751,0.249999999999375,0.249999999999375,-74.9999999998125,-74.9999999998125,-74.9999999998125,-0.2499999999993751,-0.249999999999375,-0.249999999999375,2.499999999993751e-10,2.49999999999375e-10,2.49999999999375e-10,-0.7499999999981251,-74.9999999998125,0.7499999999981251,0,-0.2499999999993751,-0.249999999999375,-0.249999999999375,0,0,0,0.2499999999993751,0.249999999999375,0.249999999999375,2.499999999993751e-10,2.49999999999375e-10,2.49999999999375e-10
4,75.0000000000625,75.0000000000625,75.0000000000625,-24.9999999999375,-24.9999999999375,-24.9999999999375,-8.326672684688674e-17,0,0.7499999999981251,100,74.9999999998125,0.2499999999993751,0.249999999999375,0.249999999999375,1e-09,1e-09,1e-09,2.499999999993751e-10,2.49999999999375e-10,2.49999999999375e-10,80,0.9,20,3,1,1,1,1,2,2,2,1,1,1,3,-0.2499999999993751,-0.249999999999375,-0.249999999999375,0.2499999999993751,0.249999999999375,0.249999999999375,-74.9999999998125,-74.9999999998125,-74.9999999998125,-0.2499999999993751,-0.249999999999375,-0.249999999999375,2.499999999993751e-10,2.49999999999375e-10,2.49999999999375e-10,-0.7499999999981251,-74.9999999998125,0.7499999999981251,0,-0.2499999999993751,-0.249999999999375,-0.249999999999375,0,0,0,0.2499999999993751,0.249999999999375,0.249999999999375,2.499999999993751e-10,2.49999999999375e-10,2.49999999999375e-10
4.000000000800355,75.0000000000625,75.0000000000625,75.0000000000625,-24.9999999999375,-24.9999999999375,-24.9999999999375,-8.326672684688674e-17,0,0.7499999999981251,100,74.9999999998125,0.2499999999993751,0.249999999999375,0.249999999999375,1e-09,1e-09,1e-09,2.499999999993751e-10,2.49999999999375e-10,2.49999999999375e-10,80,0.9,20,3,1,1,1,1,2,2,2,1,1,1,3,-0.2499999999993751,-0.249999999999375,-0.249999999999375,0.2499999999993751,0.249999999999375,0.249999999999375,-74.9999999998125,-74.9999999998125,-74.9999999998125,-0.2499999999993751,-0.249999999999375,-0.249999999999375,2.499999999993751e-10,2.49999999999375e-10,2.49999999999375e-10,-0.7499999999981251,-74.9999999998125,0.7499999999981251,0,-0.2499999999993751,-0.249999999999375,-0.249999999999375,0,0,0,0.2499999999993751,0.249999999999375,0.249999999999375,2.499999999993751e-10,2.49999999999375e-10,2.49999999999375e-10
4.000000000800355,80.00000320102028,99.99999800000052,99.99999800000052,-19.99999680033205,-1.999999479918024e-06,-1.999999479918024e-06,0,0,0.2000000080033101,400,80.00000320082027,0.1999999680033205,1.999999479918024e-08,1.999999479918024e-08,1e-09,1000000000,1000000000,1.999999680033205e-10,19.99999479918024,19.99999479918024,80,0.9,80,3,1,1,1,1,2,1,1,1,1,1,1,-0.1999999680033205,-1.999999479918024e-08,-1.999999479918024e-08,0.1999999680033205,1.999999479918024e-08,1.999999479918024e-08,-80.00000320082027,-80.00000320082027,-80.00000320082027,-0.1999999680033205,-1.999999479918024e-08,-1.999999479918024e-08,1.999999680033205e-10,19.99999479918024,19.99999479918024,-0.2000000080033101,-80.00000320082027,0.2000000080033101,0,-0.1999999680033205,-1.999999479918024e-08,-1.999999479918024e-08,0,0,0,0.1999999680033205,1.999999479918024e-08,1.999999479918024e-08,1.999999680033205e-10,19.99999479918024,19.99999479918024
4.1,80.00000320003917,99.99999800000052,99.99999800000052,-19.99999679996083,-1.999999480016134e-06,-1.999999480016134e-06,0,0,0.2000000079995979,400,80.00000319983917,0.1999999679996083,1.999999480016135e-08,1.999999480016135e-08,1e-09,1000000000,1000000000,1.999999679996083e-10,19.99999480016135,19.99999480016135,80,0.9,80,3,1,1,1,1,2,1,1,1,1,1,1,-0.1999999679996083,-1.999999480016135e-08,-1.999999480016135e-08,0.1999999679996083,1.999999480016135e-08,1.999999480016135e-08,-80.00000319983917,-80.00000319983917,-80.00000319983917,-0.1999999679996083,-1.999999480016135e-08,-1.999999480016135e-08,1.999999679996083e-10,19.99999480016135,19.99999480016135,-0.2000000079995979,-80.00000319983917,0.2000000079995979,0,-0.1999999679996083,-1.999999480016135e-08,-1.999999480016135e-08,0,0,0,0.1999999679996083,1.999999480016135e-08,1.999999480016135e-08,1.999999679996083e-10,19.99999480016135,19.99999480016135
4.2,80.00000320003917,99.99999800000052,99.99999800000052,-19.99999679996083,-1.999999480016134e-06,-1.999999480016134e-06,0,0,0.2000000079995979,400,80.00000319983917,0.1999999679996083,1.999999480016135e-08,1.999999480016135e-08,1e-09,1000000000,1000000000,1.999999679996083e-10,19.99999480016135,19.99999480016135,80,0.9,80,3,1,1,1,1,2,1,1,1,1,1,1,-0.1999999679996083,-1.999999480016135e-08,-1.999999480016135e-08,0.1999999679996083,1.999999480016135e-08,1.999999480016135e-08,-80.00000319983917,-80.00000319983917,-80.00000319983917,-0.1999999679996083,-1.999999480016135e-08,-1.999999480016135e-08,1.999999679996083e-10,19.99999480016135,19.99999480016135,-0.2000000079995979,-80.00000319983917,0.2000000079995979,0,-0.1999999679996083,-1.999999480016135e-08,-1.999999480016135e-08,0,0,0,0.1999999679996083,1.999999480016135e-08,1.999999480016135e-08,1.999999679996083e-10,19.99999480016135,19.99999480016135
4.3,80.00000320003917,99.99999800000052,99.99999800000052,-19.99999679996083,-1.999999480016134e-06,-1.999999480016134e-06,0,0,0.2000000079995979,400,80.00000319983917,0.1999999679996083,1.999999480016135e-08,1.999999480016135e-08,1e-09,1000000000,1000000000,1.999999679996083e-10,19.99999480016135,19.99999480016135,80,0.9,80,3,1,1,1,1,2,1,1,1,1,1,1,-0.1999999679996083,-1.999999480016135e-08,-1.999999480016135e-08,0.1999999679996083,1.999999480016135e-08,1.999999480016135e-08,-80.00000319983917,-80.00000319983917,-80.00000319983917,-0.1999999679996083,-1.999999480016135e-08,-1.999999480016135e-08,1.999999679996083e-10,19.99999480016135,19.99999480016135,-0.2000000079995979,-80.00000319983917,0.2000000079995979,0,-0.1999999679996083,-1.999999480016135e-08,-1.999999480016135e-08,0,0,0,0.1999999679996083,1.999999480016135e-08,1.999999480016135e-08,1.999999679996083e-10,19.99999480016135,19.99999480016135
4.4,80.00000320003917,99.99999800000052,99.99999800000052,-19.99999679996083,-1.999999480016134e-06,-1.999999480016134e-06,0,0,0.2000000079995979,400,80.00000319983917,0.1999999679996083,1.999999480016135e-08,1.999999480016135e-08,1e-09,1000000000,1000000000,1.999999679996083e-10,19.99999480016135,19.99999480016135,80,0.9,80,3,1,1,1,1,2,1,1,1,1,1,1,-0.1999999679996083,-1.999999480016135e-08,-1.999999480016135e-08,0.1999999679996083,1.999999480016135e-08,1.999999480016135e-08,-80.00000319983917,-80.00000319983917,-80.00000319983917,-0.1999999679996083,-1.999999480016135e-08,-1.999999480016135e-08,1.999999679996083e-10,19.99999480016135,19.99999480016135,-0.2000000079995979,-80.00000319983917,0.2000000079995979,0,-0.1999999679996083,-1.999999480016135e-08,-1.999999480016135e-08,0,0,0,0.1999999679996083,1.999999480016135e-08,1.999999480016135e-08,1.999999679996083e-10,19.99999480016135,19.99999480016135
4.5,80.00000320003917,99.99999800000052,99.99999800000052,-19.99999679996083,-1.999999480016134e-06,-1.999999480016134e-06,0,0,0.2000000079995979,400,80.00000319983917,0.1999999679996083,1.999999480016135e-08,1.999999480016135e-08,1e-09,1000000000,1000000000,1.999999679996083e-10,19.99999480016135,19.99999480016135,80,0.9,80,3,1,1,1,1,2,1,1,1,1,1,1,-0.1999999679996083,-1.999999480016135e-08,-1.999999480016135e-08,0.1999999679996083,1.999999480016135e-08,1.999999480016135e-08,-80.00000319983917,-80.00000319983917,-80.00000319983917,-0.1999999679996083,-1.999999480016135e-08,-1.999999480016135e-08,1.999999679996083e-10,19.99999480016135,19.99999480016135,-0.2000000079995979,-80.00000319983917,0.2000000079995979,0,-0.1999999679996083,-1.999999480016135e-08,-1.999999480016135e-08,0,0,0,0.1999999679996083,1.999999480016135e-08,1.999999480016135e-08,1.999999679996083e-10,19.99999480016135,19.99999480016135
4.6,80.00000320003917,99.99999800000052,99.99999800000052,-19.99999679996083,-1.999999480016134e-06,-1.999999480016134e-06,0,0,0.2000000079995979,400,80.00000319983917,0.1999999679996083,1.999999480016135e-08,1.999999480016135e-08,1e-09,1000000000,1000000000,1.999999679996083e-10,19.99999480016135,19.99999480016135,80,0.9,80,3,1,1,1,1,2,1,1,1,1,1,1,-0.1999999679996083,-1.999999480016135e-08,-1.999999480016135e-08,0.1999999679996083,1.999999480016135e-08,1.999999480016135e-08,-80.00000319983917,-80.00000319983917,-80.00000319983917,-0.1999999679996083,-1.999999480016135e-08,-1.999999480016135e-08,1.999999679996083e-10,19.99999480016135,19.99999480016135,-0.2000000079995979,-80.00000319983917,0.2000000079995979,0,-0.1999999679996083,-1.999999480016135e-08,-1.999999480016135e-08,0,0,0,0.1999999679996083,1.999999480016135e-08,1.999999480016135e-08,1.999999679996083e-10,19.99999480016135,19.99999480016135
4.7,80.00000320003917,99.99999800000052,99.99999800000052,-19.99999679996083,-1.999999480016134e-06,-1.999999480016134e-06,0,0,0.2000000079995979,400,80.00000319983917,0.1999999679996083,1.999999480016135e-08,1.999999480016135e-08,1e-09,1000000000,1000000000,1.999999679996083e-10,19.99999480016135,19.99999480016135,80,0.9,80,3,1,1,1,1,2,1,1,1,1,1,1,-0.1999999679996083,-1.999999480016135e-08,-1.999999480016135e-08,0.1999999679996083,1.999999480016135e-08,1.999999480016135e-08,-80.00000319983917,-80.00000319983917,-80.00000319983917,-0.1999999679996083,-1.999999480016135e-08,-1.999999480016135e-08,1.999999679996083e-10,19.99999480016135,19.99999480016135,-0.2000000079995979,-80.00000319983917,0.2000000079995979,0,-0.1999999679996083,-1.999999480016135e-08,-1.999999480016135e-08,0,0,0,0.1999999679996083,1.999999480016135e-08,1.999999480016135e-08,1.999999679996083e-10,19.99999480016135,19.99999480016135
4.8,80.00000320003917,99.99999800000052,99.99999800000052,-19.99999679996083,-1.999999480016134e-06,-1.999999480016134e-06,0,0,0.2000000079995979,400,80.00000319983917,0.1999999679996083,1.999999480016135e-08,1.999999480016135e-08,1e-09,1000000000,1000000000,1.999999679996083e-10,19.99999480016135,19.99999480016135,80,0.9,80,3,1,1,1,1,2,1,1,1,1,1,1,-0.1999999679996083,-1.999999480016135e-08,-1.999999480016135e-08,0.1999999679996083,1.999999480016135e-08,1.999999480016135e-08,-80.00000319983917,-80.00000319983917,-80.00000319983917,-0.1999999679996083,-1.999999480016135e-08,-1.999999480016135e-08,1.999999679996083e-10,19.99999480016135,19.99999480016135,-0.2000000079995979,-80.00000319983917,0.2000000079995979,0,-0.1999999679996083,-1.999999480016135e-08,-1.999999480016135e-08,0,0,0,0.1999999679996083,1.999999480016135e-08,1.999999480016135e-08,1.999999679996083e-10,19.99999480016135,19.99999480016135
4.9,80.00000320003917,99.99999800000052,99.99999800000052,-19.99999679996083,-1.999999480016134e-06,-1.999999480016134e-06,0,0,0.2000000079995979,400,80.00000319983917,0.1999999679996083,1.999999480016135e-08,1.999999480016135e-08,1e-09,1000000000,1000000000,1.999999679996083e-10,19.99999480016135,19.99999480016135,80,0.9,80,3,1,1,1,1,2,1,1,1,1,1,1,-0.1999999679996083,-1.999999480016135e-08,-1.999999480016135e-08,0.1999999679996083,1.999999480016135e-08,1.999999480016135e-08,-80.00000319983917,-80.00000319983917,-80.00000319983917,-0.1999999679996083,-1.999999480016135e-08,-1.999999480016135e-08,1.999999679996083e-10,19.99999480016135,19.99999480016135,-0.2000000079995979,-80.00000319983917,0.2000000079995979,0,-0.1999999679996083,-1.999999480016135e-08,-1.999999480016135e-08,0,0,0,0.1999999679996083,1.999999480016135e-08,1.999999480016135e-08,1.999999679996083e-10,19.99999480016135,19.99999480016135
5,80.00000320003917,99.99999800000052,99.99999800000052,-19.99999679996083,-1.999999480016134e-06,-1.999999480016134e-06,0,0,0.2000000079995979,400,80.00000319983917,0.1999999679996083,1.999999480016135e-08,1.999999480016135e-08,1e-09,1000000000,1000000000,1.999999679996083e-10,19.99999480016135,19.99999480016135,80,0.9,80,3,1,1,1,1,2,1,1,1,1,1,1,-0.1999999679996083,-1.999999480016135e-08,-1.999999480016135e-08,0.1999999679996083,1.999999480016135e-08,1.999999480016135e-08,-80.00000319983917,-80.00000319983917,-80.00000319983917,-0.1999999679996083,-1.999999480016135e-08,-1.999999480016135e-08,1.999999679996083e-10,19.99999480016135,19.99999480016135,-0.2000000079995979,-80.00000319983917,0.2000000079995979,0,-0.1999999679996083,-1.999999480016135e-08,-1.999999480016135e-08,0,0,0,0.1999999679996083,1.999999480016135e-08,1.999999480016135e-08,1.999999679996083e-10,19.99999480016135,19.99999480016135
5.000000001000445,80.00000320003917,99.99999800000052,99.99999800000052,-19.99999679996083,-1.999999480016134e-06,-1.999999480016134e-06,0,0,0.2000000079995979,400,80.00000319983917,0.1999999679996083,1.999999480016135e-08,1.999999480016135e-08,1e-09,1000000000,1000000000,1.999999679996083e-10,19.99999480016135,19.99999480016135,80,0.9,80,3,1,1,1,1,2,1,1,1,1,1,1,-0.1999999679996083,-1.999999480016135e-08,-1.999999480016135e-08,0.1999999679996083,1.999999480016135e-08,1.999999480016135e-08,-80.00000319983917,-80.00000319983917,-80.00000319983917,-0.1999999679996083,-1.999999480016135e-08,-1.999999480016135e-08,1.999999679996083e-10,19.99999480016135,19.99999480016135,-0.2000000079995979,-80.00000319983917,0.2000000079995979,0,-0.1999999679996083,-1.999999480016135e-08,-1.999999480016135e-08,0,0,0,0.1999999679996083,1.999999480016135e-08,1.999999480016135e-08,1.999999679996083e-10,19.99999480016135,19.99999480016135
5.000000001000445,78.94737174519582,99.99999789473739,99.99999789473739,-21.05262825480418,-2.105262614975209e-06,-2.105262614975209e-06,-2.775557561562891e-17,0,0.2105263246532941,375,78.9473717449853,0.2105262825480418,2.105262614975209e-08,2.105262614975209e-08,1e-09,1000000000,1000000000,2.105262825480418e-10,21.05262614975209,21.05262614975209,80,0.9,75,3,1,1,1,1,2,1,1,1,1,1,1,-0.2105262825480418,-2.105262614975209e-08,-2.105262614975209e-08,0.2105262825480418,2.105262614975209e-08,2.105262614975209e-08,-78.9473717449853,-78.9473717449853,-78.9473717449853,-0.2105262825480418,-2.105262614975209e-08,-2.105262614975209e-08,2.105262825480418e-10,21.05262614975209,21.05262614975209,-0.2105263246532941,-78.9473717449853,0.2105263246532941,0,-0.2105262825480418,-2.105262614975209e-08,-2.105262614975209e-08,0,0,0,0.2105262825480418,2.105262614975209e-08,2.105262614975209e-08,2.105262825480418e-10,21.05262614975209,21.05262614975209
5.1,78.94737174519582,99.99999789473739,99.99999789473739,-21.05262825480418,-2.105262614975209e-06,-2.105262614975209e-06,-2.775557561562891e-17,0,0.2105263246532941,375,78.9473717449853,0.2105262825480418,2.105262614975209e-08,2.105262614975209e-08,1e-09,1000000000,1000000000,2.105262825480418e-10,21.05262614975209,21.05262614975209,80,0.9,75,3,1,1,1,1,2,1,1,1,1,1,1,-0.2105262825480418,-2.105262614975209e-08,-2.105262614975209e-08,0.2105262825480418,2.105262614975209e-08,2.105262614975209e-08,-78.9473717449853,-78.9473717449853,-78.9473717449853,-0.2105262825480418,-2.105262614975209e-08,-2.105262614975209e-08,2.105262825480418e-10,21.05262614975209,21.05262614975209,-0.2105263246532941,-78.9473717449853,0.2105263246532941,0,-0.2105262825480418,-2.105262614975209e-08,-2.105262614975209e-08,0,0,0,0.2105262825480418,2.105262614975209e-08,2.105262614975209e-08,2.105262825480418e-10,21.05262614975209,21.05262614975209
5.2,78.94737174519582,99.99999789473739,99.99999789473739,-21.05262825480418,-2.105262614975209e-06,-2.105262614975209e-06,-2.775557561562891e-17,0,0.2105263246532941,375,78.9473717449853,0.2105262825480418,2.105262614975209e-08,2.105262614975209e-08,1e-09,1000000000,1000000000,2.105262825480418e-10,21.05262614975209,21.05262614975209,80,0.9,75,3,1,1,1,1,2,1,1,1,1,1,1,-0.2105262825480418,-2.105262614975209e-08,-2.105262614975209e-08,0.2105262825480418,2.105262614975209e-08,2.105262614975209e-08,-78.9473717449853,-78.9473717449853,-78.9473717449853,-0.2105262825480418,-2.105262614975209e-08,-2.105262614975209e-08,2.105262825480418e-10,21.05262614975209,21.05262614975209,-0.2105263246532941,-78.9473717449853,0.2105263246532941,0,-0.2105262825480418,-2.105262614975209e-08,-2.105262614975209e-08,0,0,0,0.2105262825480418,2.105262614975209e-08,2.105262614975209e-08,2.105262825480418e-10,21.05262614975209,21.05262614975209
5.3,78.94737174519582,99.99999789473739,99.99999789473739,-21.05262825480418,-2.105262614975209e-06,-2.105262614975209e-06,-2.775557561562891e-17,0,0.2105263246532941,375,78.9473717449853,0.2105262825480418,2.105262614975209e-08,2.105262614975209e-08,1e-09,1000000000,1000000000,2.105262825480418e-10,21.05262614975209,21.05262614975209,80,0.9,75,3,1,1,1,1,2,1,1,1,1,1,1,-0.2105262825480418,-2.105262614975209e-08,-2.105262614975209e-08,0.2105262825480418,2.105262614975209e-08,2.105262614975209e-08,-78.9473717449853,-78.9473717449853,-78.9473717449853,-0.2105262825480418,-2.105262614975209e-08,-2.105262614975209e-08,2.105262825480418e-10,21.05262614975209,21.05262614975209,-0.2105263246532941,-78.9473717449853,0.2105263246532941,0,-0.2105262825480418,-2.105262614975209e-08,-2.105262614975209e-08,0,0,0,0.2105262825480418,2.105262614975209e-08,2.105262614975209e-08,2.105262825480418e-10,21.05262614975209,21.05262614975209
5.4,78.94737174519582,99.99999789473739,99.99999789473739,-21.05262825480418,-2.105262614975209e-06,-2.105262614975209e-06,-2.775557561562891e-17,0,0.2105263246532941,375,78.9473717449853,0.2105262825480418,2.105262614975209e-08,2.105262614975209e-08,1e-09,1000000000,1000000000,2.105262825480418e-10,21.05262614975209,21.05262614975209,80,0.9,75,3,1,1,1,1,2,1,1,1,1,1,1,-0.2105262825480418,-2.105262614975209e-08,-2.105262614975209e-08,0.2105262825480418,2.105262614975209e-08,2.105262614975209e-08,-78.9473717449853,-78.9473717449853,-78.9473717449853,-0.2105262825480418,-2.105262614975209e-08,-2.105262614975209e-08,2.105262825480418e-10,21.05262614975209,21.05262614975209,-0.2105263246532941,-78.9473717449853,0.2105263246532941,0,-0.2105262825480418,-2.105262614975209e-08,-2.105262614975209e-08,0,0,0,0.2105262825480418,2.105262614975209e-08,2.105262614975209e-08,2.105262825480418e-10,21.05262614975209,21.05262614975209
5.5,78.94737174519582,99.99999789473739,99.99999789473739,-21.05262825480418,-2.105262614975209e-06,-2.105262614975209e-06,-2.775557561562891e-17,0,0.2105263246532941,375,78.9473717449853,0.2105262825480418,2.105262614975209e-08,2.105262614975209e-08,1e-09,1000000000,1000000000,2.105262825480418e-10,21.05262614975209,21.05262614975209,80,0.9,75,3,1,1,1,1,2,1,1,1,1,1,1,-0.2105262825480418,-2.105262614975209e-08,-2.105262614975209e-08,0.2105262825480418,2.105262614975209e-08,2.105262614975209e-08,-78.9473717449853,-78.9473717449853,-78.9473717449853,-0.2105262825480418,-2.105262614975209e-08,-2.105262614975209e-08,2.105262825480418e-10,21.05262614975209,21.05262614975209,-0.2105263246532941,-78.9473717449853,0.2105263246532941,0,-0.2105262825480418,-2.105262614975209e-08,-2.105262614975209e-08,0,0,0,0.2105262825480418,2.105262614975209e-08,2.105262614975209e-08,2.105262825480418e-10,21.05262614975209,21.05262614975209
5.6,78.94737174519582,99.99999789473739,99.99999789473739,-21.05262825480418,-2.105262614975209e-06,-2.105262614975209e-06,-2.775557561562891e-17,0,0.2105263246532941,375,78.9473717449853,0.2105262825480418,2.105262614975209e-08,2.105262614975209e-08,1e-09,1000000000,1000000000,2.105262825480418e-10,21.05262614975209,21.05262614975209,80,0.9,75,3,1,1,1,1,2,1,1,1,1,1,1,-0.2105262825480418,-2.105262614975209e-08,-2.105262614975209e-08,0.2105262825480418,2.105262614975209e-08,2.105262614975209e-08,-78.9473717449853,-78.9473717449853,-78.9473717449853,-0.2105262825480418,-2.105262614975209e-08,-2.105262614975209e-08,2.105262825480418e-10,21.05262614975209,21.05262614975209,-0.2105263246532941,-78.9473717449853,0.2105263246532941,0,-0.2105262825480418,-2.105262614975209e-08,-2.105262614975209e-08,0,0,0,0.2105262825480418,2.105262614975209e-08,2.105262614975209e-08,2.105262825480418e-10,21.05262614975209,21.05262614975209
5.7,78.94737174519582,99.99999789473739,99.99999789473739,-21.05262825480418,-2.105262614975209e-06,-2.105262614975209e-06,-2.775557561562891e-17,0,0.2105263246532941,375,78.9473717449853,0.2105262825480418,2.105262614975209e-08,2.105262614975209e-08,1e-09,1000000000,1000000000,2.105262825480418e-10,21.05262614975209,21.05262614975209,80,0.9,75,3,1,1,1,1,2,1,1,1,1,1,1,-0.2105262825480418,-2.105262614975209e-08,-2.105262614975209e-08,0.2105262825480418,2.105262614975209e-08,2.105262614975209e-08,-78.9473717449853,-78.9473717449853,-78.9473717449853,-0.2105262825480418,-2.105262614975209e-08,-2.105262614975209e-08,2.105262825480418e-10,21.05262614975209,21.05262614975209,-0.2105263246532941,-78.9473717449853,0.2105263246532941,0,-0.2105262825480418,-2.105262614975209e-08,-2.105262614975209e-08,0,0,0,0.2105262825480418,2.105262614975209e-08,2.105262614975209e-08,2.105262825480418e-10,21.05262614975209,21.05262614975209
5.8,78.94737174519582,99.99999789473739,99.99999789473739,-21.05262825480418,-2.105262614975209e-06,-2.105262614975209e-06,-2.775557561562891e-17,0,0.2105263246532941,375,78.9473717449853,0.2105262825480418,2.105262614975209e-08,2.105262614975209e-08,1e-09,1000000000,1000000000,2.105262825480418e-10,21.05262614975209,21.05262614975209,80,0.9,75,3,1,1,1,1,2,1,1,1,1,1,1,-0.2105262825480418,-2.105262614975209e-08,-2.105262614975209e-08,0.2105262825480418,2.105262614975209e-08,2.105262614975209e-08,-78.9473717449853,-78.9473717449853,-78.9473717449853,-0.2105262825480418,-2.105262614975209e-08,-2.105262614975209e-08,2.105262825480418e-10,21.05262614975209,21.05262614975209,-0.2105263246532941,-78.9473717449853,0.2105263246532941,0,-0.2105262825480418,-2.105262614975209e-08,-2.105262614975209e-08,0,0,0,0.2105262825480418,2.105262614975209e-08,2.105262614975209e-08,2.105262825480418e-10,21.05262614975209,21.05262614975209
5.9,78.94737174519582,99.99999789473739,99.99999789473739,-21.05262825480418,-2.105262614975209e-06,-2.105262614975209e-06,-2.775557561562891e-17,0,0.2105263246532941,375,78.9473717449853,0.2105262825480418,2.105262614975209e-08,2.105262614975209e-08,1e-09,1000000000,1000000000,2.105262825480418e-10,21.05262614975209,21.05262614975209,80,0.9,75,3,1,1,1,1,2,1,1,1,1,1,1,-0.2105262825480418,-2.105262614975209e-08,-2.105262614975209e-08,0.2105262825480418,2.105262614975209e-08,2.105262614975209e-08,-78.9473717449853,-78.9473717449853,-78.9473717449853,-0.2105262825480418,-2.105262614975209e-08,-2.105262614975209e-08,2.105262825480418e-10,21.05262614975209,21.05262614975209,-0.2105263246532941,-78.9473717449853,0.2105263246532941,0,-0.2105262825480418,-2.105262614975209e-08,-2.105262614975209e-08,0,0,0,0.2105262825480418,2.105262614975209e-08,2.105262614975209e-08,2.105262825480418e-10,21.05262614975209,21.05262614975209
6,78.94737174519582,99.99999789473739,99.99999789473739,-21.05262825480418,-2.105262614975209e-06,-2.105262614975209e-06,-2.775557561562891e-17,0,0.2105263246532941,375,78.9473717449853,0.2105262825480418,2.105262614975209e-08,2.105262614975209e-08,1e-09,1000000000,1000000000,2.105262825480418e-10,21.05262614975209,21.05262614975209,80,0.9,75,3,1,1,1,1,2,1,1,1,1,1,1,-0.2105262825480418,-2.105262614975209e-08,-2.105262614975209e-08,0.2105262825480418,2.105262614975209e-08,2.105262614975209e-08,-78.9473717449853,-78.9473717449853,-78.9473717449853,-0.2105262825480418,-2.105262614975209e-08,-2.105262614975209e-08,2.105262825480418e-10,21.05262614975209,21.05262614975209,-0.2105263246532941,-78.9473717449853,0.2105263246532941,0,-0.2105262825480418,-2.105262614975209e-08,-2.105262614975209e-08,0,0,0,0.2105262825480418,2.105262614975209e-08,2.105262614975209e-08,2.105262825480418e-10,21.05262614975209,21.05262614975209
6.000000001200535,78.94737174519582,99.99999789473739,99.99999789473739,-21.05262825480418,-2.105262614975209e-06,-2.105262614975209e-06,-2.775557561562891e-17,0,0.2105263246532941,375,78.9473717449853,0.2105262825480418,2.105262614975209e-08,2.105262614975209e-08,1e-09,1000000000,1000000000,2.105262825480418e-10,21.05262614975209,21.05262614975209,80,0.9,75,3,1,1,1,1,2,1,1,1,1,1,1,-0.2105262825480418,-2.105262614975209e-08,-2.105262614975209e-08,0.2105262825480418,2.105262614975209e-08,2.105262614975209e-08,-78.9473717449853,-78.9473717449853,-78.9473717449853,-0.2105262825480418,-2.105262614975209e-08,-2.105262614975209e-08,2.105262825480418e-10,21.05262614975209,21.05262614975209,-0.2105263246532941,-78.9473717449853,0.2105263246532941,0,-0.2105262825480418,-2.105262614975209e-08,-2.105262614975209e-08,0,0,0,0.2105262825480418,2.105262614975209e-08,2.105262614975209e-08,2.105262825480418e-10,21.05262614975209,21.05262614975209
6.000000001200535,75.00000375006157,99.99999750000063,99.99999750000063,-24.99999624993844,-2.499999375018906e-06,-2.499999375018906e-06,0,0,0.2500000124993719,300,75.00000374981157,0.2499999624993844,2.499999375018906e-08,2.499999375018906e-08,1e-09,1000000000,1000000000,2.499999624993844e-10,24.99999375018906,24.99999375018906,80,0.9,60,3,1,1,1,1,2,1,1,1,1,1,1,-0.2499999624993844,-2.499999375018906e-08,-2.499999375018906e-08,0.2499999624993844,2.499999375018906e-08,2.499999375018906e-08,-75.00000374981157,-75.00000374981157,-75.00000374981157,-0.2499999624993844,-2.499999375018906e-08,-2.499999375018906e-08,2.499999624993844e-10,24.99999375018906,24.99999375018906,-0.2500000124993719,-75.00000374981157,0.2500000124993719,0,-0.2499999624993844,-2.499999375018906e-08,-2.499999375018906e-08,0,0,0,0.2499999624993844,2.499999375018906e-08,2.499999375018906e-08,2.499999624993844e-10,24.99999375018906,24.99999375018906
6.1,75.00000375006157,99.99999750000063,99.99999750000063,-24.99999624993844,-2.499999375018906e-06,-2.499999375018906e-06,-2.775557561562891e-17,0,0.2500000124993719,300,75.00000374981157,0.2499999624993844,2.499999375018906e-08,2.499999375018906e-08,1e-09,1000000000,1000000000,2.499999624993844e-10,24.99999375018906,24.99999375018906,80,0.9,60,3,1,1,1,1,2,1,1,1,1,1,1,-0.2499999624993844,-2.499999375018906e-08,-2.499999375018906e-08,0.2499999624993844,2.499999375018906e-08,2.499999375018906e-08,-75.00000374981157,-75.00000374981157,-75.00000374981157,-0.2499999624993844,-2.499999375018906e-08,-2.499999375018906e-08,2.499999624993844e-10,24.99999375018906,24.99999375018906,-0.2500000124993719,-75.00000374981157,0.2500000124993719,0,-0.2499999624993844,-2.499999375018906e-08,-2.499999375018906e-08,0,0,0,0.2499999624993844,2.499999375018906e-08,2.499999375018906e-08,2.499999624993844e-10,24.99999375018906,24.99999375018906
6.2,75.00000375006155,99.99999750000063,99.99999750000063,-24.99999624993843,-2.499999375018907e-06,-2.499999375018907e-06,0,0,0.2500000124993718,300,75.00000374981155,0.2499999624993843,2.499999375018907e-08,2.499999375018907e-08,1e-09,1000000000,1000000000,2.499999624993843e-10,24.99999375018907,24.99999375018907,80,0.9,60,3,1,1,1,1,2,1,1,1,1,1,1,-0.2499999624993843,-2.499999375018907e-08,-2.499999375018907e-08,0.2499999624993843,2.499999375018907e-08,2.499999375018907e-08,-75.00000374981155,-75.00000374981155,-75.00000374981155,-0.2499999624993843,-2.499999375018907e-08,-2.499999375018907e-08,2.499999624993843e-10,24.99999375018907,24.99999375018907,-0.2500000124993718,-75.00000374981155,0.2500000124993718,0,-0.2499999624993843,-2.499999375018907e-08,-2.499999375018907e-08,0,0,0,0.2499999624993843,2.499999375018907e-08,2.499999375018907e-08,2.499999624993843e-10,24.99999375018907,24.99999375018907
6.3,75.00000375006157,99.99999750000063,99.99999750000063,-24.99999624993844,-2.499999375018906e-06,-2.499999375018906e-06,-2.775557561562891e-17,0,0.2500000124993719,300,75.00000374981157,0.2499999624993844,2.499999375018906e-08,2.499999375018906e-08,1e-09,1000000000,1000000000,2.499999624993844e-10,24.99999375018906,24.99999375018906,80,0.9,60,3,1,1,1,1,2,1,1,1,1,1,1,-0.2499999624993844,-2.499999375018906e-08,-2.499999375018906e-08,0.2499999624993844,2.499999375018906e-08,2.499999375018906e-08,-75.00000374981157,-75.00000374981157,-75.00000374981157,-0.2499999624993844,-2.499999375018906e-08,-2.499999375018906e-08,2.499999624993844e-10,24.99999375018906,24.99999375018906,-0.2500000124993719,-75.00000374981157,0.2500000124993719,0,-0.2499999624993844,-2.499999375018906e-08,-2.499999375018906e-08,0,0,0,0.2499999624993844,2.499999375018906e-08,2.499999375018906e-08,2.499999624993844e-10,24.99999375018906,24.99999375018906
6.4,75.00000375006155,99.99999750000063,99.99999750000063,-24.99999624993843,-2.499999375018907e-06,-2.499999375018907e-06,0,0,0.2500000124993718,300,75.00000374981155,0.2499999624993843,2.499999375018907e-08,2.499999375018907e-08,1e-09,1000000000,1000000000,2.499999624993843e-10,24.99999375018907,24.99999375018907,80,0.9,60,3,1,1,1,1,2,1,1,1,1,1,1,-0.2499999624993843,-2.499999375018907e-08,-2.499999375018907e-08,0.2499999624993843,2.499999375018907e-08,2.499999375018907e-08,-75.00000374981155,-75.00000374981155,-75.00000374981155,-0.2499999624993843,-2.499999375018907e-08,-2.499999375018907e-08,2.499999624993843e-10,24.99999375018907,24.99999375018907,-0.2500000124993718,-75.00000374981155,0.2500000124993718,0,-0.2499999624993843,-2.499999375018907e-08,-2.499999375018907e-08,0,0,0,0.2499999624993843,2.499999375018907e-08,2.499999375018907e-08,2.499999624993843e-10,24.99999375018907,24.99999375018907
6.5,75.00000375006157,99.99999750000063,99.99999750000063,-24.99999624993844,-2.499999375018906e-06,-2.499999375018906e-06,-2.775557561562891e-17,0,0.2500000124993719,300,75.00000374981157,0.2499999624993844,2.499999375018906e-08,2.499999375018906e-08,1e-09,1000000000,1000000000,2.499999624993844e-10,24.99999375018906,24.99999375018906,80,0.9,60,3,1,1,1,1,2,1,1,1,1,1,1,-0.2499999624993844,-2.499999375018906e-08,-2.499999375018906e-08,0.2499999624993844,2.499999375018906e-08,2.499999375018906e-08,-75.00000374981157,-75.00000374981157,-75.00000374981157,-0.2499999624993844,-2.499999375018906e-08,-2.499999375018906e-08,2.499999624993844e-10,24.99999375018906,24.99999375018906,-0.2500000124993719,-75.00000374981157,0.2500000124993719,0,-0.2499999624993844,-2.499999375018906e-08,-2.499999375018906e-08,0,0,0,0.2499999624993844,2.499999375018906e-08,2.499999375018906e-08,2.499999624993844e-10,24.99999375018906,24.99999375018906
6.6,75.00000375006155,99.99999750000063,99.99999750000063,-24.99999624993843,-2.499999375018907e-06,-2.499999375018907e-06,0,0,0.2500000124993718,300,75.00000374981155,0.2499999624993843,2.499999375018907e-08,2.499999375018907e-08,1e-09,1000000000,1000000000,2.499999624993843e-10,24.99999375018907,24.99999375018907,80,0.9,60,3,1,1,1,1,2,1,1,1,1,1,1,-0.2499999624993843,-2.499999375018907e-08,-2.499999375018907e-08,0.2499999624993843,2.499999375018907e-08,2.499999375018907e-08,-75.00000374981155,-75.00000374981155,-75.00000374981155,-0.2499999624993843,-2.499999375018907e-08,-2.499999375018907e-08,2.499999624993843e-10,24.99999375018907,24.99999375018907,-0.2500000124993718,-75.00000374981155,0.2500000124993718,0,-0.2499999624993843,-2.499999375018907e-08,-2.499999375018907e-08,0,0,0,0.2499999624993843,2.499999375018907e-08,2.499999375018907e-08,2.499999624993843e-10,24.99999375018907,24.99999375018907
6.7,75.00000375006157,99.99999750000063,99.99999750000063,-24.99999624993844,-2.499999375018906e-06,-2.499999375018906e-06,-2.775557561562891e-17,0,0.2500000124993719,300,75.00000374981157,0.2499999624993844,2.499999375018906e-08,2.499999375018906e-08,1e-09,1000000000,1000000000,2.499999624993844e-10,24.99999375018906,24.99999375018906,80,0.9,60,3,1,1,1,1,2,1,1,1,1,1,1,-0.2499999624993844,-2.499999375018906e-08,-2.499999375018906e-08,0.2499999624993844,2.499999375018906e-08,2.499999375018906e-08,-75.00000374981157,-75.00000374981157,-75.00000374981157,-0.2499999624993844,-2.499999375018906e-08,-2.499999375018906e-08,2.499999624993844e-10,24.99999375018906,24.99999375018906,-0.2500000124993719,-75.00000374981157,0.2500000124993719,0,-0.2499999624993844,-2.499999375018906e-08,-2.499999375018906e-08,0,0,0,0.2499999624993844,2.499999375018906e-08,2.499999375018906e-08,2.499999624993844e-10,24.99999375018906,24.99999375018906
6.8,75.00000375006155,99.99999750000063,99.99999750000063,-24.99999624993843,-2.499999375018907e-06,-2.499999375018907e-06,0,0,0.2500000124993718,300,75.00000374981155,0.2499999624993843,2.499999375018907e-08,2.499999375018907e-08,1e-09,1000000000,1000000000,2.499999624993843e-10,24.99999375018907,24.99999375018907,80,0.9,60,3,1,1,1,1,2,1,1,1,1,1,1,-0.2499999624993843,-2.499999375018907e-08,-2.499999375018907e-08,0.2499999624993843,2.499999375018907e-08,2.499999375018907e-08,-75.00000374981155,-75.00000374981155,-75.00000374981155,-0.2499999624993843,-2.499999375018907e-08,-2.499999375018907e-08,2.499999624993843e-10,24.99999375018907,24.99999375018907,-0.2500000124993718,-75.00000374981155,0.2500000124993718,0,-0.2499999624993843,-2.499999375018907e-08,-2.499999375018907e-08,0,0,0,0.2499999624993843,2.499999375018907e-08,2.499999375018907e-08,2.499999624993843e-10,24.99999375018907,24.99999375018907
6.9,75.00000375006157,99.99999750000063,99.99999750000063,-24.99999624993844,-2.499999375018906e-06,-2.499999375018906e-06,-2.775557561562891e-17,0,0.2500000124993719,300,75.00000374981157,0.2499999624993844,2.499999375018906e-08,2.499999375018906e-08,1e-09,1000000000,1000000000,2.499999624993844e-10,24.99999375018906,24.99999375018906,80,0.9,60,3,1,1,1,1,2,1,1,1,1,1,1,-0.2499999624993844,-2.499999375018906e-08,-2.499999375018906e-08,0.2499999624993844,2.499999375018906e-08,2.499999375018906e-08,-75.00000374981157,-75.00000374981157,-75.00000374981157,-0.2499999624993844,-2.499999375018906e-08,-2.499999375018906e-08,2.499999624993844e-10,24.99999375018906,24.99999375018906,-0.2500000124993719,-75.00000374981157,0.2500000124993719,0,-0.2499999624993844,-2.499999375018906e-08,-2.499999375018906e-08,0,0,0,0.2499999624993844,2.499999375018906e-08,2.499999375018906e-08,2.499999624993844e-10,24.99999375018906,24.99999375018906
7,75.00000375006155,99.99999750000063,99.99999750000063,-24.99999624993843,-2.499999375018907e-06,-2.499999375018907e-06,0,0,0.2500000124993718,300,75.00000374981155,0.2499999624993843,2.499999375018907e-08,2.499999375018907e-08,1e-09,1000000000,1000000000,2.499999624993843e-10,24.99999375018907,24.99999375018907,80,0.9,60,3,1,1,1,1,2,1,1,1,1,1,1,-0.2499999624993843,-2.499999375018907e-08,-2.499999375018907e-08,0.2499999624993843,2.499999375018907e-08,2.499999375018907e-08,-75.00000374981155,-75.00000374981155,-75.00000374981155,-0.2499999624993843,-2.499999375018907e-08,-2.499999375018907e-08,2.499999624993843e-10,24.99999375018907,24.99999375018907,-0.2500000124993718,-75.00000374981155,0.2500000124993718,0,-0.2499999624993843,-2.499999375018907e-08,-2.499999375018907e-08,0,0,0,0.2499999624993843,2.499999375018907e-08,2.499999375018907e-08,2.499999624993843e-10,24.99999375018907,24.99999375018907
7.000000001400622,75.00000375006157,99.99999750000063,99.99999750000063,-24.99999624993844,-2.499999375018906e-06,-2.499999375018906e-06,-2.775557561562891e-17,0,0.2500000124993719,300,75.00000374981157,0.2499999624993844,2.499999375018906e-08,2.499999375018906e-08,1e-09,1000000000,1000000000,2.499999624993844e-10,24.99999375018906,24.99999375018906,80,0.9,60,3,1,1,1,1,2,1,1,1,1,1,1,-0.2499999624993844,-2.499999375018906e-08,-2.499999375018906e-08,0.2499999624993844,2.499999375018906e-08,2.499999375018906e-08,-75.00000374981157,-75.00000374981157,-75.00000374981157,-0.2499999624993844,-2.499999375018906e-08,-2.499999375018906e-08,2.499999624993844e-10,24.99999375018906,24.99999375018906,-0.2500000124993719,-75.00000374981157,0.2500000124993719,0,-0.2499999624993844,-2.499999375018906e-08,-2.499999375018906e-08,0,0,0,0.2499999624993844,2.499999375018906e-08,2.499999375018906e-08,2.499999624993844e-10,24.99999375018906,24.99999375018906
7.000000001400622,83.33333611113815,99.99999833333378,99.99999833333378,-16.66666388886186,-1.666666222236229e-06,-1.666666222236229e-06,0,0,0.166666672221943,500,83.33333611097149,0.1666666388886185,1.666666222236229e-08,1.666666222236229e-08,1e-09,1000000000,1000000000,1.666666388886186e-10,16.66666222236229,16.66666222236229,80,0.9,100,3,1,1,1,1,2,1,1,1,1,1,1,-0.1666666388886185,-1.666666222236229e-08,-1.666666222236229e-08,0.1666666388886185,1.666666222236229e-08,1.666666222236229e-08,-83.33333611097149,-83.33333611097149,-83.33333611097149,-0.1666666388886185,-1.666666222236229e-08,-1.666666222236229e-08,1.666666388886186e-10,16.66666222236229,16.66666222236229,-0.166666672221943,-83.33333611097149,0.166666672221943,0,-0.1666666388886185,-1.666666222236229e-08,-1.666666222236229e-08,0,0,0,0.1666666388886185,1.666666222236229e-08,1.666666222236229e-08,1.666666388886186e-10,16.66666222236229,16.66666222236229
7.1,83.33333611113815,99.99999833333378,99.99999833333378,-16.66666388886186,-1.666666222236229e-06,-1.666666222236229e-06,0,0,0.166666672221943,500,83.33333611097149,0.1666666388886185,1.666666222236229e-08,1.666666222236229e-08,1e-09,1000000000,1000000000,1.666666388886186e-10,16.66666222236229,16.66666222236229,80,0.9,100,3,1,1,1,1,2,1,1,1,1,1,1,-0.1666666388886185,-1.666666222236229e-08,-1.666666222236229e-08,0.1666666388886185,1.666666222236229e-08,1.666666222236229e-08,-83.33333611097149,-83.33333611097149,-83.33333611097149,-0.1666666388886185,-1.666666222236229e-08,-1.666666222236229e-08,1.666666388886186e-10,16.66666222236229,16.66666222236229,-0.166666672221943,-83.33333611097149,0.166666672221943,0,-0.1666666388886185,-1.666666222236229e-08,-1.666666222236229e-08,0,0,0,0.1666666388886185,1.666666222236229e-08,1.666666222236229e-08,1.666666388886186e-10,16.66666222236229,16.66666222236229
7.2,83.33333611113815,99.99999833333378,99.99999833333378,-16.66666388886186,-1.666666222236229e-06,-1.666666222236229e-06,0,0,0.166666672221943,500,83.33333611097149,0.1666666388886185,1.666666222236229e-08,1.666666222236229e-08,1e-09,1000000000,1000000000,1.666666388886186e-10,16.66666222236229,16.66666222236229,80,0.9,100,3,1,1,1,1,2,1,1,1,1,1,1,-0.1666666388886185,-1.666666222236229e-08,-1.666666222236229e-08,0.1666666388886185,1.666666222236229e-08,1.666666222236229e-08,-83.33333611097149,-83.33333611097149,-83.33333611097149,-0.1666666388886185,-1.666666222236229e-08,-1.666666222236229e-08,1.666666388886186e-10,16.66666222236229,16.66666222236229,-0.166666672221943,-83.33333611097149,0.166666672221943,0,-0.1666666388886185,-1.666666222236229e-08,-1.666666222236229e-08,0,0,0,0.1666666388886185,1.666666222236229e-08,1.666666222236229e-08,1.666666388886186e-10,16.66666222236229,16.66666222236229
7.3,83.33333611113815,99.99999833333378,99.99999833333378,-16.66666388886186,-1.666666222236229e-06,-1.666666222236229e-06,0,0,0.166666672221943,500,83.33333611097149,0.1666666388886185,1.666666222236229e-08,1.666666222236229e-08,1e-09,1000000000,1000000000,1.666666388886186e-10,16.66666222236229,16.66666222236229,80,0.9,100,3,1,1,1,1,2,1,1,1,1,1,1,-0.1666666388886185,-1.666666222236229e-08,-1.666666222236229e-08,0.1666666388886185,1.666666222236229e-08,1.666666222236229e-08,-83.33333611097149,-83.33333611097149,-83.33333611097149,-0.1666666388886185,-1.666666222236229e-08,-1.666666222236229e-08,1.666666388886186e-10,16.66666222236229,16.66666222236229,-0.166666672221943,-83.33333611097149,0.166666672221943,0,-0.1666666388886185,-1.666666222236229e-08,-1.666666222236229e-08,0,0,0,0.1666666388886185,1.666666222236229e-08,1.666666222236229e-08,1.666666388886186e-10,16.66666222236229,16.66666222236229
7.4,83.33333611113815,99.99999833333378,99.99999833333378,-16.66666388886186,-1.666666222236229e-06,-1.666666222236229e-06,0,0,0.166666672221943,500,83.33333611097149,0.1666666388886185,1.666666222236229e-08,1.666666222236229e-08,1e-09,1000000000,1000000000,1.666666388886186e-10,16.66666222236229,16.66666222236229,80,0.9,100,3,1,1,1,1,2,1,1,1,1,1,1,-0.1666666388886185,-1.666666222236229e-08,-1.666666222236229e-08,0.1666666388886185,1.666666222236229e-08,1.666666222236229e-08,-83.33333611097149,-83.33333611097149,-83.33333611097149,-0.1666666388886185,-1.666666222236229e-08,-1.666666222236229e-08,1.666666388886186e-10,16.66666222236229,16.66666222236229,-0.166666672221943,-83.33333611097149,0.166666672221943,0,-0.1666666388886185,-1.666666222236229e-08,-1.666666222236229e-08,0,0,0,0.1666666388886185,1.666666222236229e-08,1.666666222236229e-08,1.666666388886186e-10,16.66666222236229,16.66666222236229
7.5,83.33333611113815,99.99999833333378,99.99999833333378,-16.66666388886186,-1.666666222236229e-06,-1.666666222236229e-06,0,0,0.166666672221943,500,83.33333611097149,0.1666666388886185,1.666666222236229e-08,1.666666222236229e-08,1e-09,1000000000,1000000000,1.666666388886186e-10,16.66666222236229,16.66666222236229,80,0.9,100,3,1,1,1,1,2,1,1,1,1,1,1,-0.1666666388886185,-1.666666222236229e-08,-1.666666222236229e-08,0.1666666388886185,1.666666222236229e-08,1.666666222236229e-08,-83.33333611097149,-83.33333611097149,-83.33333611097149,-0.1666666388886185,-1.666666222236229e-08,-1.666666222236229e-08,1.666666388886186e-10,16.66666222236229,16.66666222236229,-0.166666672221943,-83.33333611097149,0.166666672221943,0,-0.1666666388886185,-1.666666222236229e-08,-1.666666222236229e-08,0,0,0,0.1666666388886185,1.666666222236229e-08,1.666666222236229e-08,1.666666388886186e-10,16.66666222236229,16.66666222236229
7.6,83.33333611113815,99.99999833333378,99.99999833333378,-16.66666388886186,-1.666666222236229e-06,-1.666666222236229e-06,0,0,0.166666672221943,500,83.33333611097149,0.1666666388886185,1.666666222236229e-08,1.666666222236229e-08,1e-09,1000000000,1000000000,1.666666388886186e-10,16.66666222236229,16.66666222236229,80,0.9,100,3,1,1,1,1,2,1,1,1,1,1,1,-0.1666666388886185,-1.666666222236229e-08,-1.666666222236229e-08,0.1666666388886185,1.666666222236229e-08,1.666666222236229e-08,-83.33333611097149,-83.33333611097149,-83.33333611097149,-0.1666666388886185,-1.666666222236229e-08,-1.666666222236229e-08,1.666666388886186e-10,16.66666222236229,16.66666222236229,-0.166666672221943,-83.33333611097149,0.166666672221943,0,-0.1666666388886185,-1.666666222236229e-08,-1.666666222236229e-08,0,0,0,0.1666666388886185,1.666666222236229e-08,1.666666222236229e-08,1.666666388886186e-10,16.66666222236229,16.66666222236229
7.7,83.33333611113815,99.99999833333378,99.99999833333378,-16.66666388886186,-1.666666222236229e-06,-1.666666222236229e-06,0,0,0.166666672221943,500,83.33333611097149,0.1666666388886185,1.666666222236229e-08,1.666666222236229e-08,1e-09,1000000000,1000000000,1.666666388886186e-10,16.66666222236229,16.66666222236229,80,0.9,100,3,1,1,1,1,2,1,1,1,1,1,1,-0.1666666388886185,-1.666666222236229e-08,-1.666666222236229e-08,0.1666666388886185,1.666666222236229e-08,1.666666222236229e-08,-83.33333611097149,-83.33333611097149,-83.33333611097149,-0.1666666388886185,-1.666666222236229e-08,-1.666666222236229e-08,1.666666388886186e-10,16.66666222236229,16.66666222236229,-0.166666672221943,-83.33333611097149,0.166666672221943,0,-0.1666666388886185,-1.666666222236229e-08,-1.666666222236229e-08,0,0,0,0.1666666388886185,1.666666222236229e-08,1.666666222236229e-08,1.666666388886186e-10,16.66666222236229,16.66666222236229
7.8,83.33333611113815,99.99999833333378,99.99999833333378,-16.66666388886186,-1.666666222236229e-06,-1.666666222236229e-06,0,0,0.166666672221943,500,83.33333611097149,0.1666666388886185,1.666666222236229e-08,1.666666222236229e-08,1e-09,1000000000,1000000000,1.666666388886186e-10,16.66666222236229,16.66666222236229,80,0.9,100,3,1,1,1,1,2,1,1,1,1,1,1,-0.1666666388886185,-1.666666222236229e-08,-1.666666222236229e-08,0.1666666388886185,1.666666222236229e-08,1.666666222236229e-08,-83.33333611097149,-83.33333611097149,-83.33333611097149,-0.1666666388886185,-1.666666222236229e-08,-1.666666222236229e-08,1.666666388886186e-10,16.66666222236229,16.66666222236229,-0.166666672221943,-83.33333611097149,0.166666672221943,0,-0.1666666388886185,-1.666666222236229e-08,-1.666666222236229e-08,0,0,0,0.1666666388886185,1.666666222236229e-08,1.666666222236229e-08,1.666666388886186e-10,16.66666222236229,16.66666222236229
7.9,83.33333611113815,99.99999833333378,99.99999833333378,-16.66666388886186,-1.666666222236229e-06,-1.666666222236229e-06,0,0,0.166666672221943,500,83.33333611097149,0.1666666388886185,1.666666222236229e-08,1.666666222236229e-08,1e-09,1000000000,1000000000,1.666666388886186e-10,16.66666222236229,16.66666222236229,80,0.9,100,3,1,1,1,1,2,1,1,1,1,1,1,-0.1666666388886185,-1.666666222236229e-08,-1.666666222236229e-08,0.1666666388886185,1.666666222236229e-08,1.666666222236229e-08,-83.33333611097149,-83.33333611097149,-83.33333611097149,-0.1666666388886185,-1.666666222236229e-08,-1.666666222236229e-08,1.666666388886186e-10,16.66666222236229,16.66666222236229,-0.166666672221943,-83.33333611097149,0.166666672221943,0,-0.1666666388886185,-1.666666222236229e-08,-1.666666222236229e-08,0,0,0,0.1666666388886185,1.666666222236229e-08,1.666666222236229e-08,1.666666388886186e-10,16.66666222236229,16.66666222236229
8,83.33333611113815,99.99999833333378,99.99999833333378,-16.66666388886186,-1.666666222236229e-06,-1.666666222236229e-06,0,0,0.166666672221943,500,83.33333611097149,0.1666666388886185,1.666666222236229e-08,1.666666222236229e-08,1e-09,1000000000,1000000000,1.666666388886186e-10,16.66666222236229,16.66666222236229,80,0.9,100,3,1,1,1,1,2,1,1,1,1,1,1,-0.1666666388886185,-1.666666222236229e-08,-1.666666222236229e-08,0.1666666388886185,1.666666222236229e-08,1.666666222236229e-08,-83.33333611097149,-83.33333611097149,-83.33333611097149,-0.1666666388886185,-1.666666222236229e-08,-1.666666222236229e-08,1.666666388886186e-10,16.66666222236229,16.66666222236229,-0.166666672221943,-83.33333611097149,0.166666672221943,0,-0.1666666388886185,-1.666666222236229e-08,-1.666666222236229e-08,0,0,0,0.1666666388886185,1.666666222236229e-08,1.666666222236229e-08,1.666666388886186e-10,16.66666222236229,16.66666222236229
8.000000001600711,83.33333611113815,99.99999833333378,99.99999833333378,-16.66666388886186,-1.666666222236229e-06,-1.666666222236229e-06,0,0,0.166666672221943,500,83.33333611097149,0.1666666388886185,1.666666222236229e-08,1.666666222236229e-08,1e-09,1000000000,1000000000,1.666666388886186e-10,16.66666222236229,16.66666222236229,80,0.9,100,3,1,1,1,1,2,1,1,1,1,1,1,-0.1666666388886185,-1.666666222236229e-08,-1.666666222236229e-08,0.1666666388886185,1.666666222236229e-08,1.666666222236229e-08,-83.33333611097149,-83.33333611097149,-83.33333611097149,-0.1666666388886185,-1.666666222236229e-08,-1.666666222236229e-08,1.666666388886186e-10,16.66666222236229,16.66666222236229,-0.166666672221943,-83.33333611097149,0.166666672221943,0,-0.1666666388886185,-1.666666222236229e-08,-1.666666222236229e-08,0,0,0,0.1666666388886185,1.666666222236229e-08,1.666666222236229e-08,1.666666388886186e-10,16.66666222236229,16.66666222236229
8.000000001600711,82.60869852554934,99.99999826087003,99.99999826087003,-17.39130147445067,-1.73912997354946e-06,-1.73912997354946e-06,0,0,0.1739130495271062,475,82.60869852537543,0.1739130147445067,1.73912997354946e-08,1.73912997354946e-08,1e-09,1000000000,1000000000,1.739130147445067e-10,17.3912997354946,17.3912997354946,80,0.9,95,3,1,1,1,1,2,1,1,1,1,1,1,-0.1739130147445067,-1.73912997354946e-08,-1.73912997354946e-08,0.1739130147445067,1.73912997354946e-08,1.73912997354946e-08,-82.60869852537543,-82.60869852537543,-82.60869852537543,-0.1739130147445067,-1.73912997354946e-08,-1.73912997354946e-08,1.739130147445067e-10,17.3912997354946,17.3912997354946,-0.1739130495271062,-82.60869852537543,0.1739130495271062,0,-0.1739130147445067,-1.73912997354946e-08,-1.73912997354946e-08,0,0,0,0.1739130147445067,1.73912997354946e-08,1.73912997354946e-08,1.739130147445067e-10,17.3912997354946,17.3912997354946
8.1,82.60869852554933,99.99999826087003,99.99999826087003,-17.39130147445067,-1.739129973549462e-06,-1.739129973549462e-06,0,0,0.1739130495271062,475,82.60869852537542,0.1739130147445067,1.739129973549462e-08,1.739129973549462e-08,1e-09,1000000000,1000000000,1.739130147445067e-10,17.39129973549462,17.39129973549462,80,0.9,95,3,1,1,1,1,2,1,1,1,1,1,1,-0.1739130147445067,-1.739129973549462e-08,-1.739129973549462e-08,0.1739130147445067,1.739129973549462e-08,1.739129973549462e-08,-82.60869852537542,-82.60869852537542,-82.60869852537542,-0.1739130147445067,-1.739129973549462e-08,-1.739129973549462e-08,1.739130147445067e-10,17.39129973549462,17.39129973549462,-0.1739130495271062,-82.60869852537542,0.1739130495271062,0,-0.1739130147445067,-1.739129973549462e-08,-1.739129973549462e-08,0,0,0,0.1739130147445067,1.739129973549462e-08,1.739129973549462e-08,1.739130147445067e-10,17.39129973549462,17.39129973549462
8.199999999999999,82.60869852554933,99.99999826087003,99.99999826087003,-17.39130147445067,-1.739129973549462e-06,-1.739129973549462e-06,0,0,0.1739130495271062,475,82.60869852537542,0.1739130147445067,1.739129973549462e-08,1.739129973549462e-08,1e-09,1000000000,1000000000,1.739130147445067e-10,17.39129973549462,17.39129973549462,80,0.9,95,3,1,1,1,1,2,1,1,1,1,1,1,-0.1739130147445067,-1.739129973549462e-08,-1.739129973549462e-08,0.1739130147445067,1.739129973549462e-08,1.739129973549462e-08,-82.60869852537542,-82.60869852537542,-82.60869852537542,-0.1739130147445067,-1.739129973549462e-08,-1.739129973549462e-08,1.739130147445067e-10,17.39129973549462,17.39129973549462,-0.1739130495271062,-82.60869852537542,0.1739130495271062,0,-0.1739130147445067,-1.739129973549462e-08,-1.739129973549462e-08,0,0,0,0.1739130147445067,1.739129973549462e-08,1.739129973549462e-08,1.739130147445067e-10,17.39129973549462,17.39129973549462
8.300000000000001,82.60869852554933,99.99999826087003,99.99999826087003,-17.39130147445067,-1.739129973549462e-06,-1.739129973549462e-06,0,0,0.1739130495271062,475,82.60869852537542,0.1739130147445067,1.739129973549462e-08,1.739129973549462e-08,1e-09,1000000000,1000000000,1.739130147445067e-10,17.39129973549462,17.39129973549462,80,0.9,95,3,1,1,1,1,2,1,1,1,1,1,1,-0.1739130147445067,-1.739129973549462e-08,-1.739129973549462e-08,0.1739130147445067,1.739129973549462e-08,1.739129973549462e-08,-82.60869852537542,-82.60869852537542,-82.60869852537542,-0.1739130147445067,-1.739129973549462e-08,-1.739129973549462e-08,1.739130147445067e-10,17.39129973549462,17.39129973549462,-0.1739130495271062,-82.60869852537542,0.1739130495271062,0,-0.1739130147445067,-1.739129973549462e-08,-1.739129973549462e-08,0,0,0,0.1739130147445067,1.739129973549462e-08,1.739129973549462e-08,1.739130147445067e-10,17.39129973549462,17.39129973549462
8.4,82.60869852554933,99.99999826087003,99.99999826087003,-17.39130147445067,-1.739129973549462e-06,-1.739129973549462e-06,0,0,0.1739130495271062,475,82.60869852537542,0.1739130147445067,1.739129973549462e-08,1.739129973549462e-08,1e-09,1000000000,1000000000,1.739130147445067e-10,17.39129973549462,17.39129973549462,80,0.9,95,3,1,1,1,1,2,1,1,1,1,1,1,-0.1739130147445067,-1.739129973549462e-08,-1.739129973549462e-08,0.1739130147445067,1.739129973549462e-08,1.739129973549462e-08,-82.60869852537542,-82.60869852537542,-82.60869852537542,-0.1739130147445067,-1.739129973549462e-08,-1.739129973549462e-08,1.739130147445067e-10,17.39129973549462,17.39129973549462,-0.1739130495271062,-82.60869852537542,0.1739130495271062,0,-0.1739130147445067,-1.739129973549462e-08,-1.739129973549462e-08,0,0,0,0.1739130147445067,1.739129973549462e-08,1.739129973549462e-08,1.739130147445067e-10,17.39129973549462,17.39129973549462
8.5,82.60869852554933,99.99999826087003,99.99999826087003,-17.39130147445067,-1.739129973549462e-06,-1.739129973549462e-06,0,0,0.1739130495271062,475,82.60869852537542,0.1739130147445067,1.739129973549462e-08,1.739129973549462e-08,1e-09,1000000000,1000000000,1.739130147445067e-10,17.39129973549462,17.39129973549462,80,0.9,95,3,1,1,1,1,2,1,1,1,1,1,1,-0.1739130147445067,-1.739129973549462e-08,-1.739129973549462e-08,0.1739130147445067,1.739129973549462e-08,1.739129973549462e-08,-82.60869852537542,-82.60869852537542,-82.60869852537542,-0.1739130147445067,-1.739129973549462e-08,-1.739129973549462e-08,1.739130147445067e-10,17.39129973549462,17.39129973549462,-0.1739130495271062,-82.60869852537542,0.1739130495271062,0,-0.1739130147445067,-1.739129973549462e-08,-1.739129973549462e-08,0,0,0,0.1739130147445067,1.739129973549462e-08,1.739129973549462e-08,1.739130147445067e-10,17.39129973549462,17.39129973549462
8.6,82.60869852554933,99.99999826087003,99.99999826087003,-17.39130147445067,-1.739129973549462e-06,-1.739129973549462e-06,0,0,0.1739130495271062,475,82.60869852537542,0.1739130147445067,1.739129973549462e-08,1.739129973549462e-08,1e-09,1000000000,1000000000,1.739130147445067e-10,17.39129973549462,17.39129973549462,80,0.9,95,3,1,1,1,1,2,1,1,1,1,1,1,-0.1739130147445067,-1.739129973549462e-08,-1.739129973549462e-08,0.1739130147445067,1.739129973549462e-08,1.739129973549462e-08,-82.60869852537542,-82.60869852537542,-82.60869852537542,-0.1739130147445067,-1.739129973549462e-08,-1.739129973549462e-08,1.739130147445067e-10,17.39129973549462,17.39129973549462,-0.1739130495271062,-82.60869852537542,0.1739130495271062,0,-0.1739130147445067,-1.739129973549462e-08,-1.739129973549462e-08,0,0,0,0.1739130147445067,1.739129973549462e-08,1.739129973549462e-08,1.739130147445067e-10,17.39129973549462,17.39129973549462
8.699999999999999,82.60869852554933,99.99999826087003,99.99999826087003,-17.39130147445067,-1.739129973549462e-06,-1.739129973549462e-06,0,0,0.1739130495271062,475,82.60869852537542,0.1739130147445067,1.739129973549462e-08,1.739129973549462e-08,1e-09,1000000000,1000000000,1.739130147445067e-10,17.39129973549462,17.39129973549462,80,0.9,95,3,1,1,1,1,2,1,1,1,1,1,1,-0.1739130147445067,-1.739129973549462e-08,-1.739129973549462e-08,0.1739130147445067,1.739129973549462e-08,1.739129973549462e-08,-82.60869852537542,-82.60869852537542,-82.60869852537542,-0.1739130147445067,-1.739129973549462e-08,-1.739129973549462e-08,1.739130147445067e-10,17.39129973549462,17.39129973549462,-0.1739130495271062,-82.60869852537542,0.1739130495271062,0,-0.1739130147445067,-1.739129973549462e-08,-1.739129973549462e-08,0,0,0,0.1739130147445067,1.739129973549462e-08,1.739129973549462e-08,1.739130147445067e-10,17.39129973549462,17.39129973549462
8.800000000000001,82.60869852554933,99.99999826087003,99.99999826087003,-17.39130147445067,-1.739129973549462e-06,-1.739129973549462e-06,0,0,0.1739130495271062,475,82.60869852537542,0.1739130147445067,1.739129973549462e-08,1.739129973549462e-08,1e-09,1000000000,1000000000,1.739130147445067e-10,17.39129973549462,17.39129973549462,80,0.9,95,3,1,1,1,1,2,1,1,1,1,1,1,-0.1739130147445067,-1.739129973549462e-08,-1.739129973549462e-08,0.1739130147445067,1.739129973549462e-08,1.739129973549462e-08,-82.60869852537542,-82.60869852537542,-82.60869852537542,-0.1739130147445067,-1.739129973549462e-08,-1.739129973549462e-08,1.739130147445067e-10,17.39129973549462,17.39129973549462,-0.1739130495271062,-82.60869852537542,0.1739130495271062,0,-0.1739130147445067,-1.739129973549462e-08,-1.739129973549462e-08,0,0,0,0.1739130147445067,1.739129973549462e-08,1.739129973549462e-08,1.739130147445067e-10,17.39129973549462,17.39129973549462
8.9,82.60869852554933,99.99999826087003,99.99999826087003,-17.39130147445067,-1.739129973549462e-06,-1.739129973549462e-06,0,0,0.1739130495271062,475,82.60869852537542,0.1739130147445067,1.739129973549462e-08,1.739129973549462e-08,1e-09,1000000000,1000000000,1.739130147445067e-10,17.39129973549462,17.39129973549462,80,0.9,95,3,1,1,1,1,2,1,1,1,1,1,1,-0.1739130147445067,-1.739129973549462e-08,-1.739129973549462e-08,0.1739130147445067,1.739129973549462e-08,1.739129973549462e-08,-82.60869852537542,-82.60869852537542,-82.60869852537542,-0.1739130147445067,-1.739129973549462e-08,-1.739129973549462e-08,1.739130147445067e-10,17.39129973549462,17.39129973549462,-0.1739130495271062,-82.60869852537542,0.1739130495271062,0,-0.1739130147445067,-1.739129973549462e-08,-1.739129973549462e-08,0,0,0,0.1739130147445067,1.739129973549462e-08,1.739129973549462e-08,1.739130147445067e-10,17.39129973549462,17.39129973549462
9,82.60869852554933,99.99999826087003,99.99999826087003,-17.39130147445067,-1.739129973549462e-06,-1.739129973549462e-06,0,0,0.1739130495271062,475,82.60869852537542,0.1739130147445067,1.739129973549462e-08,1.739129973549462e-08,1e-09,1000000000,1000000000,1.739130147445067e-10,17.39129973549462,17.39129973549462,80,0.9,95,3,1,1,1,1,2,1,1,1,1,1,1,-0.1739130147445067,-1.739129973549462e-08,-1.739129973549462e-08,0.1739130147445067,1.739129973549462e-08,1.739129973549462e-08,-82.60869852537542,-82.60869852537542,-82.60869852537542,-0.1739130147445067,-1.739129973549462e-08,-1.739129973549462e-08,1.739130147445067e-10,17.39129973549462,17.39129973549462,-0.1739130495271062,-82.60869852537542,0.1739130495271062,0,-0.1739130147445067,-1.739129973549462e-08,-1.739129973549462e-08,0,0,0,0.1739130147445067,1.739129973549462e-08,1.739129973549462e-08,1.739130147445067e-10,17.39129973549462,17.39129973549462
9.000000001800071,82.60869852554933,99.99999826087003,99.99999826087003,-17.39130147445067,-1.739129973549462e-06,-1.739129973549462e-06,0,0,0.1739130495271062,475,82.60869852537542,0.1739130147445067,1.739129973549462e-08,1.739129973549462e-08,1e-09,1000000000,1000000000,1.739130147445067e-10,17.39129973549462,17.39129973549462,80,0.9,95,3,1,1,1,1,2,1,1,1,1,1,1,-0.1739130147445067,-1.739129973549462e-08,-1.739129973549462e-08,0.1739130147445067,1.739129973549462e-08,1.739129973549462e-08,-82.60869852537542,-82.60869852537542,-82.60869852537542,-0.1739130147445067,-1.739129973549462e-08,-1.739129973549462e-08,1.739130147445067e-10,17.39129973549462,17.39129973549462,-0.1739130495271062,-82.60869852537542,0.1739130495271062,0,-0.1739130147445067,-1.739129973549462e-08,-1.739129973549462e-08,0,0,0,0.1739130147445067,1.739129973549462e-08,1.739129973549462e-08,1.739130147445067e-10,17.39129973549462,17.39129973549462
9.000000001800071,81.81818256201642,81.81818256201642,99.99999818181844,-18.18181743798358,-18.18181743798358,-1.818181561998384e-06,-2.775557561562891e-17,0,0.3636363669414872,225,81.8181825618346,0.1818181743798357,0.1818181743798358,1.818181561998384e-08,1e-09,1e-09,1000000000,1.818181743798357e-10,1.818181743798358e-10,18.18181561998384,80,0.9,45,3,1,1,1,1,2,2,1,1,1,1,2,-0.1818181743798357,-0.1818181743798358,-1.818181561998384e-08,0.1818181743798357,0.1818181743798358,1.818181561998384e-08,-81.8181825618346,-81.8181825618346,-81.8181825618346,-0.1818181743798357,-0.1818181743798358,-1.818181561998384e-08,1.818181743798357e-10,1.818181743798358e-10,18.18181561998384,-0.3636363669414872,-81.8181825618346,0.3636363669414872,0,-0.1818181743798357,-0.1818181743798358,-1.818181561998384e-08,0,0,0,0.1818181743798357,0.1818181743798358,1.818181561998384e-08,1.818181743798357e-10,1.818181743798358e-10,18.18181561998384
9.1,81.81818256201643,81.81818256201643,99.99999818181844,-18.18181743798358,-18.18181743798357,-1.818181561998383e-06,0,0,0.3636363669414872,225,81.81818256183462,0.1818181743798358,0.1818181743798357,1.818181561998383e-08,1e-09,1e-09,1000000000,1.818181743798358e-10,1.818181743798357e-10,18.18181561998383,80,0.9,45,3,1,1,1,1,2,2,1,1,1,1,2,-0.1818181743798358,-0.1818181743798357,-1.818181561998383e-08,0.1818181743798358,0.1818181743798357,1.818181561998383e-08,-81.81818256183462,-81.81818256183462,-81.81818256183462,-0.1818181743798358,-0.1818181743798357,-1.818181561998383e-08,1.818181743798358e-10,1.818181743798357e-10,18.18181561998383,-0.3636363669414872,-81.81818256183462,0.3636363669414872,0,-0.1818181743798358,-0.1818181743798357,-1.818181561998383e-08,0,0,0,0.1818181743798358,0.1818181743798357,1.818181561998383e-08,1.818181743798358e-10,1.818181743798357e-10,18.18181561998383
9.199999999999999,81.81818256201642,81.81818256201642,99.99999818181844,-18.18181743798358,-18.18181743798358,-1.818181561998384e-06,2.775557561562891e-17,0,0.3636363669414872,225,81.8181825618346,0.1818181743798358,0.1818181743798358,1.818181561998384e-08,1e-09,1e-09,1000000000,1.818181743798358e-10,1.818181743798358e-10,18.18181561998384,80,0.9,45,3,1,1,1,1,2,2,1,1,1,1,2,-0.1818181743798358,-0.1818181743798358,-1.818181561998384e-08,0.1818181743798358,0.1818181743798358,1.818181561998384e-08,-81.8181825618346,-81.8181825618346,-81.8181825618346,-0.1818181743798358,-0.1818181743798358,-1.818181561998384e-08,1.818181743798358e-10,1.818181743798358e-10,18.18181561998384,-0.3636363669414872,-81.8181825618346,0.3636363669414872,0,-0.1818181743798358,-0.1818181743798358,-1.818181561998384e-08,0,0,0,0.1818181743798358,0.1818181743798358,1.818181561998384e-08,1.818181743798358e-10,1.818181743798358e-10,18.18181561998384
9.300000000000001,81.81818256201642,81.81818256201642,99.99999818181844,-18.18181743798358,-18.18181743798358,-1.818181561998384e-06,2.775557561562891e-17,0,0.3636363669414872,225,81.8181825618346,0.1818181743798358,0.1818181743798358,1.818181561998384e-08,1e-09,1e-09,1000000000,1.818181743798358e-10,1.818181743798358e-10,18.18181561998384,80,0.9,45,3,1,1,1,1,2,2,1,1,1,1,2,-0.1818181743798358,-0.1818181743798358,-1.818181561998384e-08,0.1818181743798358,0.1818181743798358,1.818181561998384e-08,-81.8181825618346,-81.8181825618346,-81.8181825618346,-0.1818181743798358,-0.1818181743798358,-1.818181561998384e-08,1.818181743798358e-10,1.818181743798358e-10,18.18181561998384,-0.3636363669414872,-81.8181825618346,0.3636363669414872,0,-0.1818181743798358,-0.1818181743798358,-1.818181561998384e-08,0,0,0,0.1818181743798358,0.1818181743798358,1.818181561998384e-08,1.818181743798358e-10,1.818181743798358e-10,18.18181561998384
9.4,81.81818256201642,81.81818256201642,99.99999818181844,-18.18181743798358,-18.18181743798358,-1.818181561998384e-06,2.775557561562891e-17,0,0.3636363669414872,225,81.8181825618346,0.1818181743798358,0.1818181743798358,1.818181561998384e-08,1e-09,1e-09,1000000000,1.818181743798358e-10,1.818181743798358e-10,18.18181561998384,80,0.9,45,3,1,1,1,1,2,2,1,1,1,1,2,-0.1818181743798358,-0.1818181743798358,-1.818181561998384e-08,0.1818181743798358,0.1818181743798358,1.818181561998384e-08,-81.8181825618346,-81.8181825618346,-81.8181825618346,-0.1818181743798358,-0.1818181743798358,-1.818181561998384e-08,1.818181743798358e-10,1.818181743798358e-10,18.18181561998384,-0.3636363669414872,-81.8181825618346,0.3636363669414872,0,-0.1818181743798358,-0.1818181743798358,-1.818181561998384e-08,0,0,0,0.1818181743798358,0.1818181743798358,1.818181561998384e-08,1.818181743798358e-10,1.818181743798358e-10,18.18181561998384
9.5,81.81818256201642,81.81818256201642,99.99999818181844,-18.18181743798358,-18.18181743798358,-1.818181561998384e-06,2.775557561562891e-17,0,0.3636363669414872,225,81.8181825618346,0.1818181743798358,0.1818181743798358,1.818181561998384e-08,1e-09,1e-09,1000000000,1.818181743798358e-10,1.818181743798358e-10,18.18181561998384,80,0.9,45,3,1,1,1,1,2,2,1,1,1,1,2,-0.1818181743798358,-0.1818181743798358,-1.818181561998384e-08,0.1818181743798358,0.1818181743798358,1.818181561998384e-08,-81.8181825618346,-81.8181825618346,-81.8181825618346,-0.1818181743798358,-0.1818181743798358,-1.818181561998384e-08,1.818181743798358e-10,1.818181743798358e-10,18.18181561998384,-0.3636363669414872,-81.8181825618346,0.3636363669414872,0,-0.1818181743798358,-0.1818181743798358,-1.818181561998384e-08,0,0,0,0.1818181743798358,0.1818181743798358,1.818181561998384e-08,1.818181743798358e-10,1.818181743798358e-10,18.18181561998384
9.6,81.81818256201642,81.81818256201642,99.99999818181844,-18.18181743798358,-18.18181743798358,-1.818181561998384e-06,2.775557561562891e-17,0,0.3636363669414872,225,81.8181825618346,0.1818181743798358,0.1818181743798358,1.818181561998384e-08,1e-09,1e-09,1000000000,1.818181743798358e-10,1.818181743798358e-10,18.18181561998384,80,0.9,45,3,1,1,1,1,2,2,1,1,1,1,2,-0.1818181743798358,-0.1818181743798358,-1.818181561998384e-08,0.1818181743798358,0.1818181743798358,1.818181561998384e-08,-81.8181825618346,-81.8181825618346,-81.8181825618346,-0.1818181743798358,-0.1818181743798358,-1.818181561998384e-08,1.818181743798358e-10,1.818181743798358e-10,18.18181561998384,-0.3636363669414872,-81.8181825618346,0.3636363669414872,0,-0.1818181743798358,-0.1818181743798358,-1.818181561998384e-08,0,0,0,0.1818181743798358,0.1818181743798358,1.818181561998384e-08,1.818181743798358e-10,1.818181743798358e-10,18.18181561998384
9.699999999999999,81.81818256201642,81.81818256201642,99.99999818181844,-18.18181743798358,-18.18181743798358,-1.818181561998384e-06,2.775557561562891e-17,0,0.3636363669414872,225,81.8181825618346,0.1818181743798358,0.1818181743798358,1.818181561998384e-08,1e-09,1e-09,1000000000,1.818181743798358e-10,1.818181743798358e-10,18.18181561998384,80,0.9,45,3,1,1,1,1,2,2,1,1,1,1,2,-0.1818181743798358,-0.1818181743798358,-1.818181561998384e-08,0.1818181743798358,0.1818181743798358,1.818181561998384e-08,-81.8181825618346,-81.8181825618346,-81.8181825618346,-0.1818181743798358,-0.1818181743798358,-1.818181561998384e-08,1.818181743798358e-10,1.818181743798358e-10,18.18181561998384,-0.3636363669414872,-81.8181825618346,0.3636363669414872,0,-0.1818181743798358,-0.1818181743798358,-1.818181561998384e-08,0,0,0,0.1818181743798358,0.1818181743798358,1.818181561998384e-08,1.818181743798358e-10,1.818181743798358e-10,18.18181561998384
9.800000000000001,81.81818256201642,81.81818256201642,99.99999818181844,-18.18181743798358,-18.18181743798358,-1.818181561998384e-06,2.775557561562891e-17,0,0.3636363669414872,225,81.8181825618346,0.1818181743798358,0.1818181743798358,1.818181561998384e-08,1e-09,1e-09,1000000000,1.818181743798358e-10,1.818181743798358e-10,18.18181561998384,80,0.9,45,3,1,1,1,1,2,2,1,1,1,1,2,-0.1818181743798358,-0.1818181743798358,-1.818181561998384e-08,0.1818181743798358,0.1818181743798358,1.818181561998384e-08,-81.8181825618346,-81.8181825618346,-81.8181825618346,-0.1818181743798358,-0.1818181743798358,-1.818181561998384e-08,1.818181743798358e-10,1.818181743798358e-10,18.18181561998384,-0.3636363669414872,-81.8181825618346,0.3636363669414872,0,-0.1818181743798358,-0.1818181743798358,-1.818181561998384e-08,0,0,0,0.1818181743798358,0.1818181743798358,1.818181561998384e-08,1.818181743798358e-10,1.818181743798358e-10,18.18181561998384
9.9,81.81818256201642,81.81818256201642,99.99999818181844,-18.18181743798358,-18.18181743798358,-1.818181561998384e-06,2.775557561562891e-17,0,0.3636363669414872,225,81.8181825618346,0.1818181743798358,0.1818181743798358,1.818181561998384e-08,1e-09,1e-09,1000000000,1.818181743798358e-10,1.818181743798358e-10,18.18181561998384,80,0.9,45,3,1,1,1,1,2,2,1,1,1,1,2,-0.1818181743798358,-0.1818181743798358,-1.818181561998384e-08,0.1818181743798358,0.1818181743798358,1.818181561998384e-08,-81.8181825618346,-81.8181825618346,-81.8181825618346,-0.1818181743798358,-0.1818181743798358,-1.818181561998384e-08,1.818181743798358e-10,1.818181743798358e-10,18.18181561998384,-0.3636363669414872,-81.8181825618346,0.3636363669414872,0,-0.1818181743798358,-0.1818181743798358,-1.818181561998384e-08,0,0,0,0.1818181743798358,0.1818181743798358,1.818181561998384e-08,1.818181743798358e-10,1.818181743798358e-10,18.18181561998384
10,81.81818256201642,81.81818256201642,99.99999818181844,-18.18181743798358,-18.18181743798358,-1.818181561998384e-06,2.775557561562891e-17,0,0.3636363669414872,225,81.8181825618346,0.1818181743798358,0.1818181743798358,1.818181561998384e-08,1e-09,1e-09,1000000000,1.818181743798358e-10,1.818181743798358e-10,18.18181561998384,80,0.9,45,3,1,1,1,1,2,2,1,1,1,1,2,-0.1818181743798358,-0.1818181743798358,-1.818181561998384e-08,0.1818181743798358,0.1818181743798358,1.818181561998384e-08,-81.8181825618346,-81.8181825618346,-81.8181825618346,-0.1818181743798358,-0.1818181743798358,-1.818181561998384e-08,1.818181743798358e-10,1.818181743798358e-10,18.18181561998384,-0.3636363669414872,-81.8181825618346,0.3636363669414872,0,-0.1818181743798358,-0.1818181743798358,-1.818181561998384e-08,0,0,0,0.1818181743798358,0.1818181743798358,1.818181561998384e-08,1.818181743798358e-10,1.818181743798358e-10,18.18181561998384
10.00000000200016,81.81818256201642,81.81818256201642,99.99999818181844,-18.18181743798358,-18.18181743798358,-1.818181561998384e-06,2.775557561562891e-17,0,0.3636363669414872,225,81.8181825618346,0.1818181743798358,0.1818181743798358,1.818181561998384e-08,1e-09,1e-09,1000000000,1.818181743798358e-10,1.818181743798358e-10,18.18181561998384,80,0.9,45,3,1,1,1,1,2,2,1,1,1,1,2,-0.1818181743798358,-0.1818181743798358,-1.818181561998384e-08,0.1818181743798358,0.1818181743798358,1.818181561998384e-08,-81.8181825618346,-81.8181825618346,-81.8181825618346,-0.1818181743798358,-0.1818181743798358,-1.818181561998384e-08,1.818181743798358e-10,1.818181743798358e-10,18.18181561998384,-0.3636363669414872,-81.8181825618346,0.3636363669414872,0,-0.1818181743798358,-0.1818181743798358,-1.818181561998384e-08,0,0,0,0.1818181743798358,0.1818181743798358,1.818181561998384e-08,1.818181743798358e-10,1.818181743798358e-10,18.18181561998384
10.00000000200016,80.00000080003989,80.00000080003989,99.99999800000028,-19.99999919996011,-19.99999919996011,-1.99999972001604e-06,2.775557561562891e-17,0,0.4000000039991994,200,80.00000079983988,0.1999999919996011,0.1999999919996011,1.99999972001604e-08,1e-09,1e-09,1000000000,1.999999919996011e-10,1.999999919996011e-10,19.9999972001604,80,0.9,40,3,1,1,1,1,2,2,1,1,1,1,2,-0.1999999919996011,-0.1999999919996011,-1.99999972001604e-08,0.1999999919996011,0.1999999919996011,1.99999972001604e-08,-80.00000079983988,-80.00000079983988,-80.00000079983988,-0.1999999919996011,-0.1999999919996011,-1.99999972001604e-08,1.999999919996011e-10,1.999999919996011e-10,19.9999972001604,-0.4000000039991994,-80.00000079983988,0.4000000039991994,0,-0.1999999919996011,-0.1999999919996011,-1.99999972001604e-08,0,0,0,0.1999999919996011,0.1999999919996011,1.99999972001604e-08,1.999999919996011e-10,1.999999919996011e-10,19.9999972001604
10.1,80.00000080003989,80.00000080003989,99.99999800000028,-19.99999919996011,-19.99999919996011,-1.99999972001604e-06,2.775557561562891e-17,0,0.4000000039991994,200,80.00000079983988,0.1999999919996011,0.1999999919996011,1.99999972001604e-08,1e-09,1e-09,1000000000,1.999999919996011e-10,1.999999919996011e-10,19.9999972001604,80,0.9,40,3,1,1,1,1,2,2,1,1,1,1,2,-0.1999999919996011,-0.1999999919996011,-1.99999972001604e-08,0.1999999919996011,0.1999999919996011,1.99999972001604e-08,-80.00000079983988,-80.00000079983988,-80.00000079983988,-0.1999999919996011,-0.1999999919996011,-1.99999972001604e-08,1.999999919996011e-10,1.999999919996011e-10,19.9999972001604,-0.4000000039991994,-80.00000079983988,0.4000000039991994,0,-0.1999999919996011,-0.1999999919996011,-1.99999972001604e-08,0,0,0,0.1999999919996011,0.1999999919996011,1.99999972001604e-08,1.999999919996011e-10,1.999999919996011e-10,19.9999972001604
10.2,80.00000080003989,80.00000080003989,99.99999800000028,-19.99999919996011,-19.99999919996011,-1.99999972001604e-06,2.775557561562891e-17,0,0.4000000039991994,200,80.00000079983988,0.1999999919996011,0.1999999919996011,1.99999972001604e-08,1e-09,1e-09,1000000000,1.999999919996011e-10,1.999999919996011e-10,19.9999972001604,80,0.9,40,3,1,1,1,1,2,2,1,1,1,1,2,-0.1999999919996011,-0.1999999919996011,-1.99999972001604e-08,0.1999999919996011,0.1999999919996011,1.99999972001604e-08,-80.00000079983988,-80.00000079983988,-80.00000079983988,-0.1999999919996011,-0.1999999919996011,-1.99999972001604e-08,1.999999919996011e-10,1.999999919996011e-10,19.9999972001604,-0.4000000039991994,-80.00000079983988,0.4000000039991994,0,-0.1999999919996011,-0.1999999919996011,-1.99999972001604e-08,0,0,0,0.1999999919996011,0.1999999919996011,1.99999972001604e-08,1.999999919996011e-10,1.999999919996011e-10,19.9999972001604
10.3,80.00000080003989,80.00000080003989,99.99999800000028,-19.99999919996011,-19.99999919996011,-1.99999972001604e-06,2.775557561562891e-17,0,0.4000000039991994,200,80.00000079983988,0.1999999919996011,0.1999999919996011,1.99999972001604e-08,1e-09,1e-09,1000000000,1.999999919996011e-10,1.999999919996011e-10,19.9999972001604,80,0.9,40,3,1,1,1,1,2,2,1,1,1,1,2,-0.1999999919996011,-0.1999999919996011,-1.99999972001604e-08,0.1999999919996011,0.1999999919996011,1.99999972001604e-08,-80.00000079983988,-80.00000079983988,-80.00000079983988,-0.1999999919996011,-0.1999999919996011,-1.99999972001604e-08,1.999999919996011e-10,1.999999919996011e-10,19.9999972001604,-0.4000000039991994,-80.00000079983988,0.4000000039991994,0,-0.1999999919996011,-0.1999999919996011,-1.99999972001604e-08,0,0,0,0.1999999919996011,0.1999999919996011,1.99999972001604e-08,1.999999919996011e-10,1.999999919996011e-10,19.9999972001604
10.4,80.00000080003989,80.00000080003989,99.99999800000028,-19.99999919996011,-19.99999919996011,-1.99999972001604e-06,2.775557561562891e-17,0,0.4000000039991994,200,80.00000079983988,0.1999999919996011,0.1999999919996011,1.99999972001604e-08,1e-09,1e-09,1000000000,1.999999919996011e-10,1.999999919996011e-10,19.9999972001604,80,0.9,40,3,1,1,1,1,2,2,1,1,1,1,2,-0.1999999919996011,-0.1999999919996011,-1.99999972001604e-08,0.1999999919996011,0.1999999919996011,1.99999972001604e-08,-80.00000079983988,-80.00000079983988,-80.00000079983988,-0.1999999919996011,-0.1999999919996011,-1.99999972001604e-08,1.999999919996011e-10,1.999999919996011e-10,19.9999972001604,-0.4000000039991994,-80.00000079983988,0.4000000039991994,0,-0.1999999919996011,-0.1999999919996011,-1.99999972001604e-08,0,0,0,0.1999999919996011,0.1999999919996011,1.99999972001604e-08,1.999999919996011e-10,1.999999919996011e-10,19.9999972001604
10.5,80.00000080003989,80.00000080003989,99.99999800000028,-19.99999919996011,-19.99999919996011,-1.99999972001604e-06,2.775557561562891e-17,0,0.4000000039991994,200,80.00000079983988,0.1999999919996011,0.1999999919996011,1.99999972001604e-08,1e-09,1e-09,1000000000,1.999999919996011e-10,1.999999919996011e-10,19.9999972001604,80,0.9,40,3,1,1,1,1,2,2,1,1,1,1,2,-0.1999999919996011,-0.1999999919996011,-1.99999972001604e-08,0.1999999919996011,0.1999999919996011,1.99999972001604e-08,-80.00000079983988,-80.00000079983988,-80.00000079983988,-0.1999999919996011,-0.1999999919996011,-1.99999972001604e-08,1.999999919996011e-10,1.999999919996011e-10,19.9999972001604,-0.4000000039991994,-80.00000079983988,0.4000000039991994,0,-0.1999999919996011,-0.1999999919996011,-1.99999972001604e-08,0,0,0,0.1999999919996011,0.1999999919996011,1.99999972001604e-08,1.999999919996011e-10,1.999999919996011e-10,19.9999972001604
10.6,80.00000080003989,80.00000080003989,99.99999800000028,-19.99999919996011,-19.99999919996011,-1.99999972001604e-06,2.775557561562891e-17,0,0.4000000039991994,200,80.00000079983988,0.1999999919996011,0.1999999919996011,1.99999972001604e-08,1e-09,1e-09,1000000000,1.999999919996011e-10,1.999999919996011e-10,19.9999972001604,80,0.9,40,3,1,1,1,1,2,2,1,1,1,1,2,-0.1999999919996011,-0.1999999919996011,-1.99999972001604e-08,0.1999999919996011,0.1999999919996011,1.99999972001604e-08,-80.00000079983988,-80.00000079983988,-80.00000079983988,-0.1999999919996011,-0.1999999919996011,-1.99999972001604e-08,1.999999919996011e-10,1.999999919996011e-10,19.9999972001604,-0.4000000039991994,-80.00000079983988,0.4000000039991994,0,-0.1999999919996011,-0.1999999919996011,-1.99999972001604e-08,0,0,0,0.1999999919996011,0.1999999919996011,1.99999972001604e-08,1.999999919996011e-10,1.999999919996011e-10,19.9999972001604
10.7,80.00000080003989,80.00000080003989,99.99999800000028,-19.99999919996011,-19.99999919996011,-1.99999972001604e-06,2.775557561562891e-17,0,0.4000000039991994,200,80.00000079983988,0.1999999919996011,0.1999999919996011,1.99999972001604e-08,1e-09,1e-09,1000000000,1.999999919996011e-10,1.999999919996011e-10,19.9999972001604,80,0.9,40,3,1,1,1,1,2,2,1,1,1,1,2,-0.1999999919996011,-0.1999999919996011,-1.99999972001604e-08,0.1999999919996011,0.1999999919996011,1.99999972001604e-08,-80.00000079983988,-80.00000079983988,-80.00000079983988,-0.1999999919996011,-0.1999999919996011,-1.99999972001604e-08,1.999999919996011e-10,1.999999919996011e-10,19.9999972001604,-0.4000000039991994,-80.00000079983988,0.4000000039991994,0,-0.1999999919996011,-0.1999999919996011,-1.99999972001604e-08,0,0,0,0.1999999919996011,0.1999999919996011,1.99999972001604e-08,1.999999919996011e-10,1.999999919996011e-10,19.9999972001604
10.8,80.00000080003989,80.00000080003989,99.99999800000028,-19.99999919996011,-19.99999919996011,-1.99999972001604e-06,2.775557561562891e-17,0,0.4000000039991994,200,80.00000079983988,0.1999999919996011,0.1999999919996011,1.99999972001604e-08,1e-09,1e-09,1000000000,1.999999919996011e-10,1.999999919996011e-10,19.9999972001604,80,0.9,40,3,1,1,1,1,2,2,1,1,1,1,2,-0.1999999919996011,-0.1999999919996011,-1.99999972001604e-08,0.1999999919996011,0.1999999919996011,1.99999972001604e-08,-80.00000079983988,-80.00000079983988,-80.00000079983988,-0.1999999919996011,-0.1999999919996011,-1.99999972001604e-08,1.999999919996011e-10,1.999999919996011e-10,19.9999972001604,-0.4000000039991994,-80.00000079983988,0.4000000039991994,0,-0.1999999919996011,-0.1999999919996011,-1.99999972001604e-08,0,0,0,0.1999999919996011,0.1999999919996011,1.99999972001604e-08,1.999999919996011e-10,1.999999919996011e-10,19.9999972001604
10.9,80.00000080003989,80.00000080003989,99.99999800000028,-19.99999919996011,-19.99999919996011,-1.99999972001604e-06,2.775557561562891e-17,0,0.4000000039991994,200,80.00000079983988,0.1999999919996011,0.1999999919996011,1.99999972001604e-08,1e-09,1e-09,1000000000,1.999999919996011e-10,1.999999919996011e-10,19.9999972001604,80,0.9,40,3,1,1,1,1,2,2,1,1,1,1,2,-0.1999999919996011,-0.1999999919996011,-1.99999972001604e-08,0.1999999919996011,0.1999999919996011,1.99999972001604e-08,-80.00000079983988,-80.00000079983988,-80.00000079983988,-0.1999999919996011,-0.1999999919996011,-1.99999972001604e-08,1.999999919996011e-10,1.999999919996011e-10,19.9999972001604,-0.4000000039991994,-80.00000079983988,0.4000000039991994,0,-0.1999999919996011,-0.1999999919996011,-1.99999972001604e-08,0,0,0,0.1999999919996011,0.1999999919996011,1.99999972001604e-08,1.999999919996011e-10,1.999999919996011e-10,19.9999972001604
11,80.00000080003989,80.00000080003989,99.99999800000028,-19.99999919996011,-19.99999919996011,-1.99999972001604e-06,2.775557561562891e-17,0,0.4000000039991994,200,80.00000079983988,0.1999999919996011,0.1999999919996011,1.99999972001604e-08,1e-09,1e-09,1000000000,1.999999919996011e-10,1.999999919996011e-10,19.9999972001604,80,0.9,40,3,1,1,1,1,2,2,1,1,1,1,2,-0.1999999919996011,-0.1999999919996011,-1.99999972001604e-08,0.1999999919996011,0.1999999919996011,1.99999972001604e-08,-80.00000079983988,-80.00000079983988,-80.00000079983988,-0.1999999919996011,-0.1999999919996011,-1.99999972001604e-08,1.999999919996011e-10,1.999999919996011e-10,19.9999972001604,-0.4000000039991994,-80.00000079983988,0.4000000039991994,0,-0.1999999919996011,-0.1999999919996011,-1.99999972001604e-08,0,0,0,0.1999999919996011,0.1999999919996011,1.99999972001604e-08,1.999999919996011e-10,1.999999919996011e-10,19.9999972001604
11.00000000220025,80.00000080003989,80.00000080003989,99.99999800000028,-19.99999919996011,-19.99999919996011,-1.99999972001604e-06,2.775557561562891e-17,0,0.4000000039991994,200,80.00000079983988,0.1999999919996011,0.1999999919996011,1.99999972001604e-08,1e-09,1e-09,1000000000,1.999999919996011e-10,1.999999919996011e-10,19.9999972001604,80,0.9,40,3,1,1,1,1,2,2,1,1,1,1,2,-0.1999999919996011,-0.1999999919996011,-1.99999972001604e-08,0.1999999919996011,0.1999999919996011,1.99999972001604e-08,-80.00000079983988,-80.00000079983988,-80.00000079983988,-0.1999999919996011,-0.1999999919996011,-1.99999972001604e-08,1.999999919996011e-10,1.999999919996011e-10,19.9999972001604,-0.4000000039991994,-80.00000079983988,0.4000000039991994,0,-0.1999999919996011,-0.1999999919996011,-1.99999972001604e-08,0,0,0,0.1999999919996011,0.1999999919996011,1.99999972001604e-08,1.999999919996011e-10,1.999999919996011e-10,19.9999972001604
11.00000000220025,75.00000093756236,75.00000093756236,99.99999750000035,-24.99999906243762,-24.99999906243763,-2.499999656268798e-06,2.775557561562891e-17,0,0.5000000062487491,150,75.00000093731236,0.2499999906243763,0.2499999906243763,2.499999656268798e-08,1e-09,1e-09,1000000000,2.499999906243763e-10,2.499999906243763e-10,24.99999656268798,80,0.9,30,3,1,1,1,1,2,2,1,1,1,1,2,-0.2499999906243763,-0.2499999906243763,-2.499999656268798e-08,0.2499999906243763,0.2499999906243763,2.499999656268798e-08,-75.00000093731236,-75.00000093731236,-75.00000093731236,-0.2499999906243763,-0.2499999906243763,-2.499999656268798e-08,2.499999906243763e-10,2.499999906243763e-10,24.99999656268798,-0.5000000062487491,-75.00000093731236,0.5000000062487491,0,-0.2499999906243763,-0.2499999906243763,-2.499999656268798e-08,0,0,0,0.2499999906243763,0.2499999906243763,2.499999656268798e-08,2.499999906243763e-10,2.499999906243763e-10,24.99999656268798
11.1,75.00000093756238,75.00000093756238,99.99999750000035,-24.99999906243763,-24.99999906243762,-2.499999656268797e-06,1.110223024625157e-16,0,0.5000000062487491,150,75.00000093731238,0.2499999906243763,0.2499999906243763,2.499999656268797e-08,1e-09,1e-09,1000000000,2.499999906243764e-10,2.499999906243763e-10,24.99999656268797,80,0.9,30,3,1,1,1,1,2,2,1,1,1,1,2,-0.2499999906243763,-0.2499999906243763,-2.499999656268797e-08,0.2499999906243763,0.2499999906243763,2.499999656268797e-08,-75.00000093731238,-75.00000093731238,-75.00000093731238,-0.2499999906243763,-0.2499999906243763,-2.499999656268797e-08,2.499999906243764e-10,2.499999906243763e-10,24.99999656268797,-0.5000000062487491,-75.00000093731238,0.5000000062487491,0,-0.2499999906243763,-0.2499999906243763,-2.499999656268797e-08,0,0,0,0.2499999906243763,0.2499999906243763,2.499999656268797e-08,2.499999906243764e-10,2.499999906243763e-10,24.99999656268797
11.2,75.00000093756236,75.00000093756236,99.99999750000035,-24.99999906243763,-24.99999906243763,-2.499999656268798e-06,0,0,0.5000000062487492,150,75.00000093731236,0.2499999906243763,0.2499999906243763,2.499999656268798e-08,1e-09,1e-09,1000000000,2.499999906243763e-10,2.499999906243764e-10,24.99999656268798,80,0.9,30,3,1,1,1,1,2,2,1,1,1,1,2,-0.2499999906243763,-0.2499999906243763,-2.499999656268798e-08,0.2499999906243763,0.2499999906243763,2.499999656268798e-08,-75.00000093731236,-75.00000093731236,-75.00000093731236,-0.2499999906243763,-0.2499999906243763,-2.499999656268798e-08,2.499999906243763e-10,2.499999906243764e-10,24.99999656268798,-0.5000000062487492,-75.00000093731236,0.5000000062487492,0,-0.2499999906243763,-0.2499999906243763,-2.499999656268798e-08,0,0,0,0.2499999906243763,0.2499999906243763,2.499999656268798e-08,2.499999906243763e-10,2.499999906243764e-10,24.99999656268798
11.3,75.00000093756238,75.00000093756238,99.99999750000035,-24.99999906243763,-24.99999906243762,-2.499999656268797e-06,1.110223024625157e-16,0,0.5000000062487491,150,75.00000093731238,0.2499999906243763,0.2499999906243763,2.499999656268797e-08,1e-09,1e-09,1000000000,2.499999906243764e-10,2.499999906243763e-10,24.99999656268797,80,0.9,30,3,1,1,1,1,2,2,1,1,1,1,2,-0.2499999906243763,-0.2499999906243763,-2.499999656268797e-08,0.2499999906243763,0.2499999906243763,2.499999656268797e-08,-75.00000093731238,-75.00000093731238,-75.00000093731238,-0.2499999906243763,-0.2499999906243763,-2.499999656268797e-08,2.499999906243764e-10,2.499999906243763e-10,24.99999656268797,-0.5000000062487491,-75.00000093731238,0.5000000062487491,0,-0.2499999906243763,-0.2499999906243763,-2.499999656268797e-08,0,0,0,0.2499999906243763,0.2499999906243763,2.499999656268797e-08,2.499999906243764e-10,2.499999906243763e-10,24.99999656268797
11.4,75.00000093756236,75.00000093756236,99.99999750000035,-24.99999906243763,-24.99999906243763,-2.499999656268798e-06,0,0,0.5000000062487492,150,75.00000093731236,0.2499999906243763,0.2499999906243763,2.499999656268798e-08,1e-09,1e-09,1000000000,2.499999906243763e-10,2.499999906243764e-10,24.99999656268798,80,0.9,30,3,1,1,1,1,2,2,1,1,1,1,2,-0.2499999906243763,-0.2499999906243763,-2.499999656268798e-08,0.2499999906243763,0.2499999906243763,2.499999656268798e-08,-75.00000093731236,-75.00000093731236,-75.00000093731236,-0.2499999906243763,-0.2499999906243763,-2.499999656268798e-08,2.499999906243763e-10,2.499999906243764e-10,24.99999656268798,-0.5000000062487492,-75.00000093731236,0.5000000062487492,0,-0.2499999906243763,-0.2499999906243763,-2.499999656268798e-08,0,0,0,0.2499999906243763,0.2499999906243763,2.499999656268798e-08,2.499999906243763e-10,2.499999906243764e-10,24.99999656268798
11.5,75.00000093756238,75.00000093756238,99.99999750000035,-24.99999906243763,-24.99999906243762,-2.499999656268797e-06,1.110223024625157e-16,0,0.5000000062487491,150,75.00000093731238,0.2499999906243763,0.2499999906243763,2.499999656268797e-08,1e-09,1e-09,1000000000,2.499999906243764e-10,2.499999906243763e-10,24.99999656268797,80,0.9,30,3,1,1,1,1,2,2,1,1,1,1,2,-0.2499999906243763,-0.2499999906243763,-2.499999656268797e-08,0.2499999906243763,0.2499999906243763,2.499999656268797e-08,-75.00000093731238,-75.00000093731238,-75.00000093731238,-0.2499999906243763,-0.2499999906243763,-2.499999656268797e-08,2.499999906243764e-10,2.499999906243763e-10,24.99999656268797,-0.5000000062487491,-75.00000093731238,0.5000000062487491,0,-0.2499999906243763,-0.2499999906243763,-2.499999656268797e-08,0,0,0,0.2499999906243763,0.2499999906243763,2.499999656268797e-08,2.499999906243764e-10,2.499999906243763e-10,24.99999656268797
11.6,75.00000093756236,75.00000093756236,99.99999750000035,-24.99999906243763,-24.99999906243763,-2.499999656268798e-06,0,0,0.5000000062487492,150,75.00000093731236,0.2499999906243763,0.2499999906243763,2.499999656268798e-08,1e-09,1e-09,1000000000,2.499999906243763e-10,2.499999906243764e-10,24.99999656268798,80,0.9,30,3,1,1,1,1,2,2,1,1,1,1,2,-0.2499999906243763,-0.2499999906243763,-2.499999656268798e-08,0.2499999906243763,0.2499999906243763,2.499999656268798e-08,-75.00000093731236,-75.00000093731236,-75.00000093731236,-0.2499999906243763,-0.2499999906243763,-2.499999656268798e-08,2.499999906243763e-10,2.499999906243764e-10,24.99999656268798,-0.5000000062487492,-75.00000093731236,0.5000000062487492,0,-0.2499999906243763,-0.2499999906243763,-2.499999656268798e-08,0,0,0,0.2499999906243763,0.2499999906243763,2.499999656268798e-08,2.499999906243763e-10,2.499999906243764e-10,24.99999656268798
11.7,75.00000093756238,75.00000093756238,99.99999750000035,-24.99999906243763,-24.99999906243762,-2.499999656268797e-06,1.110223024625157e-16,0,0.5000000062487491,150,75.00000093731238,0.2499999906243763,0.2499999906243763,2.499999656268797e-08,1e-09,1e-09,1000000000,2.499999906243764e-10,2.499999906243763e-10,24.99999656268797,80,0.9,30,3,1,1,1,1,2,2,1,1,1,1,2,-0.2499999906243763,-0.2499999906243763,-2.499999656268797e-08,0.2499999906243763,0.2499999906243763,2.499999656268797e-08,-75.00000093731238,-75.00000093731238,-75.00000093731238,-0.2499999906243763,-0.2499999906243763,-2.499999656268797e-08,2.499999906243764e-10,2.499999906243763e-10,24.99999656268797,-0.5000000062487491,-75.00000093731238,0.5000000062487491,0,-0.2499999906243763,-0.2499999906243763,-2.499999656268797e-08,0,0,0,0.2499999906243763,0.2499999906243763,2.499999656268797e-08,2.499999906243764e-10,2.499999906243763e-10,24.99999656268797
11.8,75.00000093756236,75.00000093756236,99.99999750000035,-24.99999906243763,-24.99999906243763,-2.499999656268798e-06,0,0,0.5000000062487492,150,75.00000093731236,0.2499999906243763,0.2499999906243763,2.499999656268798e-08,1e-09,1e-09,1000000000,2.499999906243763e-10,2.499999906243764e-10,24.99999656268798,80,0.9,30,3,1,1,1,1,2,2,1,1,1,1,2,-0.2499999906243763,-0.2499999906243763,-2.499999656268798e-08,0.2499999906243763,0.2499999906243763,2.499999656268798e-08,-75.00000093731236,-75.00000093731236,-75.00000093731236,-0.2499999906243763,-0.2499999906243763,-2.499999656268798e-08,2.499999906243763e-10,2.499999906243764e-10,24.99999656268798,-0.5000000062487492,-75.00000093731236,0.5000000062487492,0,-0.2499999906243763,-0.2499999906243763,-2.499999656268798e-08,0,0,0,0.2499999906243763,0.2499999906243763,2.499999656268798e-08,2.499999906243763e-10,2.499999906243764e-10,24.99999656268798
11.9,75.00000093756238,75.00000093756238,99.99999750000035,-24.99999906243763,-24.99999906243762,-2.499999656268797e-06,1.110223024625157e-16,0,0.5000000062487491,150,75.00000093731238,0.2499999906243763,0.2499999906243763,2.499999656268797e-08,1e-09,1e-09,1000000000,2.499999906243764e-10,2.499999906243763e-10,24.99999656268797,80,0.9,30,3,1,1,1,1,2,2,1,1,1,1,2,-0.2499999906243763,-0.2499999906243763,-2.499999656268797e-08,0.2499999906243763,0.2499999906243763,2.499999656268797e-08,-75.00000093731238,-75.00000093731238,-75.00000093731238,-0.2499999906243763,-0.2499999906243763,-2.499999656268797e-08,2.499999906243764e-10,2.499999906243763e-10,24.99999656268797,-0.5000000062487491,-75.00000093731238,0.5000000062487491,0,-0.2499999906243763,-0.2499999906243763,-2.499999656268797e-08,0,0,0,0.2499999906243763,0.2499999906243763,2.499999656268797e-08,2.499999906243764e-10,2.499999906243763e-10,24.99999656268797
12,75.00000093756236,75.00000093756236,99.99999750000035,-24.99999906243763,-24.99999906243763,-2.499999656268798e-06,0,0,0.5000000062487492,150,75.00000093731236,0.2499999906243763,0.2499999906243763,2.499999656268798e-08,1e-09,1e-09,1000000000,2.499999906243763e-10,2.499999906243764e-10,24.99999656268798,80,0.9,30,3,1,1,1,1,2,2,1,1,1,1,2,-0.2499999906243763,-0.2499999906243763,-2.499999656268798e-08,0.2499999906243763,0.2499999906243763,2.499999656268798e-08,-75.00000093731236,-75.00000093731236,-75.00000093731236,-0.2499999906243763,-0.2499999906243763,-2.499999656268798e-08,2.499999906243763e-10,2.499999906243764e-10,24.99999656268798,-0.5000000062487492,-75.00000093731236,0.5000000062487492,0,-0.2499999906243763,-0.2499999906243763,-2.499999656268798e-08,0,0,0,0.2499999906243763,0.2499999906243763,2.499999656268798e-08,2.499999906243763e-10,2.499999906243764e-10,24.99999656268798
12.00000000240034,75.00000093756238,75.00000093756238,99.99999750000035,-24.99999906243763,-24.99999906243762,-2.499999656268797e-06,1.110223024625157e-16,0,0.5000000062487491,150,75.00000093731238,0.2499999906243763,0.2499999906243763,2.499999656268797e-08,1e-09,1e-09,1000000000,2.499999906243764e-10,2.499999906243763e-10,24.99999656268797,80,0.9,30,3,1,1,1,1,2,2,1,1,1,1,2,-0.2499999906243763,-0.2499999906243763,-2.499999656268797e-08,0.2499999906243763,0.2499999906243763,2.499999656268797e-08,-75.00000093731238,-75.00000093731238,-75.00000093731238,-0.2499999906243763,-0.2499999906243763,-2.499999656268797e-08,2.499999906243764e-10,2.499999906243763e-10,24.99999656268797,-0.5000000062487491,-75.00000093731238,0.5000000062487491,0,-0.2499999906243763,-0.2499999906243763,-2.499999656268797e-08,0,0,0,0.2499999906243763,0.2499999906243763,2.499999656268797e-08,2.499999906243764e-10,2.499999906243763e-10,24.99999656268797
12.00000000240034,67.74193548397503,67.74193548397503,67.74193548397503,-32.25806451602497,-32.25806451602497,-32.25806451602497,0,0,0.9677419354807493,70,67.74193548365244,0.3225806451602498,0.3225806451602497,0.3225806451602498,1e-09,1e-09,1e-09,3.225806451602498e-10,3.225806451602497e-10,3.225806451602498e-10,80,0.9,14,3,1,1,1,1,2,2,2,1,1,1,3,-0.3225806451602498,-0.3225806451602497,-0.3225806451602498,0.3225806451602498,0.3225806451602497,0.3225806451602498,-67.74193548365244,-67.74193548365244,-67.74193548365244,-0.3225806451602498,-0.3225806451602497,-0.3225806451602498,3.225806451602498e-10,3.225806451602497e-10,3.225806451602498e-10,-0.9677419354807493,-67.74193548365244,0.9677419354807493,0,-0.3225806451602498,-0.3225806451602497,-0.3225806451602498,0,0,0,0.3225806451602498,0.3225806451602497,0.3225806451602498,3.225806451602498e-10,3.225806451602497e-10,3.225806451602498e-10
12.1,67.74193548397503,67.74193548397503,67.74193548397503,-32.25806451602497,-32.25806451602497,-32.25806451602497,0,0,0.967741935480749,70,67.74193548365244,0.3225806451602497,0.3225806451602496,0.3225806451602497,1e-09,1e-09,1e-09,3.225806451602497e-10,3.225806451602497e-10,3.225806451602497e-10,80,0.9,14,3,1,1,1,1,2,2,2,1,1,1,3,-0.3225806451602497,-0.3225806451602496,-0.3225806451602497,0.3225806451602497,0.3225806451602496,0.3225806451602497,-67.74193548365244,-67.74193548365244,-67.74193548365244,-0.3225806451602497,-0.3225806451602496,-0.3225806451602497,3.225806451602497e-10,3.225806451602497e-10,3.225806451602497e-10,-0.967741935480749,-67.74193548365244,0.967741935480749,0,-0.3225806451602497,-0.3225806451602496,-0.3225806451602497,0,0,0,0.3225806451602497,0.3225806451602496,0.3225806451602497,3.225806451602497e-10,3.225806451602497e-10,3.225806451602497e-10
12.2,67.74193548397503,67.74193548397503,67.74193548397503,-32.25806451602497,-32.25806451602497,-32.25806451602497,0,0,0.967741935480749,70,67.74193548365244,0.3225806451602497,0.3225806451602496,0.3225806451602497,1e-09,1e-09,1e-09,3.225806451602497e-10,3.225806451602497e-10,3.225806451602497e-10,80,0.9,14,3,1,1,1,1,2,2,2,1,1,1,3,-0.3225806451602497,-0.3225806451602496,-0.3225806451602497,0.3225806451602497,0.3225806451602496,0.3225806451602497,-67.74193548365244,-67.74193548365244,-67.74193548365244,-0.3225806451602497,-0.3225806451602496,-0.3225806451602497,3.225806451602497e-10,3.225806451602497e-10,3.225806451602497e-10,-0.967741935480749,-67.74193548365244,0.967741935480749,0,-0.3225806451602497,-0.3225806451602496,-0.3225806451602497,0,0,0,0.3225806451602497,0.3225806451602496,0.3225806451602497,3.225806451602497e-10,3.225806451602497e-10,3.225806451602497e-10
12.3,67.74193548397503,67.74193548397503,67.74193548397503,-32.25806451602497,-32.25806451602497,-32.25806451602497,0,0,0.967741935480749,70,67.74193548365244,0.3225806451602497,0.3225806451602496,0.3225806451602497,1e-09,1e-09,1e-09,3.225806451602497e-10,3.225806451602497e-10,3.225806451602497e-10,80,0.9,14,3,1,1,1,1,2,2,2,1,1,1,3,-0.3225806451602497,-0.3225806451602496,-0.3225806451602497,0.3225806451602497,0.3225806451602496,0.3225806451602497,-67.74193548365244,-67.74193548365244,-67.74193548365244,-0.3225806451602497,-0.3225806451602496,-0.3225806451602497,3.225806451602497e-10,3.225806451602497e-10,3.225806451602497e-10,-0.967741935480749,-67.74193548365244,0.967741935480749,0,-0.3225806451602497,-0.3225806451602496,-0.3225806451602497,0,0,0,0.3225806451602497,0.3225806451602496,0.3225806451602497,3.225806451602497e-10,3.225806451602497e-10,3.225806451602497e-10
12.4,67.74193548397503,67.74193548397503,67.74193548397503,-32.25806451602497,-32.25806451602497,-32.25806451602497,0,0,0.967741935480749,70,67.74193548365244,0.3225806451602497,0.3225806451602496,0.3225806451602497,1e-09,1e-09,1e-09,3.225806451602497e-10,3.225806451602497e-10,3.225806451602497e-10,80,0.9,14,3,1,1,1,1,2,2,2,1,1,1,3,-0.3225806451602497,-0.3225806451602496,-0.3225806451602497,0.3225806451602497,0.3225806451602496,0.3225806451602497,-67.74193548365244,-67.74193548365244,-67.74193548365244,-0.3225806451602497,-0.3225806451602496,-0.3225806451602497,3.225806451602497e-10,3.225806451602497e-10,3.225806451602497e-10,-0.967741935480749,-67.74193548365244,0.967741935480749,0,-0.3225806451602497,-0.3225806451602496,-0.3225806451602497,0,0,0,0.3225806451602497,0.3225806451602496,0.3225806451602497,3.225806451602497e-10,3.225806451602497e-10,3.225806451602497e-10
12.5,67.74193548397503,67.74193548397503,67.74193548397503,-32.25806451602497,-32.25806451602497,-32.25806451602497,0,0,0.967741935480749,70,67.74193548365244,0.3225806451602497,0.3225806451602496,0.3225806451602497,1e-09,1e-09,1e-09,3.225806451602497e-10,3.225806451602497e-10,3.225806451602497e-10,80,0.9,14,3,1,1,1,1,2,2,2,1,1,1,3,-0.3225806451602497,-0.3225806451602496,-0.3225806451602497,0.3225806451602497,0.3225806451602496,0.3225806451602497,-67.74193548365244,-67.74193548365244,-67.74193548365244,-0.3225806451602497,-0.3225806451602496,-0.3225806451602497,3.225806451602497e-10,3.225806451602497e-10,3.225806451602497e-10,-0.967741935480749,-67.74193548365244,0.967741935480749,0,-0.3225806451602497,-0.3225806451602496,-0.3225806451602497,0,0,0,0.3225806451602497,0.3225806451602496,0.3225806451602497,3.225806451602497e-10,3.225806451602497e-10,3.225806451602497e-10
12.6,67.74193548397503,67.74193548397503,67.74193548397503,-32.25806451602497,-32.25806451602497,-32.25806451602497,0,0,0.967741935480749,70,67.74193548365244,0.3225806451602497,0.3225806451602496,0.3225806451602497,1e-09,1e-09,1e-09,3.225806451602497e-10,3.225806451602497e-10,3.225806451602497e-10,80,0.9,14,3,1,1,1,1,2,2,2,1,1,1,3,-0.3225806451602497,-0.3225806451602496,-0.3225806451602497,0.3225806451602497,0.3225806451602496,0.3225806451602497,-67.74193548365244,-67.74193548365244,-67.74193548365244,-0.3225806451602497,-0.3225806451602496,-0.3225806451602497,3.225806451602497e-10,3.225806451602497e-10,3.225806451602497e-10,-0.967741935480749,-67.74193548365244,0.967741935480749,0,-0.3225806451602497,-0.3225806451602496,-0.3225806451602497,0,0,0,0.3225806451602497,0.3225806451602496,0.3225806451602497,3.225806451602497e-10,3.225806451602497e-10,3.225806451602497e-10
12.7,67.74193548397503,67.74193548397503,67.74193548397503,-32.25806451602497,-32.25806451602497,-32.25806451602497,0,0,0.967741935480749,70,67.74193548365244,0.3225806451602497,0.3225806451602496,0.3225806451602497,1e-09,1e-09,1e-09,3.225806451602497e-10,3.225806451602497e-10,3.225806451602497e-10,80,0.9,14,3,1,1,1,1,2,2,2,1,1,1,3,-0.3225806451602497,-0.3225806451602496,-0.3225806451602497,0.3225806451602497,0.3225806451602496,0.3225806451602497,-67.74193548365244,-67.74193548365244,-67.74193548365244,-0.3225806451602497,-0.3225806451602496,-0.3225806451602497,3.225806451602497e-10,3.225806451602497e-10,3.225806451602497e-10,-0.967741935480749,-67.74193548365244,0.967741935480749,0,-0.3225806451602497,-0.3225806451602496,-0.3225806451602497,0,0,0,0.3225806451602497,0.3225806451602496,0.3225806451602497,3.225806451602497e-10,3.225806451602497e-10,3.225806451602497e-10
12.8,67.74193548397503,67.74193548397503,67.74193548397503,-32.25806451602497,-32.25806451602497,-32.25806451602497,0,0,0.967741935480749,70,67.74193548365244,0.3225806451602497,0.3225806451602496,0.3225806451602497,1e-09,1e-09,1e-09,3.225806451602497e-10,3.225806451602497e-10,3.225806451602497e-10,80,0.9,14,3,1,1,1,1,2,2,2,1,1,1,3,-0.3225806451602497,-0.3225806451602496,-0.3225806451602497,0.3225806451602497,0.3225806451602496,0.3225806451602497,-67.74193548365244,-67.74193548365244,-67.74193548365244,-0.3225806451602497,-0.3225806451602496,-0.3225806451602497,3.225806451602497e-10,3.225806451602497e-10,3.225806451602497e-10,-0.967741935480749,-67.74193548365244,0.967741935480749,0,-0.3225806451602497,-0.3225806451602496,-0.3225806451602497,0,0,0,0.3225806451602497,0.3225806451602496,0.3225806451602497,3.225806451602497e-10,3.225806451602497e-10,3.225806451602497e-10
12.9,67.74193548397503,67.74193548397503,67.74193548397503,-32.25806451602497,-32.25806451602497,-32.25806451602497,0,0,0.967741935480749,70,67.74193548365244,0.3225806451602497,0.3225806451602496,0.3225806451602497,1e-09,1e-09,1e-09,3.225806451602497e-10,3.225806451602497e-10,3.225806451602497e-10,80,0.9,14,3,1,1,1,1,2,2,2,1,1,1,3,-0.3225806451602497,-0.3225806451602496,-0.3225806451602497,0.3225806451602497,0.3225806451602496,0.3225806451602497,-67.74193548365244,-67.74193548365244,-67.74193548365244,-0.3225806451602497,-0.3225806451602496,-0.3225806451602497,3.225806451602497e-10,3.225806451602497e-10,3.225806451602497e-10,-0.967741935480749,-67.74193548365244,0.967741935480749,0,-0.3225806451602497,-0.3225806451602496,-0.3225806451602497,0,0,0,0.3225806451602497,0.3225806451602496,0.3225806451602497,3.225806451602497e-10,3.225806451602497e-10,3.225806451602497e-10
13,67.74193548397503,67.74193548397503,67.74193548397503,-32.25806451602497,-32.25806451602497,-32.25806451602497,0,0,0.967741935480749,70,67.74193548365244,0.3225806451602497,0.3225806451602496,0.3225806451602497,1e-09,1e-09,1e-09,3.225806451602497e-10,3.225806451602497e-10,3.225806451602497e-10,80,0.9,14,3,1,1,1,1,2,2,2,1,1,1,3,-0.3225806451602497,-0.3225806451602496,-0.3225806451602497,0.3225806451602497,0.3225806451602496,0.3225806451602497,-67.74193548365244,-67.74193548365244,-67.74193548365244,-0.3225806451602497,-0.3225806451602496,-0.3225806451602497,3.225806451602497e-10,3.225806451602497e-10,3.225806451602497e-10,-0.967741935480749,-67.74193548365244,0.967741935480749,0,-0.3225806451602497,-0.3225806451602496,-0.3225806451602497,0,0,0,0.3225806451602497,0.3225806451602496,0.3225806451602497,3.225806451602497e-10,3.225806451602497e-10,3.225806451602497e-10
13.00000000260043,67.74193548397503,67.74193548397503,67.74193548397503,-32.25806451602497,-32.25806451602497,-32.25806451602497,0,0,0.967741935480749,70,67.74193548365244,0.3225806451602497,0.3225806451602496,0.3225806451602497,1e-09,1e-09,1e-09,3.225806451602497e-10,3.225806451602497e-10,3.225806451602497e-10,80,0.9,14,3,1,1,1,1,2,2,2,1,1,1,3,-0.3225806451602497,-0.3225806451602496,-0.3225806451602497,0.3225806451602497,0.3225806451602496,0.3225806451602497,-67.74193548365244,-67.74193548365244,-67.74193548365244,-0.3225806451602497,-0.3225806451602496,-0.3225806451602497,3.225806451602497e-10,3.225806451602497e-10,3.225806451602497e-10,-0.967741935480749,-67.74193548365244,0.967741935480749,0,-0.3225806451602497,-0.3225806451602496,-0.3225806451602497,0,0,0,0.3225806451602497,0.3225806451602496,0.3225806451602497,3.225806451602497e-10,3.225806451602497e-10,3.225806451602497e-10
13.00000000260043,82.90598575197107,99.99999829059874,99.99999829059874,-17.09401426046849,-1.709401253879861e-06,-1.709401253879861e-06,0,0,0.17094017679271,485,82.90598575180013,0.1709401426046849,1.709401253879861e-08,1.709401253879861e-08,1e-09,1000000000,1000000000,1.709401426046849e-10,17.09401253879861,17.09401253879861,80,0.9,97,3,1,1,1,1,2,1,1,1,1,1,1,-0.1709401426046849,-1.709401253879861e-08,-1.709401253879861e-08,0.1709401426046849,1.709401253879861e-08,1.709401253879861e-08,-82.90598575180013,-82.90598575180013,-82.90598575180013,-0.1709401426046849,-1.709401253879861e-08,-1.709401253879861e-08,1.709401426046849e-10,17.09401253879861,17.09401253879861,-0.17094017679271,-82.90598575180013,0.17094017679271,0,-0.1709401426046849,-1.709401253879861e-08,-1.709401253879861e-08,0,0,0,0.1709401426046849,1.709401253879861e-08,1.709401253879861e-08,1.709401426046849e-10,17.09401253879861,17.09401253879861
13.1,82.90598574040395,99.99999829059874,99.99999829059874,-17.09401425959605,-1.709401255036573e-06,-1.709401255036573e-06,-2.775557561562891e-17,0,0.1709401767839856,485,82.90598574023301,0.1709401425959605,1.709401255036573e-08,1.709401255036573e-08,1e-09,1000000000,1000000000,1.709401425959605e-10,17.09401255036573,17.09401255036573,80,0.9,97,3,1,1,1,1,2,1,1,1,1,1,1,-0.1709401425959605,-1.709401255036573e-08,-1.709401255036573e-08,0.1709401425959605,1.709401255036573e-08,1.709401255036573e-08,-82.90598574023301,-82.90598574023301,-82.90598574023301,-0.1709401425959605,-1.709401255036573e-08,-1.709401255036573e-08,1.709401425959605e-10,17.09401255036573,17.09401255036573,-0.1709401767839856,-82.90598574023301,0.1709401767839856,0,-0.1709401425959605,-1.709401255036573e-08,-1.709401255036573e-08,0,0,0,0.1709401425959605,1.709401255036573e-08,1.709401255036573e-08,1.709401425959605e-10,17.09401255036573,17.09401255036573
13.2,82.90598574040395,99.99999829059874,99.99999829059874,-17.09401425959605,-1.709401255036573e-06,-1.709401255036573e-06,-2.775557561562891e-17,0,0.1709401767839856,485,82.90598574023301,0.1709401425959605,1.709401255036573e-08,1.709401255036573e-08,1e-09,1000000000,1000000000,1.709401425959605e-10,17.09401255036573,17.09401255036573,80,0.9,97,3,1,1,1,1,2,1,1,1,1,1,1,-0.1709401425959605,-1.709401255036573e-08,-1.709401255036573e-08,0.1709401425959605,1.709401255036573e-08,1.709401255036573e-08,-82.90598574023301,-82.90598574023301,-82.90598574023301,-0.1709401425959605,-1.709401255036573e-08,-1.709401255036573e-08,1.709401425959605e-10,17.09401255036573,17.09401255036573,-0.1709401767839856,-82.90598574023301,0.1709401767839856,0,-0.1709401425959605,-1.709401255036573e-08,-1.709401255036573e-08,0,0,0,0.1709401425959605,1.709401255036573e-08,1.709401255036573e-08,1.709401425959605e-10,17.09401255036573,17.09401255036573
13.3,82.90598574040395,99.99999829059874,99.99999829059874,-17.09401425959605,-1.709401255036573e-06,-1.709401255036573e-06,-2.775557561562891e-17,0,0.1709401767839856,485,82.90598574023301,0.1709401425959605,1.709401255036573e-08,1.709401255036573e-08,1e-09,1000000000,1000000000,1.709401425959605e-10,17.09401255036573,17.09401255036573,80,0.9,97,3,1,1,1,1,2,1,1,1,1,1,1,-0.1709401425959605,-1.709401255036573e-08,-1.709401255036573e-08,0.1709401425959605,1.709401255036573e-08,1.709401255036573e-08,-82.90598574023301,-82.90598574023301,-82.90598574023301,-0.1709401425959605,-1.709401255036573e-08,-1.709401255036573e-08,1.709401425959605e-10,17.09401255036573,17.09401255036573,-0.1709401767839856,-82.90598574023301,0.1709401767839856,0,-0.1709401425959605,-1.709401255036573e-08,-1.709401255036573e-08,0,0,0,0.1709401425959605,1.709401255036573e-08,1.709401255036573e-08,1.709401425959605e-10,17.09401255036573,17.09401255036573
13.4,82.90598574040395,99.99999829059874,99.99999829059874,-17.09401425959605,-1.709401255036573e-06,-1.709401255036573e-06,-2.775557561562891e-17,0,0.1709401767839856,485,82.90598574023301,0.1709401425959605,1.709401255036573e-08,1.709401255036573e-08,1e-09,1000000000,1000000000,1.709401425959605e-10,17.09401255036573,17.09401255036573,80,0.9,97,3,1,1,1,1,2,1,1,1,1,1,1,-0.1709401425959605,-1.709401255036573e-08,-1.709401255036573e-08,0.1709401425959605,1.709401255036573e-08,1.709401255036573e-08,-82.90598574023301,-82.90598574023301,-82.90598574023301,-0.1709401425959605,-1.709401255036573e-08,-1.709401255036573e-08,1.709401425959605e-10,17.09401255036573,17.09401255036573,-0.1709401767839856,-82.90598574023301,0.1709401767839856,0,-0.1709401425959605,-1.709401255036573e-08,-1.709401255036573e-08,0,0,0,0.1709401425959605,1.709401255036573e-08,1.709401255036573e-08,1.709401425959605e-10,17.09401255036573,17.09401255036573
13.5,82.90598574040395,99.99999829059874,99.99999829059874,-17.09401425959605,-1.709401255036573e-06,-1.709401255036573e-06,-2.775557561562891e-17,0,0.1709401767839856,485,82.90598574023301,0.1709401425959605,1.709401255036573e-08,1.709401255036573e-08,1e-09,1000000000,1000000000,1.709401425959605e-10,17.09401255036573,17.09401255036573,80,0.9,97,3,1,1,1,1,2,1,1,1,1,1,1,-0.1709401425959605,-1.709401255036573e-08,-1.709401255036573e-08,0.1709401425959605,1.709401255036573e-08,1.709401255036573e-08,-82.90598574023301,-82.90598574023301,-82.90598574023301,-0.1709401425959605,-1.709401255036573e-08,-1.709401255036573e-08,1.709401425959605e-10,17.09401255036573,17.09401255036573,-0.1709401767839856,-82.90598574023301,0.1709401767839856,0,-0.1709401425959605,-1.709401255036573e-08,-1.709401255036573e-08,0,0,0,0.1709401425959605,1.709401255036573e-08,1.709401255036573e-08,1.709401425959605e-10,17.09401255036573,17.09401255036573
13.6,82.90598574040395,99.99999829059874,99.99999829059874,-17.09401425959605,-1.709401255036573e-06,-1.709401255036573e-06,-2.775557561562891e-17,0,0.1709401767839856,485,82.90598574023301,0.1709401425959605,1.709401255036573e-08,1.709401255036573e-08,1e-09,1000000000,1000000000,1.709401425959605e-10,17.09401255036573,17.09401255036573,80,0.9,97,3,1,1,1,1,2,1,1,1,1,1,1,-0.1709401425959605,-1.709401255036573e-08,-1.709401255036573e-08,0.1709401425959605,1.709401255036573e-08,1.709401255036573e-08,-82.90598574023301,-82.90598574023301,-82.90598574023301,-0.1709401425959605,-1.709401255036573e-08,-1.709401255036573e-08,1.709401425959605e-10,17.09401255036573,17.09401255036573,-0.1709401767839856,-82.90598574023301,0.1709401767839856,0,-0.1709401425959605,-1.709401255036573e-08,-1.709401255036573e-08,0,0,0,0.1709401425959605,1.709401255036573e-08,1.709401255036573e-08,1.709401425959605e-10,17.09401255036573,17.09401255036573
13.7,82.90598574040395,99.99999829059874,99.99999829059874,-17.09401425959605,-1.709401255036573e-06,-1.709401255036573e-06,-2.775557561562891e-17,0,0.1709401767839856,485,82.90598574023301,0.1709401425959605,1.709401255036573e-08,1.709401255036573e-08,1e-09,1000000000,1000000000,1.709401425959605e-10,17.09401255036573,17.09401255036573,80,0.9,97,3,1,1,1,1,2,1,1,1,1,1,1,-0.1709401425959605,-1.709401255036573e-08,-1.709401255036573e-08,0.1709401425959605,1.709401255036573e-08,1.709401255036573e-08,-82.90598574023301,-82.90598574023301,-82.90598574023301,-0.1709401425959605,-1.709401255036573e-08,-1.709401255036573e-08,1.709401425959605e-10,17.09401255036573,17.09401255036573,-0.1709401767839856,-82.90598574023301,0.1709401767839856,0,-0.1709401425959605,-1.709401255036573e-08,-1.709401255036573e-08,0,0,0,0.1709401425959605,1.709401255036573e-08,1.709401255036573e-08,1.709401425959605e-10,17.09401255036573,17.09401255036573
13.8,82.90598574040395,99.99999829059874,99.99999829059874,-17.09401425959605,-1.709401255036573e-06,-1.709401255036573e-06,-2.775557561562891e-17,0,0.1709401767839856,485,82.90598574023301,0.1709401425959605,1.709401255036573e-08,1.709401255036573e-08,1e-09,1000000000,1000000000,1.709401425959605e-10,17.09401255036573,17.09401255036573,80,0.9,97,3,1,1,1,1,2,1,1,1,1,1,1,-0.1709401425959605,-1.709401255036573e-08,-1.709401255036573e-08,0.1709401425959605,1.709401255036573e-08,1.709401255036573e-08,-82.90598574023301,-82.90598574023301,-82.90598574023301,-0.1709401425959605,-1.709401255036573e-08,-1.709401255036573e-08,1.709401425959605e-10,17.09401255036573,17.09401255036573,-0.1709401767839856,-82.90598574023301,0.1709401767839856,0,-0.1709401425959605,-1.709401255036573e-08,-1.709401255036573e-08,0,0,0,0.1709401425959605,1.709401255036573e-08,1.709401255036573e-08,1.709401425959605e-10,17.09401255036573,17.09401255036573
13.9,82.90598574040395,99.99999829059874,99.99999829059874,-17.09401425959605,-1.709401255036573e-06,-1.709401255036573e-06,-2.775557561562891e-17,0,0.1709401767839856,485,82.90598574023301,0.1709401425959605,1.709401255036573e-08,1.709401255036573e-08,1e-09,1000000000,1000000000,1.709401425959605e-10,17.09401255036573,17.09401255036573,80,0.9,97,3,1,1,1,1,2,1,1,1,1,1,1,-0.1709401425959605,-1.709401255036573e-08,-1.709401255036573e-08,0.1709401425959605,1.709401255036573e-08,1.709401255036573e-08,-82.90598574023301,-82.90598574023301,-82.90598574023301,-0.1709401425959605,-1.709401255036573e-08,-1.709401255036573e-08,1.709401425959605e-10,17.09401255036573,17.09401255036573,-0.1709401767839856,-82.90598574023301,0.1709401767839856,0,-0.1709401425959605,-1.709401255036573e-08,-1.709401255036573e-08,0,0,0,0.1709401425959605,1.709401255036573e-08,1.709401255036573e-08,1.709401425959605e-10,17.09401255036573,17.09401255036573
14,82.90598574040395,99.99999829059874,99.99999829059874,-17.09401425959605,-1.709401255036573e-06,-1.709401255036573e-06,-2.775557561562891e-17,0,0.1709401767839856,485,82.90598574023301,0.1709401425959605,1.709401255036573e-08,1.709401255036573e-08,1e-09,1000000000,1000000000,1.709401425959605e-10,17.09401255036573,17.09401255036573,80,0.9,97,3,1,1,1,1,2,1,1,1,1,1,1,-0.1709401425959605,-1.709401255036573e-08,-1.709401255036573e-08,0.1709401425959605,1.709401255036573e-08,1.709401255036573e-08,-82.90598574023301,-82.90598574023301,-82.90598574023301,-0.1709401425959605,-1.709401255036573e-08,-1.709401255036573e-08,1.709401425959605e-10,17.09401255036573,17.09401255036573,-0.1709401767839856,-82.90598574023301,0.1709401767839856,0,-0.1709401425959605,-1.709401255036573e-08,-1.709401255036573e-08,0,0,0,0.1709401425959605,1.709401255036573e-08,1.709401255036573e-08,1.709401425959605e-10,17.09401255036573,17.09401255036573
14.00000000280052,82.90598574040395,99.99999829059874,99.99999829059874,-17.09401425959605,-1.709401255036573e-06,-1.709401255036573e-06,-2.775557561562891e-17,0,0.1709401767839856,485,82.90598574023301,0.1709401425959605,1.709401255036573e-08,1.709401255036573e-08,1e-09,1000000000,1000000000,1.709401425959605e-10,17.09401255036573,17.09401255036573,80,0.9,97,3,1,1,1,1,2,1,1,1,1,1,1,-0.1709401425959605,-1.709401255036573e-08,-1.709401255036573e-08,0.1709401425959605,1.709401255036573e-08,1.709401255036573e-08,-82.90598574023301,-82.90598574023301,-82.90598574023301,-0.1709401425959605,-1.709401255036573e-08,-1.709401255036573e-08,1.709401425959605e-10,17.09401255036573,17.09401255036573,-0.1709401767839856,-82.90598574023301,0.1709401767839856,0,-0.1709401425959605,-1.709401255036573e-08,-1.709401255036573e-08,0,0,0,0.1709401425959605,1.709401255036573e-08,1.709401255036573e-08,1.709401425959605e-10,17.09401255036573,17.09401255036573
14.00000000280052,77.27273078517473,99.99999772727331,99.99999772727331,-22.72726921482527,-2.272726694232585e-06,-2.272726694232585e-06,-2.775557561562891e-17,0,0.2272727376027866,340,77.27273078494746,0.2272726921482527,2.272726694232585e-08,2.272726694232585e-08,1e-09,1000000000,1000000000,2.272726921482527e-10,22.72726694232585,22.72726694232585,80,0.9,68,3,1,1,1,1,2,1,1,1,1,1,1,-0.2272726921482527,-2.272726694232585e-08,-2.272726694232585e-08,0.2272726921482527,2.272726694232585e-08,2.272726694232585e-08,-77.27273078494746,-77.27273078494746,-77.27273078494746,-0.2272726921482527,-2.272726694232585e-08,-2.272726694232585e-08,2.272726921482527e-10,22.72726694232585,22.72726694232585,-0.2272727376027866,-77.27273078494746,0.2272727376027866,0,-0.2272726921482527,-2.272726694232585e-08,-2.272726694232585e-08,0,0,0,0.2272726921482527,2.272726694232585e-08,2.272726694232585e-08,2.272726921482527e-10,22.72726694232585,22.72726694232585
14.1,77.27273078517473,99.99999772727331,99.99999772727331,-22.72726921482527,-2.272726694232585e-06,-2.272726694232585e-06,-2.775557561562891e-17,0,0.2272727376027866,340,77.27273078494746,0.2272726921482527,2.272726694232586e-08,2.272726694232586e-08,1e-09,1000000000,1000000000,2.272726921482527e-10,22.72726694232585,22.72726694232585,80,0.9,68,3,1,1,1,1,2,1,1,1,1,1,1,-0.2272726921482527,-2.272726694232586e-08,-2.272726694232586e-08,0.2272726921482527,2.272726694232586e-08,2.272726694232586e-08,-77.27273078494746,-77.27273078494746,-77.27273078494746,-0.2272726921482527,-2.272726694232586e-08,-2.272726694232586e-08,2.272726921482527e-10,22.72726694232585,22.72726694232585,-0.2272727376027866,-77.27273078494746,0.2272727376027866,0,-0.2272726921482527,-2.272726694232586e-08,-2.272726694232586e-08,0,0,0,0.2272726921482527,2.272726694232586e-08,2.272726694232586e-08,2.272726921482527e-10,22.72726694232585,22.72726694232585
14.2,77.27273078517473,99.99999772727331,99.99999772727331,-22.72726921482527,-2.272726694232585e-06,-2.272726694232585e-06,-2.775557561562891e-17,0,0.2272727376027866,340,77.27273078494746,0.2272726921482527,2.272726694232586e-08,2.272726694232586e-08,1e-09,1000000000,1000000000,2.272726921482527e-10,22.72726694232585,22.72726694232585,80,0.9,68,3,1,1,1,1,2,1,1,1,1,1,1,-0.2272726921482527,-2.272726694232586e-08,-2.272726694232586e-08,0.2272726921482527,2.272726694232586e-08,2.272726694232586e-08,-77.27273078494746,-77.27273078494746,-77.27273078494746,-0.2272726921482527,-2.272726694232586e-08,-2.272726694232586e-08,2.272726921482527e-10,22.72726694232585,22.72726694232585,-0.2272727376027866,-77.27273078494746,0.2272727376027866,0,-0.2272726921482527,-2.272726694232586e-08,-2.272726694232586e-08,0,0,0,0.2272726921482527,2.272726694232586e-08,2.272726694232586e-08,2.272726921482527e-10,22.72726694232585,22.72726694232585
14.3,77.27273078517473,99.99999772727331,99.99999772727331,-22.72726921482527,-2.272726694232585e-06,-2.272726694232585e-06,-2.775557561562891e-17,0,0.2272727376027866,340,77.27273078494746,0.2272726921482527,2.272726694232586e-08,2.272726694232586e-08,1e-09,1000000000,1000000000,2.272726921482527e-10,22.72726694232585,22.72726694232585,80,0.9,68,3,1,1,1,1,2,1,1,1,1,1,1,-0.2272726921482527,-2.272726694232586e-08,-2.272726694232586e-08,0.2272726921482527,2.272726694232586e-08,2.272726694232586e-08,-77.27273078494746,-77.27273078494746,-77.27273078494746,-0.2272726921482527,-2.272726694232586e-08,-2.272726694232586e-08,2.272726921482527e-10,22.72726694232585,22.72726694232585,-0.2272727376027866,-77.27273078494746,0.2272727376027866,0,-0.2272726921482527,-2.272726694232586e-08,-2.272726694232586e-08,0,0,0,0.2272726921482527,2.272726694232586e-08,2.272726694232586e-08,2.272726921482527e-10,22.72726694232585,22.72726694232585
14.4,77.27273078517473,99.99999772727331,99.99999772727331,-22.72726921482527,-2.272726694232585e-06,-2.272726694232585e-06,-2.775557561562891e-17,0,0.2272727376027866,340,77.27273078494746,0.2272726921482527,2.272726694232586e-08,2.272726694232586e-08,1e-09,1000000000,1000000000,2.272726921482527e-10,22.72726694232585,22.72726694232585,80,0.9,68,3,1,1,1,1,2,1,1,1,1,1,1,-0.2272726921482527,-2.272726694232586e-08,-2.272726694232586e-08,0.2272726921482527,2.272726694232586e-08,2.272726694232586e-08,-77.27273078494746,-77.27273078494746,-77.27273078494746,-0.2272726921482527,-2.272726694232586e-08,-2.272726694232586e-08,2.272726921482527e-10,22.72726694232585,22.72726694232585,-0.2272727376027866,-77.27273078494746,0.2272727376027866,0,-0.2272726921482527,-2.272726694232586e-08,-2.272726694232586e-08,0,0,0,0.2272726921482527,2.272726694232586e-08,2.272726694232586e-08,2.272726921482527e-10,22.72726694232585,22.72726694232585
14.5,77.27273078517473,99.99999772727331,99.99999772727331,-22.72726921482527,-2.272726694232585e-06,-2.272726694232585e-06,-2.775557561562891e-17,0,0.2272727376027866,340,77.27273078494746,0.2272726921482527,2.272726694232586e-08,2.272726694232586e-08,1e-09,1000000000,1000000000,2.272726921482527e-10,22.72726694232585,22.72726694232585,80,0.9,68,3,1,1,1,1,2,1,1,1,1,1,1,-0.2272726921482527,-2.272726694232586e-08,-2.272726694232586e-08,0.2272726921482527,2.272726694232586e-08,2.272726694232586e-08,-77.27273078494746,-77.27273078494746,-77.27273078494746,-0.2272726921482527,-2.272726694232586e-08,-2.272726694232586e-08,2.272726921482527e-10,22.72726694232585,22.72726694232585,-0.2272727376027866,-77.27273078494746,0.2272727376027866,0,-0.2272726921482527,-2.272726694232586e-08,-2.272726694232586e-08,0,0,0,0.2272726921482527,2.272726694232586e-08,2.272726694232586e-08,2.272726921482527e-10,22.72726694232585,22.72726694232585
14.6,77.27273078517473,99.99999772727331,99.99999772727331,-22.72726921482527,-2.272726694232585e-06,-2.272726694232585e-06,-2.775557561562891e-17,0,0.2272727376027866,340,77.27273078494746,0.2272726921482527,2.272726694232586e-08,2.272726694232586e-08,1e-09,1000000000,1000000000,2.272726921482527e-10,22.72726694232585,22.72726694232585,80,0.9,68,3,1,1,1,1,2,1,1,1,1,1,1,-0.2272726921482527,-2.272726694232586e-08,-2.272726694232586e-08,0.2272726921482527,2.272726694232586e-08,2.272726694232586e-08,-77.27273078494746,-77.27273078494746,-77.27273078494746,-0.2272726921482527,-2.272726694232586e-08,-2.272726694232586e-08,2.272726921482527e-10,22.72726694232585,22.72726694232585,-0.2272727376027866,-77.27273078494746,0.2272727376027866,0,-0.2272726921482527,-2.272726694232586e-08,-2.272726694232586e-08,0,0,0,0.2272726921482527,2.272726694232586e-08,2.272726694232586e-08,2.272726921482527e-10,22.72726694232585,22.72726694232585
14.7,77.27273078517473,99.99999772727331,99.99999772727331,-22.72726921482527,-2.272726694232585e-06,-2.272726694232585e-06,-2.775557561562891e-17,0,0.2272727376027866,340,77.27273078494746,0.2272726921482527,2.272726694232586e-08,2.272726694232586e-08,1e-09,1000000000,1000000000,2.272726921482527e-10,22.72726694232585,22.72726694232585,80,0.9,68,3,1,1,1,1,2,1,1,1,1,1,1,-0.2272726921482527,-2.272726694232586e-08,-2.272726694232586e-08,0.2272726921482527,2.272726694232586e-08,2.272726694232586e-08,-77.27273078494746,-77.27273078494746,-77.27273078494746,-0.2272726921482527,-2.272726694232586e-08,-2.272726694232586e-08,2.272726921482527e-10,22.72726694232585,22.72726694232585,-0.2272727376027866,-77.27273078494746,0.2272727376027866,0,-0.2272726921482527,-2.272726694232586e-08,-2.272726694232586e-08,0,0,0,0.2272726921482527,2.272726694232586e-08,2.272726694232586e-08,2.272726921482527e-10,22.72726694232585,22.72726694232585
14.8,77.27273078517473,99.99999772727331,99.99999772727331,-22.72726921482527,-2.272726694232585e-06,-2.272726694232585e-06,-2.775557561562891e-17,0,0.2272727376027866,340,77.27273078494746,0.2272726921482527,2.272726694232586e-08,2.272726694232586e-08,1e-09,1000000000,1000000000,2.272726921482527e-10,22.72726694232585,22.72726694232585,80,0.9,68,3,1,1,1,1,2,1,1,1,1,1,1,-0.2272726921482527,-2.272726694232586e-08,-2.272726694232586e-08,0.2272726921482527,2.272726694232586e-08,2.272726694232586e-08,-77.27273078494746,-77.27273078494746,-77.27273078494746,-0.2272726921482527,-2.272726694232586e-08,-2.272726694232586e-08,2.272726921482527e-10,22.72726694232585,22.72726694232585,-0.2272727376027866,-77.27273078494746,0.2272727376027866,0,-0.2272726921482527,-2.272726694232586e-08,-2.272726694232586e-08,0,0,0,0.2272726921482527,2.272726694232586e-08,2.272726694232586e-08,2.272726921482527e-10,22.72726694232585,22.72726694232585
14.9,77.27273078517473,99.99999772727331,99.99999772727331,-22.72726921482527,-2.272726694232585e-06,-2.272726694232585e-06,-2.775557561562891e-17,0,0.2272727376027866,340,77.27273078494746,0.2272726921482527,2.272726694232586e-08,2.272726694232586e-08,1e-09,1000000000,1000000000,2.272726921482527e-10,22.72726694232585,22.72726694232585,80,0.9,68,3,1,1,1,1,2,1,1,1,1,1,1,-0.2272726921482527,-2.272726694232586e-08,-2.272726694232586e-08,0.2272726921482527,2.272726694232586e-08,2.272726694232586e-08,-77.27273078494746,-77.27273078494746,-77.27273078494746,-0.2272726921482527,-2.272726694232586e-08,-2.272726694232586e-08,2.272726921482527e-10,22.72726694232585,22.72726694232585,-0.2272727376027866,-77.27273078494746,0.2272727376027866,0,-0.2272726921482527,-2.272726694232586e-08,-2.272726694232586e-08,0,0,0,0.2272726921482527,2.272726694232586e-08,2.272726694232586e-08,2.272726921482527e-10,22.72726694232585,22.72726694232585
15,77.27273078517473,99.99999772727331,99.99999772727331,-22.72726921482527,-2.272726694232585e-06,-2.272726694232585e-06,-2.775557561562891e-17,0,0.2272727376027866,340,77.27273078494746,0.2272726921482527,2.272726694232586e-08,2.272726694232586e-08,1e-09,1000000000,1000000000,2.272726921482527e-10,22.72726694232585,22.72726694232585,80,0.9,68,3,1,1,1,1,2,1,1,1,1,1,1,-0.2272726921482527,-2.272726694232586e-08,-2.272726694232586e-08,0.2272726921482527,2.272726694232586e-08,2.272726694232586e-08,-77.27273078494746,-77.27273078494746,-77.27273078494746,-0.2272726921482527,-2.272726694232586e-08,-2.272726694232586e-08,2.272726921482527e-10,22.72726694232585,22.72726694232585,-0.2272727376027866,-77.27273078494746,0.2272727376027866,0,-0.2272726921482527,-2.272726694232586e-08,-2.272726694232586e-08,0,0,0,0.2272726921482527,2.272726694232586e-08,2.272726694232586e-08,2.272726921482527e-10,22.72726694232585,22.72726694232585
15.0000000030006,77.27273078517473,99.99999772727331,99.99999772727331,-22.72726921482527,-2.272726694232585e-06,-2.272726694232585e-06,-2.775557561562891e-17,0,0.2272727376027866,340,77.27273078494746,0.2272726921482527,2.272726694232586e-08,2.272726694232586e-08,1e-09,1000000000,1000000000,2.272726921482527e-10,22.72726694232585,22.72726694232585,80,0.9,68,3,1,1,1,1,2,1,1,1,1,1,1,-0.2272726921482527,-2.272726694232586e-08,-2.272726694232586e-08,0.2272726921482527,2.272726694232586e-08,2.272726694232586e-08,-77.27273078494746,-77.27273078494746,-77.27273078494746,-0.2272726921482527,-2.272726694232586e-08,-2.272726694232586e-08,2.272726921482527e-10,22.72726694232585,22.72726694232585,-0.2272727376027866,-77.27273078494746,0.2272727376027866,0,-0.2272726921482527,-2.272726694232586e-08,-2.272726694232586e-08,0,0,0,0.2272726921482527,2.272726694232586e-08,2.272726694232586e-08,2.272726921482527e-10,22.72726694232585,22.72726694232585
15.0000000030006,60.00000000016,60.00000000016,60.00000000016,-39.99999999984,-39.99999999984,-39.99999999984,1.110223024625157e-16,0,1.1999999999952,50,59.99999999976,0.3999999999984,0.3999999999984,0.3999999999984,1e-09,1e-09,1e-09,3.999999999984e-10,3.999999999984e-10,3.999999999984e-10,80,0.9,10,3,1,1,1,1,2,2,2,1,1,1,3,-0.3999999999984,-0.3999999999984,-0.3999999999984,0.3999999999984,0.3999999999984,0.3999999999984,-59.99999999976,-59.99999999976,-59.99999999976,-0.3999999999984,-0.3999999999984,-0.3999999999984,3.999999999984e-10,3.999999999984e-10,3.999999999984e-10,-1.1999999999952,-59.99999999976,1.1999999999952,0,-0.3999999999984,-0.3999999999984,-0.3999999999984,0,0,0,0.3999999999984,0.3999999999984,0.3999999999984,3.999999999984e-10,3.999999999984e-10,3.999999999984e-10
15.1,60.00000000016,60.00000000016,60.00000000016,-39.99999999984,-39.99999999984,-39.99999999984,1.110223024625157e-16,0,1.1999999999952,50,59.99999999976,0.3999999999984,0.3999999999984,0.3999999999984,1e-09,1e-09,1e-09,3.999999999984e-10,3.999999999984e-10,3.999999999984e-10,80,0.9,10,3,1,1,1,1,2,2,2,1,1,1,3,-0.3999999999984,-0.3999999999984,-0.3999999999984,0.3999999999984,0.3999999999984,0.3999999999984,-59.99999999976,-59.99999999976,-59.99999999976,-0.3999999999984,-0.3999999999984,-0.3999999999984,3.999999999984e-10,3.999999999984e-10,3.999999999984e-10,-1.1999999999952,-59.99999999976,1.1999999999952,0,-0.3999999999984,-0.3999999999984,-0.3999999999984,0,0,0,0.3999999999984,0.3999999999984,0.3999999999984,3.999999999984e-10,3.999999999984e-10,3.999999999984e-10
15.2,60.00000000016,60.00000000016,60.00000000016,-39.99999999984,-39.99999999984,-39.99999999984,1.110223024625157e-16,0,1.1999999999952,50,59.99999999976,0.3999999999984,0.3999999999984,0.3999999999984,1e-09,1e-09,1e-09,3.999999999984e-10,3.999999999984e-10,3.999999999984e-10,80,0.9,10,3,1,1,1,1,2,2,2,1,1,1,3,-0.3999999999984,-0.3999999999984,-0.3999999999984,0.3999999999984,0.3999999999984,0.3999999999984,-59.99999999976,-59.99999999976,-59.99999999976,-0.3999999999984,-0.3999999999984,-0.3999999999984,3.999999999984e-10,3.999999999984e-10,3.999999999984e-10,-1.1999999999952,-59.99999999976,1.1999999999952,0,-0.3999999999984,-0.3999999999984,-0.3999999999984,0,0,0,0.3999999999984,0.3999999999984,0.3999999999984,3.999999999984e-10,3.999999999984e-10,3.999999999984e-10
15.3,60.00000000016,60.00000000016,60.00000000016,-39.99999999984,-39.99999999984,-39.99999999984,1.110223024625157e-16,0,1.1999999999952,50,59.99999999976,0.3999999999984,0.3999999999984,0.3999999999984,1e-09,1e-09,1e-09,3.999999999984e-10,3.999999999984e-10,3.999999999984e-10,80,0.9,10,3,1,1,1,1,2,2,2,1,1,1,3,-0.3999999999984,-0.3999999999984,-0.3999999999984,0.3999999999984,0.3999999999984,0.3999999999984,-59.99999999976,-59.99999999976,-59.99999999976,-0.3999999999984,-0.3999999999984,-0.3999999999984,3.999999999984e-10,3.999999999984e-10,3.999999999984e-10,-1.1999999999952,-59.99999999976,1.1999999999952,0,-0.3999999999984,-0.3999999999984,-0.3999999999984,0,0,0,0.3999999999984,0.3999999999984,0.3999999999984,3.999999999984e-10,3.999999999984e-10,3.999999999984e-10
15.4,60.00000000016,60.00000000016,60.00000000016,-39.99999999984,-39.99999999984,-39.99999999984,1.110223024625157e-16,0,1.1999999999952,50,59.99999999976,0.3999999999984,0.3999999999984,0.3999999999984,1e-09,1e-09,1e-09,3.999999999984e-10,3.999999999984e-10,3.999999999984e-10,80,0.9,10,3,1,1,1,1,2,2,2,1,1,1,3,-0.3999999999984,-0.3999999999984,-0.3999999999984,0.3999999999984,0.3999999999984,0.3999999999984,-59.99999999976,-59.99999999976,-59.99999999976,-0.3999999999984,-0.3999999999984,-0.3999999999984,3.999999999984e-10,3.999999999984e-10,3.999999999984e-10,-1.1999999999952,-59.99999999976,1.1999999999952,0,-0.3999999999984,-0.3999999999984,-0.3999999999984,0,0,0,0.3999999999984,0.3999999999984,0.3999999999984,3.999999999984e-10,3.999999999984e-10,3.999999999984e-10
15.5,60.00000000016,60.00000000016,60.00000000016,-39.99999999984,-39.99999999984,-39.99999999984,1.110223024625157e-16,0,1.1999999999952,50,59.99999999976,0.3999999999984,0.3999999999984,0.3999999999984,1e-09,1e-09,1e-09,3.999999999984e-10,3.999999999984e-10,3.999999999984e-10,80,0.9,10,3,1,1,1,1,2,2,2,1,1,1,3,-0.3999999999984,-0.3999999999984,-0.3999999999984,0.3999999999984,0.3999999999984,0.3999999999984,-59.99999999976,-59.99999999976,-59.99999999976,-0.3999999999984,-0.3999999999984,-0.3999999999984,3.999999999984e-10,3.999999999984e-10,3.999999999984e-10,-1.1999999999952,-59.99999999976,1.1999999999952,0,-0.3999999999984,-0.3999999999984,-0.3999999999984,0,0,0,0.3999999999984,0.3999999999984,0.3999999999984,3.999999999984e-10,3.999999999984e-10,3.999999999984e-10
15.6,60.00000000016,60.00000000016,60.00000000016,-39.99999999984,-39.99999999984,-39.99999999984,1.110223024625157e-16,0,1.1999999999952,50,59.99999999976,0.3999999999984,0.3999999999984,0.3999999999984,1e-09,1e-09,1e-09,3.999999999984e-10,3.999999999984e-10,3.999999999984e-10,80,0.9,10,3,1,1,1,1,2,2,2,1,1,1,3,-0.3999999999984,-0.3999999999984,-0.3999999999984,0.3999999999984,0.3999999999984,0.3999999999984,-59.99999999976,-59.99999999976,-59.99999999976,-0.3999999999984,-0.3999999999984,-0.3999999999984,3.999999999984e-10,3.999999999984e-10,3.999999999984e-10,-1.1999999999952,-59.99999999976,1.1999999999952,0,-0.3999999999984,-0.3999999999984,-0.3999999999984,0,0,0,0.3999999999984,0.3999999999984,0.3999999999984,3.999999999984e-10,3.999999999984e-10,3.999999999984e-10
15.7,60.00000000016,60.00000000016,60.00000000016,-39.99999999984,-39.99999999984,-39.99999999984,1.110223024625157e-16,0,1.1999999999952,50,59.99999999976,0.3999999999984,0.3999999999984,0.3999999999984,1e-09,1e-09,1e-09,3.999999999984e-10,3.999999999984e-10,3.999999999984e-10,80,0.9,10,3,1,1,1,1,2,2,2,1,1,1,3,-0.3999999999984,-0.3999999999984,-0.3999999999984,0.3999999999984,0.3999999999984,0.3999999999984,-59.99999999976,-59.99999999976,-59.99999999976,-0.3999999999984,-0.3999999999984,-0.3999999999984,3.999999999984e-10,3.999999999984e-10,3.999999999984e-10,-1.1999999999952,-59.99999999976,1.1999999999952,0,-0.3999999999984,-0.3999999999984,-0.3999999999984,0,0,0,0.3999999999984,0.3999999999984,0.3999999999984,3.999999999984e-10,3.999999999984e-10,3.999999999984e-10
15.8,60.00000000016,60.00000000016,60.00000000016,-39.99999999984,-39.99999999984,-39.99999999984,1.110223024625157e-16,0,1.1999999999952,50,59.99999999976,0.3999999999984,0.3999999999984,0.3999999999984,1e-09,1e-09,1e-09,3.999999999984e-10,3.999999999984e-10,3.999999999984e-10,80,0.9,10,3,1,1,1,1,2,2,2,1,1,1,3,-0.3999999999984,-0.3999999999984,-0.3999999999984,0.3999999999984,0.3999999999984,0.3999999999984,-59.99999999976,-59.99999999976,-59.99999999976,-0.3999999999984,-0.3999999999984,-0.3999999999984,3.999999999984e-10,3.999999999984e-10,3.999999999984e-10,-1.1999999999952,-59.99999999976,1.1999999999952,0,-0.3999999999984,-0.3999999999984,-0.3999999999984,0,0,0,0.3999999999984,0.3999999999984,0.3999999999984,3.999999999984e-10,3.999999999984e-10,3.999999999984e-10
15.9,60.00000000016,60.00000000016,60.00000000016,-39.99999999984,-39.99999999984,-39.99999999984,1.110223024625157e-16,0,1.1999999999952,50,59.99999999976,0.3999999999984,0.3999999999984,0.3999999999984,1e-09,1e-09,1e-09,3.999999999984e-10,3.999999999984e-10,3.999999999984e-10,80,0.9,10,3,1,1,1,1,2,2,2,1,1,1,3,-0.3999999999984,-0.3999999999984,-0.3999999999984,0.3999999999984,0.3999999999984,0.3999999999984,-59.99999999976,-59.99999999976,-59.99999999976,-0.3999999999984,-0.3999999999984,-0.3999999999984,3.999999999984e-10,3.999999999984e-10,3.999999999984e-10,-1.1999999999952,-59.99999999976,1.1999999999952,0,-0.3999999999984,-0.3999999999984,-0.3999999999984,0,0,0,0.3999999999984,0.3999999999984,0.3999999999984,3.999999999984e-10,3.999999999984e-10,3.999999999984e-10
16,60.00000000016,60.00000000016,60.00000000016,-39.99999999984,-39.99999999984,-39.99999999984,1.110223024625157e-16,0,1.1999999999952,50,59.99999999976,0.3999999999984,0.3999999999984,0.3999999999984,1e-09,1e-09,1e-09,3.999999999984e-10,3.999999999984e-10,3.999999999984e-10,80,0.9,10,3,1,1,1,1,2,2,2,1,1,1,3,-0.3999999999984,-0.3999999999984,-0.3999999999984,0.3999999999984,0.3999999999984,0.3999999999984,-59.99999999976,-59.99999999976,-59.99999999976,-0.3999999999984,-0.3999999999984,-0.3999999999984,3.999999999984e-10,3.999999999984e-10,3.999999999984e-10,-1.1999999999952,-59.99999999976,1.1999999999952,0,-0.3999999999984,-0.3999999999984,-0.3999999999984,0,0,0,0.3999999999984,0.3999999999984,0.3999999999984,3.999999999984e-10,3.999999999984e-10,3.999999999984e-10
16.00000000320069,60.00000000016,60.00000000016,60.00000000016,-39.99999999984,-39.99999999984,-39.99999999984,1.110223024625157e-16,0,1.1999999999952,50,59.99999999976,0.3999999999984,0.3999999999984,0.3999999999984,1e-09,1e-09,1e-09,3.999999999984e-10,3.999999999984e-10,3.999999999984e-10,80,0.9,10,3,1,1,1,1,2,2,2,1,1,1,3,-0.3999999999984,-0.3999999999984,-0.3999999999984,0.3999999999984,0.3999999999984,0.3999999999984,-59.99999999976,-59.99999999976,-59.99999999976,-0.3999999999984,-0.3999999999984,-0.3999999999984,3.999999999984e-10,3.999999999984e-10,3.999999999984e-10,-1.1999999999952,-59.99999999976,1.1999999999952,0,-0.3999999999984,-0.3999999999984,-0.3999999999984,0,0,0,0.3999999999984,0.3999999999984,0.3999999999984,3.999999999984e-10,3.999999999984e-10,3.999999999984e-10
16.00000000320069,74.35897823937852,99.99999743589808,99.99999743589808,-25.64102185657939,-2.564101919677597e-06,-2.564101919677597e-06,0,0,0.2564102698478323,290,74.35897823912211,0.2564102185657939,2.564101919677597e-08,2.564101919677597e-08,1e-09,1000000000,1000000000,2.56410218565794e-10,25.64101919677597,25.64101919677597,80,0.9,58,3,1,1,1,1,2,1,1,1,1,1,1,-0.2564102185657939,-2.564101919677597e-08,-2.564101919677597e-08,0.2564102185657939,2.564101919677597e-08,2.564101919677597e-08,-74.35897823912211,-74.35897823912211,-74.35897823912211,-0.2564102185657939,-2.564101919677597e-08,-2.564101919677597e-08,2.56410218565794e-10,25.64101919677597,25.64101919677597,-0.2564102698478323,-74.35897823912211,0.2564102698478323,0,-0.2564102185657939,-2.564101919677597e-08,-2.564101919677597e-08,0,0,0,0.2564102185657939,2.564101919677597e-08,2.564101919677597e-08,2.56410218565794e-10,25.64101919677597,25.64101919677597
16.1,74.35897817231989,99.99999743589807,99.99999743589807,-25.64102182768011,-2.564101926383458e-06,-2.564101926383458e-06,0,0,0.2564102695588396,290,74.35897817206349,0.2564102182768011,2.564101926383458e-08,2.564101926383458e-08,1e-09,1000000000,1000000000,2.564102182768011e-10,25.64101926383458,25.64101926383458,80,0.9,58,3,1,1,1,1,2,1,1,1,1,1,1,-0.2564102182768011,-2.564101926383458e-08,-2.564101926383458e-08,0.2564102182768011,2.564101926383458e-08,2.564101926383458e-08,-74.35897817206349,-74.35897817206349,-74.35897817206349,-0.2564102182768011,-2.564101926383458e-08,-2.564101926383458e-08,2.564102182768011e-10,25.64101926383458,25.64101926383458,-0.2564102695588396,-74.35897817206349,0.2564102695588396,0,-0.2564102182768011,-2.564101926383458e-08,-2.564101926383458e-08,0,0,0,0.2564102182768011,2.564101926383458e-08,2.564101926383458e-08,2.564102182768011e-10,25.64101926383458,25.64101926383458
16.2,74.35897817231989,99.99999743589807,99.99999743589807,-25.64102182768011,-2.564101926383458e-06,-2.564101926383458e-06,0,0,0.2564102695588396,290,74.35897817206349,0.2564102182768011,2.564101926383458e-08,2.564101926383458e-08,1e-09,1000000000,1000000000,2.564102182768011e-10,25.64101926383458,25.64101926383458,80,0.9,58,3,1,1,1,1,2,1,1,1,1,1,1,-0.2564102182768011,-2.564101926383458e-08,-2.564101926383458e-08,0.2564102182768011,2.564101926383458e-08,2.564101926383458e-08,-74.35897817206349,-74.35897817206349,-74.35897817206349,-0.2564102182768011,-2.564101926383458e-08,-2.564101926383458e-08,2.564102182768011e-10,25.64101926383458,25.64101926383458,-0.2564102695588396,-74.35897817206349,0.2564102695588396,0,-0.2564102182768011,-2.564101926383458e-08,-2.564101926383458e-08,0,0,0,0.2564102182768011,2.564101926383458e-08,2.564101926383458e-08,2.564102182768011e-10,25.64101926383458,25.64101926383458
16.3,74.35897817231989,99.99999743589807,99.99999743589807,-25.64102182768011,-2.564101926383458e-06,-2.564101926383458e-06,0,0,0.2564102695588396,290,74.35897817206349,0.2564102182768011,2.564101926383458e-08,2.564101926383458e-08,1e-09,1000000000,1000000000,2.564102182768011e-10,25.64101926383458,25.64101926383458,80,0.9,58,3,1,1,1,1,2,1,1,1,1,1,1,-0.2564102182768011,-2.564101926383458e-08,-2.564101926383458e-08,0.2564102182768011,2.564101926383458e-08,2.564101926383458e-08,-74.35897817206349,-74.35897817206349,-74.35897817206349,-0.2564102182768011,-2.564101926383458e-08,-2.564101926383458e-08,2.564102182768011e-10,25.64101926383458,25.64101926383458,-0.2564102695588396,-74.35897817206349,0.2564102695588396,0,-0.2564102182768011,-2.564101926383458e-08,-2.564101926383458e-08,0,0,0,0.2564102182768011,2.564101926383458e-08,2.564101926383458e-08,2.564102182768011e-10,25.64101926383458,25.64101926383458
16.4,74.35897817231989,99.99999743589807,99.99999743589807,-25.64102182768011,-2.564101926383458e-06,-2.564101926383458e-06,0,0,0.2564102695588396,290,74.35897817206349,0.2564102182768011,2.564101926383458e-08,2.564101926383458e-08,1e-09,1000000000,1000000000,2.564102182768011e-10,25.64101926383458,25.64101926383458,80,0.9,58,3,1,1,1,1,2,1,1,1,1,1,1,-0.2564102182768011,-2.564101926383458e-08,-2.564101926383458e-08,0.2564102182768011,2.564101926383458e-08,2.564101926383458e-08,-74.35897817206349,-74.35897817206349,-74.35897817206349,-0.2564102182768011,-2.564101926383458e-08,-2.564101926383458e-08,2.564102182768011e-10,25.64101926383458,25.64101926383458,-0.2564102695588396,-74.35897817206349,0.2564102695588396,0,-0.2564102182768011,-2.564101926383458e-08,-2.564101926383458e-08,0,0,0,0.2564102182768011,2.564101926383458e-08,2.564101926383458e-08,2.564102182768011e-10,25.64101926383458,25.64101926383458
16.5,74.35897817231989,99.99999743589807,99.99999743589807,-25.64102182768011,-2.564101926383458e-06,-2.564101926383458e-06,0,0,0.2564102695588396,290,74.35897817206349,0.2564102182768011,2.564101926383458e-08,2.564101926383458e-08,1e-09,1000000000,1000000000,2.564102182768011e-10,25.64101926383458,25.64101926383458,80,0.9,58,3,1,1,1,1,2,1,1,1,1,1,1,-0.2564102182768011,-2.564101926383458e-08,-2.564101926383458e-08,0.2564102182768011,2.564101926383458e-08,2.564101926383458e-08,-74.35897817206349,-74.35897817206349,-74.35897817206349,-0.2564102182768011,-2.564101926383458e-08,-2.564101926383458e-08,2.564102182768011e-10,25.64101926383458,25.64101926383458,-0.2564102695588396,-74.35897817206349,0.2564102695588396,0,-0.2564102182768011,-2.564101926383458e-08,-2.564101926383458e-08,0,0,0,0.2564102182768011,2.564101926383458e-08,2.564101926383458e-08,2.564102182768011e-10,25.64101926383458,25.64101926383458
16.6,74.35897817231989,99.99999743589807,99.99999743589807,-25.64102182768011,-2.564101926383458e-06,-2.564101926383458e-06,0,0,0.2564102695588396,290,74.35897817206349,0.2564102182768011,2.564101926383458e-08,2.564101926383458e-08,1e-09,1000000000,1000000000,2.564102182768011e-10,25.64101926383458,25.64101926383458,80,0.9,58,3,1,1,1,1,2,1,1,1,1,1,1,-0.2564102182768011,-2.564101926383458e-08,-2.564101926383458e-08,0.2564102182768011,2.564101926383458e-08,2.564101926383458e-08,-74.35897817206349,-74.35897817206349,-74.35897817206349,-0.2564102182768011,-2.564101926383458e-08,-2.564101926383458e-08,2.564102182768011e-10,25.64101926383458,25.64101926383458,-0.2564102695588396,-74.35897817206349,0.2564102695588396,0,-0.2564102182768011,-2.564101926383458e-08,-2.564101926383458e-08,0,0,0,0.2564102182768011,2.564101926383458e-08,2.564101926383458e-08,2.564102182768011e-10,25.64101926383458,25.64101926383458
16.7,74.35897817231989,99.99999743589807,99.99999743589807,-25.64102182768011,-2.564101926383458e-06,-2.564101926383458e-06,0,0,0.2564102695588396,290,74.35897817206349,0.2564102182768011,2.564101926383458e-08,2.564101926383458e-08,1e-09,1000000000,1000000000,2.564102182768011e-10,25.64101926383458,25.64101926383458,80,0.9,58,3,1,1,1,1,2,1,1,1,1,1,1,-0.2564102182768011,-2.564101926383458e-08,-2.564101926383458e-08,0.2564102182768011,2.564101926383458e-08,2.564101926383458e-08,-74.35897817206349,-74.35897817206349,-74.35897817206349,-0.2564102182768011,-2.564101926383458e-08,-2.564101926383458e-08,2.564102182768011e-10,25.64101926383458,25.64101926383458,-0.2564102695588396,-74.35897817206349,0.2564102695588396,0,-0.2564102182768011,-2.564101926383458e-08,-2.564101926383458e-08,0,0,0,0.2564102182768011,2.564101926383458e-08,2.564101926383458e-08,2.564102182768011e-10,25.64101926383458,25.64101926383458
16.8,74.35897817231989,99.99999743589807,99.99999743589807,-25.64102182768011,-2.564101926383458e-06,-2.564101926383458e-06,0,0,0.2564102695588396,290,74.35897817206349,0.2564102182768011,2.564101926383458e-08,2.564101926383458e-08,1e-09,1000000000,1000000000,2.564102182768011e-10,25.64101926383458,25.64101926383458,80,0.9,58,3,1,1,1,1,2,1,1,1,1,1,1,-0.2564102182768011,-2.564101926383458e-08,-2.564101926383458e-08,0.2564102182768011,2.564101926383458e-08,2.564101926383458e-08,-74.35897817206349,-74.35897817206349,-74.35897817206349,-0.2564102182768011,-2.564101926383458e-08,-2.564101926383458e-08,2.564102182768011e-10,25.64101926383458,25.64101926383458,-0.2564102695588396,-74.35897817206349,0.2564102695588396,0,-0.2564102182768011,-2.564101926383458e-08,-2.564101926383458e-08,0,0,0,0.2564102182768011,2.564101926383458e-08,2.564101926383458e-08,2.564102182768011e-10,25.64101926383458,25.64101926383458
16.9,74.35897817231989,99.99999743589807,99.99999743589807,-25.64102182768011,-2.564101926383458e-06,-2.564101926383458e-06,0,0,0.2564102695588396,290,74.35897817206349,0.2564102182768011,2.564101926383458e-08,2.564101926383458e-08,1e-09,1000000000,1000000000,2.564102182768011e-10,25.64101926383458,25.64101926383458,80,0.9,58,3,1,1,1,1,2,1,1,1,1,1,1,-0.2564102182768011,-2.564101926383458e-08,-2.564101926383458e-08,0.2564102182768011,2.564101926383458e-08,2.564101926383458e-08,-74.35897817206349,-74.35897817206349,-74.35897817206349,-0.2564102182768011,-2.564101926383458e-08,-2.564101926383458e-08,2.564102182768011e-10,25.64101926383458,25.64101926383458,-0.2564102695588396,-74.35897817206349,0.2564102695588396,0,-0.2564102182768011,-2.564101926383458e-08,-2.564101926383458e-08,0,0,0,0.2564102182768011,2.564101926383458e-08,2.564101926383458e-08,2.564102182768011e-10,25.64101926383458,25.64101926383458
17,74.35897817231989,99.99999743589807,99.99999743589807,-25.64102182768011,-2.564101926383458e-06,-2.564101926383458e-06,0,0,0.2564102695588396,290,74.35897817206349,0.2564102182768011,2.564101926383458e-08,2.564101926383458e-08,1e-09,1000000000,1000000000,2.564102182768011e-10,25.64101926383458,25.64101926383458,80,0.9,58,3,1,1,1,1,2,1,1,1,1,1,1,-0.2564102182768011,-2.564101926383458e-08,-2.564101926383458e-08,0.2564102182768011,2.564101926383458e-08,2.564101926383458e-08,-74.35897817206349,-74.35897817206349,-74.35897817206349,-0.2564102182768011,-2.564101926383458e-08,-2.564101926383458e-08,2.564102182768011e-10,25.64101926383458,25.64101926383458,-0.2564102695588396,-74.35897817206349,0.2564102695588396,0,-0.2564102182768011,-2.564101926383458e-08,-2.564101926383458e-08,0,0,0,0.2564102182768011,2.564101926383458e-08,2.564101926383458e-08,2.564102182768011e-10,25.64101926383458,25.64101926383458
17.00000000340005,74.35897817231989,99.99999743589807,99.99999743589807,-25.64102182768011,-2.564101926383458e-06,-2.564101926383458e-06,0,0,0.2564102695588396,290,74.35897817206349,0.2564102182768011,2.564101926383458e-08,2.564101926383458e-08,1e-09,1000000000,1000000000,2.564102182768011e-10,25.64101926383458,25.64101926383458,80,0.9,58,3,1,1,1,1,2,1,1,1,1,1,1,-0.2564102182768011,-2.564101926383458e-08,-2.564101926383458e-08,0.2564102182768011,2.564101926383458e-08,2.564101926383458e-08,-74.35897817206349,-74.35897817206349,-74.35897817206349,-0.2564102182768011,-2.564101926383458e-08,-2.564101926383458e-08,2.564102182768011e-10,25.64101926383458,25.64101926383458,-0.2564102695588396,-74.35897817206349,0.2564102695588396,0,-0.2564102182768011,-2.564101926383458e-08,-2.564101926383458e-08,0,0,0,0.2564102182768011,2.564101926383458e-08,2.564101926383458e-08,2.564102182768011e-10,25.64101926383458,25.64101926383458
17.00000000340005,42.85714285746938,42.85714285746938,42.85714285746938,-57.14285714253064,-57.14285714253062,-57.14285714253062,1.110223024625157e-16,0,1.714285714275919,25,42.85714285689795,0.5714285714253063,0.5714285714253062,0.5714285714253062,1e-09,1e-09,1e-09,5.714285714253063e-10,5.714285714253062e-10,5.714285714253062e-10,80,0.9,5,3,1,1,1,1,2,2,2,1,1,1,3,-0.5714285714253063,-0.5714285714253062,-0.5714285714253062,0.5714285714253063,0.5714285714253062,0.5714285714253062,-42.85714285689795,-42.85714285689795,-42.85714285689795,-0.5714285714253063,-0.5714285714253062,-0.5714285714253062,5.714285714253063e-10,5.714285714253062e-10,5.714285714253062e-10,-1.714285714275919,-42.85714285689795,1.714285714275919,0,-0.5714285714253063,-0.5714285714253062,-0.5714285714253062,0,0,0,0.5714285714253063,0.5714285714253062,0.5714285714253062,5.714285714253063e-10,5.714285714253062e-10,5.714285714253062e-10
17.1,42.85714285746939,42.85714285746939,42.85714285746939,-57.14285714253061,-57.14285714253061,-57.14285714253061,2.220446049250313e-16,0,1.714285714275918,25,42.85714285689797,0.5714285714253061,0.5714285714253061,0.5714285714253061,1e-09,1e-09,1e-09,5.714285714253061e-10,5.714285714253061e-10,5.714285714253061e-10,80,0.9,5,3,1,1,1,1,2,2,2,1,1,1,3,-0.5714285714253061,-0.5714285714253061,-0.5714285714253061,0.5714285714253061,0.5714285714253061,0.5714285714253061,-42.85714285689797,-42.85714285689797,-42.85714285689797,-0.5714285714253061,-0.5714285714253061,-0.5714285714253061,5.714285714253061e-10,5.714285714253061e-10,5.714285714253061e-10,-1.714285714275918,-42.85714285689797,1.714285714275918,0,-0.5714285714253061,-0.5714285714253061,-0.5714285714253061,0,0,0,0.5714285714253061,0.5714285714253061,0.5714285714253061,5.714285714253061e-10,5.714285714253061e-10,5.714285714253061e-10
17.2,42.85714285746939,42.85714285746939,42.85714285746939,-57.14285714253061,-57.14285714253061,-57.14285714253061,2.220446049250313e-16,0,1.714285714275918,25,42.85714285689797,0.5714285714253061,0.5714285714253061,0.5714285714253061,1e-09,1e-09,1e-09,5.714285714253061e-10,5.714285714253061e-10,5.714285714253061e-10,80,0.9,5,3,1,1,1,1,2,2,2,1,1,1,3,-0.5714285714253061,-0.5714285714253061,-0.5714285714253061,0.5714285714253061,0.5714285714253061,0.5714285714253061,-42.85714285689797,-42.85714285689797,-42.85714285689797,-0.5714285714253061,-0.5714285714253061,-0.5714285714253061,5.714285714253061e-10,5.714285714253061e-10,5.714285714253061e-10,-1.714285714275918,-42.85714285689797,1.714285714275918,0,-0.5714285714253061,-0.5714285714253061,-0.5714285714253061,0,0,0,0.5714285714253061,0.5714285714253061,0.5714285714253061,5.714285714253061e-10,5.714285714253061e-10,5.714285714253061e-10
17.3,42.85714285746939,42.85714285746939,42.85714285746939,-57.14285714253061,-57.14285714253061,-57.14285714253061,2.220446049250313e-16,0,1.714285714275918,25,42.85714285689797,0.5714285714253061,0.5714285714253061,0.5714285714253061,1e-09,1e-09,1e-09,5.714285714253061e-10,5.714285714253061e-10,5.714285714253061e-10,80,0.9,5,3,1,1,1,1,2,2,2,1,1,1,3,-0.5714285714253061,-0.5714285714253061,-0.5714285714253061,0.5714285714253061,0.5714285714253061,0.5714285714253061,-42.85714285689797,-42.85714285689797,-42.85714285689797,-0.5714285714253061,-0.5714285714253061,-0.5714285714253061,5.714285714253061e-10,5.714285714253061e-10,5.714285714253061e-10,-1.714285714275918,-42.85714285689797,1.714285714275918,0,-0.5714285714253061,-0.5714285714253061,-0.5714285714253061,0,0,0,0.5714285714253061,0.5714285714253061,0.5714285714253061,5.714285714253061e-10,5.714285714253061e-10,5.714285714253061e-10
17.4,42.85714285746939,42.85714285746939,42.85714285746939,-57.14285714253061,-57.14285714253061,-57.14285714253061,2.220446049250313e-16,0,1.714285714275918,25,42.85714285689797,0.5714285714253061,0.5714285714253061,0.5714285714253061,1e-09,1e-09,1e-09,5.714285714253061e-10,5.714285714253061e-10,5.714285714253061e-10,80,0.9,5,3,1,1,1,1,2,2,2,1,1,1,3,-0.5714285714253061,-0.5714285714253061,-0.5714285714253061,0.5714285714253061,0.5714285714253061,0.5714285714253061,-42.85714285689797,-42.85714285689797,-42.85714285689797,-0.5714285714253061,-0.5714285714253061,-0.5714285714253061,5.714285714253061e-10,5.714285714253061e-10,5.714285714253061e-10,-1.714285714275918,-42.85714285689797,1.714285714275918,0,-0.5714285714253061,-0.5714285714253061,-0.5714285714253061,0,0,0,0.5714285714253061,0.5714285714253061,0.5714285714253061,5.714285714253061e-10,5.714285714253061e-10,5.714285714253061e-10
17.5,42.85714285746939,42.85714285746939,42.85714285746939,-57.14285714253061,-57.14285714253061,-57.14285714253061,2.220446049250313e-16,0,1.714285714275918,25,42.85714285689797,0.5714285714253061,0.5714285714253061,0.5714285714253061,1e-09,1e-09,1e-09,5.714285714253061e-10,5.714285714253061e-10,5.714285714253061e-10,80,0.9,5,3,1,1,1,1,2,2,2,1,1,1,3,-0.5714285714253061,-0.5714285714253061,-0.5714285714253061,0.5714285714253061,0.5714285714253061,0.5714285714253061,-42.85714285689797,-42.85714285689797,-42.85714285689797,-0.5714285714253061,-0.5714285714253061,-0.5714285714253061,5.714285714253061e-10,5.714285714253061e-10,5.714285714253061e-10,-1.714285714275918,-42.85714285689797,1.714285714275918,0,-0.5714285714253061,-0.5714285714253061,-0.5714285714253061,0,0,0,0.5714285714253061,0.5714285714253061,0.5714285714253061,5.714285714253061e-10,5.714285714253061e-10,5.714285714253061e-10
17.6,42.85714285746939,42.85714285746939,42.85714285746939,-57.14285714253061,-57.14285714253061,-57.14285714253061,2.220446049250313e-16,0,1.714285714275918,25,42.85714285689797,0.5714285714253061,0.5714285714253061,0.5714285714253061,1e-09,1e-09,1e-09,5.714285714253061e-10,5.714285714253061e-10,5.714285714253061e-10,80,0.9,5,3,1,1,1,1,2,2,2,1,1,1,3,-0.5714285714253061,-0.5714285714253061,-0.5714285714253061,0.5714285714253061,0.5714285714253061,0.5714285714253061,-42.85714285689797,-42.85714285689797,-42.85714285689797,-0.5714285714253061,-0.5714285714253061,-0.5714285714253061,5.714285714253061e-10,5.714285714253061e-10,5.714285714253061e-10,-1.714285714275918,-42.85714285689797,1.714285714275918,0,-0.5714285714253061,-0.5714285714253061,-0.5714285714253061,0,0,0,0.5714285714253061,0.5714285714253061,0.5714285714253061,5.714285714253061e-10,5.714285714253061e-10,5.714285714253061e-10
17.7,42.85714285746939,42.85714285746939,42.85714285746939,-57.14285714253061,-57.14285714253061,-57.14285714253061,2.220446049250313e-16,0,1.714285714275918,25,42.85714285689797,0.5714285714253061,0.5714285714253061,0.5714285714253061,1e-09,1e-09,1e-09,5.714285714253061e-10,5.714285714253061e-10,5.714285714253061e-10,80,0.9,5,3,1,1,1,1,2,2,2,1,1,1,3,-0.5714285714253061,-0.5714285714253061,-0.5714285714253061,0.5714285714253061,0.5714285714253061,0.5714285714253061,-42.85714285689797,-42.85714285689797,-42.85714285689797,-0.5714285714253061,-0.5714285714253061,-0.5714285714253061,5.714285714253061e-10,5.714285714253061e-10,5.714285714253061e-10,-1.714285714275918,-42.85714285689797,1.714285714275918,0,-0.5714285714253061,-0.5714285714253061,-0.5714285714253061,0,0,0,0.5714285714253061,0.5714285714253061,0.5714285714253061,5.714285714253061e-10,5.714285714253061e-10,5.714285714253061e-10
17.8,42.85714285746939,42.85714285746939,42.85714285746939,-57.14285714253061,-57.14285714253061,-57.14285714253061,2.220446049250313e-16,0,1.714285714275918,25,42.85714285689797,0.5714285714253061,0.5714285714253061,0.5714285714253061,1e-09,1e-09,1e-09,5.714285714253061e-10,5.714285714253061e-10,5.714285714253061e-10,80,0.9,5,3,1,1,1,1,2,2,2,1,1,1,3,-0.5714285714253061,-0.5714285714253061,-0.5714285714253061,0.5714285714253061,0.5714285714253061,0.5714285714253061,-42.85714285689797,-42.85714285689797,-42.85714285689797,-0.5714285714253061,-0.5714285714253061,-0.5714285714253061,5.714285714253061e-10,5.714285714253061e-10,5.714285714253061e-10,-1.714285714275918,-42.85714285689797,1.714285714275918,0,-0.5714285714253061,-0.5714285714253061,-0.5714285714253061,0,0,0,0.5714285714253061,0.5714285714253061,0.5714285714253061,5.714285714253061e-10,5.714285714253061e-10,5.714285714253061e-10
17.9,42.85714285746939,42.85714285746939,42.85714285746939,-57.14285714253061,-57.14285714253061,-57.14285714253061,2.220446049250313e-16,0,1.714285714275918,25,42.85714285689797,0.5714285714253061,0.5714285714253061,0.5714285714253061,1e-09,1e-09,1e-09,5.714285714253061e-10,5.714285714253061e-10,5.714285714253061e-10,80,0.9,5,3,1,1,1,1,2,2,2,1,1,1,3,-0.5714285714253061,-0.5714285714253061,-0.5714285714253061,0.5714285714253061,0.5714285714253061,0.5714285714253061,-42.85714285689797,-42.85714285689797,-42.85714285689797,-0.5714285714253061,-0.5714285714253061,-0.5714285714253061,5.714285714253061e-10,5.714285714253061e-10,5.714285714253061e-10,-1.714285714275918,-42.85714285689797,1.714285714275918,0,-0.5714285714253061,-0.5714285714253061,-0.5714285714253061,0,0,0,0.5714285714253061,0.5714285714253061,0.5714285714253061,5.714285714253061e-10,5.714285714253061e-10,5.714285714253061e-10
18,42.85714285746939,42.85714285746939,42.85714285746939,-57.14285714253061,-57.14285714253061,-57.14285714253061,2.220446049250313e-16,0,1.714285714275918,25,42.85714285689797,0.5714285714253061,0.5714285714253061,0.5714285714253061,1e-09,1e-09,1e-09,5.714285714253061e-10,5.714285714253061e-10,5.714285714253061e-10,80,0.9,5,3,1,1,1,1,2,2,2,1,1,1,3,-0.5714285714253061,-0.5714285714253061,-0.5714285714253061,0.5714285714253061,0.5714285714253061,0.5714285714253061,-42.85714285689797,-42.85714285689797,-42.85714285689797,-0.5714285714253061,-0.5714285714253061,-0.5714285714253061,5.714285714253061e-10,5.714285714253061e-10,5.714285714253061e-10,-1.714285714275918,-42.85714285689797,1.714285714275918,0,-0.5714285714253061,-0.5714285714253061,-0.5714285714253061,0,0,0,0.5714285714253061,0.5714285714253061,0.5714285714253061,5.714285714253061e-10,5.714285714253061e-10,5.714285714253061e-10
18.00000000360014,42.85714285746939,42.85714285746939,42.85714285746939,-57.14285714253061,-57.14285714253061,-57.14285714253061,2.220446049250313e-16,0,1.714285714275918,25,42.85714285689797,0.5714285714253061,0.5714285714253061,0.5714285714253061,1e-09,1e-09,1e-09,5.714285714253061e-10,5.714285714253061e-10,5.714285714253061e-10,80,0.9,5,3,1,1,1,1,2,2,2,1,1,1,3,-0.5714285714253061,-0.5714285714253061,-0.5714285714253061,0.5714285714253061,0.5714285714253061,0.5714285714253061,-42.85714285689797,-42.85714285689797,-42.85714285689797,-0.5714285714253061,-0.5714285714253061,-0.5714285714253061,5.714285714253061e-10,5.714285714253061e-10,5.714285714253061e-10,-1.714285714275918,-42.85714285689797,1.714285714275918,0,-0.5714285714253061,-0.5714285714253061,-0.5714285714253061,0,0,0,0.5714285714253061,0.5714285714253061,0.5714285714253061,5.714285714253061e-10,5.714285714253061e-10,5.714285714253061e-10
18.00000000360014,80.00000067526264,80.00000067526264,99.99999800000026,-19.99999911374732,-19.99999923369947,-1.999999732493762e-06,0,0,0.4000000034744652,200,80.00000067506264,0.1999999911374732,0.1999999923369947,1.999999732493762e-08,1e-09,1e-09,1000000000,1.999999911374732e-10,1.999999923369947e-10,19.99999732493762,80,0.9,40,3,1,1,1,1,2,2,1,1,1,1,2,-0.1999999911374732,-0.1999999923369947,-1.999999732493762e-08,0.1999999911374732,0.1999999923369947,1.999999732493762e-08,-80.00000067506264,-80.00000067506264,-80.00000067506264,-0.1999999911374732,-0.1999999923369947,-1.999999732493762e-08,1.999999911374732e-10,1.999999923369947e-10,19.99999732493762,-0.4000000034744652,-80.00000067506264,0.4000000034744652,0,-0.1999999911374732,-0.1999999923369947,-1.999999732493762e-08,0,0,0,0.1999999911374732,0.1999999923369947,1.999999732493762e-08,1.999999911374732e-10,1.999999923369947e-10,19.99999732493762
18.1,80.00000080003989,80.00000080003989,99.99999800000028,-19.99999919996011,-19.99999919996011,-1.999999720016039e-06,0,0,0.4000000039991994,200,80.00000079983988,0.1999999919996011,0.1999999919996011,1.999999720016039e-08,1e-09,1e-09,1000000000,1.999999919996011e-10,1.999999919996011e-10,19.99999720016039,80,0.9,40,3,1,1,1,1,2,2,1,1,1,1,2,-0.1999999919996011,-0.1999999919996011,-1.999999720016039e-08,0.1999999919996011,0.1999999919996011,1.999999720016039e-08,-80.00000079983988,-80.00000079983988,-80.00000079983988,-0.1999999919996011,-0.1999999919996011,-1.999999720016039e-08,1.999999919996011e-10,1.999999919996011e-10,19.99999720016039,-0.4000000039991994,-80.00000079983988,0.4000000039991994,0,-0.1999999919996011,-0.1999999919996011,-1.999999720016039e-08,0,0,0,0.1999999919996011,0.1999999919996011,1.999999720016039e-08,1.999999919996011e-10,1.999999919996011e-10,19.99999720016039
18.2,80.00000080003989,80.00000080003989,99.99999800000028,-19.99999919996011,-19.99999919996011,-1.999999720016039e-06,0,0,0.4000000039991994,200,80.00000079983988,0.1999999919996011,0.1999999919996011,1.999999720016039e-08,1e-09,1e-09,1000000000,1.999999919996011e-10,1.999999919996011e-10,19.99999720016039,80,0.9,40,3,1,1,1,1,2,2,1,1,1,1,2,-0.1999999919996011,-0.1999999919996011,-1.999999720016039e-08,0.1999999919996011,0.1999999919996011,1.999999720016039e-08,-80.00000079983988,-80.00000079983988,-80.00000079983988,-0.1999999919996011,-0.1999999919996011,-1.999999720016039e-08,1.999999919996011e-10,1.999999919996011e-10,19.99999720016039,-0.4000000039991994,-80.00000079983988,0.4000000039991994,0,-0.1999999919996011,-0.1999999919996011,-1.999999720016039e-08,0,0,0,0.1999999919996011,0.1999999919996011,1.999999720016039e-08,1.999999919996011e-10,1.999999919996011e-10,19.99999720016039
18.3,80.00000080003989,80.00000080003989,99.99999800000028,-19.99999919996011,-19.99999919996011,-1.999999720016039e-06,0,0,0.4000000039991994,200,80.00000079983988,0.1999999919996011,0.1999999919996011,1.999999720016039e-08,1e-09,1e-09,1000000000,1.999999919996011e-10,1.999999919996011e-10,19.99999720016039,80,0.9,40,3,1,1,1,1,2,2,1,1,1,1,2,-0.1999999919996011,-0.1999999919996011,-1.999999720016039e-08,0.1999999919996011,0.1999999919996011,1.999999720016039e-08,-80.00000079983988,-80.00000079983988,-80.00000079983988,-0.1999999919996011,-0.1999999919996011,-1.999999720016039e-08,1.999999919996011e-10,1.999999919996011e-10,19.99999720016039,-0.4000000039991994,-80.00000079983988,0.4000000039991994,0,-0.1999999919996011,-0.1999999919996011,-1.999999720016039e-08,0,0,0,0.1999999919996011,0.1999999919996011,1.999999720016039e-08,1.999999919996011e-10,1.999999919996011e-10,19.99999720016039
18.4,80.00000080003989,80.00000080003989,99.99999800000028,-19.99999919996011,-19.99999919996011,-1.999999720016039e-06,0,0,0.4000000039991994,200,80.00000079983988,0.1999999919996011,0.1999999919996011,1.999999720016039e-08,1e-09,1e-09,1000000000,1.999999919996011e-10,1.999999919996011e-10,19.99999720016039,80,0.9,40,3,1,1,1,1,2,2,1,1,1,1,2,-0.1999999919996011,-0.1999999919996011,-1.999999720016039e-08,0.1999999919996011,0.1999999919996011,1.999999720016039e-08,-80.00000079983988,-80.00000079983988,-80.00000079983988,-0.1999999919996011,-0.1999999919996011,-1.999999720016039e-08,1.999999919996011e-10,1.999999919996011e-10,19.99999720016039,-0.4000000039991994,-80.00000079983988,0.4000000039991994,0,-0.1999999919996011,-0.1999999919996011,-1.999999720016039e-08,0,0,0,0.1999999919996011,0.1999999919996011,1.999999720016039e-08,1.999999919996011e-10,1.999999919996011e-10,19.99999720016039
18.5,80.00000080003989,80.00000080003989,99.99999800000028,-19.99999919996011,-19.99999919996011,-1.999999720016039e-06,0,0,0.4000000039991994,200,80.00000079983988,0.1999999919996011,0.1999999919996011,1.999999720016039e-08,1e-09,1e-09,1000000000,1.999999919996011e-10,1.999999919996011e-10,19.99999720016039,80,0.9,40,3,1,1,1,1,2,2,1,1,1,1,2,-0.1999999919996011,-0.1999999919996011,-1.999999720016039e-08,0.1999999919996011,0.1999999919996011,1.999999720016039e-08,-80.00000079983988,-80.00000079983988,-80.00000079983988,-0.1999999919996011,-0.1999999919996011,-1.999999720016039e-08,1.999999919996011e-10,1.999999919996011e-10,19.99999720016039,-0.4000000039991994,-80.00000079983988,0.4000000039991994,0,-0.1999999919996011,-0.1999999919996011,-1.999999720016039e-08,0,0,0,0.1999999919996011,0.1999999919996011,1.999999720016039e-08,1.999999919996011e-10,1.999999919996011e-10,19.99999720016039
18.6,80.00000080003989,80.00000080003989,99.99999800000028,-19.99999919996011,-19.99999919996011,-1.999999720016039e-06,0,0,0.4000000039991994,200,80.00000079983988,0.1999999919996011,0.1999999919996011,1.999999720016039e-08,1e-09,1e-09,1000000000,1.999999919996011e-10,1.999999919996011e-10,19.99999720016039,80,0.9,40,3,1,1,1,1,2,2,1,1,1,1,2,-0.1999999919996011,-0.1999999919996011,-1.999999720016039e-08,0.1999999919996011,0.1999999919996011,1.999999720016039e-08,-80.00000079983988,-80.00000079983988,-80.00000079983988,-0.1999999919996011,-0.1999999919996011,-1.999999720016039e-08,1.999999919996011e-10,1.999999919996011e-10,19.99999720016039,-0.4000000039991994,-80.00000079983988,0.4000000039991994,0,-0.1999999919996011,-0.1999999919996011,-1.999999720016039e-08,0,0,0,0.1999999919996011,0.1999999919996011,1.999999720016039e-08,1.999999919996011e-10,1.999999919996011e-10,19.99999720016039
18.7,80.00000080003989,80.00000080003989,99.99999800000028,-19.99999919996011,-19.99999919996011,-1.999999720016039e-06,0,0,0.4000000039991994,200,80.00000079983988,0.1999999919996011,0.1999999919996011,1.999999720016039e-08,1e-09,1e-09,1000000000,1.999999919996011e-10,1.999999919996011e-10,19.99999720016039,80,0.9,40,3,1,1,1,1,2,2,1,1,1,1,2,-0.1999999919996011,-0.1999999919996011,-1.999999720016039e-08,0.1999999919996011,0.1999999919996011,1.999999720016039e-08,-80.00000079983988,-80.00000079983988,-80.00000079983988,-0.1999999919996011,-0.1999999919996011,-1.999999720016039e-08,1.999999919996011e-10,1.999999919996011e-10,19.99999720016039,-0.4000000039991994,-80.00000079983988,0.4000000039991994,0,-0.1999999919996011,-0.1999999919996011,-1.999999720016039e-08,0,0,0,0.1999999919996011,0.1999999919996011,1.999999720016039e-08,1.999999919996011e-10,1.999999919996011e-10,19.99999720016039
18.8,80.00000080003989,80.00000080003989,99.99999800000028,-19.99999919996011,-19.99999919996011,-1.999999720016039e-06,0,0,0.4000000039991994,200,80.00000079983988,0.1999999919996011,0.1999999919996011,1.999999720016039e-08,1e-09,1e-09,1000000000,1.999999919996011e-10,1.999999919996011e-10,19.99999720016039,80,0.9,40,3,1,1,1,1,2,2,1,1,1,1,2,-0.1999999919996011,-0.1999999919996011,-1.999999720016039e-08,0.1999999919996011,0.1999999919996011,1.999999720016039e-08,-80.00000079983988,-80.00000079983988,-80.00000079983988,-0.1999999919996011,-0.1999999919996011,-1.999999720016039e-08,1.999999919996011e-10,1.999999919996011e-10,19.99999720016039,-0.4000000039991994,-80.00000079983988,0.4000000039991994,0,-0.1999999919996011,-0.1999999919996011,-1.999999720016039e-08,0,0,0,0.1999999919996011,0.1999999919996011,1.999999720016039e-08,1.999999919996011e-10,1.999999919996011e-10,19.99999720016039
18.9,80.00000080003989,80.00000080003989,99.99999800000028,-19.99999919996011,-19.99999919996011,-1.999999720016039e-06,0,0,0.4000000039991994,200,80.00000079983988,0.1999999919996011,0.1999999919996011,1.999999720016039e-08,1e-09,1e-09,1000000000,1.999999919996011e-10,1.999999919996011e-10,19.99999720016039,80,0.9,40,3,1,1,1,1,2,2,1,1,1,1,2,-0.1999999919996011,-0.1999999919996011,-1.999999720016039e-08,0.1999999919996011,0.1999999919996011,1.999999720016039e-08,-80.00000079983988,-80.00000079983988,-80.00000079983988,-0.1999999919996011,-0.1999999919996011,-1.999999720016039e-08,1.999999919996011e-10,1.999999919996011e-10,19.99999720016039,-0.4000000039991994,-80.00000079983988,0.4000000039991994,0,-0.1999999919996011,-0.1999999919996011,-1.999999720016039e-08,0,0,0,0.1999999919996011,0.1999999919996011,1.999999720016039e-08,1.999999919996011e-10,1.999999919996011e-10,19.99999720016039
19,80.00000080003989,80.00000080003989,99.99999800000028,-19.99999919996011,-19.99999919996011,-1.999999720016039e-06,0,0,0.4000000039991994,200,80.00000079983988,0.1999999919996011,0.1999999919996011,1.999999720016039e-08,1e-09,1e-09,1000000000,1.999999919996011e-10,1.999999919996011e-10,19.99999720016039,80,0.9,40,3,1,1,1,1,2,2,1,1,1,1,2,-0.1999999919996011,-0.1999999919996011,-1.999999720016039e-08,0.1999999919996011,0.1999999919996011,1.999999720016039e-08,-80.00000079983988,-80.00000079983988,-80.00000079983988,-0.1999999919996011,-0.1999999919996011,-1.999999720016039e-08,1.999999919996011e-10,1.999999919996011e-10,19.99999720016039,-0.4000000039991994,-80.00000079983988,0.4000000039991994,0,-0.1999999919996011,-0.1999999919996011,-1.999999720016039e-08,0,0,0,0.1999999919996011,0.1999999919996011,1.999999720016039e-08,1.999999919996011e-10,1.999999919996011e-10,19.99999720016039
19.00000000380023,80.00000080003989,80.00000080003989,99.99999800000028,-19.99999919996011,-19.99999919996011,-1.999999720016039e-06,0,0,0.4000000039991994,200,80.00000079983988,0.1999999919996011,0.1999999919996011,1.999999720016039e-08,1e-09,1e-09,1000000000,1.999999919996011e-10,1.999999919996011e-10,19.99999720016039,80,0.9,40,3,1,1,1,1,2,2,1,1,1,1,2,-0.1999999919996011,-0.1999999919996011,-1.999999720016039e-08,0.1999999919996011,0.1999999919996011,1.999999720016039e-08,-80.00000079983988,-80.00000079983988,-80.00000079983988,-0.1999999919996011,-0.1999999919996011,-1.999999720016039e-08,1.999999919996011e-10,1.999999919996011e-10,19.99999720016039,-0.4000000039991994,-80.00000079983988,0.4000000039991994,0,-0.1999999919996011,-0.1999999919996011,-1.999999720016039e-08,0,0,0,0.1999999919996011,0.1999999919996011,1.999999720016039e-08,1.999999919996011e-10,1.999999919996011e-10,19.99999720016039
19.00000000380023,62.26415094353862,62.26415094353862,62.26415094353862,-37.73584905646138,-37.73584905646138,-37.73584905646138,1.110223024625157e-16,0,1.132075471693841,55,62.26415094316127,0.3773584905646138,0.3773584905646138,0.3773584905646138,1e-09,1e-09,1e-09,3.773584905646138e-10,3.773584905646138e-10,3.773584905646138e-10,80,0.9,11,3,1,1,1,1,2,2,2,1,1,1,3,-0.3773584905646138,-0.3773584905646138,-0.3773584905646138,0.3773584905646138,0.3773584905646138,0.3773584905646138,-62.26415094316127,-62.26415094316127,-62.26415094316127,-0.3773584905646138,-0.3773584905646138,-0.3773584905646138,3.773584905646138e-10,3.773584905646138e-10,3.773584905646138e-10,-1.132075471693841,-62.26415094316127,1.132075471693841,0,-0.3773584905646138,-0.3773584905646138,-0.3773584905646138,0,0,0,0.3773584905646138,0.3773584905646138,0.3773584905646138,3.773584905646138e-10,3.773584905646138e-10,3.773584905646138e-10
19.1,62.26415094353862,62.26415094353862,62.26415094353862,-37.73584905646138,-37.73584905646138,-37.73584905646138,1.110223024625157e-16,0,1.132075471693841,55,62.26415094316127,0.3773584905646138,0.3773584905646138,0.3773584905646138,1e-09,1e-09,1e-09,3.773584905646138e-10,3.773584905646138e-10,3.773584905646138e-10,80,0.9,11,3,1,1,1,1,2,2,2,1,1,1,3,-0.3773584905646138,-0.3773584905646138,-0.3773584905646138,0.3773584905646138,0.3773584905646138,0.3773584905646138,-62.26415094316127,-62.26415094316127,-62.26415094316127,-0.3773584905646138,-0.3773584905646138,-0.3773584905646138,3.773584905646138e-10,3.773584905646138e-10,3.773584905646138e-10,-1.132075471693841,-62.26415094316127,1.132075471693841,0,-0.3773584905646138,-0.3773584905646138,-0.3773584905646138,0,0,0,0.3773584905646138,0.3773584905646138,0.3773584905646138,3.773584905646138e-10,3.773584905646138e-10,3.773584905646138e-10
19.2,62.26415094353862,62.26415094353862,62.26415094353862,-37.73584905646138,-37.73584905646138,-37.73584905646138,1.110223024625157e-16,0,1.132075471693841,55,62.26415094316127,0.3773584905646138,0.3773584905646138,0.3773584905646138,1e-09,1e-09,1e-09,3.773584905646138e-10,3.773584905646138e-10,3.773584905646138e-10,80,0.9,11,3,1,1,1,1,2,2,2,1,1,1,3,-0.3773584905646138,-0.3773584905646138,-0.3773584905646138,0.3773584905646138,0.3773584905646138,0.3773584905646138,-62.26415094316127,-62.26415094316127,-62.26415094316127,-0.3773584905646138,-0.3773584905646138,-0.3773584905646138,3.773584905646138e-10,3.773584905646138e-10,3.773584905646138e-10,-1.132075471693841,-62.26415094316127,1.132075471693841,0,-0.3773584905646138,-0.3773584905646138,-0.3773584905646138,0,0,0,0.3773584905646138,0.3773584905646138,0.3773584905646138,3.773584905646138e-10,3.773584905646138e-10,3.773584905646138e-10
19.3,62.26415094353862,62.26415094353862,62.26415094353862,-37.73584905646138,-37.73584905646138,-37.73584905646138,1.110223024625157e-16,0,1.132075471693841,55,62.26415094316127,0.3773584905646138,0.3773584905646138,0.3773584905646138,1e-09,1e-09,1e-09,3.773584905646138e-10,3.773584905646138e-10,3.773584905646138e-10,80,0.9,11,3,1,1,1,1,2,2,2,1,1,1,3,-0.3773584905646138,-0.3773584905646138,-0.3773584905646138,0.3773584905646138,0.3773584905646138,0.3773584905646138,-62.26415094316127,-62.26415094316127,-62.26415094316127,-0.3773584905646138,-0.3773584905646138,-0.3773584905646138,3.773584905646138e-10,3.773584905646138e-10,3.773584905646138e-10,-1.132075471693841,-62.26415094316127,1.132075471693841,0,-0.3773584905646138,-0.3773584905646138,-0.3773584905646138,0,0,0,0.3773584905646138,0.3773584905646138,0.3773584905646138,3.773584905646138e-10,3.773584905646138e-10,3.773584905646138e-10
19.4,62.26415094353862,62.26415094353862,62.26415094353862,-37.73584905646138,-37.73584905646138,-37.73584905646138,1.110223024625157e-16,0,1.132075471693841,55,62.26415094316127,0.3773584905646138,0.3773584905646138,0.3773584905646138,1e-09,1e-09,1e-09,3.773584905646138e-10,3.773584905646138e-10,3.773584905646138e-10,80,0.9,11,3,1,1,1,1,2,2,2,1,1,1,3,-0.3773584905646138,-0.3773584905646138,-0.3773584905646138,0.3773584905646138,0.3773584905646138,0.3773584905646138,-62.26415094316127,-62.26415094316127,-62.26415094316127,-0.3773584905646138,-0.3773584905646138,-0.3773584905646138,3.773584905646138e-10,3.773584905646138e-10,3.773584905646138e-10,-1.132075471693841,-62.26415094316127,1.132075471693841,0,-0.3773584905646138,-0.3773584905646138,-0.3773584905646138,0,0,0,0.3773584905646138,0.3773584905646138,0.3773584905646138,3.773584905646138e-10,3.773584905646138e-10,3.773584905646138e-10
19.5,62.26415094353862,62.26415094353862,62.26415094353862,-37.73584905646138,-37.73584905646138,-37.73584905646138,1.110223024625157e-16,0,1.132075471693841,55,62.26415094316127,0.3773584905646138,0.3773584905646138,0.3773584905646138,1e-09,1e-09,1e-09,3.773584905646138e-10,3.773584905646138e-10,3.773584905646138e-10,80,0.9,11,3,1,1,1,1,2,2,2,1,1,1,3,-0.3773584905646138,-0.3773584905646138,-0.3773584905646138,0.3773584905646138,0.3773584905646138,0.3773584905646138,-62.26415094316127,-62.26415094316127,-62.26415094316127,-0.3773584905646138,-0.3773584905646138,-0.3773584905646138,3.773584905646138e-10,3.773584905646138e-10,3.773584905646138e-10,-1.132075471693841,-62.26415094316127,1.132075471693841,0,-0.3773584905646138,-0.3773584905646138,-0.3773584905646138,0,0,0,0.3773584905646138,0.3773584905646138,0.3773584905646138,3.773584905646138e-10,3.773584905646138e-10,3.773584905646138e-10
19.6,62.26415094353862,62.26415094353862,62.26415094353862,-37.73584905646138,-37.73584905646138,-37.73584905646138,1.110223024625157e-16,0,1.132075471693841,55,62.26415094316127,0.3773584905646138,0.3773584905646138,0.3773584905646138,1e-09,1e-09,1e-09,3.773584905646138e-10,3.773584905646138e-10,3.773584905646138e-10,80,0.9,11,3,1,1,1,1,2,2,2,1,1,1,3,-0.3773584905646138,-0.3773584905646138,-0.3773584905646138,0.3773584905646138,0.3773584905646138,0.3773584905646138,-62.26415094316127,-62.26415094316127,-62.26415094316127,-0.3773584905646138,-0.3773584905646138,-0.3773584905646138,3.773584905646138e-10,3.773584905646138e-10,3.773584905646138e-10,-1.132075471693841,-62.26415094316127,1.132075471693841,0,-0.3773584905646138,-0.3773584905646138,-0.3773584905646138,0,0,0,0.3773584905646138,0.3773584905646138,0.3773584905646138,3.773584905646138e-10,3.773584905646138e-10,3.773584905646138e-10
19.7,62.26415094353862,62.26415094353862,62.26415094353862,-37.73584905646138,-37.73584905646138,-37.73584905646138,1.110223024625157e-16,0,1.132075471693841,55,62.26415094316127,0.3773584905646138,0.3773584905646138,0.3773584905646138,1e-09,1e-09,1e-09,3.773584905646138e-10,3.773584905646138e-10,3.773584905646138e-10,80,0.9,11,3,1,1,1,1,2,2,2,1,1,1,3,-0.3773584905646138,-0.3773584905646138,-0.3773584905646138,0.3773584905646138,0.3773584905646138,0.3773584905646138,-62.26415094316127,-62.26415094316127,-62.26415094316127,-0.3773584905646138,-0.3773584905646138,-0.3773584905646138,3.773584905646138e-10,3.773584905646138e-10,3.773584905646138e-10,-1.132075471693841,-62.26415094316127,1.132075471693841,0,-0.3773584905646138,-0.3773584905646138,-0.3773584905646138,0,0,0,0.3773584905646138,0.3773584905646138,0.3773584905646138,3.773584905646138e-10,3.773584905646138e-10,3.773584905646138e-10
19.8,62.26415094353862,62.26415094353862,62.26415094353862,-37.73584905646138,-37.73584905646138,-37.73584905646138,1.110223024625157e-16,0,1.132075471693841,55,62.26415094316127,0.3773584905646138,0.3773584905646138,0.3773584905646138,1e-09,1e-09,1e-09,3.773584905646138e-10,3.773584905646138e-10,3.773584905646138e-10,80,0.9,11,3,1,1,1,1,2,2,2,1,1,1,3,-0.3773584905646138,-0.3773584905646138,-0.3773584905646138,0.3773584905646138,0.3773584905646138,0.3773584905646138,-62.26415094316127,-62.26415094316127,-62.26415094316127,-0.3773584905646138,-0.3773584905646138,-0.3773584905646138,3.773584905646138e-10,3.773584905646138e-10,3.773584905646138e-10,-1.132075471693841,-62.26415094316127,1.132075471693841,0,-0.3773584905646138,-0.3773584905646138,-0.3773584905646138,0,0,0,0.3773584905646138,0.3773584905646138,0.3773584905646138,3.773584905646138e-10,3.773584905646138e-10,3.773584905646138e-10
19.9,62.26415094353862,62.26415094353862,62.26415094353862,-37.73584905646138,-37.73584905646138,-37.73584905646138,1.110223024625157e-16,0,1.132075471693841,55,62.26415094316127,0.3773584905646138,0.3773584905646138,0.3773584905646138,1e-09,1e-09,1e-09,3.773584905646138e-10,3.773584905646138e-10,3.773584905646138e-10,80,0.9,11,3,1,1,1,1,2,2,2,1,1,1,3,-0.3773584905646138,-0.3773584905646138,-0.3773584905646138,0.3773584905646138,0.3773584905646138,0.3773584905646138,-62.26415094316127,-62.26415094316127,-62.26415094316127,-0.3773584905646138,-0.3773584905646138,-0.3773584905646138,3.773584905646138e-10,3.773584905646138e-10,3.773584905646138e-10,-1.132075471693841,-62.26415094316127,1.132075471693841,0,-0.3773584905646138,-0.3773584905646138,-0.3773584905646138,0,0,0,0.3773584905646138,0.3773584905646138,0.3773584905646138,3.773584905646138e-10,3.773584905646138e-10,3.773584905646138e-10
20,62.26415094353862,62.26415094353862,62.26415094353862,-37.73584905646138,-37.73584905646138,-37.73584905646138,1.110223024625157e-16,0,1.132075471693841,55,62.26415094316127,0.3773584905646138,0.3773584905646138,0.3773584905646138,1e-09,1e-09,1e-09,3.773584905646138e-10,3.773584905646138e-10,3.773584905646138e-10,80,0.9,11,3,1,1,1,1,2,2,2,1,1,1,3,-0.3773584905646138,-0.3773584905646138,-0.3773584905646138,0.3773584905646138,0.3773584905646138,0.3773584905646138,-62.26415094316127,-62.26415094316127,-62.26415094316127,-0.3773584905646138,-0.3773584905646138,-0.3773584905646138,3.773584905646138e-10,3.773584905646138e-10,3.773584905646138e-10,-1.132075471693841,-62.26415094316127,1.132075471693841,0,-0.3773584905646138,-0.3773584905646138,-0.3773584905646138,0,0,0,0.3773584905646138,0.3773584905646138,0.3773584905646138,3.773584905646138e-10,3.773584905646138e-10,3.773584905646138e-10
20.00000000400033,62.26415094353862,62.26415094353862,62.26415094353862,-37.73584905646138,-37.73584905646138,-37.73584905646138,1.110223024625157e-16,0,1.132075471693841,55,62.26415094316127,0.3773584905646138,0.3773584905646138,0.3773584905646138,1e-09,1e-09,1e-09,3.773584905646138e-10,3.773584905646138e-10,3.773584905646138e-10,80,0.9,11,3,1,1,1,1,2,2,2,1,1,1,3,-0.3773584905646138,-0.3773584905646138,-0.3773584905646138,0.3773584905646138,0.3773584905646138,0.3773584905646138,-62.26415094316127,-62.26415094316127,-62.26415094316127,-0.3773584905646138,-0.3773584905646138,-0.3773584905646138,3.773584905646138e-10,3.773584905646138e-10,3.773584905646138e-10,-1.132075471693841,-62.26415094316127,1.132075471693841,0,-0.3773584905646138,-0.3773584905646138,-0.3773584905646138,0,0,0,0.3773584905646138,0.3773584905646138,0.3773584905646138,3.773584905646138e-10,3.773584905646138e-10,3.773584905646138e-10
20.00000000400033,78.4946270322129,99.99999784946291,99.99999784946291,-21.50537295574267,-2.150537081746506e-06,-2.150537081746506e-06,0,0,0.2150537725681683,365,78.49462703199785,0.2150537295574267,2.150537081746506e-08,2.150537081746506e-08,1e-09,1000000000,1000000000,2.150537295574267e-10,21.50537081746506,21.50537081746506,80,0.9,73,3,1,1,1,1,2,1,1,1,1,1,1,-0.2150537295574267,-2.150537081746506e-08,-2.150537081746506e-08,0.2150537295574267,2.150537081746506e-08,2.150537081746506e-08,-78.49462703199785,-78.49462703199785,-78.49462703199785,-0.2150537295574267,-2.150537081746506e-08,-2.150537081746506e-08,2.150537295574267e-10,21.50537081746506,21.50537081746506,-0.2150537725681683,-78.49462703199785,0.2150537725681683,0,-0.2150537295574267,-2.150537081746506e-08,-2.150537081746506e-08,0,0,0,0.2150537295574267,2.150537081746506e-08,2.150537081746506e-08,2.150537295574267e-10,21.50537081746506,21.50537081746506
20.1,78.4946270320722,99.99999784946291,99.99999784946291,-21.50537296792779,-2.150537081760577e-06,-2.150537081760577e-06,0,0,0.2150537726900196,365,78.49462703185715,0.2150537296792779,2.150537081760577e-08,2.150537081760577e-08,1e-09,1000000000,1000000000,2.15053729679278e-10,21.50537081760577,21.50537081760577,80,0.9,73,3,1,1,1,1,2,1,1,1,1,1,1,-0.2150537296792779,-2.150537081760577e-08,-2.150537081760577e-08,0.2150537296792779,2.150537081760577e-08,2.150537081760577e-08,-78.49462703185715,-78.49462703185715,-78.49462703185715,-0.2150537296792779,-2.150537081760577e-08,-2.150537081760577e-08,2.15053729679278e-10,21.50537081760577,21.50537081760577,-0.2150537726900196,-78.49462703185715,0.2150537726900196,0,-0.2150537296792779,-2.150537081760577e-08,-2.150537081760577e-08,0,0,0,0.2150537296792779,2.150537081760577e-08,2.150537081760577e-08,2.15053729679278e-10,21.50537081760577,21.50537081760577
20.2,78.4946270320722,99.99999784946291,99.99999784946291,-21.50537296792779,-2.150537081760577e-06,-2.150537081760577e-06,0,0,0.2150537726900196,365,78.49462703185715,0.2150537296792779,2.150537081760577e-08,2.150537081760577e-08,1e-09,1000000000,1000000000,2.15053729679278e-10,21.50537081760577,21.50537081760577,80,0.9,73,3,1,1,1,1,2,1,1,1,1,1,1,-0.2150537296792779,-2.150537081760577e-08,-2.150537081760577e-08,0.2150537296792779,2.150537081760577e-08,2.150537081760577e-08,-78.49462703185715,-78.49462703185715,-78.49462703185715,-0.2150537296792779,-2.150537081760577e-08,-2.150537081760577e-08,2.15053729679278e-10,21.50537081760577,21.50537081760577,-0.2150537726900196,-78.49462703185715,0.2150537726900196,0,-0.2150537296792779,-2.150537081760577e-08,-2.150537081760577e-08,0,0,0,0.2150537296792779,2.150537081760577e-08,2.150537081760577e-08,2.15053729679278e-10,21.50537081760577,21.50537081760577
20.3,78.4946270320722,99.99999784946291,99.99999784946291,-21.50537296792779,-2.150537081760577e-06,-2.150537081760577e-06,0,0,0.2150537726900196,365,78.49462703185715,0.2150537296792779,2.150537081760577e-08,2.150537081760577e-08,1e-09,1000000000,1000000000,2.15053729679278e-10,21.50537081760577,21.50537081760577,80,0.9,73,3,1,1,1,1,2,1,1,1,1,1,1,-0.2150537296792779,-2.150537081760577e-08,-2.150537081760577e-08,0.2150537296792779,2.150537081760577e-08,2.150537081760577e-08,-78.49462703185715,-78.49462703185715,-78.49462703185715,-0.2150537296792779,-2.150537081760577e-08,-2.150537081760577e-08,2.15053729679278e-10,21.50537081760577,21.50537081760577,-0.2150537726900196,-78.49462703185715,0.2150537726900196,0,-0.2150537296792779,-2.150537081760577e-08,-2.150537081760577e-08,0,0,0,0.2150537296792779,2.150537081760577e-08,2.150537081760577e-08,2.15053729679278e-10,21.50537081760577,21.50537081760577
20.4,78.4946270320722,99.99999784946291,99.99999784946291,-21.50537296792779,-2.150537081760577e-06,-2.150537081760577e-06,0,0,0.2150537726900196,365,78.49462703185715,0.2150537296792779,2.150537081760577e-08,2.150537081760577e-08,1e-09,1000000000,1000000000,2.15053729679278e-10,21.50537081760577,21.50537081760577,80,0.9,73,3,1,1,1,1,2,1,1,1,1,1,1,-0.2150537296792779,-2.150537081760577e-08,-2.150537081760577e-08,0.2150537296792779,2.150537081760577e-08,2.150537081760577e-08,-78.49462703185715,-78.49462703185715,-78.49462703185715,-0.2150537296792779,-2.150537081760577e-08,-2.150537081760577e-08,2.15053729679278e-10,21.50537081760577,21.50537081760577,-0.2150537726900196,-78.49462703185715,0.2150537726900196,0,-0.2150537296792779,-2.150537081760577e-08,-2.150537081760577e-08,0,0,0,0.2150537296792779,2.150537081760577e-08,2.150537081760577e-08,2.15053729679278e-10,21.50537081760577,21.50537081760577
20.5,78.4946270320722,99.99999784946291,99.99999784946291,-21.50537296792779,-2.150537081760577e-06,-2.150537081760577e-06,0,0,0.2150537726900196,365,78.49462703185715,0.2150537296792779,2.150537081760577e-08,2.150537081760577e-08,1e-09,1000000000,1000000000,2.15053729679278e-10,21.50537081760577,21.50537081760577,80,0.9,73,3,1,1,1,1,2,1,1,1,1,1,1,-0.2150537296792779,-2.150537081760577e-08,-2.150537081760577e-08,0.2150537296792779,2.150537081760577e-08,2.150537081760577e-08,-78.49462703185715,-78.49462703185715,-78.49462703185715,-0.2150537296792779,-2.150537081760577e-08,-2.150537081760577e-08,2.15053729679278e-10,21.50537081760577,21.50537081760577,-0.2150537726900196,-78.49462703185715,0.2150537726900196,0,-0.2150537296792779,-2.150537081760577e-08,-2.150537081760577e-08,0,0,0,0.2150537296792779,2.150537081760577e-08,2.150537081760577e-08,2.15053729679278e-10,21.50537081760577,21.50537081760577
20.6,78.4946270320722,99.99999784946291,99.99999784946291,-21.50537296792779,-2.150537081760577e-06,-2.150537081760577e-06,0,0,0.2150537726900196,365,78.49462703185715,0.2150537296792779,2.150537081760577e-08,2.150537081760577e-08,1e-09,1000000000,1000000000,2.15053729679278e-10,21.50537081760577,21.50537081760577,80,0.9,73,3,1,1,1,1,2,1,1,1,1,1,1,-0.2150537296792779,-2.150537081760577e-08,-2.150537081760577e-08,0.2150537296792779,2.150537081760577e-08,2.150537081760577e-08,-78.49462703185715,-78.49462703185715,-78.49462703185715,-0.2150537296792779,-2.150537081760577e-08,-2.150537081760577e-08,2.15053729679278e-10,21.50537081760577,21.50537081760577,-0.2150537726900196,-78.49462703185715,0.2150537726900196,0,-0.2150537296792779,-2.150537081760577e-08,-2.150537081760577e-08,0,0,0,0.2150537296792779,2.150537081760577e-08,2.150537081760577e-08,2.15053729679278e-10,21.50537081760577,21.50537081760577
20.7,78.4946270320722,99.99999784946291,99.99999784946291,-21.50537296792779,-2.150537081760577e-06,-2.150537081760577e-06,0,0,0.2150537726900196,365,78.49462703185715,0.2150537296792779,2.150537081760577e-08,2.150537081760577e-08,1e-09,1000000000,1000000000,2.15053729679278e-10,21.50537081760577,21.50537081760577,80,0.9,73,3,1,1,1,1,2,1,1,1,1,1,1,-0.2150537296792779,-2.150537081760577e-08,-2.150537081760577e-08,0.2150537296792779,2.150537081760577e-08,2.150537081760577e-08,-78.49462703185715,-78.49462703185715,-78.49462703185715,-0.2150537296792779,-2.150537081760577e-08,-2.150537081760577e-08,2.15053729679278e-10,21.50537081760577,21.50537081760577,-0.2150537726900196,-78.49462703185715,0.2150537726900196,0,-0.2150537296792779,-2.150537081760577e-08,-2.150537081760577e-08,0,0,0,0.2150537296792779,2.150537081760577e-08,2.150537081760577e-08,2.15053729679278e-10,21.50537081760577,21.50537081760577
20.8,78.4946270320722,99.99999784946291,99.99999784946291,-21.50537296792779,-2.150537081760577e-06,-2.150537081760577e-06,0,0,0.2150537726900196,365,78.49462703185715,0.2150537296792779,2.150537081760577e-08,2.150537081760577e-08,1e-09,1000000000,1000000000,2.15053729679278e-10,21.50537081760577,21.50537081760577,80,0.9,73,3,1,1,1,1,2,1,1,1,1,1,1,-0.2150537296792779,-2.150537081760577e-08,-2.150537081760577e-08,0.2150537296792779,2.150537081760577e-08,2.150537081760577e-08,-78.49462703185715,-78.49462703185715,-78.49462703185715,-0.2150537296792779,-2.150537081760577e-08,-2.150537081760577e-08,2.15053729679278e-10,21.50537081760577,21.50537081760577,-0.2150537726900196,-78.49462703185715,0.2150537726900196,0,-0.2150537296792779,-2.150537081760577e-08,-2.150537081760577e-08,0,0,0,0.2150537296792779,2.150537081760577e-08,2.150537081760577e-08,2.15053729679278e-10,21.50537081760577,21.50537081760577
20.9,78.4946270320722,99.99999784946291,99.99999784946291,-21.50537296792779,-2.150537081760577e-06,-2.150537081760577e-06,0,0,0.2150537726900196,365,78.49462703185715,0.2150537296792779,2.150537081760577e-08,2.150537081760577e-08,1e-09,1000000000,1000000000,2.15053729679278e-10,21.50537081760577,21.50537081760577,80,0.9,73,3,1,1,1,1,2,1,1,1,1,1,1,-0.2150537296792779,-2.150537081760577e-08,-2.150537081760577e-08,0.2150537296792779,2.150537081760577e-08,2.150537081760577e-08,-78.49462703185715,-78.49462703185715,-78.49462703185715,-0.2150537296792779,-2.150537081760577e-08,-2.150537081760577e-08,2.15053729679278e-10,21.50537081760577,21.50537081760577,-0.2150537726900196,-78.49462703185715,0.2150537726900196,0,-0.2150537296792779,-2.150537081760577e-08,-2.150537081760577e-08,0,0,0,0.2150537296792779,2.150537081760577e-08,2.150537081760577e-08,2.15053729679278e-10,21.50537081760577,21.50537081760577
21,78.4946270320722,99.99999784946291,99.99999784946291,-21.50537296792779,-2.150537081760577e-06,-2.150537081760577e-06,0,0,0.2150537726900196,365,78.49462703185715,0.2150537296792779,2.150537081760577e-08,2.150537081760577e-08,1e-09,1000000000,1000000000,2.15053729679278e-10,21.50537081760577,21.50537081760577,80,0.9,73,3,1,1,1,1,2,1,1,1,1,1,1,-0.2150537296792779,-2.150537081760577e-08,-2.150537081760577e-08,0.2150537296792779,2.150537081760577e-08,2.150537081760577e-08,-78.49462703185715,-78.49462703185715,-78.49462703185715,-0.2150537296792779,-2.150537081760577e-08,-2.150537081760577e-08,2.15053729679278e-10,21.50537081760577,21.50537081760577,-0.2150537726900196,-78.49462703185715,0.2150537726900196,0,-0.2150537296792779,-2.150537081760577e-08,-2.150537081760577e-08,0,0,0,0.2150537296792779,2.150537081760577e-08,2.150537081760577e-08,2.15053729679278e-10,21.50537081760577,21.50537081760577
21.00000000420041,78.4946270320722,99.99999784946291,99.99999784946291,-21.50537296792779,-2.150537081760577e-06,-2.150537081760577e-06,0,0,0.2150537726900196,365,78.49462703185715,0.2150537296792779,2.150537081760577e-08,2.150537081760577e-08,1e-09,1000000000,1000000000,2.15053729679278e-10,21.50537081760577,21.50537081760577,80,0.9,73,3,1,1,1,1,2,1,1,1,1,1,1,-0.2150537296792779,-2.150537081760577e-08,-2.150537081760577e-08,0.2150537296792779,2.150537081760577e-08,2.150537081760577e-08,-78.49462703185715,-78.49462703185715,-78.49462703185715,-0.2150537296792779,-2.150537081760577e-08,-2.150537081760577e-08,2.15053729679278e-10,21.50537081760577,21.50537081760577,-0.2150537726900196,-78.49462703185715,0.2150537726900196,0,-0.2150537296792779,-2.150537081760577e-08,-2.150537081760577e-08,0,0,0,0.2150537296792779,2.150537081760577e-08,2.150537081760577e-08,2.15053729679278e-10,21.50537081760577,21.50537081760577
21.00000000420041,77.77777864202456,77.77777864202456,99.99999777777809,-22.22222135797543,-22.22222135797543,-2.222221913597574e-06,2.775557561562891e-17,0,0.4444444493817277,175,77.77777864180234,0.2222222135797543,0.2222222135797543,2.222221913597574e-08,1e-09,1e-09,1000000000,2.222222135797543e-10,2.222222135797543e-10,22.22221913597574,80,0.9,35,3,1,1,1,1,2,2,1,1,1,1,2,-0.2222222135797543,-0.2222222135797543,-2.222221913597574e-08,0.2222222135797543,0.2222222135797543,2.222221913597574e-08,-77.77777864180234,-77.77777864180234,-77.77777864180234,-0.2222222135797543,-0.2222222135797543,-2.222221913597574e-08,2.222222135797543e-10,2.222222135797543e-10,22.22221913597574,-0.4444444493817277,-77.77777864180234,0.4444444493817277,0,-0.2222222135797543,-0.2222222135797543,-2.222221913597574e-08,0,0,0,0.2222222135797543,0.2222222135797543,2.222221913597574e-08,2.222222135797543e-10,2.222222135797543e-10,22.22221913597574
21.1,77.77777864202457,77.77777864202457,99.99999777777809,-22.22222135797543,-22.22222135797543,-2.222221913597573e-06,-2.775557561562891e-17,0,0.4444444493817278,175,77.77777864180236,0.2222222135797543,0.2222222135797543,2.222221913597573e-08,1e-09,1e-09,1000000000,2.222222135797543e-10,2.222222135797543e-10,22.22221913597573,80,0.9,35,3,1,1,1,1,2,2,1,1,1,1,2,-0.2222222135797543,-0.2222222135797543,-2.222221913597573e-08,0.2222222135797543,0.2222222135797543,2.222221913597573e-08,-77.77777864180236,-77.77777864180236,-77.77777864180236,-0.2222222135797543,-0.2222222135797543,-2.222221913597573e-08,2.222222135797543e-10,2.222222135797543e-10,22.22221913597573,-0.4444444493817278,-77.77777864180236,0.4444444493817278,0,-0.2222222135797543,-0.2222222135797543,-2.222221913597573e-08,0,0,0,0.2222222135797543,0.2222222135797543,2.222221913597573e-08,2.222222135797543e-10,2.222222135797543e-10,22.22221913597573
21.2,77.77777864202457,77.77777864202457,99.99999777777809,-22.22222135797543,-22.22222135797543,-2.222221913597573e-06,-2.775557561562891e-17,0,0.4444444493817278,175,77.77777864180236,0.2222222135797543,0.2222222135797543,2.222221913597573e-08,1e-09,1e-09,1000000000,2.222222135797543e-10,2.222222135797543e-10,22.22221913597573,80,0.9,35,3,1,1,1,1,2,2,1,1,1,1,2,-0.2222222135797543,-0.2222222135797543,-2.222221913597573e-08,0.2222222135797543,0.2222222135797543,2.222221913597573e-08,-77.77777864180236,-77.77777864180236,-77.77777864180236,-0.2222222135797543,-0.2222222135797543,-2.222221913597573e-08,2.222222135797543e-10,2.222222135797543e-10,22.22221913597573,-0.4444444493817278,-77.77777864180236,0.4444444493817278,0,-0.2222222135797543,-0.2222222135797543,-2.222221913597573e-08,0,0,0,0.2222222135797543,0.2222222135797543,2.222221913597573e-08,2.222222135797543e-10,2.222222135797543e-10,22.22221913597573
21.3,77.77777864202457,77.77777864202457,99.99999777777809,-22.22222135797543,-22.22222135797543,-2.222221913597573e-06,-2.775557561562891e-17,0,0.4444444493817278,175,77.77777864180236,0.2222222135797543,0.2222222135797543,2.222221913597573e-08,1e-09,1e-09,1000000000,2.222222135797543e-10,2.222222135797543e-10,22.22221913597573,80,0.9,35,3,1,1,1,1,2,2,1,1,1,1,2,-0.2222222135797543,-0.2222222135797543,-2.222221913597573e-08,0.2222222135797543,0.2222222135797543,2.222221913597573e-08,-77.77777864180236,-77.77777864180236,-77.77777864180236,-0.2222222135797543,-0.2222222135797543,-2.222221913597573e-08,2.222222135797543e-10,2.222222135797543e-10,22.22221913597573,-0.4444444493817278,-77.77777864180236,0.4444444493817278,0,-0.2222222135797543,-0.2222222135797543,-2.222221913597573e-08,0,0,0,0.2222222135797543,0.2222222135797543,2.222221913597573e-08,2.222222135797543e-10,2.222222135797543e-10,22.22221913597573
21.4,77.77777864202457,77.77777864202457,99.99999777777809,-22.22222135797543,-22.22222135797543,-2.222221913597573e-06,-2.775557561562891e-17,0,0.4444444493817278,175,77.77777864180236,0.2222222135797543,0.2222222135797543,2.222221913597573e-08,1e-09,1e-09,1000000000,2.222222135797543e-10,2.222222135797543e-10,22.22221913597573,80,0.9,35,3,1,1,1,1,2,2,1,1,1,1,2,-0.2222222135797543,-0.2222222135797543,-2.222221913597573e-08,0.2222222135797543,0.2222222135797543,2.222221913597573e-08,-77.77777864180236,-77.77777864180236,-77.77777864180236,-0.2222222135797543,-0.2222222135797543,-2.222221913597573e-08,2.222222135797543e-10,2.222222135797543e-10,22.22221913597573,-0.4444444493817278,-77.77777864180236,0.4444444493817278,0,-0.2222222135797543,-0.2222222135797543,-2.222221913597573e-08,0,0,0,0.2222222135797543,0.2222222135797543,2.222221913597573e-08,2.222222135797543e-10,2.222222135797543e-10,22.22221913597573
21.5,77.77777864202457,77.77777864202457,99.99999777777809,-22.22222135797543,-22.22222135797543,-2.222221913597573e-06,-2.775557561562891e-17,0,0.4444444493817278,175,77.77777864180236,0.2222222135797543,0.2222222135797543,2.222221913597573e-08,1e-09,1e-09,1000000000,2.222222135797543e-10,2.222222135797543e-10,22.22221913597573,80,0.9,35,3,1,1,1,1,2,2,1,1,1,1,2,-0.2222222135797543,-0.2222222135797543,-2.222221913597573e-08,0.2222222135797543,0.2222222135797543,2.222221913597573e-08,-77.77777864180236,-77.77777864180236,-77.77777864180236,-0.2222222135797543,-0.2222222135797543,-2.222221913597573e-08,2.222222135797543e-10,2.222222135797543e-10,22.22221913597573,-0.4444444493817278,-77.77777864180236,0.4444444493817278,0,-0.2222222135797543,-0.2222222135797543,-2.222221913597573e-08,0,0,0,0.2222222135797543,0.2222222135797543,2.222221913597573e-08,2.222222135797543e-10,2.222222135797543e-10,22.22221913597573
21.6,77.77777864202457,77.77777864202457,99.99999777777809,-22.22222135797543,-22.22222135797543,-2.222221913597573e-06,-2.775557561562891e-17,0,0.4444444493817278,175,77.77777864180236,0.2222222135797543,0.2222222135797543,2.222221913597573e-08,1e-09,1e-09,1000000000,2.222222135797543e-10,2.222222135797543e-10,22.22221913597573,80,0.9,35,3,1,1,1,1,2,2,1,1,1,1,2,-0.2222222135797543,-0.2222222135797543,-2.222221913597573e-08,0.2222222135797543,0.2222222135797543,2.222221913597573e-08,-77.77777864180236,-77.77777864180236,-77.77777864180236,-0.2222222135797543,-0.2222222135797543,-2.222221913597573e-08,2.222222135797543e-10,2.222222135797543e-10,22.22221913597573,-0.4444444493817278,-77.77777864180236,0.4444444493817278,0,-0.2222222135797543,-0.2222222135797543,-2.222221913597573e-08,0,0,0,0.2222222135797543,0.2222222135797543,2.222221913597573e-08,2.222222135797543e-10,2.222222135797543e-10,22.22221913597573
21.7,77.77777864202457,77.77777864202457,99.99999777777809,-22.22222135797543,-22.22222135797543,-2.222221913597573e-06,-2.775557561562891e-17,0,0.4444444493817278,175,77.77777864180236,0.2222222135797543,0.2222222135797543,2.222221913597573e-08,1e-09,1e-09,1000000000,2.222222135797543e-10,2.222222135797543e-10,22.22221913597573,80,0.9,35,3,1,1,1,1,2,2,1,1,1,1,2,-0.2222222135797543,-0.2222222135797543,-2.222221913597573e-08,0.2222222135797543,0.2222222135797543,2.222221913597573e-08,-77.77777864180236,-77.77777864180236,-77.77777864180236,-0.2222222135797543,-0.2222222135797543,-2.222221913597573e-08,2.222222135797543e-10,2.222222135797543e-10,22.22221913597573,-0.4444444493817278,-77.77777864180236,0.4444444493817278,0,-0.2222222135797543,-0.2222222135797543,-2.222221913597573e-08,0,0,0,0.2222222135797543,0.2222222135797543,2.222221913597573e-08,2.222222135797543e-10,2.222222135797543e-10,22.22221913597573
21.8,77.77777864202457,77.77777864202457,99.99999777777809,-22.22222135797543,-22.22222135797543,-2.222221913597573e-06,-2.775557561562891e-17,0,0.4444444493817278,175,77.77777864180236,0.2222222135797543,0.2222222135797543,2.222221913597573e-08,1e-09,1e-09,1000000000,2.222222135797543e-10,2.222222135797543e-10,22.22221913597573,80,0.9,35,3,1,1,1,1,2,2,1,1,1,1,2,-0.2222222135797543,-0.2222222135797543,-2.222221913597573e-08,0.2222222135797543,0.2222222135797543,2.222221913597573e-08,-77.77777864180236,-77.77777864180236,-77.77777864180236,-0.2222222135797543,-0.2222222135797543,-2.222221913597573e-08,2.222222135797543e-10,2.222222135797543e-10,22.22221913597573,-0.4444444493817278,-77.77777864180236,0.4444444493817278,0,-0.2222222135797543,-0.2222222135797543,-2.222221913597573e-08,0,0,0,0.2222222135797543,0.2222222135797543,2.222221913597573e-08,2.222222135797543e-10,2.222222135797543e-10,22.22221913597573
21.9,77.77777864202457,77.77777864202457,99.99999777777809,-22.22222135797543,-22.22222135797543,-2.222221913597573e-06,-2.775557561562891e-17,0,0.4444444493817278,175,77.77777864180236,0.2222222135797543,0.2222222135797543,2.222221913597573e-08,1e-09,1e-09,1000000000,2.222222135797543e-10,2.222222135797543e-10,22.22221913597573,80,0.9,35,3,1,1,1,1,2,2,1,1,1,1,2,-0.2222222135797543,-0.2222222135797543,-2.222221913597573e-08,0.2222222135797543,0.2222222135797543,2.222221913597573e-08,-77.77777864180236,-77.77777864180236,-77.77777864180236,-0.2222222135797543,-0.2222222135797543,-2.222221913597573e-08,2.222222135797543e-10,2.222222135797543e-10,22.22221913597573,-0.4444444493817278,-77.77777864180236,0.4444444493817278,0,-0.2222222135797543,-0.2222222135797543,-2.222221913597573e-08,0,0,0,0.2222222135797543,0.2222222135797543,2.222221913597573e-08,2.222222135797543e-10,2.222222135797543e-10,22.22221913597573
22,77.77777864202457,77.77777864202457,99.99999777777809,-22.22222135797543,-22.22222135797543,-2.222221913597573e-06,-2.775557561562891e-17,0,0.4444444493817278,175,77.77777864180236,0.2222222135797543,0.2222222135797543,2.222221913597573e-08,1e-09,1e-09,1000000000,2.222222135797543e-10,2.222222135797543e-10,22.22221913597573,80,0.9,35,3,1,1,1,1,2,2,1,1,1,1,2,-0.2222222135797543,-0.2222222135797543,-2.222221913597573e-08,0.2222222135797543,0.2222222135797543,2.222221913597573e-08,-77.77777864180236,-77.77777864180236,-77.77777864180236,-0.2222222135797543,-0.2222222135797543,-2.222221913597573e-08,2.222222135797543e-10,2.222222135797543e-10,22.22221913597573,-0.4444444493817278,-77.77777864180236,0.4444444493817278,0,-0.2222222135797543,-0.2222222135797543,-2.222221913597573e-08,0,0,0,0.2222222135797543,0.2222222135797543,2.222221913597573e-08,2.222222135797543e-10,2.222222135797543e-10,22.22221913597573
22.0000000044005,77.77777864202457,77.77777864202457,99.99999777777809,-22.22222135797543,-22.22222135797543,-2.222221913597573e-06,-2.775557561562891e-17,0,0.4444444493817278,175,77.77777864180236,0.2222222135797543,0.2222222135797543,2.222221913597573e-08,1e-09,1e-09,1000000000,2.222222135797543e-10,2.222222135797543e-10,22.22221913597573,80,0.9,35,3,1,1,1,1,2,2,1,1,1,1,2,-0.2222222135797543,-0.2222222135797543,-2.222221913597573e-08,0.2222222135797543,0.2222222135797543,2.222221913597573e-08,-77.77777864180236,-77.77777864180236,-77.77777864180236,-0.2222222135797543,-0.2222222135797543,-2.222221913597573e-08,2.222222135797543e-10,2.222222135797543e-10,22.22221913597573,-0.4444444493817278,-77.77777864180236,0.4444444493817278,0,-0.2222222135797543,-0.2222222135797543,-2.222221913597573e-08,0,0,0,0.2222222135797543,0.2222222135797543,2.222221913597573e-08,2.222222135797543e-10,2.222222135797543e-10,22.22221913597573
22.0000000044005,82.14286007656173,99.99999823343452,99.99999821428618,-17.85713992343827,-1.785713815705137e-06,-1.785713813790302e-06,0,0,0.178571434948659,460,82.14286007638316,0.1785713992343827,1.785713815705137e-08,1.785713813790302e-08,1e-09,1000000000,1000000000,1.785713992343827e-10,17.85713815705137,17.85713813790302,80,0.9,92,3,1,1,1,1,2,1,1,1,1,1,1,-0.1785713992343827,-1.785713815705137e-08,-1.785713813790302e-08,0.1785713992343827,1.785713815705137e-08,1.785713813790302e-08,-82.14286007638316,-82.14286007638316,-82.14286007638316,-0.1785713992343827,-1.785713815705137e-08,-1.785713813790302e-08,1.785713992343827e-10,17.85713815705137,17.85713813790302,-0.178571434948659,-82.14286007638316,0.178571434948659,0,-0.1785713992343827,-1.785713815705137e-08,-1.785713813790302e-08,0,0,0,0.1785713992343827,1.785713815705137e-08,1.785713813790302e-08,1.785713992343827e-10,17.85713815705137,17.85713813790302
22.1,82.14286007656173,99.99999821428619,99.99999821428618,-17.85713992343828,-1.785713813790303e-06,-1.785713813790303e-06,-2.775557561562891e-17,0,0.178571434948659,460,82.14286007638316,0.1785713992343828,1.785713813790303e-08,1.785713813790303e-08,1e-09,1000000000,1000000000,1.785713992343828e-10,17.85713813790303,17.85713813790302,80,0.9,92,3,1,1,1,1,2,1,1,1,1,1,1,-0.1785713992343828,-1.785713813790303e-08,-1.785713813790303e-08,0.1785713992343828,1.785713813790303e-08,1.785713813790303e-08,-82.14286007638316,-82.14286007638316,-82.14286007638316,-0.1785713992343828,-1.785713813790303e-08,-1.785713813790303e-08,1.785713992343828e-10,17.85713813790303,17.85713813790302,-0.178571434948659,-82.14286007638316,0.178571434948659,0,-0.1785713992343828,-1.785713813790303e-08,-1.785713813790303e-08,0,0,0,0.1785713992343828,1.785713813790303e-08,1.785713813790303e-08,1.785713992343828e-10,17.85713813790303,17.85713813790302
22.2,82.14286007656173,99.99999821428617,99.99999821428618,-17.85713992343828,-1.785713813790302e-06,-1.785713813790303e-06,-2.775557561562891e-17,0,0.178571434948659,460,82.14286007638316,0.1785713992343828,1.785713813790302e-08,1.785713813790303e-08,1e-09,1000000000,1000000000,1.785713992343828e-10,17.85713813790301,17.85713813790302,80,0.9,92,3,1,1,1,1,2,1,1,1,1,1,1,-0.1785713992343828,-1.785713813790302e-08,-1.785713813790303e-08,0.1785713992343828,1.785713813790302e-08,1.785713813790303e-08,-82.14286007638316,-82.14286007638316,-82.14286007638316,-0.1785713992343828,-1.785713813790302e-08,-1.785713813790303e-08,1.785713992343828e-10,17.85713813790301,17.85713813790302,-0.178571434948659,-82.14286007638316,0.178571434948659,0,-0.1785713992343828,-1.785713813790302e-08,-1.785713813790303e-08,0,0,0,0.1785713992343828,1.785713813790302e-08,1.785713813790303e-08,1.785713992343828e-10,17.85713813790301,17.85713813790302
22.3,82.14286007656173,99.99999821428619,99.99999821428618,-17.85713992343828,-1.785713813790303e-06,-1.785713813790303e-06,-2.775557561562891e-17,0,0.178571434948659,460,82.14286007638316,0.1785713992343828,1.785713813790303e-08,1.785713813790303e-08,1e-09,1000000000,1000000000,1.785713992343828e-10,17.85713813790303,17.85713813790302,80,0.9,92,3,1,1,1,1,2,1,1,1,1,1,1,-0.1785713992343828,-1.785713813790303e-08,-1.785713813790303e-08,0.1785713992343828,1.785713813790303e-08,1.785713813790303e-08,-82.14286007638316,-82.14286007638316,-82.14286007638316,-0.1785713992343828,-1.785713813790303e-08,-1.785713813790303e-08,1.785713992343828e-10,17.85713813790303,17.85713813790302,-0.178571434948659,-82.14286007638316,0.178571434948659,0,-0.1785713992343828,-1.785713813790303e-08,-1.785713813790303e-08,0,0,0,0.1785713992343828,1.785713813790303e-08,1.785713813790303e-08,1.785713992343828e-10,17.85713813790303,17.85713813790302
22.4,82.14286007656173,99.99999821428617,99.99999821428618,-17.85713992343828,-1.785713813790302e-06,-1.785713813790303e-06,-2.775557561562891e-17,0,0.178571434948659,460,82.14286007638316,0.1785713992343828,1.785713813790302e-08,1.785713813790303e-08,1e-09,1000000000,1000000000,1.785713992343828e-10,17.85713813790301,17.85713813790302,80,0.9,92,3,1,1,1,1,2,1,1,1,1,1,1,-0.1785713992343828,-1.785713813790302e-08,-1.785713813790303e-08,0.1785713992343828,1.785713813790302e-08,1.785713813790303e-08,-82.14286007638316,-82.14286007638316,-82.14286007638316,-0.1785713992343828,-1.785713813790302e-08,-1.785713813790303e-08,1.785713992343828e-10,17.85713813790301,17.85713813790302,-0.178571434948659,-82.14286007638316,0.178571434948659,0,-0.1785713992343828,-1.785713813790302e-08,-1.785713813790303e-08,0,0,0,0.1785713992343828,1.785713813790302e-08,1.785713813790303e-08,1.785713992343828e-10,17.85713813790301,17.85713813790302
22.5,82.14286007656173,99.99999821428619,99.99999821428618,-17.85713992343828,-1.785713813790303e-06,-1.785713813790303e-06,-2.775557561562891e-17,0,0.178571434948659,460,82.14286007638316,0.1785713992343828,1.785713813790303e-08,1.785713813790303e-08,1e-09,1000000000,1000000000,1.785713992343828e-10,17.85713813790303,17.85713813790302,80,0.9,92,3,1,1,1,1,2,1,1,1,1,1,1,-0.1785713992343828,-1.785713813790303e-08,-1.785713813790303e-08,0.1785713992343828,1.785713813790303e-08,1.785713813790303e-08,-82.14286007638316,-82.14286007638316,-82.14286007638316,-0.1785713992343828,-1.785713813790303e-08,-1.785713813790303e-08,1.785713992343828e-10,17.85713813790303,17.85713813790302,-0.178571434948659,-82.14286007638316,0.178571434948659,0,-0.1785713992343828,-1.785713813790303e-08,-1.785713813790303e-08,0,0,0,0.1785713992343828,1.785713813790303e-08,1.785713813790303e-08,1.785713992343828e-10,17.85713813790303,17.85713813790302
22.6,82.14286007656173,99.99999821428617,99.99999821428618,-17.85713992343828,-1.785713813790302e-06,-1.785713813790303e-06,-2.775557561562891e-17,0,0.178571434948659,460,82.14286007638316,0.1785713992343828,1.785713813790302e-08,1.785713813790303e-08,1e-09,1000000000,1000000000,1.785713992343828e-10,17.85713813790301,17.85713813790302,80,0.9,92,3,1,1,1,1,2,1,1,1,1,1,1,-0.1785713992343828,-1.785713813790302e-08,-1.785713813790303e-08,0.1785713992343828,1.785713813790302e-08,1.785713813790303e-08,-82.14286007638316,-82.14286007638316,-82.14286007638316,-0.1785713992343828,-1.785713813790302e-08,-1.785713813790303e-08,1.785713992343828e-10,17.85713813790301,17.85713813790302,-0.178571434948659,-82.14286007638316,0.178571434948659,0,-0.1785713992343828,-1.785713813790302e-08,-1.785713813790303e-08,0,0,0,0.1785713992343828,1.785713813790302e-08,1.785713813790303e-08,1.785713992343828e-10,17.85713813790301,17.85713813790302
22.7,82.14286007656173,99.99999821428619,99.99999821428618,-17.85713992343828,-1.785713813790303e-06,-1.785713813790303e-06,-2.775557561562891e-17,0,0.178571434948659,460,82.14286007638316,0.1785713992343828,1.785713813790303e-08,1.785713813790303e-08,1e-09,1000000000,1000000000,1.785713992343828e-10,17.85713813790303,17.85713813790302,80,0.9,92,3,1,1,1,1,2,1,1,1,1,1,1,-0.1785713992343828,-1.785713813790303e-08,-1.785713813790303e-08,0.1785713992343828,1.785713813790303e-08,1.785713813790303e-08,-82.14286007638316,-82.14286007638316,-82.14286007638316,-0.1785713992343828,-1.785713813790303e-08,-1.785713813790303e-08,1.785713992343828e-10,17.85713813790303,17.85713813790302,-0.178571434948659,-82.14286007638316,0.178571434948659,0,-0.1785713992343828,-1.785713813790303e-08,-1.785713813790303e-08,0,0,0,0.1785713992343828,1.785713813790303e-08,1.785713813790303e-08,1.785713992343828e-10,17.85713813790303,17.85713813790302
22.8,82.14286007656173,99.99999821428617,99.99999821428618,-17.85713992343828,-1.785713813790302e-06,-1.785713813790303e-06,-2.775557561562891e-17,0,0.178571434948659,460,82.14286007638316,0.1785713992343828,1.785713813790302e-08,1.785713813790303e-08,1e-09,1000000000,1000000000,1.785713992343828e-10,17.85713813790301,17.85713813790302,80,0.9,92,3,1,1,1,1,2,1,1,1,1,1,1,-0.1785713992343828,-1.785713813790302e-08,-1.785713813790303e-08,0.1785713992343828,1.785713813790302e-08,1.785713813790303e-08,-82.14286007638316,-82.14286007638316,-82.14286007638316,-0.1785713992343828,-1.785713813790302e-08,-1.785713813790303e-08,1.785713992343828e-10,17.85713813790301,17.85713813790302,-0.178571434948659,-82.14286007638316,0.178571434948659,0,-0.1785713992343828,-1.785713813790302e-08,-1.785713813790303e-08,0,0,0,0.1785713992343828,1.785713813790302e-08,1.785713813790303e-08,1.785713992343828e-10,17.85713813790301,17.85713813790302
22.9,82.14286007656173,99.99999821428619,99.99999821428618,-17.85713992343828,-1.785713813790303e-06,-1.785713813790303e-06,-2.775557561562891e-17,0,0.178571434948659,460,82.14286007638316,0.1785713992343828,1.785713813790303e-08,1.785713813790303e-08,1e-09,1000000000,1000000000,1.785713992343828e-10,17.85713813790303,17.85713813790302,80,0.9,92,3,1,1,1,1,2,1,1,1,1,1,1,-0.1785713992343828,-1.785713813790303e-08,-1.785713813790303e-08,0.1785713992343828,1.785713813790303e-08,1.785713813790303e-08,-82.14286007638316,-82.14286007638316,-82.14286007638316,-0.1785713992343828,-1.785713813790303e-08,-1.785713813790303e-08,1.785713992343828e-10,17.85713813790303,17.85713813790302,-0.178571434948659,-82.14286007638316,0.178571434948659,0,-0.1785713992343828,-1.785713813790303e-08,-1.785713813790303e-08,0,0,0,0.1785713992343828,1.785713813790303e-08,1.785713813790303e-08,1.785713992343828e-10,17.85713813790303,17.85713813790302
23,82.14286007656173,99.99999821428617,99.99999821428618,-17.85713992343828,-1.785713813790302e-06,-1.785713813790303e-06,-2.775557561562891e-17,0,0.178571434948659,460,82.14286007638316,0.1785713992343828,1.785713813790302e-08,1.785713813790303e-08,1e-09,1000000000,1000000000,1.785713992343828e-10,17.85713813790301,17.85713813790302,80,0.9,92,3,1,1,1,1,2,1,1,1,1,1,1,-0.1785713992343828,-1.785713813790302e-08,-1.785713813790303e-08,0.1785713992343828,1.785713813790302e-08,1.785713813790303e-08,-82.14286007638316,-82.14286007638316,-82.14286007638316,-0.1785713992343828,-1.785713813790302e-08,-1.785713813790303e-08,1.785713992343828e-10,17.85713813790301,17.85713813790302,-0.178571434948659,-82.14286007638316,0.178571434948659,0,-0.1785713992343828,-1.785713813790302e-08,-1.785713813790303e-08,0,0,0,0.1785713992343828,1.785713813790302e-08,1.785713813790303e-08,1.785713992343828e-10,17.85713813790301,17.85713813790302
23.00000000460059,82.14286007656173,99.99999821428619,99.99999821428618,-17.85713992343828,-1.785713813790303e-06,-1.785713813790303e-06,-2.775557561562891e-17,0,0.178571434948659,460,82.14286007638316,0.1785713992343828,1.785713813790303e-08,1.785713813790303e-08,1e-09,1000000000,1000000000,1.785713992343828e-10,17.85713813790303,17.85713813790302,80,0.9,92,3,1,1,1,1,2,1,1,1,1,1,1,-0.1785713992343828,-1.785713813790303e-08,-1.785713813790303e-08,0.1785713992343828,1.785713813790303e-08,1.785713813790303e-08,-82.14286007638316,-82.14286007638316,-82.14286007638316,-0.1785713992343828,-1.785713813790303e-08,-1.785713813790303e-08,1.785713992343828e-10,17.85713813790303,17.85713813790302,-0.178571434948659,-82.14286007638316,0.178571434948659,0,-0.1785713992343828,-1.785713813790303e-08,-1.785713813790303e-08,0,0,0,0.1785713992343828,1.785713813790303e-08,1.785713813790303e-08,1.785713992343828e-10,17.85713813790303,17.85713813790302
23.00000000460059,80.39215765094184,80.39215765094184,99.99999803921597,-19.60784234905817,-19.60784234905816,-1.96078403884702e-06,2.775557561562891e-17,0,0.3921568665890036,205,80.39215765074576,0.1960784234905817,0.1960784234905816,1.96078403884702e-08,1e-09,1e-09,1000000000,1.960784234905817e-10,1.960784234905816e-10,19.6078403884702,80,0.9,41,3,1,1,1,1,2,2,1,1,1,1,2,-0.1960784234905817,-0.1960784234905816,-1.96078403884702e-08,0.1960784234905817,0.1960784234905816,1.96078403884702e-08,-80.39215765074576,-80.39215765074576,-80.39215765074576,-0.1960784234905817,-0.1960784234905816,-1.96078403884702e-08,1.960784234905817e-10,1.960784234905816e-10,19.6078403884702,-0.3921568665890036,-80.39215765074576,0.3921568665890036,0,-0.1960784234905817,-0.1960784234905816,-1.96078403884702e-08,0,0,0,0.1960784234905817,0.1960784234905816,1.96078403884702e-08,1.960784234905817e-10,1.960784234905816e-10,19.6078403884702
23.1,80.39215765094184,80.39215765094184,99.99999803921597,-19.60784234905817,-19.60784234905816,-1.960784038847021e-06,-2.775557561562891e-17,0,0.3921568665890037,205,80.39215765074576,0.1960784234905817,0.1960784234905816,1.960784038847021e-08,1e-09,1e-09,1000000000,1.960784234905817e-10,1.960784234905816e-10,19.6078403884702,80,0.9,41,3,1,1,1,1,2,2,1,1,1,1,2,-0.1960784234905817,-0.1960784234905816,-1.960784038847021e-08,0.1960784234905817,0.1960784234905816,1.960784038847021e-08,-80.39215765074576,-80.39215765074576,-80.39215765074576,-0.1960784234905817,-0.1960784234905816,-1.960784038847021e-08,1.960784234905817e-10,1.960784234905816e-10,19.6078403884702,-0.3921568665890037,-80.39215765074576,0.3921568665890037,0,-0.1960784234905817,-0.1960784234905816,-1.960784038847021e-08,0,0,0,0.1960784234905817,0.1960784234905816,1.960784038847021e-08,1.960784234905817e-10,1.960784234905816e-10,19.6078403884702
23.2,80.39215765094184,80.39215765094184,99.99999803921597,-19.60784234905816,-19.60784234905817,-1.960784038847021e-06,0,0,0.3921568665890037,205,80.39215765074576,0.1960784234905816,0.1960784234905817,1.960784038847021e-08,1e-09,1e-09,1000000000,1.960784234905817e-10,1.960784234905817e-10,19.60784038847021,80,0.9,41,3,1,1,1,1,2,2,1,1,1,1,2,-0.1960784234905816,-0.1960784234905817,-1.960784038847021e-08,0.1960784234905816,0.1960784234905817,1.960784038847021e-08,-80.39215765074576,-80.39215765074576,-80.39215765074576,-0.1960784234905816,-0.1960784234905817,-1.960784038847021e-08,1.960784234905817e-10,1.960784234905817e-10,19.60784038847021,-0.3921568665890037,-80.39215765074576,0.3921568665890037,0,-0.1960784234905816,-0.1960784234905817,-1.960784038847021e-08,0,0,0,0.1960784234905816,0.1960784234905817,1.960784038847021e-08,1.960784234905817e-10,1.960784234905817e-10,19.60784038847021
23.3,80.39215765094184,80.39215765094184,99.99999803921597,-19.60784234905816,-19.60784234905817,-1.960784038847021e-06,0,0,0.3921568665890037,205,80.39215765074576,0.1960784234905816,0.1960784234905817,1.960784038847021e-08,1e-09,1e-09,1000000000,1.960784234905817e-10,1.960784234905817e-10,19.60784038847021,80,0.9,41,3,1,1,1,1,2,2,1,1,1,1,2,-0.1960784234905816,-0.1960784234905817,-1.960784038847021e-08,0.1960784234905816,0.1960784234905817,1.960784038847021e-08,-80.39215765074576,-80.39215765074576,-80.39215765074576,-0.1960784234905816,-0.1960784234905817,-1.960784038847021e-08,1.960784234905817e-10,1.960784234905817e-10,19.60784038847021,-0.3921568665890037,-80.39215765074576,0.3921568665890037,0,-0.1960784234905816,-0.1960784234905817,-1.960784038847021e-08,0,0,0,0.1960784234905816,0.1960784234905817,1.960784038847021e-08,1.960784234905817e-10,1.960784234905817e-10,19.60784038847021
23.4,80.39215765094184,80.39215765094184,99.99999803921597,-19.60784234905816,-19.60784234905817,-1.960784038847021e-06,0,0,0.3921568665890037,205,80.39215765074576,0.1960784234905816,0.1960784234905817,1.960784038847021e-08,1e-09,1e-09,1000000000,1.960784234905817e-10,1.960784234905817e-10,19.60784038847021,80,0.9,41,3,1,1,1,1,2,2,1,1,1,1,2,-0.1960784234905816,-0.1960784234905817,-1.960784038847021e-08,0.1960784234905816,0.1960784234905817,1.960784038847021e-08,-80.39215765074576,-80.39215765074576,-80.39215765074576,-0.1960784234905816,-0.1960784234905817,-1.960784038847021e-08,1.960784234905817e-10,1.960784234905817e-10,19.60784038847021,-0.3921568665890037,-80.39215765074576,0.3921568665890037,0,-0.1960784234905816,-0.1960784234905817,-1.960784038847021e-08,0,0,0,0.1960784234905816,0.1960784234905817,1.960784038847021e-08,1.960784234905817e-10,1.960784234905817e-10,19.60784038847021
23.5,80.39215765094184,80.39215765094184,99.99999803921597,-19.60784234905816,-19.60784234905817,-1.960784038847021e-06,0,0,0.3921568665890037,205,80.39215765074576,0.1960784234905816,0.1960784234905817,1.960784038847021e-08,1e-09,1e-09,1000000000,1.960784234905817e-10,1.960784234905817e-10,19.60784038847021,80,0.9,41,3,1,1,1,1,2,2,1,1,1,1,2,-0.1960784234905816,-0.1960784234905817,-1.960784038847021e-08,0.1960784234905816,0.1960784234905817,1.960784038847021e-08,-80.39215765074576,-80.39215765074576,-80.39215765074576,-0.1960784234905816,-0.1960784234905817,-1.960784038847021e-08,1.960784234905817e-10,1.960784234905817e-10,19.60784038847021,-0.3921568665890037,-80.39215765074576,0.3921568665890037,0,-0.1960784234905816,-0.1960784234905817,-1.960784038847021e-08,0,0,0,0.1960784234905816,0.1960784234905817,1.960784038847021e-08,1.960784234905817e-10,1.960784234905817e-10,19.60784038847021
23.6,80.39215765094184,80.39215765094184,99.99999803921597,-19.60784234905816,-19.60784234905817,-1.960784038847021e-06,0,0,0.3921568665890037,205,80.39215765074576,0.1960784234905816,0.1960784234905817,1.960784038847021e-08,1e-09,1e-09,1000000000,1.960784234905817e-10,1.960784234905817e-10,19.60784038847021,80,0.9,41,3,1,1,1,1,2,2,1,1,1,1,2,-0.1960784234905816,-0.1960784234905817,-1.960784038847021e-08,0.1960784234905816,0.1960784234905817,1.960784038847021e-08,-80.39215765074576,-80.39215765074576,-80.39215765074576,-0.1960784234905816,-0.1960784234905817,-1.960784038847021e-08,1.960784234905817e-10,1.960784234905817e-10,19.60784038847021,-0.3921568665890037,-80.39215765074576,0.3921568665890037,0,-0.1960784234905816,-0.1960784234905817,-1.960784038847021e-08,0,0,0,0.1960784234905816,0.1960784234905817,1.960784038847021e-08,1.960784234905817e-10,1.960784234905817e-10,19.60784038847021
23.7,80.39215765094184,80.39215765094184,99.99999803921597,-19.60784234905816,-19.60784234905817,-1.960784038847021e-06,0,0,0.3921568665890037,205,80.39215765074576,0.1960784234905816,0.1960784234905817,1.960784038847021e-08,1e-09,1e-09,1000000000,1.960784234905817e-10,1.960784234905817e-10,19.60784038847021,80,0.9,41,3,1,1,1,1,2,2,1,1,1,1,2,-0.1960784234905816,-0.1960784234905817,-1.960784038847021e-08,0.1960784234905816,0.1960784234905817,1.960784038847021e-08,-80.39215765074576,-80.39215765074576,-80.39215765074576,-0.1960784234905816,-0.1960784234905817,-1.960784038847021e-08,1.960784234905817e-10,1.960784234905817e-10,19.60784038847021,-0.3921568665890037,-80.39215765074576,0.3921568665890037,0,-0.1960784234905816,-0.1960784234905817,-1.960784038847021e-08,0,0,0,0.1960784234905816,0.1960784234905817,1.960784038847021e-08,1.960784234905817e-10,1.960784234905817e-10,19.60784038847021
23.8,80.39215765094184,80.39215765094184,99.99999803921597,-19.60784234905816,-19.60784234905817,-1.960784038847021e-06,0,0,0.3921568665890037,205,80.39215765074576,0.1960784234905816,0.1960784234905817,1.960784038847021e-08,1e-09,1e-09,1000000000,1.960784234905817e-10,1.960784234905817e-10,19.60784038847021,80,0.9,41,3,1,1,1,1,2,2,1,1,1,1,2,-0.1960784234905816,-0.1960784234905817,-1.960784038847021e-08,0.1960784234905816,0.1960784234905817,1.960784038847021e-08,-80.39215765074576,-80.39215765074576,-80.39215765074576,-0.1960784234905816,-0.1960784234905817,-1.960784038847021e-08,1.960784234905817e-10,1.960784234905817e-10,19.60784038847021,-0.3921568665890037,-80.39215765074576,0.3921568665890037,0,-0.1960784234905816,-0.1960784234905817,-1.960784038847021e-08,0,0,0,0.1960784234905816,0.1960784234905817,1.960784038847021e-08,1.960784234905817e-10,1.960784234905817e-10,19.60784038847021
23.9,80.39215765094184,80.39215765094184,99.99999803921597,-19.60784234905816,-19.60784234905817,-1.960784038847021e-06,0,0,0.3921568665890037,205,80.39215765074576,0.1960784234905816,0.1960784234905817,1.960784038847021e-08,1e-09,1e-09,1000000000,1.960784234905817e-10,1.960784234905817e-10,19.60784038847021,80,0.9,41,3,1,1,1,1,2,2,1,1,1,1,2,-0.1960784234905816,-0.1960784234905817,-1.960784038847021e-08,0.1960784234905816,0.1960784234905817,1.960784038847021e-08,-80.39215765074576,-80.39215765074576,-80.39215765074576,-0.1960784234905816,-0.1960784234905817,-1.960784038847021e-08,1.960784234905817e-10,1.960784234905817e-10,19.60784038847021,-0.3921568665890037,-80.39215765074576,0.3921568665890037,0,-0.1960784234905816,-0.1960784234905817,-1.960784038847021e-08,0,0,0,0.1960784234905816,0.1960784234905817,1.960784038847021e-08,1.960784234905817e-10,1.960784234905817e-10,19.60784038847021
24,80.39215765094184,80.39215765094184,99.99999803921597,-19.60784234905816,-19.60784234905817,-1.960784038847021e-06,0,0,0.3921568665890037,205,80.39215765074576,0.1960784234905816,0.1960784234905817,1.960784038847021e-08,1e-09,1e-09,1000000000,1.960784234905817e-10,1.960784234905817e-10,19.60784038847021,80,0.9,41,3,1,1,1,1,2,2,1,1,1,1,2,-0.1960784234905816,-0.1960784234905817,-1.960784038847021e-08,0.1960784234905816,0.1960784234905817,1.960784038847021e-08,-80.39215765074576,-80.39215765074576,-80.39215765074576,-0.1960784234905816,-0.1960784234905817,-1.960784038847021e-08,1.960784234905817e-10,1.960784234905817e-10,19.60784038847021,-0.3921568665890037,-80.39215765074576,0.3921568665890037,0,-0.1960784234905816,-0.1960784234905817,-1.960784038847021e-08,0,0,0,0.1960784234905816,0.1960784234905817,1.960784038847021e-08,1.960784234905817e-10,1.960784234905817e-10,19.60784038847021
24.00000000480068,80.39215765094184,80.39215765094184,99.99999803921597,-19.60784234905816,-19.60784234905817,-1.960784038847021e-06,0,0,0.3921568665890037,205,80.39215765074576,0.1960784234905816,0.1960784234905817,1.960784038847021e-08,1e-09,1e-09,1000000000,1.960784234905817e-10,1.960784234905817e-10,19.60784038847021,80,0.9,41,3,1,1,1,1,2,2,1,1,1,1,2,-0.1960784234905816,-0.1960784234905817,-1.960784038847021e-08,0.1960784234905816,0.1960784234905817,1.960784038847021e-08,-80.39215765074576,-80.39215765074576,-80.39215765074576,-0.1960784234905816,-0.1960784234905817,-1.960784038847021e-08,1.960784234905817e-10,1.960784234905817e-10,19.60784038847021,-0.3921568665890037,-80.39215765074576,0.3921568665890037,0,-0.1960784234905816,-0.1960784234905817,-1.960784038847021e-08,0,0,0,0.1960784234905816,0.1960784234905817,1.960784038847021e-08,1.960784234905817e-10,1.960784234905817e-10,19.60784038847021
24.00000000480068,77.52809337209858,99.99999773698057,99.99999775280956,-22.4719066279014,-2.247190436510671e-06,-2.247190438093569e-06,0,0,0.2247191112228228,345,77.52809337187387,0.2247190662790141,2.247190436510671e-08,2.247190438093569e-08,1e-09,1000000000,1000000000,2.247190662790141e-10,22.47190436510671,22.47190438093569,80,0.9,69,3,1,1,1,1,2,1,1,1,1,1,1,-0.2247190662790141,-2.247190436510671e-08,-2.247190438093569e-08,0.2247190662790141,2.247190436510671e-08,2.247190438093569e-08,-77.52809337187387,-77.52809337187387,-77.52809337187387,-0.2247190662790141,-2.247190436510671e-08,-2.247190438093569e-08,2.247190662790141e-10,22.47190436510671,22.47190438093569,-0.2247191112228228,-77.52809337187387,0.2247191112228228,0,-0.2247190662790141,-2.247190436510671e-08,-2.247190438093569e-08,0,0,0,0.2247190662790141,2.247190436510671e-08,2.247190438093569e-08,2.247190662790141e-10,22.47190436510671,22.47190438093569
24.1,77.5280933720986,99.99999775280956,99.99999775280956,-22.47190662790141,-2.247190438093568e-06,-2.247190438093568e-06,2.775557561562891e-17,0,0.2247191112228228,345,77.52809337187388,0.2247190662790141,2.247190438093568e-08,2.247190438093568e-08,1e-09,1000000000,1000000000,2.247190662790141e-10,22.47190438093568,22.47190438093568,80,0.9,69,3,1,1,1,1,2,1,1,1,1,1,1,-0.2247190662790141,-2.247190438093568e-08,-2.247190438093568e-08,0.2247190662790141,2.247190438093568e-08,2.247190438093568e-08,-77.52809337187388,-77.52809337187388,-77.52809337187388,-0.2247190662790141,-2.247190438093568e-08,-2.247190438093568e-08,2.247190662790141e-10,22.47190438093568,22.47190438093568,-0.2247191112228228,-77.52809337187388,0.2247191112228228,0,-0.2247190662790141,-2.247190438093568e-08,-2.247190438093568e-08,0,0,0,0.2247190662790141,2.247190438093568e-08,2.247190438093568e-08,2.247190662790141e-10,22.47190438093568,22.47190438093568
24.2,77.5280933720986,99.99999775280956,99.99999775280956,-22.47190662790141,-2.247190438093568e-06,-2.247190438093568e-06,2.775557561562891e-17,0,0.2247191112228228,345,77.52809337187388,0.2247190662790141,2.247190438093568e-08,2.247190438093568e-08,1e-09,1000000000,1000000000,2.247190662790141e-10,22.47190438093568,22.47190438093568,80,0.9,69,3,1,1,1,1,2,1,1,1,1,1,1,-0.2247190662790141,-2.247190438093568e-08,-2.247190438093568e-08,0.2247190662790141,2.247190438093568e-08,2.247190438093568e-08,-77.52809337187388,-77.52809337187388,-77.52809337187388,-0.2247190662790141,-2.247190438093568e-08,-2.247190438093568e-08,2.247190662790141e-10,22.47190438093568,22.47190438093568,-0.2247191112228228,-77.52809337187388,0.2247191112228228,0,-0.2247190662790141,-2.247190438093568e-08,-2.247190438093568e-08,0,0,0,0.2247190662790141,2.247190438093568e-08,2.247190438093568e-08,2.247190662790141e-10,22.47190438093568,22.47190438093568
24.3,77.5280933720986,99.99999775280956,99.99999775280956,-22.47190662790141,-2.247190438093568e-06,-2.247190438093568e-06,2.775557561562891e-17,0,0.2247191112228228,345,77.52809337187388,0.2247190662790141,2.247190438093568e-08,2.247190438093568e-08,1e-09,1000000000,1000000000,2.247190662790141e-10,22.47190438093568,22.47190438093568,80,0.9,69,3,1,1,1,1,2,1,1,1,1,1,1,-0.2247190662790141,-2.247190438093568e-08,-2.247190438093568e-08,0.2247190662790141,2.247190438093568e-08,2.247190438093568e-08,-77.52809337187388,-77.52809337187388,-77.52809337187388,-0.2247190662790141,-2.247190438093568e-08,-2.247190438093568e-08,2.247190662790141e-10,22.47190438093568,22.47190438093568,-0.2247191112228228,-77.52809337187388,0.2247191112228228,0,-0.2247190662790141,-2.247190438093568e-08,-2.247190438093568e-08,0,0,0,0.2247190662790141,2.247190438093568e-08,2.247190438093568e-08,2.247190662790141e-10,22.47190438093568,22.47190438093568
24.4,77.5280933720986,99.99999775280956,99.99999775280956,-22.47190662790141,-2.247190438093568e-06,-2.247190438093568e-06,2.775557561562891e-17,0,0.2247191112228228,345,77.52809337187388,0.2247190662790141,2.247190438093568e-08,2.247190438093568e-08,1e-09,1000000000,1000000000,2.247190662790141e-10,22.47190438093568,22.47190438093568,80,0.9,69,3,1,1,1,1,2,1,1,1,1,1,1,-0.2247190662790141,-2.247190438093568e-08,-2.247190438093568e-08,0.2247190662790141,2.247190438093568e-08,2.247190438093568e-08,-77.52809337187388,-77.52809337187388,-77.52809337187388,-0.2247190662790141,-2.247190438093568e-08,-2.247190438093568e-08,2.247190662790141e-10,22.47190438093568,22.47190438093568,-0.2247191112228228,-77.52809337187388,0.2247191112228228,0,-0.2247190662790141,-2.247190438093568e-08,-2.247190438093568e-08,0,0,0,0.2247190662790141,2.247190438093568e-08,2.247190438093568e-08,2.247190662790141e-10,22.47190438093568,22.47190438093568
24.5,77.5280933720986,99.99999775280956,99.99999775280956,-22.47190662790141,-2.247190438093568e-06,-2.247190438093568e-06,2.775557561562891e-17,0,0.2247191112228228,345,77.52809337187388,0.2247190662790141,2.247190438093568e-08,2.247190438093568e-08,1e-09,1000000000,1000000000,2.247190662790141e-10,22.47190438093568,22.47190438093568,80,0.9,69,3,1,1,1,1,2,1,1,1,1,1,1,-0.2247190662790141,-2.247190438093568e-08,-2.247190438093568e-08,0.2247190662790141,2.247190438093568e-08,2.247190438093568e-08,-77.52809337187388,-77.52809337187388,-77.52809337187388,-0.2247190662790141,-2.247190438093568e-08,-2.247190438093568e-08,2.247190662790141e-10,22.47190438093568,22.47190438093568,-0.2247191112228228,-77.52809337187388,0.2247191112228228,0,-0.2247190662790141,-2.247190438093568e-08,-2.247190438093568e-08,0,0,0,0.2247190662790141,2.247190438093568e-08,2.247190438093568e-08,2.247190662790141e-10,22.47190438093568,22.47190438093568
24.6,77.5280933720986,99.99999775280956,99.99999775280956,-22.47190662790141,-2.247190438093568e-06,-2.247190438093568e-06,2.775557561562891e-17,0,0.2247191112228228,345,77.52809337187388,0.2247190662790141,2.247190438093568e-08,2.247190438093568e-08,1e-09,1000000000,1000000000,2.247190662790141e-10,22.47190438093568,22.47190438093568,80,0.9,69,3,1,1,1,1,2,1,1,1,1,1,1,-0.2247190662790141,-2.247190438093568e-08,-2.247190438093568e-08,0.2247190662790141,2.247190438093568e-08,2.247190438093568e-08,-77.52809337187388,-77.52809337187388,-77.52809337187388,-0.2247190662790141,-2.247190438093568e-08,-2.247190438093568e-08,2.247190662790141e-10,22.47190438093568,22.47190438093568,-0.2247191112228228,-77.52809337187388,0.2247191112228228,0,-0.2247190662790141,-2.247190438093568e-08,-2.247190438093568e-08,0,0,0,0.2247190662790141,2.247190438093568e-08,2.247190438093568e-08,2.247190662790141e-10,22.47190438093568,22.47190438093568
24.7,77.5280933720986,99.99999775280956,99.99999775280956,-22.47190662790141,-2.247190438093568e-06,-2.247190438093568e-06,2.775557561562891e-17,0,0.2247191112228228,345,77.52809337187388,0.2247190662790141,2.247190438093568e-08,2.247190438093568e-08,1e-09,1000000000,1000000000,2.247190662790141e-10,22.47190438093568,22.47190438093568,80,0.9,69,3,1,1,1,1,2,1,1,1,1,1,1,-0.2247190662790141,-2.247190438093568e-08,-2.247190438093568e-08,0.2247190662790141,2.247190438093568e-08,2.247190438093568e-08,-77.52809337187388,-77.52809337187388,-77.52809337187388,-0.2247190662790141,-2.247190438093568e-08,-2.247190438093568e-08,2.247190662790141e-10,22.47190438093568,22.47190438093568,-0.2247191112228228,-77.52809337187388,0.2247191112228228,0,-0.2247190662790141,-2.247190438093568e-08,-2.247190438093568e-08,0,0,0,0.2247190662790141,2.247190438093568e-08,2.247190438093568e-08,2.247190662790141e-10,22.47190438093568,22.47190438093568
24.8,77.5280933720986,99.99999775280956,99.99999775280956,-22.47190662790141,-2.247190438093568e-06,-2.247190438093568e-06,2.775557561562891e-17,0,0.2247191112228228,345,77.52809337187388,0.2247190662790141,2.247190438093568e-08,2.247190438093568e-08,1e-09,1000000000,1000000000,2.247190662790141e-10,22.47190438093568,22.47190438093568,80,0.9,69,3,1,1,1,1,2,1,1,1,1,1,1,-0.2247190662790141,-2.247190438093568e-08,-2.247190438093568e-08,0.2247190662790141,2.247190438093568e-08,2.247190438093568e-08,-77.52809337187388,-77.52809337187388,-77.52809337187388,-0.2247190662790141,-2.247190438093568e-08,-2.247190438093568e-08,2.247190662790141e-10,22.47190438093568,22.47190438093568,-0.2247191112228228,-77.52809337187388,0.2247191112228228,0,-0.2247190662790141,-2.247190438093568e-08,-2.247190438093568e-08,0,0,0,0.2247190662790141,2.247190438093568e-08,2.247190438093568e-08,2.247190662790141e-10,22.47190438093568,22.47190438093568
24.9,77.5280933720986,99.99999775280956,99.99999775280956,-22.47190662790141,-2.247190438093568e-06,-2.247190438093568e-06,2.775557561562891e-17,0,0.2247191112228228,345,77.52809337187388,0.2247190662790141,2.247190438093568e-08,2.247190438093568e-08,1e-09,1000000000,1000000000,2.247190662790141e-10,22.47190438093568,22.47190438093568,80,0.9,69,3,1,1,1,1,2,1,1,1,1,1,1,-0.2247190662790141,-2.247190438093568e-08,-2.247190438093568e-08,0.2247190662790141,2.247190438093568e-08,2.247190438093568e-08,-77.52809337187388,-77.52809337187388,-77.52809337187388,-0.2247190662790141,-2.247190438093568e-08,-2.247190438093568e-08,2.247190662790141e-10,22.47190438093568,22.47190438093568,-0.2247191112228228,-77.52809337187388,0.2247191112228228,0,-0.2247190662790141,-2.247190438093568e-08,-2.247190438093568e-08,0,0,0,0.2247190662790141,2.247190438093568e-08,2.247190438093568e-08,2.247190662790141e-10,22.47190438093568,22.47190438093568
25,77.5280933720986,99.99999775280956,99.99999775280956,-22.47190662790141,-2.247190438093568e-06,-2.247190438093568e-06,2.775557561562891e-17,0,0.2247191112228228,345,77.52809337187388,0.2247190662790141,2.247190438093568e-08,2.247190438093568e-08,1e-09,1000000000,1000000000,2.247190662790141e-10,22.47190438093568,22.47190438093568,80,0.9,69,3,1,1,1,1,2,1,1,1,1,1,1,-0.2247190662790141,-2.247190438093568e-08,-2.247190438093568e-08,0.2247190662790141,2.247190438093568e-08,2.247190438093568e-08,-77.52809337187388,-77.52809337187388,-77.52809337187388,-0.2247190662790141,-2.247190438093568e-08,-2.247190438093568e-08,2.247190662790141e-10,22.47190438093568,22.47190438093568,-0.2247191112228228,-77.52809337187388,0.2247191112228228,0,-0.2247190662790141,-2.247190438093568e-08,-2.247190438093568e-08,0,0,0,0.2247190662790141,2.247190438093568e-08,2.247190438093568e-08,2.247190662790141e-10,22.47190438093568,22.47190438093568
25.00000000500004,77.5280933720986,99.99999775280956,99.99999775280956,-22.47190662790141,-2.247190438093568e-06,-2.247190438093568e-06,2.775557561562891e-17,0,0.2247191112228228,345,77.52809337187388,0.2247190662790141,2.247190438093568e-08,2.247190438093568e-08,1e-09,1000000000,1000000000,2.247190662790141e-10,22.47190438093568,22.47190438093568,80,0.9,69,3,1,1,1,1,2,1,1,1,1,1,1,-0.2247190662790141,-2.247190438093568e-08,-2.247190438093568e-08,0.2247190662790141,2.247190438093568e-08,2.247190438093568e-08,-77.52809337187388,-77.52809337187388,-77.52809337187388,-0.2247190662790141,-2.247190438093568e-08,-2.247190438093568e-08,2.247190662790141e-10,22.47190438093568,22.47190438093568,-0.2247191112228228,-77.52809337187388,0.2247191112228228,0,-0.2247190662790141,-2.247190438093568e-08,-2.247190438093568e-08,0,0,0,0.2247190662790141,2.247190438093568e-08,2.247190438093568e-08,2.247190662790141e-10,22.47190438093568,22.47190438093568
25.00000000500004,75.60975701969053,75.60975701969053,99.99999756097594,-24.39024298030947,-24.39024298030946,-2.439024054152931e-06,0,0,0.4878048839964299,155,75.60975701944663,0.2439024298030947,0.2439024298030946,2.439024054152931e-08,1e-09,1e-09,1000000000,2.439024298030947e-10,2.439024298030946e-10,24.39024054152931,80,0.9,31,3,1,1,1,1,2,2,1,1,1,1,2,-0.2439024298030947,-0.2439024298030946,-2.439024054152931e-08,0.2439024298030947,0.2439024298030946,2.439024054152931e-08,-75.60975701944663,-75.60975701944663,-75.60975701944663,-0.2439024298030947,-0.2439024298030946,-2.439024054152931e-08,2.439024298030947e-10,2.439024298030946e-10,24.39024054152931,-0.4878048839964299,-75.60975701944663,0.4878048839964299,0,-0.2439024298030947,-0.2439024298030946,-2.439024054152931e-08,0,0,0,0.2439024298030947,0.2439024298030946,2.439024054152931e-08,2.439024298030947e-10,2.439024298030946e-10,24.39024054152931
25.1,75.60975701969053,75.60975701969053,99.99999756097594,-24.39024298030947,-24.39024298030946,-2.439024054152931e-06,0,0,0.4878048839964299,155,75.60975701944663,0.2439024298030947,0.2439024298030946,2.439024054152931e-08,1e-09,1e-09,1000000000,2.439024298030947e-10,2.439024298030946e-10,24.39024054152931,80,0.9,31,3,1,1,1,1,2,2,1,1,1,1,2,-0.2439024298030947,-0.2439024298030946,-2.439024054152931e-08,0.2439024298030947,0.2439024298030946,2.439024054152931e-08,-75.60975701944663,-75.60975701944663,-75.60975701944663,-0.2439024298030947,-0.2439024298030946,-2.439024054152931e-08,2.439024298030947e-10,2.439024298030946e-10,24.39024054152931,-0.4878048839964299,-75.60975701944663,0.4878048839964299,0,-0.2439024298030947,-0.2439024298030946,-2.439024054152931e-08,0,0,0,0.2439024298030947,0.2439024298030946,2.439024054152931e-08,2.439024298030947e-10,2.439024298030946e-10,24.39024054152931
25.2,75.60975701969053,75.60975701969053,99.99999756097594,-24.39024298030947,-24.39024298030946,-2.439024054152931e-06,0,0,0.4878048839964299,155,75.60975701944663,0.2439024298030947,0.2439024298030946,2.439024054152931e-08,1e-09,1e-09,1000000000,2.439024298030947e-10,2.439024298030946e-10,24.39024054152931,80,0.9,31,3,1,1,1,1,2,2,1,1,1,1,2,-0.2439024298030947,-0.2439024298030946,-2.439024054152931e-08,0.2439024298030947,0.2439024298030946,2.439024054152931e-08,-75.60975701944663,-75.60975701944663,-75.60975701944663,-0.2439024298030947,-0.2439024298030946,-2.439024054152931e-08,2.439024298030947e-10,2.439024298030946e-10,24.39024054152931,-0.4878048839964299,-75.60975701944663,0.4878048839964299,0,-0.2439024298030947,-0.2439024298030946,-2.439024054152931e-08,0,0,0,0.2439024298030947,0.2439024298030946,2.439024054152931e-08,2.439024298030947e-10,2.439024298030946e-10,24.39024054152931
25.3,75.60975701969053,75.60975701969053,99.99999756097594,-24.39024298030947,-24.39024298030946,-2.439024054152931e-06,0,0,0.4878048839964299,155,75.60975701944663,0.2439024298030947,0.2439024298030946,2.439024054152931e-08,1e-09,1e-09,1000000000,2.439024298030947e-10,2.439024298030946e-10,24.39024054152931,80,0.9,31,3,1,1,1,1,2,2,1,1,1,1,2,-0.2439024298030947,-0.2439024298030946,-2.439024054152931e-08,0.2439024298030947,0.2439024298030946,2.439024054152931e-08,-75.60975701944663,-75.60975701944663,-75.60975701944663,-0.2439024298030947,-0.2439024298030946,-2.439024054152931e-08,2.439024298030947e-10,2.439024298030946e-10,24.39024054152931,-0.4878048839964299,-75.60975701944663,0.4878048839964299,0,-0.2439024298030947,-0.2439024298030946,-2.439024054152931e-08,0,0,0,0.2439024298030947,0.2439024298030946,2.439024054152931e-08,2.439024298030947e-10,2.439024298030946e-10,24.39024054152931
25.4,75.60975701969053,75.60975701969053,99.99999756097594,-24.39024298030947,-24.39024298030946,-2.439024054152931e-06,0,0,0.4878048839964299,155,75.60975701944663,0.2439024298030947,0.2439024298030946,2.439024054152931e-08,1e-09,1e-09,1000000000,2.439024298030947e-10,2.439024298030946e-10,24.39024054152931,80,0.9,31,3,1,1,1,1,2,2,1,1,1,1,2,-0.2439024298030947,-0.2439024298030946,-2.439024054152931e-08,0.2439024298030947,0.2439024298030946,2.439024054152931e-08,-75.60975701944663,-75.60975701944663,-75.60975701944663,-0.2439024298030947,-0.2439024298030946,-2.439024054152931e-08,2.439024298030947e-10,2.439024298030946e-10,24.39024054152931,-0.4878048839964299,-75.60975701944663,0.4878048839964299,0,-0.2439024298030947,-0.2439024298030946,-2.439024054152931e-08,0,0,0,0.2439024298030947,0.2439024298030946,2.439024054152931e-08,2.439024298030947e-10,2.439024298030946e-10,24.39024054152931
25.5,75.60975701969053,75.60975701969053,99.99999756097594,-24.39024298030947,-24.39024298030946,-2.439024054152931e-06,0,0,0.4878048839964299,155,75.60975701944663,0.2439024298030947,0.2439024298030946,2.439024054152931e-08,1e-09,1e-09,1000000000,2.439024298030947e-10,2.439024298030946e-10,24.39024054152931,80,0.9,31,3,1,1,1,1,2,2,1,1,1,1,2,-0.2439024298030947,-0.2439024298030946,-2.439024054152931e-08,0.2439024298030947,0.2439024298030946,2.439024054152931e-08,-75.60975701944663,-75.60975701944663,-75.60975701944663,-0.2439024298030947,-0.2439024298030946,-2.439024054152931e-08,2.439024298030947e-10,2.439024298030946e-10,24.39024054152931,-0.4878048839964299,-75.60975701944663,0.4878048839964299,0,-0.2439024298030947,-0.2439024298030946,-2.439024054152931e-08,0,0,0,0.2439024298030947,0.2439024298030946,2.439024054152931e-08,2.439024298030947e-10,2.439024298030946e-10,24.39024054152931
25.6,75.60975701969053,75.60975701969053,99.99999756097594,-24.39024298030947,-24.39024298030946,-2.439024054152931e-06,0,0,0.4878048839964299,155,75.60975701944663,0.2439024298030947,0.2439024298030946,2.439024054152931e-08,1e-09,1e-09,1000000000,2.439024298030947e-10,2.439024298030946e-10,24.39024054152931,80,0.9,31,3,1,1,1,1,2,2,1,1,1,1,2,-0.2439024298030947,-0.2439024298030946,-2.439024054152931e-08,0.2439024298030947,0.2439024298030946,2.439024054152931e-08,-75.60975701944663,-75.60975701944663,-75.60975701944663,-0.2439024298030947,-0.2439024298030946,-2.439024054152931e-08,2.439024298030947e-10,2.439024298030946e-10,24.39024054152931,-0.4878048839964299,-75.60975701944663,0.4878048839964299,0,-0.2439024298030947,-0.2439024298030946,-2.439024054152931e-08,0,0,0,0.2439024298030947,0.2439024298030946,2.439024054152931e-08,2.439024298030947e-10,2.439024298030946e-10,24.39024054152931
25.7,75.60975701969053,75.60975701969053,99.99999756097594,-24.39024298030947,-24.39024298030946,-2.439024054152931e-06,0,0,0.4878048839964299,155,75.60975701944663,0.2439024298030947,0.2439024298030946,2.439024054152931e-08,1e-09,1e-09,1000000000,2.439024298030947e-10,2.439024298030946e-10,24.39024054152931,80,0.9,31,3,1,1,1,1,2,2,1,1,1,1,2,-0.2439024298030947,-0.2439024298030946,-2.439024054152931e-08,0.2439024298030947,0.2439024298030946,2.439024054152931e-08,-75.60975701944663,-75.60975701944663,-75.60975701944663,-0.2439024298030947,-0.2439024298030946,-2.439024054152931e-08,2.439024298030947e-10,2.439024298030946e-10,24.39024054152931,-0.4878048839964299,-75.60975701944663,0.4878048839964299,0,-0.2439024298030947,-0.2439024298030946,-2.439024054152931e-08,0,0,0,0.2439024298030947,0.2439024298030946,2.439024054152931e-08,2.439024298030947e-10,2.439024298030946e-10,24.39024054152931
25.8,75.60975701969053,75.60975701969053,99.99999756097594,-24.39024298030947,-24.39024298030946,-2.439024054152931e-06,0,0,0.4878048839964299,155,75.60975701944663,0.2439024298030947,0.2439024298030946,2.439024054152931e-08,1e-09,1e-09,1000000000,2.439024298030947e-10,2.439024298030946e-10,24.39024054152931,80,0.9,31,3,1,1,1,1,2,2,1,1,1,1,2,-0.2439024298030947,-0.2439024298030946,-2.439024054152931e-08,0.2439024298030947,0.2439024298030946,2.439024054152931e-08,-75.60975701944663,-75.60975701944663,-75.60975701944663,-0.2439024298030947,-0.2439024298030946,-2.439024054152931e-08,2.439024298030947e-10,2.439024298030946e-10,24.39024054152931,-0.4878048839964299,-75.60975701944663,0.4878048839964299,0,-0.2439024298030947,-0.2439024298030946,-2.439024054152931e-08,0,0,0,0.2439024298030947,0.2439024298030946,2.439024054152931e-08,2.439024298030947e-10,2.439024298030946e-10,24.39024054152931
25.9,75.60975701969053,75.60975701969053,99.99999756097594,-24.39024298030947,-24.39024298030946,-2.439024054152931e-06,0,0,0.4878048839964299,155,75.60975701944663,0.2439024298030947,0.2439024298030946,2.439024054152931e-08,1e-09,1e-09,1000000000,2.439024298030947e-10,2.439024298030946e-10,24.39024054152931,80,0.9,31,3,1,1,1,1,2,2,1,1,1,1,2,-0.2439024298030947,-0.2439024298030946,-2.439024054152931e-08,0.2439024298030947,0.2439024298030946,2.439024054152931e-08,-75.60975701944663,-75.60975701944663,-75.60975701944663,-0.2439024298030947,-0.2439024298030946,-2.439024054152931e-08,2.439024298030947e-10,2.439024298030946e-10,24.39024054152931,-0.4878048839964299,-75.60975701944663,0.4878048839964299,0,-0.2439024298030947,-0.2439024298030946,-2.439024054152931e-08,0,0,0,0.2439024298030947,0.2439024298030946,2.439024054152931e-08,2.439024298030947e-10,2.439024298030946e-10,24.39024054152931
26,75.60975701969053,75.60975701969053,99.99999756097594,-24.39024298030947,-24.39024298030946,-2.439024054152931e-06,0,0,0.4878048839964299,155,75.60975701944663,0.2439024298030947,0.2439024298030946,2.439024054152931e-08,1e-09,1e-09,1000000000,2.439024298030947e-10,2.439024298030946e-10,24.39024054152931,80,0.9,31,3,1,1,1,1,2,2,1,1,1,1,2,-0.2439024298030947,-0.2439024298030946,-2.439024054152931e-08,0.2439024298030947,0.2439024298030946,2.439024054152931e-08,-75.60975701944663,-75.60975701944663,-75.60975701944663,-0.2439024298030947,-0.2439024298030946,-2.439024054152931e-08,2.439024298030947e-10,2.439024298030946e-10,24.39024054152931,-0.4878048839964299,-75.60975701944663,0.4878048839964299,0,-0.2439024298030947,-0.2439024298030946,-2.439024054152931e-08,0,0,0,0.2439024298030947,0.2439024298030946,2.439024054152931e-08,2.439024298030947e-10,2.439024298030946e-10,24.39024054152931
26.00000000520013,75.60975701969053,75.60975701969053,99.99999756097594,-24.39024298030947,-24.39024298030946,-2.439024054152931e-06,0,0,0.4878048839964299,155,75.60975701944663,0.2439024298030947,0.2439024298030946,2.439024054152931e-08,1e-09,1e-09,1000000000,2.439024298030947e-10,2.439024298030946e-10,24.39024054152931,80,0.9,31,3,1,1,1,1,2,2,1,1,1,1,2,-0.2439024298030947,-0.2439024298030946,-2.439024054152931e-08,0.2439024298030947,0.2439024298030946,2.439024054152931e-08,-75.60975701944663,-75.60975701944663,-75.60975701944663,-0.2439024298030947,-0.2439024298030946,-2.439024054152931e-08,2.439024298030947e-10,2.439024298030946e-10,24.39024054152931,-0.4878048839964299,-75.60975701944663,0.4878048839964299,0,-0.2439024298030947,-0.2439024298030946,-2.439024054152931e-08,0,0,0,0.2439024298030947,0.2439024298030946,2.439024054152931e-08,2.439024298030947e-10,2.439024298030946e-10,24.39024054152931
26.00000000520013,80.39216001541634,99.99999803512854,99.99999803921619,-19.60783998458368,-1.960783801990829e-06,-1.960783802399594e-06,0,0,0.1960784390615128,410,80.39216001522026,0.1960783998458368,1.960783801990829e-08,1.960783802399594e-08,1e-09,1000000000,1000000000,1.960783998458368e-10,19.60783801990829,19.60783802399594,80,0.9,82,3,1,1,1,1,2,1,1,1,1,1,1,-0.1960783998458368,-1.960783801990829e-08,-1.960783802399594e-08,0.1960783998458368,1.960783801990829e-08,1.960783802399594e-08,-80.39216001522026,-80.39216001522026,-80.39216001522026,-0.1960783998458368,-1.960783801990829e-08,-1.960783802399594e-08,1.960783998458368e-10,19.60783801990829,19.60783802399594,-0.1960784390615128,-80.39216001522026,0.1960784390615128,0,-0.1960783998458368,-1.960783801990829e-08,-1.960783802399594e-08,0,0,0,0.1960783998458368,1.960783801990829e-08,1.960783802399594e-08,1.960783998458368e-10,19.60783801990829,19.60783802399594
26.1,80.39216001541632,99.99999803921619,99.99999803921619,-19.60783998458367,-1.960783802399595e-06,-1.960783802399595e-06,0,0,0.1960784390615128,410,80.39216001522024,0.1960783998458367,1.960783802399595e-08,1.960783802399595e-08,1e-09,1000000000,1000000000,1.960783998458368e-10,19.60783802399595,19.60783802399595,80,0.9,82,3,1,1,1,1,2,1,1,1,1,1,1,-0.1960783998458367,-1.960783802399595e-08,-1.960783802399595e-08,0.1960783998458367,1.960783802399595e-08,1.960783802399595e-08,-80.39216001522024,-80.39216001522024,-80.39216001522024,-0.1960783998458367,-1.960783802399595e-08,-1.960783802399595e-08,1.960783998458368e-10,19.60783802399595,19.60783802399595,-0.1960784390615128,-80.39216001522024,0.1960784390615128,0,-0.1960783998458367,-1.960783802399595e-08,-1.960783802399595e-08,0,0,0,0.1960783998458367,1.960783802399595e-08,1.960783802399595e-08,1.960783998458368e-10,19.60783802399595,19.60783802399595
26.2,80.39216001541632,99.99999803921619,99.99999803921619,-19.60783998458367,-1.960783802399595e-06,-1.960783802399595e-06,0,0,0.1960784390615128,410,80.39216001522024,0.1960783998458367,1.960783802399595e-08,1.960783802399595e-08,1e-09,1000000000,1000000000,1.960783998458368e-10,19.60783802399595,19.60783802399595,80,0.9,82,3,1,1,1,1,2,1,1,1,1,1,1,-0.1960783998458367,-1.960783802399595e-08,-1.960783802399595e-08,0.1960783998458367,1.960783802399595e-08,1.960783802399595e-08,-80.39216001522024,-80.39216001522024,-80.39216001522024,-0.1960783998458367,-1.960783802399595e-08,-1.960783802399595e-08,1.960783998458368e-10,19.60783802399595,19.60783802399595,-0.1960784390615128,-80.39216001522024,0.1960784390615128,0,-0.1960783998458367,-1.960783802399595e-08,-1.960783802399595e-08,0,0,0,0.1960783998458367,1.960783802399595e-08,1.960783802399595e-08,1.960783998458368e-10,19.60783802399595,19.60783802399595
26.3,80.39216001541632,99.99999803921619,99.99999803921619,-19.60783998458367,-1.960783802399595e-06,-1.960783802399595e-06,0,0,0.1960784390615128,410,80.39216001522024,0.1960783998458367,1.960783802399595e-08,1.960783802399595e-08,1e-09,1000000000,1000000000,1.960783998458368e-10,19.60783802399595,19.60783802399595,80,0.9,82,3,1,1,1,1,2,1,1,1,1,1,1,-0.1960783998458367,-1.960783802399595e-08,-1.960783802399595e-08,0.1960783998458367,1.960783802399595e-08,1.960783802399595e-08,-80.39216001522024,-80.39216001522024,-80.39216001522024,-0.1960783998458367,-1.960783802399595e-08,-1.960783802399595e-08,1.960783998458368e-10,19.60783802399595,19.60783802399595,-0.1960784390615128,-80.39216001522024,0.1960784390615128,0,-0.1960783998458367,-1.960783802399595e-08,-1.960783802399595e-08,0,0,0,0.1960783998458367,1.960783802399595e-08,1.960783802399595e-08,1.960783998458368e-10,19.60783802399595,19.60783802399595
26.4,80.39216001541632,99.99999803921619,99.99999803921619,-19.60783998458367,-1.960783802399595e-06,-1.960783802399595e-06,0,0,0.1960784390615128,410,80.39216001522024,0.1960783998458367,1.960783802399595e-08,1.960783802399595e-08,1e-09,1000000000,1000000000,1.960783998458368e-10,19.60783802399595,19.60783802399595,80,0.9,82,3,1,1,1,1,2,1,1,1,1,1,1,-0.1960783998458367,-1.960783802399595e-08,-1.960783802399595e-08,0.1960783998458367,1.960783802399595e-08,1.960783802399595e-08,-80.39216001522024,-80.39216001522024,-80.39216001522024,-0.1960783998458367,-1.960783802399595e-08,-1.960783802399595e-08,1.960783998458368e-10,19.60783802399595,19.60783802399595,-0.1960784390615128,-80.39216001522024,0.1960784390615128,0,-0.1960783998458367,-1.960783802399595e-08,-1.960783802399595e-08,0,0,0,0.1960783998458367,1.960783802399595e-08,1.960783802399595e-08,1.960783998458368e-10,19.60783802399595,19.60783802399595
26.5,80.39216001541632,99.99999803921619,99.99999803921619,-19.60783998458367,-1.960783802399595e-06,-1.960783802399595e-06,0,0,0.1960784390615128,410,80.39216001522024,0.1960783998458367,1.960783802399595e-08,1.960783802399595e-08,1e-09,1000000000,1000000000,1.960783998458368e-10,19.60783802399595,19.60783802399595,80,0.9,82,3,1,1,1,1,2,1,1,1,1,1,1,-0.1960783998458367,-1.960783802399595e-08,-1.960783802399595e-08,0.1960783998458367,1.960783802399595e-08,1.960783802399595e-08,-80.39216001522024,-80.39216001522024,-80.39216001522024,-0.1960783998458367,-1.960783802399595e-08,-1.960783802399595e-08,1.960783998458368e-10,19.60783802399595,19.60783802399595,-0.1960784390615128,-80.39216001522024,0.1960784390615128,0,-0.1960783998458367,-1.960783802399595e-08,-1.960783802399595e-08,0,0,0,0.1960783998458367,1.960783802399595e-08,1.960783802399595e-08,1.960783998458368e-10,19.60783802399595,19.60783802399595
26.6,80.39216001541632,99.99999803921619,99.99999803921619,-19.60783998458367,-1.960783802399595e-06,-1.960783802399595e-06,0,0,0.1960784390615128,410,80.39216001522024,0.1960783998458367,1.960783802399595e-08,1.960783802399595e-08,1e-09,1000000000,1000000000,1.960783998458368e-10,19.60783802399595,19.60783802399595,80,0.9,82,3,1,1,1,1,2,1,1,1,1,1,1,-0.1960783998458367,-1.960783802399595e-08,-1.960783802399595e-08,0.1960783998458367,1.960783802399595e-08,1.960783802399595e-08,-80.39216001522024,-80.39216001522024,-80.39216001522024,-0.1960783998458367,-1.960783802399595e-08,-1.960783802399595e-08,1.960783998458368e-10,19.60783802399595,19.60783802399595,-0.1960784390615128,-80.39216001522024,0.1960784390615128,0,-0.1960783998458367,-1.960783802399595e-08,-1.960783802399595e-08,0,0,0,0.1960783998458367,1.960783802399595e-08,1.960783802399595e-08,1.960783998458368e-10,19.60783802399595,19.60783802399595
26.7,80.39216001541632,99.99999803921619,99.99999803921619,-19.60783998458367,-1.960783802399595e-06,-1.960783802399595e-06,0,0,0.1960784390615128,410,80.39216001522024,0.1960783998458367,1.960783802399595e-08,1.960783802399595e-08,1e-09,1000000000,1000000000,1.960783998458368e-10,19.60783802399595,19.60783802399595,80,0.9,82,3,1,1,1,1,2,1,1,1,1,1,1,-0.1960783998458367,-1.960783802399595e-08,-1.960783802399595e-08,0.1960783998458367,1.960783802399595e-08,1.960783802399595e-08,-80.39216001522024,-80.39216001522024,-80.39216001522024,-0.1960783998458367,-1.960783802399595e-08,-1.960783802399595e-08,1.960783998458368e-10,19.60783802399595,19.60783802399595,-0.1960784390615128,-80.39216001522024,0.1960784390615128,0,-0.1960783998458367,-1.960783802399595e-08,-1.960783802399595e-08,0,0,0,0.1960783998458367,1.960783802399595e-08,1.960783802399595e-08,1.960783998458368e-10,19.60783802399595,19.60783802399595
26.8,80.39216001541632,99.99999803921619,99.99999803921619,-19.60783998458367,-1.960783802399595e-06,-1.960783802399595e-06,0,0,0.1960784390615128,410,80.39216001522024,0.1960783998458367,1.960783802399595e-08,1.960783802399595e-08,1e-09,1000000000,1000000000,1.960783998458368e-10,19.60783802399595,19.60783802399595,80,0.9,82,3,1,1,1,1,2,1,1,1,1,1,1,-0.1960783998458367,-1.960783802399595e-08,-1.960783802399595e-08,0.1960783998458367,1.960783802399595e-08,1.960783802399595e-08,-80.39216001522024,-80.39216001522024,-80.39216001522024,-0.1960783998458367,-1.960783802399595e-08,-1.960783802399595e-08,1.960783998458368e-10,19.60783802399595,19.60783802399595,-0.1960784390615128,-80.39216001522024,0.1960784390615128,0,-0.1960783998458367,-1.960783802399595e-08,-1.960783802399595e-08,0,0,0,0.1960783998458367,1.960783802399595e-08,1.960783802399595e-08,1.960783998458368e-10,19.60783802399595,19.60783802399595
26.9,80.39216001541632,99.99999803921619,99.99999803921619,-19.60783998458367,-1.960783802399595e-06,-1.960783802399595e-06,0,0,0.1960784390615128,410,80.39216001522024,0.1960783998458367,1.960783802399595e-08,1.960783802399595e-08,1e-09,1000000000,1000000000,1.960783998458368e-10,19.60783802399595,19.60783802399595,80,0.9,82,3,1,1,1,1,2,1,1,1,1,1,1,-0.1960783998458367,-1.960783802399595e-08,-1.960783802399595e-08,0.1960783998458367,1.960783802399595e-08,1.960783802399595e-08,-80.39216001522024,-80.39216001522024,-80.39216001522024,-0.1960783998458367,-1.960783802399595e-08,-1.960783802399595e-08,1.960783998458368e-10,19.60783802399595,19.60783802399595,-0.1960784390615128,-80.39216001522024,0.1960784390615128,0,-0.1960783998458367,-1.960783802399595e-08,-1.960783802399595e-08,0,0,0,0.1960783998458367,1.960783802399595e-08,1.960783802399595e-08,1.960783998458368e-10,19.60783802399595,19.60783802399595
27,80.39216001541632,99.99999803921619,99.99999803921619,-19.60783998458367,-1.960783802399595e-06,-1.960783802399595e-06,0,0,0.1960784390615128,410,80.39216001522024,0.1960783998458367,1.960783802399595e-08,1.960783802399595e-08,1e-09,1000000000,1000000000,1.960783998458368e-10,19.60783802399595,19.60783802399595,80,0.9,82,3,1,1,1,1,2,1,1,1,1,1,1,-0.1960783998458367,-1.960783802399595e-08,-1.960783802399595e-08,0.1960783998458367,1.960783802399595e-08,1.960783802399595e-08,-80.39216001522024,-80.39216001522024,-80.39216001522024,-0.1960783998458367,-1.960783802399595e-08,-1.960783802399595e-08,1.960783998458368e-10,19.60783802399595,19.60783802399595,-0.1960784390615128,-80.39216001522024,0.1960784390615128,0,-0.1960783998458367,-1.960783802399595e-08,-1.960783802399595e-08,0,0,0,0.1960783998458367,1.960783802399595e-08,1.960783802399595e-08,1.960783998458368e-10,19.60783802399595,19.60783802399595
27.00000000540022,80.39216001541632,99.99999803921619,99.99999803921619,-19.60783998458367,-1.960783802399595e-06,-1.960783802399595e-06,0,0,0.1960784390615128,410,80.39216001522024,0.1960783998458367,1.960783802399595e-08,1.960783802399595e-08,1e-09,1000000000,1000000000,1.960783998458368e-10,19.60783802399595,19.60783802399595,80,0.9,82,3,1,1,1,1,2,1,1,1,1,1,1,-0.1960783998458367,-1.960783802399595e-08,-1.960783802399595e-08,0.1960783998458367,1.960783802399595e-08,1.960783802399595e-08,-80.39216001522024,-80.39216001522024,-80.39216001522024,-0.1960783998458367,-1.960783802399595e-08,-1.960783802399595e-08,1.960783998458368e-10,19.60783802399595,19.60783802399595,-0.1960784390615128,-80.39216001522024,0.1960784390615128,0,-0.1960783998458367,-1.960783802399595e-08,-1.960783802399595e-08,0,0,0,0.1960783998458367,1.960783802399595e-08,1.960783802399595e-08,1.960783998458368e-10,19.60783802399595,19.60783802399595
27.00000000540022,76.74418604656572,76.74418604656572,76.74418604656572,-23.25581395343429,-23.25581395343428,-23.25581395343429,5.551115123125783e-17,0,0.6976744186030286,110,76.74418604633316,0.232558139534343,0.2325581395343428,0.2325581395343429,1e-09,1e-09,1e-09,2.32558139534343e-10,2.325581395343428e-10,2.325581395343429e-10,80,0.9,22,3,1,1,1,1,2,2,2,1,1,1,3,-0.232558139534343,-0.2325581395343428,-0.2325581395343429,0.232558139534343,0.2325581395343428,0.2325581395343429,-76.74418604633316,-76.74418604633316,-76.74418604633316,-0.232558139534343,-0.2325581395343428,-0.2325581395343429,2.32558139534343e-10,2.325581395343428e-10,2.325581395343429e-10,-0.6976744186030286,-76.74418604633316,0.6976744186030286,0,-0.232558139534343,-0.2325581395343428,-0.2325581395343429,0,0,0,0.232558139534343,0.2325581395343428,0.2325581395343429,2.32558139534343e-10,2.325581395343428e-10,2.325581395343429e-10
27.1,76.7441860465657,76.7441860465657,76.7441860465657,-23.25581395343429,-23.25581395343429,-23.2558139534343,-5.551115123125783e-17,0,0.6976744186030288,110,76.74418604633314,0.2325581395343429,0.2325581395343429,0.232558139534343,1e-09,1e-09,1e-09,2.325581395343429e-10,2.325581395343429e-10,2.32558139534343e-10,80,0.9,22,3,1,1,1,1,2,2,2,1,1,1,3,-0.2325581395343429,-0.2325581395343429,-0.232558139534343,0.2325581395343429,0.2325581395343429,0.232558139534343,-76.74418604633314,-76.74418604633314,-76.74418604633314,-0.2325581395343429,-0.2325581395343429,-0.232558139534343,2.325581395343429e-10,2.325581395343429e-10,2.32558139534343e-10,-0.6976744186030288,-76.74418604633314,0.6976744186030288,0,-0.2325581395343429,-0.2325581395343429,-0.232558139534343,0,0,0,0.2325581395343429,0.2325581395343429,0.232558139534343,2.325581395343429e-10,2.325581395343429e-10,2.32558139534343e-10
27.2,76.74418604656572,76.74418604656572,76.74418604656572,-23.25581395343429,-23.25581395343429,-23.25581395343428,2.775557561562891e-17,0,0.6976744186030286,110,76.74418604633316,0.2325581395343429,0.2325581395343429,0.2325581395343428,1e-09,1e-09,1e-09,2.325581395343429e-10,2.325581395343429e-10,2.325581395343429e-10,80,0.9,22,3,1,1,1,1,2,2,2,1,1,1,3,-0.2325581395343429,-0.2325581395343429,-0.2325581395343428,0.2325581395343429,0.2325581395343429,0.2325581395343428,-76.74418604633316,-76.74418604633316,-76.74418604633316,-0.2325581395343429,-0.2325581395343429,-0.2325581395343428,2.325581395343429e-10,2.325581395343429e-10,2.325581395343429e-10,-0.6976744186030286,-76.74418604633316,0.6976744186030286,0,-0.2325581395343429,-0.2325581395343429,-0.2325581395343428,0,0,0,0.2325581395343429,0.2325581395343429,0.2325581395343428,2.325581395343429e-10,2.325581395343429e-10,2.325581395343429e-10
27.3,76.74418604656572,76.74418604656572,76.74418604656572,-23.25581395343429,-23.25581395343429,-23.25581395343429,-2.775557561562891e-17,0,0.6976744186030287,110,76.74418604633316,0.2325581395343429,0.2325581395343429,0.2325581395343429,1e-09,1e-09,1e-09,2.325581395343429e-10,2.325581395343429e-10,2.325581395343429e-10,80,0.9,22,3,1,1,1,1,2,2,2,1,1,1,3,-0.2325581395343429,-0.2325581395343429,-0.2325581395343429,0.2325581395343429,0.2325581395343429,0.2325581395343429,-76.74418604633316,-76.74418604633316,-76.74418604633316,-0.2325581395343429,-0.2325581395343429,-0.2325581395343429,2.325581395343429e-10,2.325581395343429e-10,2.325581395343429e-10,-0.6976744186030287,-76.74418604633316,0.6976744186030287,0,-0.2325581395343429,-0.2325581395343429,-0.2325581395343429,0,0,0,0.2325581395343429,0.2325581395343429,0.2325581395343429,2.325581395343429e-10,2.325581395343429e-10,2.325581395343429e-10
27.4,76.74418604656572,76.74418604656572,76.74418604656572,-23.25581395343429,-23.25581395343429,-23.25581395343429,-2.775557561562891e-17,0,0.6976744186030287,110,76.74418604633316,0.2325581395343429,0.2325581395343429,0.2325581395343429,1e-09,1e-09,1e-09,2.325581395343429e-10,2.325581395343429e-10,2.325581395343429e-10,80,0.9,22,3,1,1,1,1,2,2,2,1,1,1,3,-0.2325581395343429,-0.2325581395343429,-0.2325581395343429,0.2325581395343429,0.2325581395343429,0.2325581395343429,-76.74418604633316,-76.74418604633316,-76.74418604633316,-0.2325581395343429,-0.2325581395343429,-0.2325581395343429,2.325581395343429e-10,2.325581395343429e-10,2.325581395343429e-10,-0.6976744186030287,-76.74418604633316,0.6976744186030287,0,-0.2325581395343429,-0.2325581395343429,-0.2325581395343429,0,0,0,0.2325581395343429,0.2325581395343429,0.2325581395343429,2.325581395343429e-10,2.325581395343429e-10,2.325581395343429e-10
27.5,76.74418604656572,76.74418604656572,76.74418604656572,-23.25581395343429,-23.25581395343429,-23.25581395343429,-2.775557561562891e-17,0,0.6976744186030287,110,76.74418604633316,0.2325581395343429,0.2325581395343429,0.2325581395343429,1e-09,1e-09,1e-09,2.325581395343429e-10,2.325581395343429e-10,2.325581395343429e-10,80,0.9,22,3,1,1,1,1,2,2,2,1,1,1,3,-0.2325581395343429,-0.2325581395343429,-0.2325581395343429,0.2325581395343429,0.2325581395343429,0.2325581395343429,-76.74418604633316,-76.74418604633316,-76.74418604633316,-0.2325581395343429,-0.2325581395343429,-0.2325581395343429,2.325581395343429e-10,2.325581395343429e-10,2.325581395343429e-10,-0.6976744186030287,-76.74418604633316,0.6976744186030287,0,-0.2325581395343429,-0.2325581395343429,-0.2325581395343429,0,0,0,0.2325581395343429,0.2325581395343429,0.2325581395343429,2.325581395343429e-10,2.325581395343429e-10,2.325581395343429e-10
27.6,76.74418604656572,76.74418604656572,76.74418604656572,-23.25581395343429,-23.25581395343429,-23.25581395343429,-2.775557561562891e-17,0,0.6976744186030287,110,76.74418604633316,0.2325581395343429,0.2325581395343429,0.2325581395343429,1e-09,1e-09,1e-09,2.325581395343429e-10,2.325581395343429e-10,2.325581395343429e-10,80,0.9,22,3,1,1,1,1,2,2,2,1,1,1,3,-0.2325581395343429,-0.2325581395343429,-0.2325581395343429,0.2325581395343429,0.2325581395343429,0.2325581395343429,-76.74418604633316,-76.74418604633316,-76.74418604633316,-0.2325581395343429,-0.2325581395343429,-0.2325581395343429,2.325581395343429e-10,2.325581395343429e-10,2.325581395343429e-10,-0.6976744186030287,-76.74418604633316,0.6976744186030287,0,-0.2325581395343429,-0.2325581395343429,-0.2325581395343429,0,0,0,0.2325581395343429,0.2325581395343429,0.2325581395343429,2.325581395343429e-10,2.325581395343429e-10,2.325581395343429e-10
27.7,76.74418604656572,76.74418604656572,76.74418604656572,-23.25581395343429,-23.25581395343429,-23.25581395343429,-2.775557561562891e-17,0,0.6976744186030287,110,76.74418604633316,0.2325581395343429,0.2325581395343429,0.2325581395343429,1e-09,1e-09,1e-09,2.325581395343429e-10,2.325581395343429e-10,2.325581395343429e-10,80,0.9,22,3,1,1,1,1,2,2,2,1,1,1,3,-0.2325581395343429,-0.2325581395343429,-0.2325581395343429,0.2325581395343429,0.2325581395343429,0.2325581395343429,-76.74418604633316,-76.74418604633316,-76.74418604633316,-0.2325581395343429,-0.2325581395343429,-0.2325581395343429,2.325581395343429e-10,2.325581395343429e-10,2.325581395343429e-10,-0.6976744186030287,-76.74418604633316,0.6976744186030287,0,-0.2325581395343429,-0.2325581395343429,-0.2325581395343429,0,0,0,0.2325581395343429,0.2325581395343429,0.2325581395343429,2.325581395343429e-10,2.325581395343429e-10,2.325581395343429e-10
27.8,76.74418604656572,76.74418604656572,76.74418604656572,-23.25581395343429,-23.25581395343429,-23.25581395343429,-2.775557561562891e-17,0,0.6976744186030287,110,76.74418604633316,0.2325581395343429,0.2325581395343429,0.2325581395343429,1e-09,1e-09,1e-09,2.325581395343429e-10,2.325581395343429e-10,2.325581395343429e-10,80,0.9,22,3,1,1,1,1,2,2,2,1,1,1,3,-0.2325581395343429,-0.2325581395343429,-0.2325581395343429,0.2325581395343429,0.2325581395343429,0.2325581395343429,-76.74418604633316,-76.74418604633316,-76.74418604633316,-0.2325581395343429,-0.2325581395343429,-0.2325581395343429,2.325581395343429e-10,2.325581395343429e-10,2.325581395343429e-10,-0.6976744186030287,-76.74418604633316,0.6976744186030287,0,-0.2325581395343429,-0.2325581395343429,-0.2325581395343429,0,0,0,0.2325581395343429,0.2325581395343429,0.2325581395343429,2.325581395343429e-10,2.325581395343429e-10,2.325581395343429e-10
27.9,76.74418604656572,76.74418604656572,76.74418604656572,-23.25581395343429,-23.25581395343429,-23.25581395343429,-2.775557561562891e-17,0,0.6976744186030287,110,76.74418604633316,0.2325581395343429,0.2325581395343429,0.2325581395343429,1e-09,1e-09,1e-09,2.325581395343429e-10,2.325581395343429e-10,2.325581395343429e-10,80,0.9,22,3,1,1,1,1,2,2,2,1,1,1,3,-0.2325581395343429,-0.2325581395343429,-0.2325581395343429,0.2325581395343429,0.2325581395343429,0.2325581395343429,-76.74418604633316,-76.74418604633316,-76.74418604633316,-0.2325581395343429,-0.2325581395343429,-0.2325581395343429,2.325581395343429e-10,2.325581395343429e-10,2.325581395343429e-10,-0.6976744186030287,-76.74418604633316,0.6976744186030287,0,-0.2325581395343429,-0.2325581395343429,-0.2325581395343429,0,0,0,0.2325581395343429,0.2325581395343429,0.2325581395343429,2.325581395343429e-10,2.325581395343429e-10,2.325581395343429e-10
28,76.74418604656572,76.74418604656572,76.74418604656572,-23.25581395343429,-23.25581395343429,-23.25581395343429,-2.775557561562891e-17,0,0.6976744186030287,110,76.74418604633316,0.2325581395343429,0.2325581395343429,0.2325581395343429,1e-09,1e-09,1e-09,2.325581395343429e-10,2.325581395343429e-10,2.325581395343429e-10,80,0.9,22,3,1,1,1,1,2,2,2,1,1,1,3,-0.2325581395343429,-0.2325581395343429,-0.2325581395343429,0.2325581395343429,0.2325581395343429,0.2325581395343429,-76.74418604633316,-76.74418604633316,-76.74418604633316,-0.2325581395343429,-0.2325581395343429,-0.2325581395343429,2.325581395343429e-10,2.325581395343429e-10,2.325581395343429e-10,-0.6976744186030287,-76.74418604633316,0.6976744186030287,0,-0.2325581395343429,-0.2325581395343429,-0.2325581395343429,0,0,0,0.2325581395343429,0.2325581395343429,0.2325581395343429,2.325581395343429e-10,2.325581395343429e-10,2.325581395343429e-10
28.00000000560031,76.74418604656572,76.74418604656572,76.74418604656572,-23.25581395343429,-23.25581395343429,-23.25581395343429,-2.775557561562891e-17,0,0.6976744186030287,110,76.74418604633316,0.2325581395343429,0.2325581395343429,0.2325581395343429,1e-09,1e-09,1e-09,2.325581395343429e-10,2.325581395343429e-10,2.325581395343429e-10,80,0.9,22,3,1,1,1,1,2,2,2,1,1,1,3,-0.2325581395343429,-0.2325581395343429,-0.2325581395343429,0.2325581395343429,0.2325581395343429,0.2325581395343429,-76.74418604633316,-76.74418604633316,-76.74418604633316,-0.2325581395343429,-0.2325581395343429,-0.2325581395343429,2.325581395343429e-10,2.325581395343429e-10,2.325581395343429e-10,-0.6976744186030287,-76.74418604633316,0.6976744186030287,0,-0.2325581395343429,-0.2325581395343429,-0.2325581395343429,0,0,0,0.2325581395343429,0.2325581395343429,0.2325581395343429,2.325581395343429e-10,2.325581395343429e-10,2.325581395343429e-10
28.00000000560031,80.76923157010992,80.76923157010992,99.99999807692335,-19.23076847050877,-19.23076843936779,-1.923076650700573e-06,0,0,0.3846153883295321,210,80.76923156991762,0.1923076847050877,0.1923076843936779,1.923076650700573e-08,1e-09,1e-09,1000000000,1.923076847050877e-10,1.923076843936779e-10,19.23076650700573,80,0.9,42,3,1,1,1,1,2,2,1,1,1,1,2,-0.1923076847050877,-0.1923076843936779,-1.923076650700573e-08,0.1923076847050877,0.1923076843936779,1.923076650700573e-08,-80.76923156991762,-80.76923156991762,-80.76923156991762,-0.1923076847050877,-0.1923076843936779,-1.923076650700573e-08,1.923076847050877e-10,1.923076843936779e-10,19.23076650700573,-0.3846153883295321,-80.76923156991762,0.3846153883295321,0,-0.1923076847050877,-0.1923076843936779,-1.923076650700573e-08,0,0,0,0.1923076847050877,0.1923076843936779,1.923076650700573e-08,1.923076847050877e-10,1.923076843936779e-10,19.23076650700573
28.1,80.76923154589487,80.76923154589487,99.99999807692335,-19.23076845410514,-19.23076845410514,-1.923076653122078e-06,0,0,0.3846153883128693,210,80.76923154570257,0.1923076845410514,0.1923076845410514,1.923076653122078e-08,1e-09,1e-09,1000000000,1.923076845410514e-10,1.923076845410514e-10,19.23076653122078,80,0.9,42,3,1,1,1,1,2,2,1,1,1,1,2,-0.1923076845410514,-0.1923076845410514,-1.923076653122078e-08,0.1923076845410514,0.1923076845410514,1.923076653122078e-08,-80.76923154570257,-80.76923154570257,-80.76923154570257,-0.1923076845410514,-0.1923076845410514,-1.923076653122078e-08,1.923076845410514e-10,1.923076845410514e-10,19.23076653122078,-0.3846153883128693,-80.76923154570257,0.3846153883128693,0,-0.1923076845410514,-0.1923076845410514,-1.923076653122078e-08,0,0,0,0.1923076845410514,0.1923076845410514,1.923076653122078e-08,1.923076845410514e-10,1.923076845410514e-10,19.23076653122078
28.2,80.76923154589485,80.76923154589485,99.99999807692335,-19.23076845410514,-19.23076845410514,-1.923076653122079e-06,0,0,0.3846153883128693,210,80.76923154570255,0.1923076845410514,0.1923076845410513,1.923076653122079e-08,1e-09,1e-09,1000000000,1.923076845410514e-10,1.923076845410514e-10,19.23076653122079,80,0.9,42,3,1,1,1,1,2,2,1,1,1,1,2,-0.1923076845410514,-0.1923076845410513,-1.923076653122079e-08,0.1923076845410514,0.1923076845410513,1.923076653122079e-08,-80.76923154570255,-80.76923154570255,-80.76923154570255,-0.1923076845410514,-0.1923076845410513,-1.923076653122079e-08,1.923076845410514e-10,1.923076845410514e-10,19.23076653122079,-0.3846153883128693,-80.76923154570255,0.3846153883128693,0,-0.1923076845410514,-0.1923076845410513,-1.923076653122079e-08,0,0,0,0.1923076845410514,0.1923076845410513,1.923076653122079e-08,1.923076845410514e-10,1.923076845410514e-10,19.23076653122079
28.3,80.76923154589485,80.76923154589485,99.99999807692335,-19.23076845410514,-19.23076845410514,-1.923076653122079e-06,-2.775557561562891e-17,0,0.3846153883128693,210,80.76923154570255,0.1923076845410513,0.1923076845410514,1.923076653122079e-08,1e-09,1e-09,1000000000,1.923076845410514e-10,1.923076845410514e-10,19.23076653122079,80,0.9,42,3,1,1,1,1,2,2,1,1,1,1,2,-0.1923076845410513,-0.1923076845410514,-1.923076653122079e-08,0.1923076845410513,0.1923076845410514,1.923076653122079e-08,-80.76923154570255,-80.76923154570255,-80.76923154570255,-0.1923076845410513,-0.1923076845410514,-1.923076653122079e-08,1.923076845410514e-10,1.923076845410514e-10,19.23076653122079,-0.3846153883128693,-80.76923154570255,0.3846153883128693,0,-0.1923076845410513,-0.1923076845410514,-1.923076653122079e-08,0,0,0,0.1923076845410513,0.1923076845410514,1.923076653122079e-08,1.923076845410514e-10,1.923076845410514e-10,19.23076653122079
28.4,80.76923154589487,80.76923154589487,99.99999807692335,-19.23076845410514,-19.23076845410514,-1.923076653122078e-06,0,0,0.3846153883128693,210,80.76923154570257,0.1923076845410514,0.1923076845410513,1.923076653122078e-08,1e-09,1e-09,1000000000,1.923076845410514e-10,1.923076845410514e-10,19.23076653122078,80,0.9,42,3,1,1,1,1,2,2,1,1,1,1,2,-0.1923076845410514,-0.1923076845410513,-1.923076653122078e-08,0.1923076845410514,0.1923076845410513,1.923076653122078e-08,-80.76923154570257,-80.76923154570257,-80.76923154570257,-0.1923076845410514,-0.1923076845410513,-1.923076653122078e-08,1.923076845410514e-10,1.923076845410514e-10,19.23076653122078,-0.3846153883128693,-80.76923154570257,0.3846153883128693,0,-0.1923076845410514,-0.1923076845410513,-1.923076653122078e-08,0,0,0,0.1923076845410514,0.1923076845410513,1.923076653122078e-08,1.923076845410514e-10,1.923076845410514e-10,19.23076653122078
28.5,80.76923154589485,80.76923154589485,99.99999807692335,-19.23076845410514,-19.23076845410514,-1.923076653122079e-06,-2.775557561562891e-17,0,0.3846153883128693,210,80.76923154570255,0.1923076845410513,0.1923076845410514,1.923076653122079e-08,1e-09,1e-09,1000000000,1.923076845410514e-10,1.923076845410514e-10,19.23076653122079,80,0.9,42,3,1,1,1,1,2,2,1,1,1,1,2,-0.1923076845410513,-0.1923076845410514,-1.923076653122079e-08,0.1923076845410513,0.1923076845410514,1.923076653122079e-08,-80.76923154570255,-80.76923154570255,-80.76923154570255,-0.1923076845410513,-0.1923076845410514,-1.923076653122079e-08,1.923076845410514e-10,1.923076845410514e-10,19.23076653122079,-0.3846153883128693,-80.76923154570255,0.3846153883128693,0,-0.1923076845410513,-0.1923076845410514,-1.923076653122079e-08,0,0,0,0.1923076845410513,0.1923076845410514,1.923076653122079e-08,1.923076845410514e-10,1.923076845410514e-10,19.23076653122079
28.6,80.76923154589487,80.76923154589487,99.99999807692335,-19.23076845410514,-19.23076845410514,-1.923076653122078e-06,0,0,0.3846153883128693,210,80.76923154570257,0.1923076845410514,0.1923076845410513,1.923076653122078e-08,1e-09,1e-09,1000000000,1.923076845410514e-10,1.923076845410514e-10,19.23076653122078,80,0.9,42,3,1,1,1,1,2,2,1,1,1,1,2,-0.1923076845410514,-0.1923076845410513,-1.923076653122078e-08,0.1923076845410514,0.1923076845410513,1.923076653122078e-08,-80.76923154570257,-80.76923154570257,-80.76923154570257,-0.1923076845410514,-0.1923076845410513,-1.923076653122078e-08,1.923076845410514e-10,1.923076845410514e-10,19.23076653122078,-0.3846153883128693,-80.76923154570257,0.3846153883128693,0,-0.1923076845410514,-0.1923076845410513,-1.923076653122078e-08,0,0,0,0.1923076845410514,0.1923076845410513,1.923076653122078e-08,1.923076845410514e-10,1.923076845410514e-10,19.23076653122078
28.7,80.76923154589485,80.76923154589485,99.99999807692335,-19.23076845410514,-19.23076845410514,-1.923076653122079e-06,-2.775557561562891e-17,0,0.3846153883128693,210,80.76923154570255,0.1923076845410513,0.1923076845410514,1.923076653122079e-08,1e-09,1e-09,1000000000,1.923076845410514e-10,1.923076845410514e-10,19.23076653122079,80,0.9,42,3,1,1,1,1,2,2,1,1,1,1,2,-0.1923076845410513,-0.1923076845410514,-1.923076653122079e-08,0.1923076845410513,0.1923076845410514,1.923076653122079e-08,-80.76923154570255,-80.76923154570255,-80.76923154570255,-0.1923076845410513,-0.1923076845410514,-1.923076653122079e-08,1.923076845410514e-10,1.923076845410514e-10,19.23076653122079,-0.3846153883128693,-80.76923154570255,0.3846153883128693,0,-0.1923076845410513,-0.1923076845410514,-1.923076653122079e-08,0,0,0,0.1923076845410513,0.1923076845410514,1.923076653122079e-08,1.923076845410514e-10,1.923076845410514e-10,19.23076653122079
28.8,80.76923154589487,80.76923154589487,99.99999807692335,-19.23076845410514,-19.23076845410514,-1.923076653122078e-06,0,0,0.3846153883128693,210,80.76923154570257,0.1923076845410514,0.1923076845410513,1.923076653122078e-08,1e-09,1e-09,1000000000,1.923076845410514e-10,1.923076845410514e-10,19.23076653122078,80,0.9,42,3,1,1,1,1,2,2,1,1,1,1,2,-0.1923076845410514,-0.1923076845410513,-1.923076653122078e-08,0.1923076845410514,0.1923076845410513,1.923076653122078e-08,-80.76923154570257,-80.76923154570257,-80.76923154570257,-0.1923076845410514,-0.1923076845410513,-1.923076653122078e-08,1.923076845410514e-10,1.923076845410514e-10,19.23076653122078,-0.3846153883128693,-80.76923154570257,0.3846153883128693,0,-0.1923076845410514,-0.1923076845410513,-1.923076653122078e-08,0,0,0,0.1923076845410514,0.1923076845410513,1.923076653122078e-08,1.923076845410514e-10,1.923076845410514e-10,19.23076653122078
28.9,80.76923154589485,80.76923154589485,99.99999807692335,-19.23076845410514,-19.23076845410514,-1.923076653122079e-06,-2.775557561562891e-17,0,0.3846153883128693,210,80.76923154570255,0.1923076845410513,0.1923076845410514,1.923076653122079e-08,1e-09,1e-09,1000000000,1.923076845410514e-10,1.923076845410514e-10,19.23076653122079,80,0.9,42,3,1,1,1,1,2,2,1,1,1,1,2,-0.1923076845410513,-0.1923076845410514,-1.923076653122079e-08,0.1923076845410513,0.1923076845410514,1.923076653122079e-08,-80.76923154570255,-80.76923154570255,-80.76923154570255,-0.1923076845410513,-0.1923076845410514,-1.923076653122079e-08,1.923076845410514e-10,1.923076845410514e-10,19.23076653122079,-0.3846153883128693,-80.76923154570255,0.3846153883128693,0,-0.1923076845410513,-0.1923076845410514,-1.923076653122079e-08,0,0,0,0.1923076845410513,0.1923076845410514,1.923076653122079e-08,1.923076845410514e-10,1.923076845410514e-10,19.23076653122079
29,80.76923154589487,80.76923154589487,99.99999807692335,-19.23076845410514,-19.23076845410514,-1.923076653122078e-06,0,0,0.3846153883128693,210,80.76923154570257,0.1923076845410514,0.1923076845410513,1.923076653122078e-08,1e-09,1e-09,1000000000,1.923076845410514e-10,1.923076845410514e-10,19.23076653122078,80,0.9,42,3,1,1,1,1,2,2,1,1,1,1,2,-0.1923076845410514,-0.1923076845410513,-1.923076653122078e-08,0.1923076845410514,0.1923076845410513,1.923076653122078e-08,-80.76923154570257,-80.76923154570257,-80.76923154570257,-0.1923076845410514,-0.1923076845410513,-1.923076653122078e-08,1.923076845410514e-10,1.923076845410514e-10,19.23076653122078,-0.3846153883128693,-80.76923154570257,0.3846153883128693,0,-0.1923076845410514,-0.1923076845410513,-1.923076653122078e-08,0,0,0,0.1923076845410514,0.1923076845410513,1.923076653122078e-08,1.923076845410514e-10,1.923076845410514e-10,19.23076653122078
29.00000000580039,80.76923154589485,80.76923154589485,99.99999807692335,-19.23076845410514,-19.23076845410514,-1.923076653122079e-06,-2.775557561562891e-17,0,0.3846153883128693,210,80.76923154570255,0.1923076845410513,0.1923076845410514,1.923076653122079e-08,1e-09,1e-09,1000000000,1.923076845410514e-10,1.923076845410514e-10,19.23076653122079,80,0.9,42,3,1,1,1,1,2,2,1,1,1,1,2,-0.1923076845410513,-0.1923076845410514,-1.923076653122079e-08,0.1923076845410513,0.1923076845410514,1.923076653122079e-08,-80.76923154570255,-80.76923154570255,-80.76923154570255,-0.1923076845410513,-0.1923076845410514,-1.923076653122079e-08,1.923076845410514e-10,1.923076845410514e-10,19.23076653122079,-0.3846153883128693,-80.76923154570255,0.3846153883128693,0,-0.1923076845410513,-0.1923076845410514,-1.923076653122079e-08,0,0,0,0.1923076845410513,0.1923076845410514,1.923076653122079e-08,1.923076845410514e-10,1.923076845410514e-10,19.23076653122079
29.00000000580039,77.27273078517474,99.99999771448167,99.99999772727331,-22.72726921482528,-2.27272669295342e-06,-2.272726694232585e-06,0,0,0.2272727376027866,340,77.27273078494747,0.2272726921482528,2.27272669295342e-08,2.272726694232585e-08,1e-09,1000000000,1000000000,2.272726921482528e-10,22.7272669295342,22.72726694232584,80,0.9,68,3,1,1,1,1,2,1,1,1,1,1,1,-0.2272726921482528,-2.27272669295342e-08,-2.272726694232585e-08,0.2272726921482528,2.27272669295342e-08,2.272726694232585e-08,-77.27273078494747,-77.27273078494747,-77.27273078494747,-0.2272726921482528,-2.27272669295342e-08,-2.272726694232585e-08,2.272726921482528e-10,22.7272669295342,22.72726694232584,-0.2272727376027866,-77.27273078494747,0.2272727376027866,0,-0.2272726921482528,-2.27272669295342e-08,-2.272726694232585e-08,0,0,0,0.2272726921482528,2.27272669295342e-08,2.272726694232585e-08,2.272726921482528e-10,22.7272669295342,22.72726694232584
29.1,77.27273078517473,99.99999772727331,99.99999772727331,-22.72726921482528,-2.272726694232585e-06,-2.272726694232586e-06,-2.775557561562891e-17,0,0.2272727376027867,340,77.27273078494746,0.2272726921482528,2.272726694232585e-08,2.272726694232586e-08,1e-09,1000000000,1000000000,2.272726921482528e-10,22.72726694232585,22.72726694232586,80,0.9,68,3,1,1,1,1,2,1,1,1,1,1,1,-0.2272726921482528,-2.272726694232585e-08,-2.272726694232586e-08,0.2272726921482528,2.272726694232585e-08,2.272726694232586e-08,-77.27273078494746,-77.27273078494746,-77.27273078494746,-0.2272726921482528,-2.272726694232585e-08,-2.272726694232586e-08,2.272726921482528e-10,22.72726694232585,22.72726694232586,-0.2272727376027867,-77.27273078494746,0.2272727376027867,0,-0.2272726921482528,-2.272726694232585e-08,-2.272726694232586e-08,0,0,0,0.2272726921482528,2.272726694232585e-08,2.272726694232586e-08,2.272726921482528e-10,22.72726694232585,22.72726694232586
29.2,77.27273078517473,99.9999977272733,99.99999772727331,-22.72726921482527,-2.272726694232585e-06,-2.272726694232585e-06,-2.775557561562891e-17,0,0.2272727376027866,340,77.27273078494746,0.2272726921482527,2.272726694232585e-08,2.272726694232586e-08,1e-09,1000000000,1000000000,2.272726921482527e-10,22.72726694232585,22.72726694232585,80,0.9,68,3,1,1,1,1,2,1,1,1,1,1,1,-0.2272726921482527,-2.272726694232585e-08,-2.272726694232586e-08,0.2272726921482527,2.272726694232585e-08,2.272726694232586e-08,-77.27273078494746,-77.27273078494746,-77.27273078494746,-0.2272726921482527,-2.272726694232585e-08,-2.272726694232586e-08,2.272726921482527e-10,22.72726694232585,22.72726694232585,-0.2272727376027866,-77.27273078494746,0.2272727376027866,0,-0.2272726921482527,-2.272726694232585e-08,-2.272726694232586e-08,0,0,0,0.2272726921482527,2.272726694232585e-08,2.272726694232586e-08,2.272726921482527e-10,22.72726694232585,22.72726694232585
29.3,77.27273078517473,99.99999772727332,99.99999772727331,-22.72726921482527,-2.272726694232586e-06,-2.272726694232585e-06,-2.775557561562891e-17,0,0.2272727376027866,340,77.27273078494746,0.2272726921482527,2.272726694232586e-08,2.272726694232586e-08,1e-09,1000000000,1000000000,2.272726921482527e-10,22.72726694232586,22.72726694232585,80,0.9,68,3,1,1,1,1,2,1,1,1,1,1,1,-0.2272726921482527,-2.272726694232586e-08,-2.272726694232586e-08,0.2272726921482527,2.272726694232586e-08,2.272726694232586e-08,-77.27273078494746,-77.27273078494746,-77.27273078494746,-0.2272726921482527,-2.272726694232586e-08,-2.272726694232586e-08,2.272726921482527e-10,22.72726694232586,22.72726694232585,-0.2272727376027866,-77.27273078494746,0.2272727376027866,0,-0.2272726921482527,-2.272726694232586e-08,-2.272726694232586e-08,0,0,0,0.2272726921482527,2.272726694232586e-08,2.272726694232586e-08,2.272726921482527e-10,22.72726694232586,22.72726694232585
29.4,77.27273078517473,99.9999977272733,99.99999772727331,-22.72726921482527,-2.272726694232585e-06,-2.272726694232585e-06,-2.775557561562891e-17,0,0.2272727376027866,340,77.27273078494746,0.2272726921482527,2.272726694232585e-08,2.272726694232586e-08,1e-09,1000000000,1000000000,2.272726921482527e-10,22.72726694232585,22.72726694232585,80,0.9,68,3,1,1,1,1,2,1,1,1,1,1,1,-0.2272726921482527,-2.272726694232585e-08,-2.272726694232586e-08,0.2272726921482527,2.272726694232585e-08,2.272726694232586e-08,-77.27273078494746,-77.27273078494746,-77.27273078494746,-0.2272726921482527,-2.272726694232585e-08,-2.272726694232586e-08,2.272726921482527e-10,22.72726694232585,22.72726694232585,-0.2272727376027866,-77.27273078494746,0.2272727376027866,0,-0.2272726921482527,-2.272726694232585e-08,-2.272726694232586e-08,0,0,0,0.2272726921482527,2.272726694232585e-08,2.272726694232586e-08,2.272726921482527e-10,22.72726694232585,22.72726694232585
29.5,77.27273078517473,99.99999772727332,99.99999772727331,-22.72726921482527,-2.272726694232586e-06,-2.272726694232585e-06,-2.775557561562891e-17,0,0.2272727376027866,340,77.27273078494746,0.2272726921482527,2.272726694232586e-08,2.272726694232586e-08,1e-09,1000000000,1000000000,2.272726921482527e-10,22.72726694232586,22.72726694232585,80,0.9,68,3,1,1,1,1,2,1,1,1,1,1,1,-0.2272726921482527,-2.272726694232586e-08,-2.272726694232586e-08,0.2272726921482527,2.272726694232586e-08,2.272726694232586e-08,-77.27273078494746,-77.27273078494746,-77.27273078494746,-0.2272726921482527,-2.272726694232586e-08,-2.272726694232586e-08,2.272726921482527e-10,22.72726694232586,22.72726694232585,-0.2272727376027866,-77.27273078494746,0.2272727376027866,0,-0.2272726921482527,-2.272726694232586e-08,-2.272726694232586e-08,0,0,0,0.2272726921482527,2.272726694232586e-08,2.272726694232586e-08,2.272726921482527e-10,22.72726694232586,22.72726694232585
29.6,77.27273078517473,99.9999977272733,99.99999772727331,-22.72726921482527,-2.272726694232585e-06,-2.272726694232585e-06,-2.775557561562891e-17,0,0.2272727376027866,340,77.27273078494746,0.2272726921482527,2.272726694232585e-08,2.272726694232586e-08,1e-09,1000000000,1000000000,2.272726921482527e-10,22.72726694232585,22.72726694232585,80,0.9,68,3,1,1,1,1,2,1,1,1,1,1,1,-0.2272726921482527,-2.272726694232585e-08,-2.272726694232586e-08,0.2272726921482527,2.272726694232585e-08,2.272726694232586e-08,-77.27273078494746,-77.27273078494746,-77.27273078494746,-0.2272726921482527,-2.272726694232585e-08,-2.272726694232586e-08,2.272726921482527e-10,22.72726694232585,22.72726694232585,-0.2272727376027866,-77.27273078494746,0.2272727376027866,0,-0.2272726921482527,-2.272726694232585e-08,-2.272726694232586e-08,0,0,0,0.2272726921482527,2.272726694232585e-08,2.272726694232586e-08,2.272726921482527e-10,22.72726694232585,22.72726694232585
29.7,77.27273078517473,99.99999772727332,99.99999772727331,-22.72726921482527,-2.272726694232586e-06,-2.272726694232585e-06,-2.775557561562891e-17,0,0.2272727376027866,340,77.27273078494746,0.2272726921482527,2.272726694232586e-08,2.272726694232586e-08,1e-09,1000000000,1000000000,2.272726921482527e-10,22.72726694232586,22.72726694232585,80,0.9,68,3,1,1,1,1,2,1,1,1,1,1,1,-0.2272726921482527,-2.272726694232586e-08,-2.272726694232586e-08,0.2272726921482527,2.272726694232586e-08,2.272726694232586e-08,-77.27273078494746,-77.27273078494746,-77.27273078494746,-0.2272726921482527,-2.272726694232586e-08,-2.272726694232586e-08,2.272726921482527e-10,22.72726694232586,22.72726694232585,-0.2272727376027866,-77.27273078494746,0.2272727376027866,0,-0.2272726921482527,-2.272726694232586e-08,-2.272726694232586e-08,0,0,0,0.2272726921482527,2.272726694232586e-08,2.272726694232586e-08,2.272726921482527e-10,22.72726694232586,22.72726694232585
29.8,77.27273078517473,99.9999977272733,99.99999772727331,-22.72726921482527,-2.272726694232585e-06,-2.272726694232585e-06,-2.775557561562891e-17,0,0.2272727376027866,340,77.27273078494746,0.2272726921482527,2.272726694232585e-08,2.272726694232586e-08,1e-09,1000000000,1000000000,2.272726921482527e-10,22.72726694232585,22.72726694232585,80,0.9,68,3,1,1,1,1,2,1,1,1,1,1,1,-0.2272726921482527,-2.272726694232585e-08,-2.272726694232586e-08,0.2272726921482527,2.272726694232585e-08,2.272726694232586e-08,-77.27273078494746,-77.27273078494746,-77.27273078494746,-0.2272726921482527,-2.272726694232585e-08,-2.272726694232586e-08,2.272726921482527e-10,22.72726694232585,22.72726694232585,-0.2272727376027866,-77.27273078494746,0.2272727376027866,0,-0.2272726921482527,-2.272726694232585e-08,-2.272726694232586e-08,0,0,0,0.2272726921482527,2.272726694232585e-08,2.272726694232586e-08,2.272726921482527e-10,22.72726694232585,22.72726694232585
29.9,77.27273078517473,99.99999772727332,99.99999772727331,-22.72726921482527,-2.272726694232586e-06,-2.272726694232585e-06,-2.775557561562891e-17,0,0.2272727376027866,340,77.27273078494746,0.2272726921482527,2.272726694232586e-08,2.272726694232586e-08,1e-09,1000000000,1000000000,2.272726921482527e-10,22.72726694232586,22.72726694232585,80,0.9,68,3,1,1,1,1,2,1,1,1,1,1,1,-0.2272726921482527,-2.272726694232586e-08,-2.272726694232586e-08,0.2272726921482527,2.272726694232586e-08,2.272726694232586e-08,-77.27273078494746,-77.27273078494746,-77.27273078494746,-0.2272726921482527,-2.272726694232586e-08,-2.272726694232586e-08,2.272726921482527e-10,22.72726694232586,22.72726694232585,-0.2272727376027866,-77.27273078494746,0.2272727376027866,0,-0.2272726921482527,-2.272726694232586e-08,-2.272726694232586e-08,0,0,0,0.2272726921482527,2.272726694232586e-08,2.272726694232586e-08,2.272726921482527e-10,22.72726694232586,22.72726694232585
30,77.27273078517473,99.9999977272733,99.99999772727331,-22.72726921482527,-2.272726694232585e-06,-2.272726694232585e-06,-2.775557561562891e-17,0,0.2272727376027866,340,77.27273078494746,0.2272726921482527,2.272726694232585e-08,2.272726694232586e-08,1e-09,1000000000,1000000000,2.272726921482527e-10,22.72726694232585,22.72726694232585,80,0.9,68,3,1,1,1,1,2,1,1,1,1,1,1,-0.2272726921482527,-2.272726694232585e-08,-2.272726694232586e-08,0.2272726921482527,2.272726694232585e-08,2.272726694232586e-08,-77.27273078494746,-77.27273078494746,-77.27273078494746,-0.2272726921482527,-2.272726694232585e-08,-2.272726694232586e-08,2.272726921482527e-10,22.72726694232585,22.72726694232585,-0.2272727376027866,-77.27273078494746,0.2272727376027866,0,-0.2272726921482527,-2.272726694232585e-08,-2.272726694232586e-08,0,0,0,0.2272726921482527,2.272726694232585e-08,2.272726694232586e-08,2.272726921482527e-10,22.72726694232585,22.72726694232585
30,77.27273078517473,99.9999977272733,99.99999772727331,-22.72726921482527,-2.272726694232585e-06,-2.272726694232585e-06,-2.775557561562891e-17,0,0.2272727376027866,340,77.27273078494746,0.2272726921482527,2.272726694232585e-08,2.272726694232586e-08,1e-09,1000000000,1000000000,2.272726921482527e-10,22.72726694232585,22.72726694232585,80,0.9,68,3,1,1,1,1,2,1,1,1,1,1,1,-0.2272726921482527,-2.272726694232585e-08,-2.272726694232586e-08,0.2272726921482527,2.272726694232585e-08,2.272726694232586e-08,-77.27273078494746,-77.27273078494746,-77.27273078494746,-0.2272726921482527,-2.272726694232585e-08,-2.272726694232586e-08,2.272726921482527e-10,22.72726694232585,22.72726694232585,-0.2272727376027866,-77.27273078494746,0.2272727376027866,0,-0.2272726921482527,-2.272726694232585e-08,-2.272726694232586e-08,0,0,0,0.2272726921482527,2.272726694232585e-08,2.272726694232586e-08,2.272726921482527e-10,22.72726694232585,22.72726694232585
