"time","circ1.bats[1].v","circ1.bats[2].v","circ1.bats[3].v","circ1.bats[1].vr","circ1.bats[2].vr","circ1.bats[3].vr","circ1.gnd.p.i","circ1.gnd.p.v","circ1.r_load.i","circ1.r_load.r_int","circ1.r_load.v","circ1.s[1].i","circ1.s[2].i","circ1.s[3].i","circ1.s[1].r_int","circ1.s[2].r_int","circ1.s[3].r_int","circ1.s[1].v","circ1.s[2].v","circ1.s[3].v","circ1.target_v","circ1.tolerance","circ1.r_load.percentage","circ1.bat_num","circ1.bats[1].state","circ1.bats[2].state","circ1.bats[3].state","circ1.r_load.state","circ1.s[1].mode","circ1.s[2].mode","circ1.s[3].mode","circ1.s[1].state","circ1.s[2].state","circ1.s[3].state","on","circ1.bats[1].i","circ1.bats[2].i","circ1.bats[3].i","circ1.bats[1].m.i","circ1.bats[2].m.i","circ1.bats[3].m.i","circ1.bats[1].m.v","circ1.bats[2].m.v","circ1.bats[3].m.v","circ1.bats[1].p.i","circ1.bats[2].p.i","circ1.bats[3].p.i","circ1.bats[1].p.v","circ1.bats[2].p.v","circ1.bats[3].p.v","circ1.r_load.m.i","circ1.r_load.m.v","circ1.r_load.p.i","circ1.r_load.p.v","circ1.s[1].m.i","circ1.s[2].m.i","circ1.s[3].m.i","circ1.s[1].m.v","circ1.s[2].m.v","circ1.s[3].m.v","circ1.s[1].p.i","circ1.s[2].p.i","circ1.s[3].p.i","circ1.s[1].p.v","circ1.s[2].p.v","circ1.s[3].p.v"
0,83.33333611113815,99.99999833333376,99.99999833333378,-16.66666388886186,-1.666666222236228e-06,-1.66666622223623e-06,0,0,0.166666672221943,500,83.33333611097149,0.1666666388886185,1.666666222236228e-08,1.66666622223623e-08,1e-09,1000000000,1000000000,1.666666388886186e-10,16.66666222236228,16.6666622223623,90,0.9,100,3,1,1,1,1,2,1,1,1,1,1,1,-0.1666666388886185,-1.666666222236228e-08,-1.66666622223623e-08,0.1666666388886185,1.666666222236228e-08,1.66666622223623e-08,-83.33333611097149,-83.33333611097149,-83.33333611097149,-0.1666666388886185,-1.666666222236228e-08,-1.66666622223623e-08,1.666666388886186e-10,16.66666222236228,16.6666622223623,-0.166666672221943,-83.33333611097149,0.166666672221943,0,-0.1666666388886185,-1.666666222236228e-08,-1.66666622223623e-08,0,0,0,0.1666666388886185,1.666666222236228e-08,1.66666622223623e-08,1.666666388886186e-10,16.66666222236228,16.6666622223623
1.004082150757313e-10,83.33333611113815,99.99999833333379,99.99999833333378,-16.66666388886186,-1.66666622223623e-06,-1.66666622223623e-06,0,0,0.166666672221943,500,83.33333611097149,0.1666666388886185,1.66666622223623e-08,1.66666622223623e-08,1e-09,1000000000,1000000000,1.666666388886186e-10,16.6666622223623,16.6666622223623,90,0.9,100,3,1,1,1,1,2,1,1,1,1,1,1,-0.1666666388886185,-1.66666622223623e-08,-1.66666622223623e-08,0.1666666388886185,1.66666622223623e-08,1.66666622223623e-08,-83.33333611097149,-83.33333611097149,-83.33333611097149,-0.1666666388886185,-1.66666622223623e-08,-1.66666622223623e-08,1.666666388886186e-10,16.6666622223623,16.6666622223623,-0.166666672221943,-83.33333611097149,0.166666672221943,0,-0.1666666388886185,-1.66666622223623e-08,-1.66666622223623e-08,0,0,0,0.1666666388886185,1.66666622223623e-08,1.66666622223623e-08,1.666666388886186e-10,16.6666622223623,16.6666622223623
1.004082150757313e-10,60.00000000016,60.00000000016,60.00000000016,-39.99999999984001,-39.99999999984001,-39.99999999984,0,0,1.1999999999952,50,59.99999999976,0.3999999999984001,0.3999999999984001,0.3999999999984,1e-09,1e-09,1e-09,3.999999999984001e-10,3.999999999984001e-10,3.999999999984e-10,90,0.9,10,3,1,1,1,1,2,2,2,1,1,1,3,-0.3999999999984001,-0.3999999999984001,-0.3999999999984,0.3999999999984001,0.3999999999984001,0.3999999999984,-59.99999999976,-59.99999999976,-59.99999999976,-0.3999999999984001,-0.3999999999984001,-0.3999999999984,3.999999999984001e-10,3.999999999984001e-10,3.999999999984e-10,-1.1999999999952,-59.99999999976,1.1999999999952,0,-0.3999999999984001,-0.3999999999984001,-0.3999999999984,0,0,0,0.3999999999984001,0.3999999999984001,0.3999999999984,3.999999999984001e-10,3.999999999984001e-10,3.999999999984e-10
0.1,60.00000000016,60.00000000016,60.00000000016,-39.99999999984,-39.99999999984,-39.99999999984,-5.551115123125783e-17,0,1.1999999999952,50,59.99999999976,0.3999999999984,0.3999999999984,0.3999999999984,1e-09,1e-09,1e-09,3.999999999984e-10,3.999999999984e-10,3.999999999984e-10,90,0.9,10,3,1,1,1,1,2,2,2,1,1,1,3,-0.3999999999984,-0.3999999999984,-0.3999999999984,0.3999999999984,0.3999999999984,0.3999999999984,-59.99999999976,-59.99999999976,-59.99999999976,-0.3999999999984,-0.3999999999984,-0.3999999999984,3.999999999984e-10,3.999999999984e-10,3.999999999984e-10,-1.1999999999952,-59.99999999976,1.1999999999952,0,-0.3999999999984,-0.3999999999984,-0.3999999999984,0,0,0,0.3999999999984,0.3999999999984,0.3999999999984,3.999999999984e-10,3.999999999984e-10,3.999999999984e-10
0.2,60.00000000016,60.00000000016,60.00000000016,-39.99999999984,-39.99999999984,-39.99999999984,-5.551115123125783e-17,0,1.1999999999952,50,59.99999999976,0.3999999999984,0.3999999999984,0.3999999999984,1e-09,1e-09,1e-09,3.999999999984e-10,3.999999999984e-10,3.999999999984e-10,90,0.9,10,3,1,1,1,1,2,2,2,1,1,1,3,-0.3999999999984,-0.3999999999984,-0.3999999999984,0.3999999999984,0.3999999999984,0.3999999999984,-59.99999999976,-59.99999999976,-59.99999999976,-0.3999999999984,-0.3999999999984,-0.3999999999984,3.999999999984e-10,3.999999999984e-10,3.999999999984e-10,-1.1999999999952,-59.99999999976,1.1999999999952,0,-0.3999999999984,-0.3999999999984,-0.3999999999984,0,0,0,0.3999999999984,0.3999999999984,0.3999999999984,3.999999999984e-10,3.999999999984e-10,3.999999999984e-10
0.3,60.00000000016,60.00000000016,60.00000000016,-39.99999999984,-39.99999999984,-39.99999999984,-5.551115123125783e-17,0,1.1999999999952,50,59.99999999976,0.3999999999984,0.3999999999984,0.3999999999984,1e-09,1e-09,1e-09,3.999999999984e-10,3.999999999984e-10,3.999999999984e-10,90,0.9,10,3,1,1,1,1,2,2,2,1,1,1,3,-0.3999999999984,-0.3999999999984,-0.3999999999984,0.3999999999984,0.3999999999984,0.3999999999984,-59.99999999976,-59.99999999976,-59.99999999976,-0.3999999999984,-0.3999999999984,-0.3999999999984,3.999999999984e-10,3.999999999984e-10,3.999999999984e-10,-1.1999999999952,-59.99999999976,1.1999999999952,0,-0.3999999999984,-0.3999999999984,-0.3999999999984,0,0,0,0.3999999999984,0.3999999999984,0.3999999999984,3.999999999984e-10,3.999999999984e-10,3.999999999984e-10
0.4,60.00000000016,60.00000000016,60.00000000016,-39.99999999984,-39.99999999984,-39.99999999984,-5.551115123125783e-17,0,1.1999999999952,50,59.99999999976,0.3999999999984,0.3999999999984,0.3999999999984,1e-09,1e-09,1e-09,3.999999999984e-10,3.999999999984e-10,3.999999999984e-10,90,0.9,10,3,1,1,1,1,2,2,2,1,1,1,3,-0.3999999999984,-0.3999999999984,-0.3999999999984,0.3999999999984,0.3999999999984,0.3999999999984,-59.99999999976,-59.99999999976,-59.99999999976,-0.3999999999984,-0.3999999999984,-0.3999999999984,3.999999999984e-10,3.999999999984e-10,3.999999999984e-10,-1.1999999999952,-59.99999999976,1.1999999999952,0,-0.3999999999984,-0.3999999999984,-0.3999999999984,0,0,0,0.3999999999984,0.3999999999984,0.3999999999984,3.999999999984e-10,3.999999999984e-10,3.999999999984e-10
0.5,60.00000000016,60.00000000016,60.00000000016,-39.99999999984,-39.99999999984,-39.99999999984,-5.551115123125783e-17,0,1.1999999999952,50,59.99999999976,0.3999999999984,0.3999999999984,0.3999999999984,1e-09,1e-09,1e-09,3.999999999984e-10,3.999999999984e-10,3.999999999984e-10,90,0.9,10,3,1,1,1,1,2,2,2,1,1,1,3,-0.3999999999984,-0.3999999999984,-0.3999999999984,0.3999999999984,0.3999999999984,0.3999999999984,-59.99999999976,-59.99999999976,-59.99999999976,-0.3999999999984,-0.3999999999984,-0.3999999999984,3.999999999984e-10,3.999999999984e-10,3.999999999984e-10,-1.1999999999952,-59.99999999976,1.1999999999952,0,-0.3999999999984,-0.3999999999984,-0.3999999999984,0,0,0,0.3999999999984,0.3999999999984,0.3999999999984,3.999999999984e-10,3.999999999984e-10,3.999999999984e-10
0.6,60.00000000016,60.00000000016,60.00000000016,-39.99999999984,-39.99999999984,-39.99999999984,-5.551115123125783e-17,0,1.1999999999952,50,59.99999999976,0.3999999999984,0.3999999999984,0.3999999999984,1e-09,1e-09,1e-09,3.999999999984e-10,3.999999999984e-10,3.999999999984e-10,90,0.9,10,3,1,1,1,1,2,2,2,1,1,1,3,-0.3999999999984,-0.3999999999984,-0.3999999999984,0.3999999999984,0.3999999999984,0.3999999999984,-59.99999999976,-59.99999999976,-59.99999999976,-0.3999999999984,-0.3999999999984,-0.3999999999984,3.999999999984e-10,3.999999999984e-10,3.999999999984e-10,-1.1999999999952,-59.99999999976,1.1999999999952,0,-0.3999999999984,-0.3999999999984,-0.3999999999984,0,0,0,0.3999999999984,0.3999999999984,0.3999999999984,3.999999999984e-10,3.999999999984e-10,3.999999999984e-10
0.7,60.00000000016,60.00000000016,60.00000000016,-39.99999999984,-39.99999999984,-39.99999999984,-5.551115123125783e-17,0,1.1999999999952,50,59.99999999976,0.3999999999984,0.3999999999984,0.3999999999984,1e-09,1e-09,1e-09,3.999999999984e-10,3.999999999984e-10,3.999999999984e-10,90,0.9,10,3,1,1,1,1,2,2,2,1,1,1,3,-0.3999999999984,-0.3999999999984,-0.3999999999984,0.3999999999984,0.3999999999984,0.3999999999984,-59.99999999976,-59.99999999976,-59.99999999976,-0.3999999999984,-0.3999999999984,-0.3999999999984,3.999999999984e-10,3.999999999984e-10,3.999999999984e-10,-1.1999999999952,-59.99999999976,1.1999999999952,0,-0.3999999999984,-0.3999999999984,-0.3999999999984,0,0,0,0.3999999999984,0.3999999999984,0.3999999999984,3.999999999984e-10,3.999999999984e-10,3.999999999984e-10
0.8,60.00000000016,60.00000000016,60.00000000016,-39.99999999984,-39.99999999984,-39.99999999984,-5.551115123125783e-17,0,1.1999999999952,50,59.99999999976,0.3999999999984,0.3999999999984,0.3999999999984,1e-09,1e-09,1e-09,3.999999999984e-10,3.999999999984e-10,3.999999999984e-10,90,0.9,10,3,1,1,1,1,2,2,2,1,1,1,3,-0.3999999999984,-0.3999999999984,-0.3999999999984,0.3999999999984,0.3999999999984,0.3999999999984,-59.99999999976,-59.99999999976,-59.99999999976,-0.3999999999984,-0.3999999999984,-0.3999999999984,3.999999999984e-10,3.999999999984e-10,3.999999999984e-10,-1.1999999999952,-59.99999999976,1.1999999999952,0,-0.3999999999984,-0.3999999999984,-0.3999999999984,0,0,0,0.3999999999984,0.3999999999984,0.3999999999984,3.999999999984e-10,3.999999999984e-10,3.999999999984e-10
0.9,60.00000000016,60.00000000016,60.00000000016,-39.99999999984,-39.99999999984,-39.99999999984,-5.551115123125783e-17,0,1.1999999999952,50,59.99999999976,0.3999999999984,0.3999999999984,0.3999999999984,1e-09,1e-09,1e-09,3.999999999984e-10,3.999999999984e-10,3.999999999984e-10,90,0.9,10,3,1,1,1,1,2,2,2,1,1,1,3,-0.3999999999984,-0.3999999999984,-0.3999999999984,0.3999999999984,0.3999999999984,0.3999999999984,-59.99999999976,-59.99999999976,-59.99999999976,-0.3999999999984,-0.3999999999984,-0.3999999999984,3.999999999984e-10,3.999999999984e-10,3.999999999984e-10,-1.1999999999952,-59.99999999976,1.1999999999952,0,-0.3999999999984,-0.3999999999984,-0.3999999999984,0,0,0,0.3999999999984,0.3999999999984,0.3999999999984,3.999999999984e-10,3.999999999984e-10,3.999999999984e-10
1,60.00000000016,60.00000000016,60.00000000016,-39.99999999984,-39.99999999984,-39.99999999984,-5.551115123125783e-17,0,1.1999999999952,50,59.99999999976,0.3999999999984,0.3999999999984,0.3999999999984,1e-09,1e-09,1e-09,3.999999999984e-10,3.999999999984e-10,3.999999999984e-10,90,0.9,10,3,1,1,1,1,2,2,2,1,1,1,3,-0.3999999999984,-0.3999999999984,-0.3999999999984,0.3999999999984,0.3999999999984,0.3999999999984,-59.99999999976,-59.99999999976,-59.99999999976,-0.3999999999984,-0.3999999999984,-0.3999999999984,3.999999999984e-10,3.999999999984e-10,3.999999999984e-10,-1.1999999999952,-59.99999999976,1.1999999999952,0,-0.3999999999984,-0.3999999999984,-0.3999999999984,0,0,0,0.3999999999984,0.3999999999984,0.3999999999984,3.999999999984e-10,3.999999999984e-10,3.999999999984e-10
1.000000000200089,60.00000000016,60.00000000016,60.00000000016,-39.99999999984,-39.99999999984,-39.99999999984,-5.551115123125783e-17,0,1.1999999999952,50,59.99999999976,0.3999999999984,0.3999999999984,0.3999999999984,1e-09,1e-09,1e-09,3.999999999984e-10,3.999999999984e-10,3.999999999984e-10,90,0.9,10,3,1,1,1,1,2,2,2,1,1,1,3,-0.3999999999984,-0.3999999999984,-0.3999999999984,0.3999999999984,0.3999999999984,0.3999999999984,-59.99999999976,-59.99999999976,-59.99999999976,-0.3999999999984,-0.3999999999984,-0.3999999999984,3.999999999984e-10,3.999999999984e-10,3.999999999984e-10,-1.1999999999952,-59.99999999976,1.1999999999952,0,-0.3999999999984,-0.3999999999984,-0.3999999999984,0,0,0,0.3999999999984,0.3999999999984,0.3999999999984,3.999999999984e-10,3.999999999984e-10,3.999999999984e-10
1.000000000200089,69.2307692308639,69.2307692308639,69.2307692308639,-30.76923076913609,-30.76923076913609,-30.7692307691361,5.551115123125783e-17,0,0.9230769230740827,75,69.23076923055621,0.3076923076913609,0.3076923076913609,0.307692307691361,1e-09,1e-09,1e-09,3.076923076913609e-10,3.076923076913609e-10,3.07692307691361e-10,90,0.9,15,3,1,1,1,1,2,2,2,1,1,1,3,-0.3076923076913609,-0.3076923076913609,-0.307692307691361,0.3076923076913609,0.3076923076913609,0.307692307691361,-69.23076923055621,-69.23076923055621,-69.23076923055621,-0.3076923076913609,-0.3076923076913609,-0.307692307691361,3.076923076913609e-10,3.076923076913609e-10,3.07692307691361e-10,-0.9230769230740827,-69.23076923055621,0.9230769230740827,0,-0.3076923076913609,-0.3076923076913609,-0.307692307691361,0,0,0,0.3076923076913609,0.3076923076913609,0.307692307691361,3.076923076913609e-10,3.076923076913609e-10,3.07692307691361e-10
1.1,69.23076923086391,69.23076923086391,69.23076923086391,-30.7692307691361,-30.7692307691361,-30.76923076913609,5.551115123125783e-17,0,0.9230769230740827,75,69.23076923055622,0.307692307691361,0.307692307691361,0.3076923076913609,1e-09,1e-09,1e-09,3.07692307691361e-10,3.07692307691361e-10,3.076923076913609e-10,90,0.9,15,3,1,1,1,1,2,2,2,1,1,1,3,-0.307692307691361,-0.307692307691361,-0.3076923076913609,0.307692307691361,0.307692307691361,0.3076923076913609,-69.23076923055622,-69.23076923055622,-69.23076923055622,-0.307692307691361,-0.307692307691361,-0.3076923076913609,3.07692307691361e-10,3.07692307691361e-10,3.076923076913609e-10,-0.9230769230740827,-69.23076923055622,0.9230769230740827,0,-0.307692307691361,-0.307692307691361,-0.3076923076913609,0,0,0,0.307692307691361,0.307692307691361,0.3076923076913609,3.07692307691361e-10,3.07692307691361e-10,3.076923076913609e-10
1.2,69.2307692308639,69.2307692308639,69.2307692308639,-30.76923076913609,-30.76923076913609,-30.7692307691361,0,0,0.9230769230740828,75,69.23076923055621,0.3076923076913609,0.3076923076913609,0.307692307691361,1e-09,1e-09,1e-09,3.076923076913609e-10,3.076923076913609e-10,3.07692307691361e-10,90,0.9,15,3,1,1,1,1,2,2,2,1,1,1,3,-0.3076923076913609,-0.3076923076913609,-0.307692307691361,0.3076923076913609,0.3076923076913609,0.307692307691361,-69.23076923055621,-69.23076923055621,-69.23076923055621,-0.3076923076913609,-0.3076923076913609,-0.307692307691361,3.076923076913609e-10,3.076923076913609e-10,3.07692307691361e-10,-0.9230769230740828,-69.23076923055621,0.9230769230740828,0,-0.3076923076913609,-0.3076923076913609,-0.307692307691361,0,0,0,0.3076923076913609,0.3076923076913609,0.307692307691361,3.076923076913609e-10,3.076923076913609e-10,3.07692307691361e-10
1.3,69.23076923086391,69.23076923086391,69.23076923086391,-30.7692307691361,-30.7692307691361,-30.76923076913609,5.551115123125783e-17,0,0.9230769230740827,75,69.23076923055622,0.307692307691361,0.307692307691361,0.3076923076913609,1e-09,1e-09,1e-09,3.07692307691361e-10,3.07692307691361e-10,3.076923076913609e-10,90,0.9,15,3,1,1,1,1,2,2,2,1,1,1,3,-0.307692307691361,-0.307692307691361,-0.3076923076913609,0.307692307691361,0.307692307691361,0.3076923076913609,-69.23076923055622,-69.23076923055622,-69.23076923055622,-0.307692307691361,-0.307692307691361,-0.3076923076913609,3.07692307691361e-10,3.07692307691361e-10,3.076923076913609e-10,-0.9230769230740827,-69.23076923055622,0.9230769230740827,0,-0.307692307691361,-0.307692307691361,-0.3076923076913609,0,0,0,0.307692307691361,0.307692307691361,0.3076923076913609,3.07692307691361e-10,3.07692307691361e-10,3.076923076913609e-10
1.4,69.2307692308639,69.2307692308639,69.2307692308639,-30.76923076913609,-30.76923076913609,-30.7692307691361,0,0,0.9230769230740828,75,69.23076923055621,0.3076923076913609,0.3076923076913609,0.307692307691361,1e-09,1e-09,1e-09,3.076923076913609e-10,3.076923076913609e-10,3.07692307691361e-10,90,0.9,15,3,1,1,1,1,2,2,2,1,1,1,3,-0.3076923076913609,-0.3076923076913609,-0.307692307691361,0.3076923076913609,0.3076923076913609,0.307692307691361,-69.23076923055621,-69.23076923055621,-69.23076923055621,-0.3076923076913609,-0.3076923076913609,-0.307692307691361,3.076923076913609e-10,3.076923076913609e-10,3.07692307691361e-10,-0.9230769230740828,-69.23076923055621,0.9230769230740828,0,-0.3076923076913609,-0.3076923076913609,-0.307692307691361,0,0,0,0.3076923076913609,0.3076923076913609,0.307692307691361,3.076923076913609e-10,3.076923076913609e-10,3.07692307691361e-10
1.5,69.23076923086391,69.23076923086391,69.23076923086391,-30.7692307691361,-30.7692307691361,-30.76923076913609,5.551115123125783e-17,0,0.9230769230740827,75,69.23076923055622,0.307692307691361,0.307692307691361,0.3076923076913609,1e-09,1e-09,1e-09,3.07692307691361e-10,3.07692307691361e-10,3.076923076913609e-10,90,0.9,15,3,1,1,1,1,2,2,2,1,1,1,3,-0.307692307691361,-0.307692307691361,-0.3076923076913609,0.307692307691361,0.307692307691361,0.3076923076913609,-69.23076923055622,-69.23076923055622,-69.23076923055622,-0.307692307691361,-0.307692307691361,-0.3076923076913609,3.07692307691361e-10,3.07692307691361e-10,3.076923076913609e-10,-0.9230769230740827,-69.23076923055622,0.9230769230740827,0,-0.307692307691361,-0.307692307691361,-0.3076923076913609,0,0,0,0.307692307691361,0.307692307691361,0.3076923076913609,3.07692307691361e-10,3.07692307691361e-10,3.076923076913609e-10
1.6,69.2307692308639,69.2307692308639,69.2307692308639,-30.76923076913609,-30.76923076913609,-30.7692307691361,0,0,0.9230769230740828,75,69.23076923055621,0.3076923076913609,0.3076923076913609,0.307692307691361,1e-09,1e-09,1e-09,3.076923076913609e-10,3.076923076913609e-10,3.07692307691361e-10,90,0.9,15,3,1,1,1,1,2,2,2,1,1,1,3,-0.3076923076913609,-0.3076923076913609,-0.307692307691361,0.3076923076913609,0.3076923076913609,0.307692307691361,-69.23076923055621,-69.23076923055621,-69.23076923055621,-0.3076923076913609,-0.3076923076913609,-0.307692307691361,3.076923076913609e-10,3.076923076913609e-10,3.07692307691361e-10,-0.9230769230740828,-69.23076923055621,0.9230769230740828,0,-0.3076923076913609,-0.3076923076913609,-0.307692307691361,0,0,0,0.3076923076913609,0.3076923076913609,0.307692307691361,3.076923076913609e-10,3.076923076913609e-10,3.07692307691361e-10
1.7,69.23076923086391,69.23076923086391,69.23076923086391,-30.7692307691361,-30.7692307691361,-30.76923076913609,5.551115123125783e-17,0,0.9230769230740827,75,69.23076923055622,0.307692307691361,0.307692307691361,0.3076923076913609,1e-09,1e-09,1e-09,3.07692307691361e-10,3.07692307691361e-10,3.076923076913609e-10,90,0.9,15,3,1,1,1,1,2,2,2,1,1,1,3,-0.307692307691361,-0.307692307691361,-0.3076923076913609,0.307692307691361,0.307692307691361,0.3076923076913609,-69.23076923055622,-69.23076923055622,-69.23076923055622,-0.307692307691361,-0.307692307691361,-0.3076923076913609,3.07692307691361e-10,3.07692307691361e-10,3.076923076913609e-10,-0.9230769230740827,-69.23076923055622,0.9230769230740827,0,-0.307692307691361,-0.307692307691361,-0.3076923076913609,0,0,0,0.307692307691361,0.307692307691361,0.3076923076913609,3.07692307691361e-10,3.07692307691361e-10,3.076923076913609e-10
1.8,69.2307692308639,69.2307692308639,69.2307692308639,-30.76923076913609,-30.76923076913609,-30.7692307691361,0,0,0.9230769230740828,75,69.23076923055621,0.3076923076913609,0.3076923076913609,0.307692307691361,1e-09,1e-09,1e-09,3.076923076913609e-10,3.076923076913609e-10,3.07692307691361e-10,90,0.9,15,3,1,1,1,1,2,2,2,1,1,1,3,-0.3076923076913609,-0.3076923076913609,-0.307692307691361,0.3076923076913609,0.3076923076913609,0.307692307691361,-69.23076923055621,-69.23076923055621,-69.23076923055621,-0.3076923076913609,-0.3076923076913609,-0.307692307691361,3.076923076913609e-10,3.076923076913609e-10,3.07692307691361e-10,-0.9230769230740828,-69.23076923055621,0.9230769230740828,0,-0.3076923076913609,-0.3076923076913609,-0.307692307691361,0,0,0,0.3076923076913609,0.3076923076913609,0.307692307691361,3.076923076913609e-10,3.076923076913609e-10,3.07692307691361e-10
1.9,69.23076923086391,69.23076923086391,69.23076923086391,-30.7692307691361,-30.7692307691361,-30.76923076913609,5.551115123125783e-17,0,0.9230769230740827,75,69.23076923055622,0.307692307691361,0.307692307691361,0.3076923076913609,1e-09,1e-09,1e-09,3.07692307691361e-10,3.07692307691361e-10,3.076923076913609e-10,90,0.9,15,3,1,1,1,1,2,2,2,1,1,1,3,-0.307692307691361,-0.307692307691361,-0.3076923076913609,0.307692307691361,0.307692307691361,0.3076923076913609,-69.23076923055622,-69.23076923055622,-69.23076923055622,-0.307692307691361,-0.307692307691361,-0.3076923076913609,3.07692307691361e-10,3.07692307691361e-10,3.076923076913609e-10,-0.9230769230740827,-69.23076923055622,0.9230769230740827,0,-0.307692307691361,-0.307692307691361,-0.3076923076913609,0,0,0,0.307692307691361,0.307692307691361,0.3076923076913609,3.07692307691361e-10,3.07692307691361e-10,3.076923076913609e-10
2,69.2307692308639,69.2307692308639,69.2307692308639,-30.76923076913609,-30.76923076913609,-30.7692307691361,0,0,0.9230769230740828,75,69.23076923055621,0.3076923076913609,0.3076923076913609,0.307692307691361,1e-09,1e-09,1e-09,3.076923076913609e-10,3.076923076913609e-10,3.07692307691361e-10,90,0.9,15,3,1,1,1,1,2,2,2,1,1,1,3,-0.3076923076913609,-0.3076923076913609,-0.307692307691361,0.3076923076913609,0.3076923076913609,0.307692307691361,-69.23076923055621,-69.23076923055621,-69.23076923055621,-0.3076923076913609,-0.3076923076913609,-0.307692307691361,3.076923076913609e-10,3.076923076913609e-10,3.07692307691361e-10,-0.9230769230740828,-69.23076923055621,0.9230769230740828,0,-0.3076923076913609,-0.3076923076913609,-0.307692307691361,0,0,0,0.3076923076913609,0.3076923076913609,0.307692307691361,3.076923076913609e-10,3.076923076913609e-10,3.07692307691361e-10
2.000000000400178,69.23076923086391,69.23076923086391,69.23076923086391,-30.7692307691361,-30.7692307691361,-30.76923076913609,5.551115123125783e-17,0,0.9230769230740827,75,69.23076923055622,0.307692307691361,0.307692307691361,0.3076923076913609,1e-09,1e-09,1e-09,3.07692307691361e-10,3.07692307691361e-10,3.076923076913609e-10,90,0.9,15,3,1,1,1,1,2,2,2,1,1,1,3,-0.307692307691361,-0.307692307691361,-0.3076923076913609,0.307692307691361,0.307692307691361,0.3076923076913609,-69.23076923055622,-69.23076923055622,-69.23076923055622,-0.307692307691361,-0.307692307691361,-0.3076923076913609,3.07692307691361e-10,3.07692307691361e-10,3.076923076913609e-10,-0.9230769230740827,-69.23076923055622,0.9230769230740827,0,-0.307692307691361,-0.307692307691361,-0.3076923076913609,0,0,0,0.307692307691361,0.307692307691361,0.3076923076913609,3.07692307691361e-10,3.07692307691361e-10,3.076923076913609e-10
2.000000000400178,81.81818473829318,99.99999818181865,99.99999818181865,-18.18181519562253,-1.818181344370728e-06,-1.818181344370728e-06,0,0,0.1818181883198521,450,81.81818473811137,0.1818181519562252,1.818181344370728e-08,1.818181344370728e-08,1e-09,1000000000,1000000000,1.818181519562253e-10,18.18181344370728,18.18181344370728,90,0.9,90,3,1,1,1,1,2,1,1,1,1,1,1,-0.1818181519562252,-1.818181344370728e-08,-1.818181344370728e-08,0.1818181519562252,1.818181344370728e-08,1.818181344370728e-08,-81.81818473811137,-81.81818473811137,-81.81818473811137,-0.1818181519562252,-1.818181344370728e-08,-1.818181344370728e-08,1.818181519562253e-10,18.18181344370728,18.18181344370728,-0.1818181883198521,-81.81818473811137,0.1818181883198521,0,-0.1818181519562252,-1.818181344370728e-08,-1.818181344370728e-08,0,0,0,0.1818181519562252,1.818181344370728e-08,1.818181344370728e-08,1.818181519562253e-10,18.18181344370728,18.18181344370728
2.1,81.81818479342068,99.99999818181865,99.99999818181865,-18.1818152065793,-1.818181338857978e-06,-1.818181338857978e-06,0,0,0.1818181884294197,450,81.81818479323887,0.181818152065793,1.818181338857978e-08,1.818181338857978e-08,1e-09,1000000000,1000000000,1.81818152065793e-10,18.18181338857978,18.18181338857978,90,0.9,90,3,1,1,1,1,2,1,1,1,1,1,1,-0.181818152065793,-1.818181338857978e-08,-1.818181338857978e-08,0.181818152065793,1.818181338857978e-08,1.818181338857978e-08,-81.81818479323887,-81.81818479323887,-81.81818479323887,-0.181818152065793,-1.818181338857978e-08,-1.818181338857978e-08,1.81818152065793e-10,18.18181338857978,18.18181338857978,-0.1818181884294197,-81.81818479323887,0.1818181884294197,0,-0.181818152065793,-1.818181338857978e-08,-1.818181338857978e-08,0,0,0,0.181818152065793,1.818181338857978e-08,1.818181338857978e-08,1.81818152065793e-10,18.18181338857978,18.18181338857978
2.2,81.8181847934207,99.99999818181865,99.99999818181865,-18.1818152065793,-1.818181338857977e-06,-1.818181338857977e-06,0,0,0.1818181884294197,450,81.81818479323888,0.181818152065793,1.818181338857977e-08,1.818181338857977e-08,1e-09,1000000000,1000000000,1.81818152065793e-10,18.18181338857977,18.18181338857977,90,0.9,90,3,1,1,1,1,2,1,1,1,1,1,1,-0.181818152065793,-1.818181338857977e-08,-1.818181338857977e-08,0.181818152065793,1.818181338857977e-08,1.818181338857977e-08,-81.81818479323888,-81.81818479323888,-81.81818479323888,-0.181818152065793,-1.818181338857977e-08,-1.818181338857977e-08,1.81818152065793e-10,18.18181338857977,18.18181338857977,-0.1818181884294197,-81.81818479323888,0.1818181884294197,0,-0.181818152065793,-1.818181338857977e-08,-1.818181338857977e-08,0,0,0,0.181818152065793,1.818181338857977e-08,1.818181338857977e-08,1.81818152065793e-10,18.18181338857977,18.18181338857977
2.3,81.8181847934207,99.99999818181865,99.99999818181865,-18.1818152065793,-1.818181338857977e-06,-1.818181338857977e-06,0,0,0.1818181884294197,450,81.81818479323888,0.181818152065793,1.818181338857977e-08,1.818181338857977e-08,1e-09,1000000000,1000000000,1.81818152065793e-10,18.18181338857977,18.18181338857977,90,0.9,90,3,1,1,1,1,2,1,1,1,1,1,1,-0.181818152065793,-1.818181338857977e-08,-1.818181338857977e-08,0.181818152065793,1.818181338857977e-08,1.818181338857977e-08,-81.81818479323888,-81.81818479323888,-81.81818479323888,-0.181818152065793,-1.818181338857977e-08,-1.818181338857977e-08,1.81818152065793e-10,18.18181338857977,18.18181338857977,-0.1818181884294197,-81.81818479323888,0.1818181884294197,0,-0.181818152065793,-1.818181338857977e-08,-1.818181338857977e-08,0,0,0,0.181818152065793,1.818181338857977e-08,1.818181338857977e-08,1.81818152065793e-10,18.18181338857977,18.18181338857977
2.4,81.8181847934207,99.99999818181865,99.99999818181865,-18.1818152065793,-1.818181338857977e-06,-1.818181338857977e-06,0,0,0.1818181884294197,450,81.81818479323888,0.181818152065793,1.818181338857977e-08,1.818181338857977e-08,1e-09,1000000000,1000000000,1.81818152065793e-10,18.18181338857977,18.18181338857977,90,0.9,90,3,1,1,1,1,2,1,1,1,1,1,1,-0.181818152065793,-1.818181338857977e-08,-1.818181338857977e-08,0.181818152065793,1.818181338857977e-08,1.818181338857977e-08,-81.81818479323888,-81.81818479323888,-81.81818479323888,-0.181818152065793,-1.818181338857977e-08,-1.818181338857977e-08,1.81818152065793e-10,18.18181338857977,18.18181338857977,-0.1818181884294197,-81.81818479323888,0.1818181884294197,0,-0.181818152065793,-1.818181338857977e-08,-1.818181338857977e-08,0,0,0,0.181818152065793,1.818181338857977e-08,1.818181338857977e-08,1.81818152065793e-10,18.18181338857977,18.18181338857977
2.5,81.8181847934207,99.99999818181865,99.99999818181865,-18.1818152065793,-1.818181338857977e-06,-1.818181338857977e-06,0,0,0.1818181884294197,450,81.81818479323888,0.181818152065793,1.818181338857977e-08,1.818181338857977e-08,1e-09,1000000000,1000000000,1.81818152065793e-10,18.18181338857977,18.18181338857977,90,0.9,90,3,1,1,1,1,2,1,1,1,1,1,1,-0.181818152065793,-1.818181338857977e-08,-1.818181338857977e-08,0.181818152065793,1.818181338857977e-08,1.818181338857977e-08,-81.81818479323888,-81.81818479323888,-81.81818479323888,-0.181818152065793,-1.818181338857977e-08,-1.818181338857977e-08,1.81818152065793e-10,18.18181338857977,18.18181338857977,-0.1818181884294197,-81.81818479323888,0.1818181884294197,0,-0.181818152065793,-1.818181338857977e-08,-1.818181338857977e-08,0,0,0,0.181818152065793,1.818181338857977e-08,1.818181338857977e-08,1.81818152065793e-10,18.18181338857977,18.18181338857977
2.6,81.8181847934207,99.99999818181865,99.99999818181865,-18.1818152065793,-1.818181338857977e-06,-1.818181338857977e-06,0,0,0.1818181884294197,450,81.81818479323888,0.181818152065793,1.818181338857977e-08,1.818181338857977e-08,1e-09,1000000000,1000000000,1.81818152065793e-10,18.18181338857977,18.18181338857977,90,0.9,90,3,1,1,1,1,2,1,1,1,1,1,1,-0.181818152065793,-1.818181338857977e-08,-1.818181338857977e-08,0.181818152065793,1.818181338857977e-08,1.818181338857977e-08,-81.81818479323888,-81.81818479323888,-81.81818479323888,-0.181818152065793,-1.818181338857977e-08,-1.818181338857977e-08,1.81818152065793e-10,18.18181338857977,18.18181338857977,-0.1818181884294197,-81.81818479323888,0.1818181884294197,0,-0.181818152065793,-1.818181338857977e-08,-1.818181338857977e-08,0,0,0,0.181818152065793,1.818181338857977e-08,1.818181338857977e-08,1.81818152065793e-10,18.18181338857977,18.18181338857977
2.7,81.8181847934207,99.99999818181865,99.99999818181865,-18.1818152065793,-1.818181338857977e-06,-1.818181338857977e-06,0,0,0.1818181884294197,450,81.81818479323888,0.181818152065793,1.818181338857977e-08,1.818181338857977e-08,1e-09,1000000000,1000000000,1.81818152065793e-10,18.18181338857977,18.18181338857977,90,0.9,90,3,1,1,1,1,2,1,1,1,1,1,1,-0.181818152065793,-1.818181338857977e-08,-1.818181338857977e-08,0.181818152065793,1.818181338857977e-08,1.818181338857977e-08,-81.81818479323888,-81.81818479323888,-81.81818479323888,-0.181818152065793,-1.818181338857977e-08,-1.818181338857977e-08,1.81818152065793e-10,18.18181338857977,18.18181338857977,-0.1818181884294197,-81.81818479323888,0.1818181884294197,0,-0.181818152065793,-1.818181338857977e-08,-1.818181338857977e-08,0,0,0,0.181818152065793,1.818181338857977e-08,1.818181338857977e-08,1.81818152065793e-10,18.18181338857977,18.18181338857977
2.8,81.8181847934207,99.99999818181865,99.99999818181865,-18.1818152065793,-1.818181338857977e-06,-1.818181338857977e-06,0,0,0.1818181884294197,450,81.81818479323888,0.181818152065793,1.818181338857977e-08,1.818181338857977e-08,1e-09,1000000000,1000000000,1.81818152065793e-10,18.18181338857977,18.18181338857977,90,0.9,90,3,1,1,1,1,2,1,1,1,1,1,1,-0.181818152065793,-1.818181338857977e-08,-1.818181338857977e-08,0.181818152065793,1.818181338857977e-08,1.818181338857977e-08,-81.81818479323888,-81.81818479323888,-81.81818479323888,-0.181818152065793,-1.818181338857977e-08,-1.818181338857977e-08,1.81818152065793e-10,18.18181338857977,18.18181338857977,-0.1818181884294197,-81.81818479323888,0.1818181884294197,0,-0.181818152065793,-1.818181338857977e-08,-1.818181338857977e-08,0,0,0,0.181818152065793,1.818181338857977e-08,1.818181338857977e-08,1.81818152065793e-10,18.18181338857977,18.18181338857977
2.9,81.8181847934207,99.99999818181865,99.99999818181865,-18.1818152065793,-1.818181338857977e-06,-1.818181338857977e-06,0,0,0.1818181884294197,450,81.81818479323888,0.181818152065793,1.818181338857977e-08,1.818181338857977e-08,1e-09,1000000000,1000000000,1.81818152065793e-10,18.18181338857977,18.18181338857977,90,0.9,90,3,1,1,1,1,2,1,1,1,1,1,1,-0.181818152065793,-1.818181338857977e-08,-1.818181338857977e-08,0.181818152065793,1.818181338857977e-08,1.818181338857977e-08,-81.81818479323888,-81.81818479323888,-81.81818479323888,-0.181818152065793,-1.818181338857977e-08,-1.818181338857977e-08,1.81818152065793e-10,18.18181338857977,18.18181338857977,-0.1818181884294197,-81.81818479323888,0.1818181884294197,0,-0.181818152065793,-1.818181338857977e-08,-1.818181338857977e-08,0,0,0,0.181818152065793,1.818181338857977e-08,1.818181338857977e-08,1.81818152065793e-10,18.18181338857977,18.18181338857977
3,81.8181847934207,99.99999818181865,99.99999818181865,-18.1818152065793,-1.818181338857977e-06,-1.818181338857977e-06,0,0,0.1818181884294197,450,81.81818479323888,0.181818152065793,1.818181338857977e-08,1.818181338857977e-08,1e-09,1000000000,1000000000,1.81818152065793e-10,18.18181338857977,18.18181338857977,90,0.9,90,3,1,1,1,1,2,1,1,1,1,1,1,-0.181818152065793,-1.818181338857977e-08,-1.818181338857977e-08,0.181818152065793,1.818181338857977e-08,1.818181338857977e-08,-81.81818479323888,-81.81818479323888,-81.81818479323888,-0.181818152065793,-1.818181338857977e-08,-1.818181338857977e-08,1.81818152065793e-10,18.18181338857977,18.18181338857977,-0.1818181884294197,-81.81818479323888,0.1818181884294197,0,-0.181818152065793,-1.818181338857977e-08,-1.818181338857977e-08,0,0,0,0.181818152065793,1.818181338857977e-08,1.818181338857977e-08,1.81818152065793e-10,18.18181338857977,18.18181338857977
3.000000000600267,81.8181847934207,99.99999818181865,99.99999818181865,-18.1818152065793,-1.818181338857977e-06,-1.818181338857977e-06,0,0,0.1818181884294197,450,81.81818479323888,0.181818152065793,1.818181338857977e-08,1.818181338857977e-08,1e-09,1000000000,1000000000,1.81818152065793e-10,18.18181338857977,18.18181338857977,90,0.9,90,3,1,1,1,1,2,1,1,1,1,1,1,-0.181818152065793,-1.818181338857977e-08,-1.818181338857977e-08,0.181818152065793,1.818181338857977e-08,1.818181338857977e-08,-81.81818479323888,-81.81818479323888,-81.81818479323888,-0.181818152065793,-1.818181338857977e-08,-1.818181338857977e-08,1.81818152065793e-10,18.18181338857977,18.18181338857977,-0.1818181884294197,-81.81818479323888,0.1818181884294197,0,-0.181818152065793,-1.818181338857977e-08,-1.818181338857977e-08,0,0,0,0.181818152065793,1.818181338857977e-08,1.818181338857977e-08,1.81818152065793e-10,18.18181338857977,18.18181338857977
3.000000000600267,75.0000000000625,75.0000000000625,75.0000000000625,-24.9999999999375,-24.9999999999375,-24.9999999999375,-8.326672684688674e-17,0,0.7499999999981251,100,74.9999999998125,0.2499999999993751,0.249999999999375,0.249999999999375,1e-09,1e-09,1e-09,2.499999999993751e-10,2.49999999999375e-10,2.49999999999375e-10,90,0.9,20,3,1,1,1,1,2,2,2,1,1,1,3,-0.2499999999993751,-0.249999999999375,-0.249999999999375,0.2499999999993751,0.249999999999375,0.249999999999375,-74.9999999998125,-74.9999999998125,-74.9999999998125,-0.2499999999993751,-0.249999999999375,-0.249999999999375,2.499999999993751e-10,2.49999999999375e-10,2.49999999999375e-10,-0.7499999999981251,-74.9999999998125,0.7499999999981251,0,-0.2499999999993751,-0.249999999999375,-0.249999999999375,0,0,0,0.2499999999993751,0.249999999999375,0.249999999999375,2.499999999993751e-10,2.49999999999375e-10,2.49999999999375e-10
3.1,75.0000000000625,75.0000000000625,75.0000000000625,-24.9999999999375,-24.9999999999375,-24.9999999999375,-8.326672684688674e-17,0,0.7499999999981251,100,74.9999999998125,0.2499999999993751,0.249999999999375,0.249999999999375,1e-09,1e-09,1e-09,2.499999999993751e-10,2.49999999999375e-10,2.49999999999375e-10,90,0.9,20,3,1,1,1,1,2,2,2,1,1,1,3,-0.2499999999993751,-0.249999999999375,-0.249999999999375,0.2499999999993751,0.249999999999375,0.249999999999375,-74.9999999998125,-74.9999999998125,-74.9999999998125,-0.2499999999993751,-0.249999999999375,-0.249999999999375,2.499999999993751e-10,2.49999999999375e-10,2.49999999999375e-10,-0.7499999999981251,-74.9999999998125,0.7499999999981251,0,-0.2499999999993751,-0.249999999999375,-0.249999999999375,0,0,0,0.2499999999993751,0.249999999999375,0.249999999999375,2.499999999993751e-10,2.49999999999375e-10,2.49999999999375e-10
3.2,75.0000000000625,75.0000000000625,75.0000000000625,-24.9999999999375,-24.9999999999375,-24.9999999999375,-8.326672684688674e-17,0,0.7499999999981251,100,74.9999999998125,0.2499999999993751,0.249999999999375,0.249999999999375,1e-09,1e-09,1e-09,2.499999999993751e-10,2.49999999999375e-10,2.49999999999375e-10,90,0.9,20,3,1,1,1,1,2,2,2,1,1,1,3,-0.2499999999993751,-0.249999999999375,-0.249999999999375,0.2499999999993751,0.249999999999375,0.249999999999375,-74.9999999998125,-74.9999999998125,-74.9999999998125,-0.2499999999993751,-0.249999999999375,-0.249999999999375,2.499999999993751e-10,2.49999999999375e-10,2.49999999999375e-10,-0.7499999999981251,-74.9999999998125,0.7499999999981251,0,-0.2499999999993751,-0.249999999999375,-0.249999999999375,0,0,0,0.2499999999993751,0.249999999999375,0.249999999999375,2.499999999993751e-10,2.49999999999375e-10,2.49999999999375e-10
3.3,75.0000000000625,75.0000000000625,75.0000000000625,-24.9999999999375,-24.9999999999375,-24.9999999999375,-8.326672684688674e-17,0,0.7499999999981251,100,74.9999999998125,0.2499999999993751,0.249999999999375,0.249999999999375,1e-09,1e-09,1e-09,2.499999999993751e-10,2.49999999999375e-10,2.49999999999375e-10,90,0.9,20,3,1,1,1,1,2,2,2,1,1,1,3,-0.2499999999993751,-0.249999999999375,-0.249999999999375,0.2499999999993751,0.249999999999375,0.249999999999375,-74.9999999998125,-74.9999999998125,-74.9999999998125,-0.2499999999993751,-0.249999999999375,-0.249999999999375,2.499999999993751e-10,2.49999999999375e-10,2.49999999999375e-10,-0.7499999999981251,-74.9999999998125,0.7499999999981251,0,-0.2499999999993751,-0.249999999999375,-0.249999999999375,0,0,0,0.2499999999993751,0.249999999999375,0.249999999999375,2.499999999993751e-10,2.49999999999375e-10,2.49999999999375e-10
3.4,75.0000000000625,75.0000000000625,75.0000000000625,-24.9999999999375,-24.9999999999375,-24.9999999999375,-8.326672684688674e-17,0,0.7499999999981251,100,74.9999999998125,0.2499999999993751,0.249999999999375,0.249999999999375,1e-09,1e-09,1e-09,2.499999999993751e-10,2.49999999999375e-10,2.49999999999375e-10,90,0.9,20,3,1,1,1,1,2,2,2,1,1,1,3,-0.2499999999993751,-0.249999999999375,-0.249999999999375,0.2499999999993751,0.249999999999375,0.249999999999375,-74.9999999998125,-74.9999999998125,-74.9999999998125,-0.2499999999993751,-0.249999999999375,-0.249999999999375,2.499999999993751e-10,2.49999999999375e-10,2.49999999999375e-10,-0.7499999999981251,-74.9999999998125,0.7499999999981251,0,-0.2499999999993751,-0.249999999999375,-0.249999999999375,0,0,0,0.2499999999993751,0.249999999999375,0.249999999999375,2.499999999993751e-10,2.49999999999375e-10,2.49999999999375e-10
3.5,75.0000000000625,75.0000000000625,75.0000000000625,-24.9999999999375,-24.9999999999375,-24.9999999999375,-8.326672684688674e-17,0,0.7499999999981251,100,74.9999999998125,0.2499999999993751,0.249999999999375,0.249999999999375,1e-09,1e-09,1e-09,2.499999999993751e-10,2.49999999999375e-10,2.49999999999375e-10,90,0.9,20,3,1,1,1,1,2,2,2,1,1,1,3,-0.2499999999993751,-0.249999999999375,-0.249999999999375,0.2499999999993751,0.249999999999375,0.249999999999375,-74.9999999998125,-74.9999999998125,-74.9999999998125,-0.2499999999993751,-0.249999999999375,-0.249999999999375,2.499999999993751e-10,2.49999999999375e-10,2.49999999999375e-10,-0.7499999999981251,-74.9999999998125,0.7499999999981251,0,-0.2499999999993751,-0.249999999999375,-0.249999999999375,0,0,0,0.2499999999993751,0.249999999999375,0.249999999999375,2.499999999993751e-10,2.49999999999375e-10,2.49999999999375e-10
3.6,75.0000000000625,75.0000000000625,75.0000000000625,-24.9999999999375,-24.9999999999375,-24.9999999999375,-8.326672684688674e-17,0,0.7499999999981251,100,74.9999999998125,0.2499999999993751,0.249999999999375,0.249999999999375,1e-09,1e-09,1e-09,2.499999999993751e-10,2.49999999999375e-10,2.49999999999375e-10,90,0.9,20,3,1,1,1,1,2,2,2,1,1,1,3,-0.2499999999993751,-0.249999999999375,-0.249999999999375,0.2499999999993751,0.249999999999375,0.249999999999375,-74.9999999998125,-74.9999999998125,-74.9999999998125,-0.2499999999993751,-0.249999999999375,-0.249999999999375,2.499999999993751e-10,2.49999999999375e-10,2.49999999999375e-10,-0.7499999999981251,-74.9999999998125,0.7499999999981251,0,-0.2499999999993751,-0.249999999999375,-0.249999999999375,0,0,0,0.2499999999993751,0.249999999999375,0.249999999999375,2.499999999993751e-10,2.49999999999375e-10,2.49999999999375e-10
3.7,75.0000000000625,75.0000000000625,75.0000000000625,-24.9999999999375,-24.9999999999375,-24.9999999999375,-8.326672684688674e-17,0,0.7499999999981251,100,74.9999999998125,0.2499999999993751,0.249999999999375,0.249999999999375,1e-09,1e-09,1e-09,2.499999999993751e-10,2.49999999999375e-10,2.49999999999375e-10,90,0.9,20,3,1,1,1,1,2,2,2,1,1,1,3,-0.2499999999993751,-0.249999999999375,-0.249999999999375,0.2499999999993751,0.249999999999375,0.249999999999375,-74.9999999998125,-74.9999999998125,-74.9999999998125,-0.2499999999993751,-0.249999999999375,-0.249999999999375,2.499999999993751e-10,2.49999999999375e-10,2.49999999999375e-10,-0.7499999999981251,-74.9999999998125,0.7499999999981251,0,-0.2499999999993751,-0.249999999999375,-0.249999999999375,0,0,0,0.2499999999993751,0.249999999999375,0.249999999999375,2.499999999993751e-10,2.49999999999375e-10,2.49999999999375e-10
3.8,75.0000000000625,75.0000000000625,75.0000000000625,-24.9999999999375,-24.9999999999375,-24.9999999999375,-8.326672684688674e-17,0,0.7499999999981251,100,74.9999999998125,0.2499999999993751,0.249999999999375,0.249999999999375,1e-09,1e-09,1e-09,2.499999999993751e-10,2.49999999999375e-10,2.49999999999375e-10,90,0.9,20,3,1,1,1,1,2,2,2,1,1,1,3,-0.2499999999993751,-0.249999999999375,-0.249999999999375,0.2499999999993751,0.249999999999375,0.249999999999375,-74.9999999998125,-74.9999999998125,-74.9999999998125,-0.2499999999993751,-0.249999999999375,-0.249999999999375,2.499999999993751e-10,2.49999999999375e-10,2.49999999999375e-10,-0.7499999999981251,-74.9999999998125,0.7499999999981251,0,-0.2499999999993751,-0.249999999999375,-0.249999999999375,0,0,0,0.2499999999993751,0.249999999999375,0.249999999999375,2.499999999993751e-10,2.49999999999375e-10,2.49999999999375e-10
3.9,75.0000000000625,75.0000000000625,75.0000000000625,-24.9999999999375,-24.9999999999375,-24.9999999999375,-8.326672684688674e-17,0,0.7499999999981251,100,74.9999999998125,0.2499999999993751,0.249999999999375,0.249999999999375,1e-09,1e-09,1e-09,2.499999999993751e-10,2.49999999999375e-10,2.49999999999375e-10,90,0.9,20,3,1,1,1,1,2,2,2,1,1,1,3,-0.2499999999993751,-0.249999999999375,-0.249999999999375,0.2499999999993751,0.249999999999375,0.249999999999375,-74.9999999998125,-74.9999999998125,-74.9999999998125,-0.2499999999993751,-0.249999999999375,-0.249999999999375,2.499999999993751e-10,2.49999999999375e-10,2.49999999999375e-10,-0.7499999999981251,-74.9999999998125,0.7499999999981251,0,-0.2499999999993751,-0.249999999999375,-0.249999999999375,0,0,0,0.2499999999993751,0.249999999999375,0.249999999999375,2.499999999993751e-10,2.49999999999375e-10,2.49999999999375e-10
4,75.0000000000625,75.0000000000625,75.0000000000625,-24.9999999999375,-24.9999999999375,-24.9999999999375,-8.326672684688674e-17,0,0.7499999999981251,100,74.9999999998125,0.2499999999993751,0.249999999999375,0.249999999999375,1e-09,1e-09,1e-09,2.499999999993751e-10,2.49999999999375e-10,2.49999999999375e-10,90,0.9,20,3,1,1,1,1,2,2,2,1,1,1,3,-0.2499999999993751,-0.249999999999375,-0.249999999999375,0.2499999999993751,0.249999999999375,0.249999999999375,-74.9999999998125,-74.9999999998125,-74.9999999998125,-0.2499999999993751,-0.249999999999375,-0.249999999999375,2.499999999993751e-10,2.49999999999375e-10,2.49999999999375e-10,-0.7499999999981251,-74.9999999998125,0.7499999999981251,0,-0.2499999999993751,-0.249999999999375,-0.249999999999375,0,0,0,0.2499999999993751,0.249999999999375,0.249999999999375,2.499999999993751e-10,2.49999999999375e-10,2.49999999999375e-10
4.000000000800355,75.0000000000625,75.0000000000625,75.0000000000625,-24.9999999999375,-24.9999999999375,-24.9999999999375,-8.326672684688674e-17,0,0.7499999999981251,100,74.9999999998125,0.2499999999993751,0.249999999999375,0.249999999999375,1e-09,1e-09,1e-09,2.499999999993751e-10,2.49999999999375e-10,2.49999999999375e-10,90,0.9,20,3,1,1,1,1,2,2,2,1,1,1,3,-0.2499999999993751,-0.249999999999375,-0.249999999999375,0.2499999999993751,0.249999999999375,0.249999999999375,-74.9999999998125,-74.9999999998125,-74.9999999998125,-0.2499999999993751,-0.249999999999375,-0.249999999999375,2.499999999993751e-10,2.49999999999375e-10,2.49999999999375e-10,-0.7499999999981251,-74.9999999998125,0.7499999999981251,0,-0.2499999999993751,-0.249999999999375,-0.249999999999375,0,0,0,0.2499999999993751,0.249999999999375,0.249999999999375,2.499999999993751e-10,2.49999999999375e-10,2.49999999999375e-10
4.000000000800355,88.88888938430898,88.88888938430898,99.99999888888905,-11.11111060509809,-11.1111106277276,-1.111110950469119e-06,0,0,0.2222222234393664,400,88.88888938419787,0.1111111060509809,0.111111106277276,1.111110950469119e-08,1e-09,1e-09,1000000000,1.111111060509809e-10,1.11111106277276e-10,11.11110950469119,90,0.9,80,3,1,1,1,1,2,2,1,1,1,1,2,-0.1111111060509809,-0.111111106277276,-1.111110950469119e-08,0.1111111060509809,0.111111106277276,1.111110950469119e-08,-88.88888938419787,-88.88888938419787,-88.88888938419787,-0.1111111060509809,-0.111111106277276,-1.111110950469119e-08,1.111111060509809e-10,1.11111106277276e-10,11.11110950469119,-0.2222222234393664,-88.88888938419787,0.2222222234393664,0,-0.1111111060509809,-0.111111106277276,-1.111110950469119e-08,0,0,0,0.1111111060509809,0.111111106277276,1.111110950469119e-08,1.111111060509809e-10,1.11111106277276e-10,11.11110950469119
4.1,88.88888938272832,88.88888938272832,99.99999888888905,-11.11111061727167,-11.11111061727168,-1.111110950627184e-06,0,0,0.222222223456543,400,88.88888938261721,0.1111111061727167,0.1111111061727168,1.111110950627184e-08,1e-09,1e-09,1000000000,1.111111061727167e-10,1.111111061727168e-10,11.11110950627184,90,0.9,80,3,1,1,1,1,2,2,1,1,1,1,2,-0.1111111061727167,-0.1111111061727168,-1.111110950627184e-08,0.1111111061727167,0.1111111061727168,1.111110950627184e-08,-88.88888938261721,-88.88888938261721,-88.88888938261721,-0.1111111061727167,-0.1111111061727168,-1.111110950627184e-08,1.111111061727167e-10,1.111111061727168e-10,11.11110950627184,-0.222222223456543,-88.88888938261721,0.222222223456543,0,-0.1111111061727167,-0.1111111061727168,-1.111110950627184e-08,0,0,0,0.1111111061727167,0.1111111061727168,1.111110950627184e-08,1.111111061727167e-10,1.111111061727168e-10,11.11110950627184
4.2,88.88888938272832,88.88888938272832,99.99999888888905,-11.11111061727167,-11.11111061727168,-1.111110950627184e-06,0,0,0.222222223456543,400,88.88888938261721,0.1111111061727167,0.1111111061727168,1.111110950627184e-08,1e-09,1e-09,1000000000,1.111111061727167e-10,1.111111061727168e-10,11.11110950627184,90,0.9,80,3,1,1,1,1,2,2,1,1,1,1,2,-0.1111111061727167,-0.1111111061727168,-1.111110950627184e-08,0.1111111061727167,0.1111111061727168,1.111110950627184e-08,-88.88888938261721,-88.88888938261721,-88.88888938261721,-0.1111111061727167,-0.1111111061727168,-1.111110950627184e-08,1.111111061727167e-10,1.111111061727168e-10,11.11110950627184,-0.222222223456543,-88.88888938261721,0.222222223456543,0,-0.1111111061727167,-0.1111111061727168,-1.111110950627184e-08,0,0,0,0.1111111061727167,0.1111111061727168,1.111110950627184e-08,1.111111061727167e-10,1.111111061727168e-10,11.11110950627184
4.3,88.88888938272832,88.88888938272832,99.99999888888905,-11.11111061727167,-11.11111061727168,-1.111110950627184e-06,0,0,0.222222223456543,400,88.88888938261721,0.1111111061727167,0.1111111061727168,1.111110950627184e-08,1e-09,1e-09,1000000000,1.111111061727167e-10,1.111111061727168e-10,11.11110950627184,90,0.9,80,3,1,1,1,1,2,2,1,1,1,1,2,-0.1111111061727167,-0.1111111061727168,-1.111110950627184e-08,0.1111111061727167,0.1111111061727168,1.111110950627184e-08,-88.88888938261721,-88.88888938261721,-88.88888938261721,-0.1111111061727167,-0.1111111061727168,-1.111110950627184e-08,1.111111061727167e-10,1.111111061727168e-10,11.11110950627184,-0.222222223456543,-88.88888938261721,0.222222223456543,0,-0.1111111061727167,-0.1111111061727168,-1.111110950627184e-08,0,0,0,0.1111111061727167,0.1111111061727168,1.111110950627184e-08,1.111111061727167e-10,1.111111061727168e-10,11.11110950627184
4.4,88.88888938272832,88.88888938272832,99.99999888888905,-11.11111061727167,-11.11111061727168,-1.111110950627184e-06,0,0,0.222222223456543,400,88.88888938261721,0.1111111061727167,0.1111111061727168,1.111110950627184e-08,1e-09,1e-09,1000000000,1.111111061727167e-10,1.111111061727168e-10,11.11110950627184,90,0.9,80,3,1,1,1,1,2,2,1,1,1,1,2,-0.1111111061727167,-0.1111111061727168,-1.111110950627184e-08,0.1111111061727167,0.1111111061727168,1.111110950627184e-08,-88.88888938261721,-88.88888938261721,-88.88888938261721,-0.1111111061727167,-0.1111111061727168,-1.111110950627184e-08,1.111111061727167e-10,1.111111061727168e-10,11.11110950627184,-0.222222223456543,-88.88888938261721,0.222222223456543,0,-0.1111111061727167,-0.1111111061727168,-1.111110950627184e-08,0,0,0,0.1111111061727167,0.1111111061727168,1.111110950627184e-08,1.111111061727167e-10,1.111111061727168e-10,11.11110950627184
4.5,88.88888938272832,88.88888938272832,99.99999888888905,-11.11111061727167,-11.11111061727168,-1.111110950627184e-06,0,0,0.222222223456543,400,88.88888938261721,0.1111111061727167,0.1111111061727168,1.111110950627184e-08,1e-09,1e-09,1000000000,1.111111061727167e-10,1.111111061727168e-10,11.11110950627184,90,0.9,80,3,1,1,1,1,2,2,1,1,1,1,2,-0.1111111061727167,-0.1111111061727168,-1.111110950627184e-08,0.1111111061727167,0.1111111061727168,1.111110950627184e-08,-88.88888938261721,-88.88888938261721,-88.88888938261721,-0.1111111061727167,-0.1111111061727168,-1.111110950627184e-08,1.111111061727167e-10,1.111111061727168e-10,11.11110950627184,-0.222222223456543,-88.88888938261721,0.222222223456543,0,-0.1111111061727167,-0.1111111061727168,-1.111110950627184e-08,0,0,0,0.1111111061727167,0.1111111061727168,1.111110950627184e-08,1.111111061727167e-10,1.111111061727168e-10,11.11110950627184
4.6,88.88888938272832,88.88888938272832,99.99999888888905,-11.11111061727167,-11.11111061727168,-1.111110950627184e-06,0,0,0.222222223456543,400,88.88888938261721,0.1111111061727167,0.1111111061727168,1.111110950627184e-08,1e-09,1e-09,1000000000,1.111111061727167e-10,1.111111061727168e-10,11.11110950627184,90,0.9,80,3,1,1,1,1,2,2,1,1,1,1,2,-0.1111111061727167,-0.1111111061727168,-1.111110950627184e-08,0.1111111061727167,0.1111111061727168,1.111110950627184e-08,-88.88888938261721,-88.88888938261721,-88.88888938261721,-0.1111111061727167,-0.1111111061727168,-1.111110950627184e-08,1.111111061727167e-10,1.111111061727168e-10,11.11110950627184,-0.222222223456543,-88.88888938261721,0.222222223456543,0,-0.1111111061727167,-0.1111111061727168,-1.111110950627184e-08,0,0,0,0.1111111061727167,0.1111111061727168,1.111110950627184e-08,1.111111061727167e-10,1.111111061727168e-10,11.11110950627184
4.7,88.88888938272832,88.88888938272832,99.99999888888905,-11.11111061727167,-11.11111061727168,-1.111110950627184e-06,0,0,0.222222223456543,400,88.88888938261721,0.1111111061727167,0.1111111061727168,1.111110950627184e-08,1e-09,1e-09,1000000000,1.111111061727167e-10,1.111111061727168e-10,11.11110950627184,90,0.9,80,3,1,1,1,1,2,2,1,1,1,1,2,-0.1111111061727167,-0.1111111061727168,-1.111110950627184e-08,0.1111111061727167,0.1111111061727168,1.111110950627184e-08,-88.88888938261721,-88.88888938261721,-88.88888938261721,-0.1111111061727167,-0.1111111061727168,-1.111110950627184e-08,1.111111061727167e-10,1.111111061727168e-10,11.11110950627184,-0.222222223456543,-88.88888938261721,0.222222223456543,0,-0.1111111061727167,-0.1111111061727168,-1.111110950627184e-08,0,0,0,0.1111111061727167,0.1111111061727168,1.111110950627184e-08,1.111111061727167e-10,1.111111061727168e-10,11.11110950627184
4.8,88.88888938272832,88.88888938272832,99.99999888888905,-11.11111061727167,-11.11111061727168,-1.111110950627184e-06,0,0,0.222222223456543,400,88.88888938261721,0.1111111061727167,0.1111111061727168,1.111110950627184e-08,1e-09,1e-09,1000000000,1.111111061727167e-10,1.111111061727168e-10,11.11110950627184,90,0.9,80,3,1,1,1,1,2,2,1,1,1,1,2,-0.1111111061727167,-0.1111111061727168,-1.111110950627184e-08,0.1111111061727167,0.1111111061727168,1.111110950627184e-08,-88.88888938261721,-88.88888938261721,-88.88888938261721,-0.1111111061727167,-0.1111111061727168,-1.111110950627184e-08,1.111111061727167e-10,1.111111061727168e-10,11.11110950627184,-0.222222223456543,-88.88888938261721,0.222222223456543,0,-0.1111111061727167,-0.1111111061727168,-1.111110950627184e-08,0,0,0,0.1111111061727167,0.1111111061727168,1.111110950627184e-08,1.111111061727167e-10,1.111111061727168e-10,11.11110950627184
4.9,88.88888938272832,88.88888938272832,99.99999888888905,-11.11111061727167,-11.11111061727168,-1.111110950627184e-06,0,0,0.222222223456543,400,88.88888938261721,0.1111111061727167,0.1111111061727168,1.111110950627184e-08,1e-09,1e-09,1000000000,1.111111061727167e-10,1.111111061727168e-10,11.11110950627184,90,0.9,80,3,1,1,1,1,2,2,1,1,1,1,2,-0.1111111061727167,-0.1111111061727168,-1.111110950627184e-08,0.1111111061727167,0.1111111061727168,1.111110950627184e-08,-88.88888938261721,-88.88888938261721,-88.88888938261721,-0.1111111061727167,-0.1111111061727168,-1.111110950627184e-08,1.111111061727167e-10,1.111111061727168e-10,11.11110950627184,-0.222222223456543,-88.88888938261721,0.222222223456543,0,-0.1111111061727167,-0.1111111061727168,-1.111110950627184e-08,0,0,0,0.1111111061727167,0.1111111061727168,1.111110950627184e-08,1.111111061727167e-10,1.111111061727168e-10,11.11110950627184
5,88.88888938272832,88.88888938272832,99.99999888888905,-11.11111061727167,-11.11111061727168,-1.111110950627184e-06,0,0,0.222222223456543,400,88.88888938261721,0.1111111061727167,0.1111111061727168,1.111110950627184e-08,1e-09,1e-09,1000000000,1.111111061727167e-10,1.111111061727168e-10,11.11110950627184,90,0.9,80,3,1,1,1,1,2,2,1,1,1,1,2,-0.1111111061727167,-0.1111111061727168,-1.111110950627184e-08,0.1111111061727167,0.1111111061727168,1.111110950627184e-08,-88.88888938261721,-88.88888938261721,-88.88888938261721,-0.1111111061727167,-0.1111111061727168,-1.111110950627184e-08,1.111111061727167e-10,1.111111061727168e-10,11.11110950627184,-0.222222223456543,-88.88888938261721,0.222222223456543,0,-0.1111111061727167,-0.1111111061727168,-1.111110950627184e-08,0,0,0,0.1111111061727167,0.1111111061727168,1.111110950627184e-08,1.111111061727167e-10,1.111111061727168e-10,11.11110950627184
5.000000001000445,88.88888938272832,88.88888938272832,99.99999888888905,-11.11111061727167,-11.11111061727168,-1.111110950627184e-06,0,0,0.222222223456543,400,88.88888938261721,0.1111111061727167,0.1111111061727168,1.111110950627184e-08,1e-09,1e-09,1000000000,1.111111061727167e-10,1.111111061727168e-10,11.11110950627184,90,0.9,80,3,1,1,1,1,2,2,1,1,1,1,2,-0.1111111061727167,-0.1111111061727168,-1.111110950627184e-08,0.1111111061727167,0.1111111061727168,1.111110950627184e-08,-88.88888938261721,-88.88888938261721,-88.88888938261721,-0.1111111061727167,-0.1111111061727168,-1.111110950627184e-08,1.111111061727167e-10,1.111111061727168e-10,11.11110950627184,-0.222222223456543,-88.88888938261721,0.222222223456543,0,-0.1111111061727167,-0.1111111061727168,-1.111110950627184e-08,0,0,0,0.1111111061727167,0.1111111061727168,1.111110950627184e-08,1.111111061727167e-10,1.111111061727168e-10,11.11110950627184
5.000000001000445,88.23529463669196,88.23529463669196,99.99999882352958,-11.76470536330803,-11.76470536330804,-1.176470418695527e-06,0,0,0.2352941190308648,375,88.23529463657431,0.1176470536330803,0.1176470536330804,1.176470418695527e-08,1e-09,1e-09,1000000000,1.176470536330803e-10,1.176470536330804e-10,11.76470418695527,90,0.9,75,3,1,1,1,1,2,2,1,1,1,1,2,-0.1176470536330803,-0.1176470536330804,-1.176470418695527e-08,0.1176470536330803,0.1176470536330804,1.176470418695527e-08,-88.23529463657431,-88.23529463657431,-88.23529463657431,-0.1176470536330803,-0.1176470536330804,-1.176470418695527e-08,1.176470536330803e-10,1.176470536330804e-10,11.76470418695527,-0.2352941190308648,-88.23529463657431,0.2352941190308648,0,-0.1176470536330803,-0.1176470536330804,-1.176470418695527e-08,0,0,0,0.1176470536330803,0.1176470536330804,1.176470418695527e-08,1.176470536330803e-10,1.176470536330804e-10,11.76470418695527
5.1,88.23529463669198,88.23529463669198,99.99999882352958,-11.76470536330804,-11.76470536330803,-1.176470418695526e-06,1.387778780781446e-17,0,0.2352941190308648,375,88.23529463657432,0.1176470536330804,0.1176470536330803,1.176470418695526e-08,1e-09,1e-09,1000000000,1.176470536330804e-10,1.176470536330803e-10,11.76470418695526,90,0.9,75,3,1,1,1,1,2,2,1,1,1,1,2,-0.1176470536330804,-0.1176470536330803,-1.176470418695526e-08,0.1176470536330804,0.1176470536330803,1.176470418695526e-08,-88.23529463657432,-88.23529463657432,-88.23529463657432,-0.1176470536330804,-0.1176470536330803,-1.176470418695526e-08,1.176470536330804e-10,1.176470536330803e-10,11.76470418695526,-0.2352941190308648,-88.23529463657432,0.2352941190308648,0,-0.1176470536330804,-0.1176470536330803,-1.176470418695526e-08,0,0,0,0.1176470536330804,0.1176470536330803,1.176470418695526e-08,1.176470536330804e-10,1.176470536330803e-10,11.76470418695526
5.2,88.23529463669196,88.23529463669196,99.99999882352958,-11.76470536330803,-11.76470536330804,-1.176470418695527e-06,0,0,0.2352941190308649,375,88.23529463657431,0.1176470536330803,0.1176470536330804,1.176470418695527e-08,1e-09,1e-09,1000000000,1.176470536330803e-10,1.176470536330804e-10,11.76470418695527,90,0.9,75,3,1,1,1,1,2,2,1,1,1,1,2,-0.1176470536330803,-0.1176470536330804,-1.176470418695527e-08,0.1176470536330803,0.1176470536330804,1.176470418695527e-08,-88.23529463657431,-88.23529463657431,-88.23529463657431,-0.1176470536330803,-0.1176470536330804,-1.176470418695527e-08,1.176470536330803e-10,1.176470536330804e-10,11.76470418695527,-0.2352941190308649,-88.23529463657431,0.2352941190308649,0,-0.1176470536330803,-0.1176470536330804,-1.176470418695527e-08,0,0,0,0.1176470536330803,0.1176470536330804,1.176470418695527e-08,1.176470536330803e-10,1.176470536330804e-10,11.76470418695527
5.3,88.23529463669198,88.23529463669198,99.99999882352958,-11.76470536330804,-11.76470536330803,-1.176470418695526e-06,1.387778780781446e-17,0,0.2352941190308648,375,88.23529463657432,0.1176470536330804,0.1176470536330803,1.176470418695526e-08,1e-09,1e-09,1000000000,1.176470536330804e-10,1.176470536330803e-10,11.76470418695526,90,0.9,75,3,1,1,1,1,2,2,1,1,1,1,2,-0.1176470536330804,-0.1176470536330803,-1.176470418695526e-08,0.1176470536330804,0.1176470536330803,1.176470418695526e-08,-88.23529463657432,-88.23529463657432,-88.23529463657432,-0.1176470536330804,-0.1176470536330803,-1.176470418695526e-08,1.176470536330804e-10,1.176470536330803e-10,11.76470418695526,-0.2352941190308648,-88.23529463657432,0.2352941190308648,0,-0.1176470536330804,-0.1176470536330803,-1.176470418695526e-08,0,0,0,0.1176470536330804,0.1176470536330803,1.176470418695526e-08,1.176470536330804e-10,1.176470536330803e-10,11.76470418695526
5.4,88.23529463669196,88.23529463669196,99.99999882352958,-11.76470536330803,-11.76470536330804,-1.176470418695527e-06,0,0,0.2352941190308649,375,88.23529463657431,0.1176470536330803,0.1176470536330804,1.176470418695527e-08,1e-09,1e-09,1000000000,1.176470536330803e-10,1.176470536330804e-10,11.76470418695527,90,0.9,75,3,1,1,1,1,2,2,1,1,1,1,2,-0.1176470536330803,-0.1176470536330804,-1.176470418695527e-08,0.1176470536330803,0.1176470536330804,1.176470418695527e-08,-88.23529463657431,-88.23529463657431,-88.23529463657431,-0.1176470536330803,-0.1176470536330804,-1.176470418695527e-08,1.176470536330803e-10,1.176470536330804e-10,11.76470418695527,-0.2352941190308649,-88.23529463657431,0.2352941190308649,0,-0.1176470536330803,-0.1176470536330804,-1.176470418695527e-08,0,0,0,0.1176470536330803,0.1176470536330804,1.176470418695527e-08,1.176470536330803e-10,1.176470536330804e-10,11.76470418695527
5.5,88.23529463669198,88.23529463669198,99.99999882352958,-11.76470536330804,-11.76470536330803,-1.176470418695526e-06,1.387778780781446e-17,0,0.2352941190308648,375,88.23529463657432,0.1176470536330804,0.1176470536330803,1.176470418695526e-08,1e-09,1e-09,1000000000,1.176470536330804e-10,1.176470536330803e-10,11.76470418695526,90,0.9,75,3,1,1,1,1,2,2,1,1,1,1,2,-0.1176470536330804,-0.1176470536330803,-1.176470418695526e-08,0.1176470536330804,0.1176470536330803,1.176470418695526e-08,-88.23529463657432,-88.23529463657432,-88.23529463657432,-0.1176470536330804,-0.1176470536330803,-1.176470418695526e-08,1.176470536330804e-10,1.176470536330803e-10,11.76470418695526,-0.2352941190308648,-88.23529463657432,0.2352941190308648,0,-0.1176470536330804,-0.1176470536330803,-1.176470418695526e-08,0,0,0,0.1176470536330804,0.1176470536330803,1.176470418695526e-08,1.176470536330804e-10,1.176470536330803e-10,11.76470418695526
5.6,88.23529463669196,88.23529463669196,99.99999882352958,-11.76470536330803,-11.76470536330804,-1.176470418695527e-06,0,0,0.2352941190308649,375,88.23529463657431,0.1176470536330803,0.1176470536330804,1.176470418695527e-08,1e-09,1e-09,1000000000,1.176470536330803e-10,1.176470536330804e-10,11.76470418695527,90,0.9,75,3,1,1,1,1,2,2,1,1,1,1,2,-0.1176470536330803,-0.1176470536330804,-1.176470418695527e-08,0.1176470536330803,0.1176470536330804,1.176470418695527e-08,-88.23529463657431,-88.23529463657431,-88.23529463657431,-0.1176470536330803,-0.1176470536330804,-1.176470418695527e-08,1.176470536330803e-10,1.176470536330804e-10,11.76470418695527,-0.2352941190308649,-88.23529463657431,0.2352941190308649,0,-0.1176470536330803,-0.1176470536330804,-1.176470418695527e-08,0,0,0,0.1176470536330803,0.1176470536330804,1.176470418695527e-08,1.176470536330803e-10,1.176470536330804e-10,11.76470418695527
5.7,88.23529463669198,88.23529463669198,99.99999882352958,-11.76470536330804,-11.76470536330803,-1.176470418695526e-06,1.387778780781446e-17,0,0.2352941190308648,375,88.23529463657432,0.1176470536330804,0.1176470536330803,1.176470418695526e-08,1e-09,1e-09,1000000000,1.176470536330804e-10,1.176470536330803e-10,11.76470418695526,90,0.9,75,3,1,1,1,1,2,2,1,1,1,1,2,-0.1176470536330804,-0.1176470536330803,-1.176470418695526e-08,0.1176470536330804,0.1176470536330803,1.176470418695526e-08,-88.23529463657432,-88.23529463657432,-88.23529463657432,-0.1176470536330804,-0.1176470536330803,-1.176470418695526e-08,1.176470536330804e-10,1.176470536330803e-10,11.76470418695526,-0.2352941190308648,-88.23529463657432,0.2352941190308648,0,-0.1176470536330804,-0.1176470536330803,-1.176470418695526e-08,0,0,0,0.1176470536330804,0.1176470536330803,1.176470418695526e-08,1.176470536330804e-10,1.176470536330803e-10,11.76470418695526
5.8,88.23529463669196,88.23529463669196,99.99999882352958,-11.76470536330803,-11.76470536330804,-1.176470418695527e-06,0,0,0.2352941190308649,375,88.23529463657431,0.1176470536330803,0.1176470536330804,1.176470418695527e-08,1e-09,1e-09,1000000000,1.176470536330803e-10,1.176470536330804e-10,11.76470418695527,90,0.9,75,3,1,1,1,1,2,2,1,1,1,1,2,-0.1176470536330803,-0.1176470536330804,-1.176470418695527e-08,0.1176470536330803,0.1176470536330804,1.176470418695527e-08,-88.23529463657431,-88.23529463657431,-88.23529463657431,-0.1176470536330803,-0.1176470536330804,-1.176470418695527e-08,1.176470536330803e-10,1.176470536330804e-10,11.76470418695527,-0.2352941190308649,-88.23529463657431,0.2352941190308649,0,-0.1176470536330803,-0.1176470536330804,-1.176470418695527e-08,0,0,0,0.1176470536330803,0.1176470536330804,1.176470418695527e-08,1.176470536330803e-10,1.176470536330804e-10,11.76470418695527
5.9,88.23529463669198,88.23529463669198,99.99999882352958,-11.76470536330804,-11.76470536330803,-1.176470418695526e-06,1.387778780781446e-17,0,0.2352941190308648,375,88.23529463657432,0.1176470536330804,0.1176470536330803,1.176470418695526e-08,1e-09,1e-09,1000000000,1.176470536330804e-10,1.176470536330803e-10,11.76470418695526,90,0.9,75,3,1,1,1,1,2,2,1,1,1,1,2,-0.1176470536330804,-0.1176470536330803,-1.176470418695526e-08,0.1176470536330804,0.1176470536330803,1.176470418695526e-08,-88.23529463657432,-88.23529463657432,-88.23529463657432,-0.1176470536330804,-0.1176470536330803,-1.176470418695526e-08,1.176470536330804e-10,1.176470536330803e-10,11.76470418695526,-0.2352941190308648,-88.23529463657432,0.2352941190308648,0,-0.1176470536330804,-0.1176470536330803,-1.176470418695526e-08,0,0,0,0.1176470536330804,0.1176470536330803,1.176470418695526e-08,1.176470536330804e-10,1.176470536330803e-10,11.76470418695526
6,88.23529463669196,88.23529463669196,99.99999882352958,-11.76470536330803,-11.76470536330804,-1.176470418695527e-06,0,0,0.2352941190308649,375,88.23529463657431,0.1176470536330803,0.1176470536330804,1.176470418695527e-08,1e-09,1e-09,1000000000,1.176470536330803e-10,1.176470536330804e-10,11.76470418695527,90,0.9,75,3,1,1,1,1,2,2,1,1,1,1,2,-0.1176470536330803,-0.1176470536330804,-1.176470418695527e-08,0.1176470536330803,0.1176470536330804,1.176470418695527e-08,-88.23529463657431,-88.23529463657431,-88.23529463657431,-0.1176470536330803,-0.1176470536330804,-1.176470418695527e-08,1.176470536330803e-10,1.176470536330804e-10,11.76470418695527,-0.2352941190308649,-88.23529463657431,0.2352941190308649,0,-0.1176470536330803,-0.1176470536330804,-1.176470418695527e-08,0,0,0,0.1176470536330803,0.1176470536330804,1.176470418695527e-08,1.176470536330803e-10,1.176470536330804e-10,11.76470418695527
6.000000001200535,88.23529463669198,88.23529463669198,99.99999882352958,-11.76470536330804,-11.76470536330803,-1.176470418695526e-06,1.387778780781446e-17,0,0.2352941190308648,375,88.23529463657432,0.1176470536330804,0.1176470536330803,1.176470418695526e-08,1e-09,1e-09,1000000000,1.176470536330804e-10,1.176470536330803e-10,11.76470418695526,90,0.9,75,3,1,1,1,1,2,2,1,1,1,1,2,-0.1176470536330804,-0.1176470536330803,-1.176470418695526e-08,0.1176470536330804,0.1176470536330803,1.176470418695526e-08,-88.23529463657432,-88.23529463657432,-88.23529463657432,-0.1176470536330804,-0.1176470536330803,-1.176470418695526e-08,1.176470536330804e-10,1.176470536330803e-10,11.76470418695526,-0.2352941190308648,-88.23529463657432,0.2352941190308648,0,-0.1176470536330804,-0.1176470536330803,-1.176470418695526e-08,0,0,0,0.1176470536330804,0.1176470536330803,1.176470418695526e-08,1.176470536330804e-10,1.176470536330803e-10,11.76470418695526
6.000000001200535,85.71428632655093,85.71428632655093,99.99999857142878,-14.28571367344907,-14.28571367344906,-1.42857122450207e-06,2.775557561562891e-17,0,0.2857142877546935,300,85.71428632640807,0.1428571367344907,0.1428571367344906,1.42857122450207e-08,1e-09,1e-09,1000000000,1.428571367344907e-10,1.428571367344906e-10,14.2857122450207,90,0.9,60,3,1,1,1,1,2,2,1,1,1,1,2,-0.1428571367344907,-0.1428571367344906,-1.42857122450207e-08,0.1428571367344907,0.1428571367344906,1.42857122450207e-08,-85.71428632640807,-85.71428632640807,-85.71428632640807,-0.1428571367344907,-0.1428571367344906,-1.42857122450207e-08,1.428571367344907e-10,1.428571367344906e-10,14.2857122450207,-0.2857142877546935,-85.71428632640807,0.2857142877546935,0,-0.1428571367344907,-0.1428571367344906,-1.42857122450207e-08,0,0,0,0.1428571367344907,0.1428571367344906,1.42857122450207e-08,1.428571367344907e-10,1.428571367344906e-10,14.2857122450207
6.1,85.71428632655093,85.71428632655093,99.99999857142878,-14.28571367344907,-14.28571367344907,-1.42857122450207e-06,-2.775557561562891e-17,0,0.2857142877546937,300,85.71428632640807,0.1428571367344907,0.1428571367344907,1.42857122450207e-08,1e-09,1e-09,1000000000,1.428571367344907e-10,1.428571367344907e-10,14.2857122450207,90,0.9,60,3,1,1,1,1,2,2,1,1,1,1,2,-0.1428571367344907,-0.1428571367344907,-1.42857122450207e-08,0.1428571367344907,0.1428571367344907,1.42857122450207e-08,-85.71428632640807,-85.71428632640807,-85.71428632640807,-0.1428571367344907,-0.1428571367344907,-1.42857122450207e-08,1.428571367344907e-10,1.428571367344907e-10,14.2857122450207,-0.2857142877546937,-85.71428632640807,0.2857142877546937,0,-0.1428571367344907,-0.1428571367344907,-1.42857122450207e-08,0,0,0,0.1428571367344907,0.1428571367344907,1.42857122450207e-08,1.428571367344907e-10,1.428571367344907e-10,14.2857122450207
6.2,85.71428632655093,85.71428632655093,99.99999857142878,-14.28571367344907,-14.28571367344906,-1.42857122450207e-06,2.775557561562891e-17,0,0.2857142877546935,300,85.71428632640807,0.1428571367344907,0.1428571367344906,1.42857122450207e-08,1e-09,1e-09,1000000000,1.428571367344907e-10,1.428571367344906e-10,14.2857122450207,90,0.9,60,3,1,1,1,1,2,2,1,1,1,1,2,-0.1428571367344907,-0.1428571367344906,-1.42857122450207e-08,0.1428571367344907,0.1428571367344906,1.42857122450207e-08,-85.71428632640807,-85.71428632640807,-85.71428632640807,-0.1428571367344907,-0.1428571367344906,-1.42857122450207e-08,1.428571367344907e-10,1.428571367344906e-10,14.2857122450207,-0.2857142877546935,-85.71428632640807,0.2857142877546935,0,-0.1428571367344907,-0.1428571367344906,-1.42857122450207e-08,0,0,0,0.1428571367344907,0.1428571367344906,1.42857122450207e-08,1.428571367344907e-10,1.428571367344906e-10,14.2857122450207
6.3,85.71428632655093,85.71428632655093,99.99999857142878,-14.28571367344907,-14.28571367344907,-1.42857122450207e-06,-2.775557561562891e-17,0,0.2857142877546937,300,85.71428632640807,0.1428571367344907,0.1428571367344907,1.42857122450207e-08,1e-09,1e-09,1000000000,1.428571367344907e-10,1.428571367344907e-10,14.2857122450207,90,0.9,60,3,1,1,1,1,2,2,1,1,1,1,2,-0.1428571367344907,-0.1428571367344907,-1.42857122450207e-08,0.1428571367344907,0.1428571367344907,1.42857122450207e-08,-85.71428632640807,-85.71428632640807,-85.71428632640807,-0.1428571367344907,-0.1428571367344907,-1.42857122450207e-08,1.428571367344907e-10,1.428571367344907e-10,14.2857122450207,-0.2857142877546937,-85.71428632640807,0.2857142877546937,0,-0.1428571367344907,-0.1428571367344907,-1.42857122450207e-08,0,0,0,0.1428571367344907,0.1428571367344907,1.42857122450207e-08,1.428571367344907e-10,1.428571367344907e-10,14.2857122450207
6.4,85.71428632655095,85.71428632655095,99.99999857142878,-14.28571367344907,-14.28571367344906,-1.42857122450207e-06,2.775557561562891e-17,0,0.2857142877546935,300,85.71428632640809,0.1428571367344907,0.1428571367344906,1.42857122450207e-08,1e-09,1e-09,1000000000,1.428571367344907e-10,1.428571367344906e-10,14.2857122450207,90,0.9,60,3,1,1,1,1,2,2,1,1,1,1,2,-0.1428571367344907,-0.1428571367344906,-1.42857122450207e-08,0.1428571367344907,0.1428571367344906,1.42857122450207e-08,-85.71428632640809,-85.71428632640809,-85.71428632640809,-0.1428571367344907,-0.1428571367344906,-1.42857122450207e-08,1.428571367344907e-10,1.428571367344906e-10,14.2857122450207,-0.2857142877546935,-85.71428632640809,0.2857142877546935,0,-0.1428571367344907,-0.1428571367344906,-1.42857122450207e-08,0,0,0,0.1428571367344907,0.1428571367344906,1.42857122450207e-08,1.428571367344907e-10,1.428571367344906e-10,14.2857122450207
6.5,85.71428632655092,85.71428632655092,99.99999857142878,-14.28571367344907,-14.28571367344907,-1.428571224502071e-06,-2.775557561562891e-17,0,0.2857142877546937,300,85.71428632640806,0.1428571367344907,0.1428571367344907,1.428571224502071e-08,1e-09,1e-09,1000000000,1.428571367344907e-10,1.428571367344907e-10,14.28571224502071,90,0.9,60,3,1,1,1,1,2,2,1,1,1,1,2,-0.1428571367344907,-0.1428571367344907,-1.428571224502071e-08,0.1428571367344907,0.1428571367344907,1.428571224502071e-08,-85.71428632640806,-85.71428632640806,-85.71428632640806,-0.1428571367344907,-0.1428571367344907,-1.428571224502071e-08,1.428571367344907e-10,1.428571367344907e-10,14.28571224502071,-0.2857142877546937,-85.71428632640806,0.2857142877546937,0,-0.1428571367344907,-0.1428571367344907,-1.428571224502071e-08,0,0,0,0.1428571367344907,0.1428571367344907,1.428571224502071e-08,1.428571367344907e-10,1.428571367344907e-10,14.28571224502071
6.6,85.71428632655095,85.71428632655095,99.99999857142878,-14.28571367344907,-14.28571367344906,-1.428571224502069e-06,2.775557561562891e-17,0,0.2857142877546935,300,85.71428632640809,0.1428571367344907,0.1428571367344906,1.42857122450207e-08,1e-09,1e-09,1000000000,1.428571367344907e-10,1.428571367344906e-10,14.2857122450207,90,0.9,60,3,1,1,1,1,2,2,1,1,1,1,2,-0.1428571367344907,-0.1428571367344906,-1.42857122450207e-08,0.1428571367344907,0.1428571367344906,1.42857122450207e-08,-85.71428632640809,-85.71428632640809,-85.71428632640809,-0.1428571367344907,-0.1428571367344906,-1.42857122450207e-08,1.428571367344907e-10,1.428571367344906e-10,14.2857122450207,-0.2857142877546935,-85.71428632640809,0.2857142877546935,0,-0.1428571367344907,-0.1428571367344906,-1.42857122450207e-08,0,0,0,0.1428571367344907,0.1428571367344906,1.42857122450207e-08,1.428571367344907e-10,1.428571367344906e-10,14.2857122450207
6.7,85.71428632655092,85.71428632655092,99.99999857142878,-14.28571367344907,-14.28571367344907,-1.428571224502071e-06,-2.775557561562891e-17,0,0.2857142877546937,300,85.71428632640806,0.1428571367344907,0.1428571367344907,1.428571224502071e-08,1e-09,1e-09,1000000000,1.428571367344907e-10,1.428571367344907e-10,14.28571224502071,90,0.9,60,3,1,1,1,1,2,2,1,1,1,1,2,-0.1428571367344907,-0.1428571367344907,-1.428571224502071e-08,0.1428571367344907,0.1428571367344907,1.428571224502071e-08,-85.71428632640806,-85.71428632640806,-85.71428632640806,-0.1428571367344907,-0.1428571367344907,-1.428571224502071e-08,1.428571367344907e-10,1.428571367344907e-10,14.28571224502071,-0.2857142877546937,-85.71428632640806,0.2857142877546937,0,-0.1428571367344907,-0.1428571367344907,-1.428571224502071e-08,0,0,0,0.1428571367344907,0.1428571367344907,1.428571224502071e-08,1.428571367344907e-10,1.428571367344907e-10,14.28571224502071
6.8,85.71428632655095,85.71428632655095,99.99999857142878,-14.28571367344907,-14.28571367344906,-1.428571224502069e-06,2.775557561562891e-17,0,0.2857142877546935,300,85.71428632640809,0.1428571367344907,0.1428571367344906,1.428571224502069e-08,1e-09,1e-09,1000000000,1.428571367344907e-10,1.428571367344906e-10,14.28571224502069,90,0.9,60,3,1,1,1,1,2,2,1,1,1,1,2,-0.1428571367344907,-0.1428571367344906,-1.428571224502069e-08,0.1428571367344907,0.1428571367344906,1.428571224502069e-08,-85.71428632640809,-85.71428632640809,-85.71428632640809,-0.1428571367344907,-0.1428571367344906,-1.428571224502069e-08,1.428571367344907e-10,1.428571367344906e-10,14.28571224502069,-0.2857142877546935,-85.71428632640809,0.2857142877546935,0,-0.1428571367344907,-0.1428571367344906,-1.428571224502069e-08,0,0,0,0.1428571367344907,0.1428571367344906,1.428571224502069e-08,1.428571367344907e-10,1.428571367344906e-10,14.28571224502069
6.9,85.71428632655093,85.71428632655093,99.99999857142878,-14.28571367344907,-14.28571367344907,-1.428571224502071e-06,-2.775557561562891e-17,0,0.2857142877546937,300,85.71428632640807,0.1428571367344907,0.1428571367344907,1.428571224502071e-08,1e-09,1e-09,1000000000,1.428571367344907e-10,1.428571367344907e-10,14.28571224502071,90,0.9,60,3,1,1,1,1,2,2,1,1,1,1,2,-0.1428571367344907,-0.1428571367344907,-1.428571224502071e-08,0.1428571367344907,0.1428571367344907,1.428571224502071e-08,-85.71428632640807,-85.71428632640807,-85.71428632640807,-0.1428571367344907,-0.1428571367344907,-1.428571224502071e-08,1.428571367344907e-10,1.428571367344907e-10,14.28571224502071,-0.2857142877546937,-85.71428632640807,0.2857142877546937,0,-0.1428571367344907,-0.1428571367344907,-1.428571224502071e-08,0,0,0,0.1428571367344907,0.1428571367344907,1.428571224502071e-08,1.428571367344907e-10,1.428571367344907e-10,14.28571224502071
7,85.71428632655093,85.71428632655093,99.99999857142878,-14.28571367344907,-14.28571367344906,-1.428571224502071e-06,2.775557561562891e-17,0,0.2857142877546935,300,85.71428632640807,0.1428571367344907,0.1428571367344906,1.428571224502071e-08,1e-09,1e-09,1000000000,1.428571367344907e-10,1.428571367344906e-10,14.28571224502071,90,0.9,60,3,1,1,1,1,2,2,1,1,1,1,2,-0.1428571367344907,-0.1428571367344906,-1.428571224502071e-08,0.1428571367344907,0.1428571367344906,1.428571224502071e-08,-85.71428632640807,-85.71428632640807,-85.71428632640807,-0.1428571367344907,-0.1428571367344906,-1.428571224502071e-08,1.428571367344907e-10,1.428571367344906e-10,14.28571224502071,-0.2857142877546935,-85.71428632640807,0.2857142877546935,0,-0.1428571367344907,-0.1428571367344906,-1.428571224502071e-08,0,0,0,0.1428571367344907,0.1428571367344906,1.428571224502071e-08,1.428571367344907e-10,1.428571367344906e-10,14.28571224502071
7.000000001400622,85.71428632655093,85.71428632655093,99.99999857142878,-14.28571367344907,-14.28571367344907,-1.428571224502071e-06,-2.775557561562891e-17,0,0.2857142877546937,300,85.71428632640807,0.1428571367344907,0.1428571367344907,1.428571224502071e-08,1e-09,1e-09,1000000000,1.428571367344907e-10,1.428571367344907e-10,14.28571224502071,90,0.9,60,3,1,1,1,1,2,2,1,1,1,1,2,-0.1428571367344907,-0.1428571367344907,-1.428571224502071e-08,0.1428571367344907,0.1428571367344907,1.428571224502071e-08,-85.71428632640807,-85.71428632640807,-85.71428632640807,-0.1428571367344907,-0.1428571367344907,-1.428571224502071e-08,1.428571367344907e-10,1.428571367344907e-10,14.28571224502071,-0.2857142877546937,-85.71428632640807,0.2857142877546937,0,-0.1428571367344907,-0.1428571367344907,-1.428571224502071e-08,0,0,0,0.1428571367344907,0.1428571367344907,1.428571224502071e-08,1.428571367344907e-10,1.428571367344907e-10,14.28571224502071
7.000000001400622,83.33333611113814,99.99999832797344,99.99999833333378,-16.66666388886185,-1.666666221700197e-06,-1.666666222236231e-06,0,0,0.166666672221943,500,83.33333611097147,0.1666666388886185,1.666666221700197e-08,1.666666222236231e-08,1e-09,1000000000,1000000000,1.666666388886185e-10,16.66666221700197,16.66666222236231,90,0.9,100,3,1,1,1,1,2,1,1,1,1,1,1,-0.1666666388886185,-1.666666221700197e-08,-1.666666222236231e-08,0.1666666388886185,1.666666221700197e-08,1.666666222236231e-08,-83.33333611097147,-83.33333611097147,-83.33333611097147,-0.1666666388886185,-1.666666221700197e-08,-1.666666222236231e-08,1.666666388886185e-10,16.66666221700197,16.66666222236231,-0.166666672221943,-83.33333611097147,0.166666672221943,0,-0.1666666388886185,-1.666666221700197e-08,-1.666666222236231e-08,0,0,0,0.1666666388886185,1.666666221700197e-08,1.666666222236231e-08,1.666666388886185e-10,16.66666221700197,16.66666222236231
7.1,83.33333611113815,99.99999833333378,99.99999833333378,-16.66666388886186,-1.666666222236229e-06,-1.666666222236229e-06,0,0,0.166666672221943,500,83.33333611097149,0.1666666388886185,1.666666222236229e-08,1.666666222236229e-08,1e-09,1000000000,1000000000,1.666666388886186e-10,16.66666222236229,16.66666222236229,90,0.9,100,3,1,1,1,1,2,1,1,1,1,1,1,-0.1666666388886185,-1.666666222236229e-08,-1.666666222236229e-08,0.1666666388886185,1.666666222236229e-08,1.666666222236229e-08,-83.33333611097149,-83.33333611097149,-83.33333611097149,-0.1666666388886185,-1.666666222236229e-08,-1.666666222236229e-08,1.666666388886186e-10,16.66666222236229,16.66666222236229,-0.166666672221943,-83.33333611097149,0.166666672221943,0,-0.1666666388886185,-1.666666222236229e-08,-1.666666222236229e-08,0,0,0,0.1666666388886185,1.666666222236229e-08,1.666666222236229e-08,1.666666388886186e-10,16.66666222236229,16.66666222236229
7.2,83.33333611113815,99.99999833333378,99.99999833333378,-16.66666388886186,-1.666666222236229e-06,-1.666666222236229e-06,0,0,0.166666672221943,500,83.33333611097149,0.1666666388886185,1.666666222236229e-08,1.666666222236229e-08,1e-09,1000000000,1000000000,1.666666388886186e-10,16.66666222236229,16.66666222236229,90,0.9,100,3,1,1,1,1,2,1,1,1,1,1,1,-0.1666666388886185,-1.666666222236229e-08,-1.666666222236229e-08,0.1666666388886185,1.666666222236229e-08,1.666666222236229e-08,-83.33333611097149,-83.33333611097149,-83.33333611097149,-0.1666666388886185,-1.666666222236229e-08,-1.666666222236229e-08,1.666666388886186e-10,16.66666222236229,16.66666222236229,-0.166666672221943,-83.33333611097149,0.166666672221943,0,-0.1666666388886185,-1.666666222236229e-08,-1.666666222236229e-08,0,0,0,0.1666666388886185,1.666666222236229e-08,1.666666222236229e-08,1.666666388886186e-10,16.66666222236229,16.66666222236229
7.3,83.33333611113815,99.99999833333378,99.99999833333378,-16.66666388886186,-1.666666222236229e-06,-1.666666222236229e-06,0,0,0.166666672221943,500,83.33333611097149,0.1666666388886185,1.666666222236229e-08,1.666666222236229e-08,1e-09,1000000000,1000000000,1.666666388886186e-10,16.66666222236229,16.66666222236229,90,0.9,100,3,1,1,1,1,2,1,1,1,1,1,1,-0.1666666388886185,-1.666666222236229e-08,-1.666666222236229e-08,0.1666666388886185,1.666666222236229e-08,1.666666222236229e-08,-83.33333611097149,-83.33333611097149,-83.33333611097149,-0.1666666388886185,-1.666666222236229e-08,-1.666666222236229e-08,1.666666388886186e-10,16.66666222236229,16.66666222236229,-0.166666672221943,-83.33333611097149,0.166666672221943,0,-0.1666666388886185,-1.666666222236229e-08,-1.666666222236229e-08,0,0,0,0.1666666388886185,1.666666222236229e-08,1.666666222236229e-08,1.666666388886186e-10,16.66666222236229,16.66666222236229
7.4,83.33333611113815,99.99999833333378,99.99999833333378,-16.66666388886186,-1.666666222236229e-06,-1.666666222236229e-06,0,0,0.166666672221943,500,83.33333611097149,0.1666666388886185,1.666666222236229e-08,1.666666222236229e-08,1e-09,1000000000,1000000000,1.666666388886186e-10,16.66666222236229,16.66666222236229,90,0.9,100,3,1,1,1,1,2,1,1,1,1,1,1,-0.1666666388886185,-1.666666222236229e-08,-1.666666222236229e-08,0.1666666388886185,1.666666222236229e-08,1.666666222236229e-08,-83.33333611097149,-83.33333611097149,-83.33333611097149,-0.1666666388886185,-1.666666222236229e-08,-1.666666222236229e-08,1.666666388886186e-10,16.66666222236229,16.66666222236229,-0.166666672221943,-83.33333611097149,0.166666672221943,0,-0.1666666388886185,-1.666666222236229e-08,-1.666666222236229e-08,0,0,0,0.1666666388886185,1.666666222236229e-08,1.666666222236229e-08,1.666666388886186e-10,16.66666222236229,16.66666222236229
7.5,83.33333611113815,99.99999833333378,99.99999833333378,-16.66666388886186,-1.666666222236229e-06,-1.666666222236229e-06,0,0,0.166666672221943,500,83.33333611097149,0.1666666388886185,1.666666222236229e-08,1.666666222236229e-08,1e-09,1000000000,1000000000,1.666666388886186e-10,16.66666222236229,16.66666222236229,90,0.9,100,3,1,1,1,1,2,1,1,1,1,1,1,-0.1666666388886185,-1.666666222236229e-08,-1.666666222236229e-08,0.1666666388886185,1.666666222236229e-08,1.666666222236229e-08,-83.33333611097149,-83.33333611097149,-83.33333611097149,-0.1666666388886185,-1.666666222236229e-08,-1.666666222236229e-08,1.666666388886186e-10,16.66666222236229,16.66666222236229,-0.166666672221943,-83.33333611097149,0.166666672221943,0,-0.1666666388886185,-1.666666222236229e-08,-1.666666222236229e-08,0,0,0,0.1666666388886185,1.666666222236229e-08,1.666666222236229e-08,1.666666388886186e-10,16.66666222236229,16.66666222236229
7.6,83.33333611113815,99.99999833333378,99.99999833333378,-16.66666388886186,-1.666666222236229e-06,-1.666666222236229e-06,0,0,0.166666672221943,500,83.33333611097149,0.1666666388886185,1.666666222236229e-08,1.666666222236229e-08,1e-09,1000000000,1000000000,1.666666388886186e-10,16.66666222236229,16.66666222236229,90,0.9,100,3,1,1,1,1,2,1,1,1,1,1,1,-0.1666666388886185,-1.666666222236229e-08,-1.666666222236229e-08,0.1666666388886185,1.666666222236229e-08,1.666666222236229e-08,-83.33333611097149,-83.33333611097149,-83.33333611097149,-0.1666666388886185,-1.666666222236229e-08,-1.666666222236229e-08,1.666666388886186e-10,16.66666222236229,16.66666222236229,-0.166666672221943,-83.33333611097149,0.166666672221943,0,-0.1666666388886185,-1.666666222236229e-08,-1.666666222236229e-08,0,0,0,0.1666666388886185,1.666666222236229e-08,1.666666222236229e-08,1.666666388886186e-10,16.66666222236229,16.66666222236229
7.7,83.33333611113815,99.99999833333378,99.99999833333378,-16.66666388886186,-1.666666222236229e-06,-1.666666222236229e-06,0,0,0.166666672221943,500,83.33333611097149,0.1666666388886185,1.666666222236229e-08,1.666666222236229e-08,1e-09,1000000000,1000000000,1.666666388886186e-10,16.66666222236229,16.66666222236229,90,0.9,100,3,1,1,1,1,2,1,1,1,1,1,1,-0.1666666388886185,-1.666666222236229e-08,-1.666666222236229e-08,0.1666666388886185,1.666666222236229e-08,1.666666222236229e-08,-83.33333611097149,-83.33333611097149,-83.33333611097149,-0.1666666388886185,-1.666666222236229e-08,-1.666666222236229e-08,1.666666388886186e-10,16.66666222236229,16.66666222236229,-0.166666672221943,-83.33333611097149,0.166666672221943,0,-0.1666666388886185,-1.666666222236229e-08,-1.666666222236229e-08,0,0,0,0.1666666388886185,1.666666222236229e-08,1.666666222236229e-08,1.666666388886186e-10,16.66666222236229,16.66666222236229
7.8,83.33333611113815,99.99999833333378,99.99999833333378,-16.66666388886186,-1.666666222236229e-06,-1.666666222236229e-06,0,0,0.166666672221943,500,83.33333611097149,0.1666666388886185,1.666666222236229e-08,1.666666222236229e-08,1e-09,1000000000,1000000000,1.666666388886186e-10,16.66666222236229,16.66666222236229,90,0.9,100,3,1,1,1,1,2,1,1,1,1,1,1,-0.1666666388886185,-1.666666222236229e-08,-1.666666222236229e-08,0.1666666388886185,1.666666222236229e-08,1.666666222236229e-08,-83.33333611097149,-83.33333611097149,-83.33333611097149,-0.1666666388886185,-1.666666222236229e-08,-1.666666222236229e-08,1.666666388886186e-10,16.66666222236229,16.66666222236229,-0.166666672221943,-83.33333611097149,0.166666672221943,0,-0.1666666388886185,-1.666666222236229e-08,-1.666666222236229e-08,0,0,0,0.1666666388886185,1.666666222236229e-08,1.666666222236229e-08,1.666666388886186e-10,16.66666222236229,16.66666222236229
7.9,83.33333611113815,99.99999833333378,99.99999833333378,-16.66666388886186,-1.666666222236229e-06,-1.666666222236229e-06,0,0,0.166666672221943,500,83.33333611097149,0.1666666388886185,1.666666222236229e-08,1.666666222236229e-08,1e-09,1000000000,1000000000,1.666666388886186e-10,16.66666222236229,16.66666222236229,90,0.9,100,3,1,1,1,1,2,1,1,1,1,1,1,-0.1666666388886185,-1.666666222236229e-08,-1.666666222236229e-08,0.1666666388886185,1.666666222236229e-08,1.666666222236229e-08,-83.33333611097149,-83.33333611097149,-83.33333611097149,-0.1666666388886185,-1.666666222236229e-08,-1.666666222236229e-08,1.666666388886186e-10,16.66666222236229,16.66666222236229,-0.166666672221943,-83.33333611097149,0.166666672221943,0,-0.1666666388886185,-1.666666222236229e-08,-1.666666222236229e-08,0,0,0,0.1666666388886185,1.666666222236229e-08,1.666666222236229e-08,1.666666388886186e-10,16.66666222236229,16.66666222236229
8,83.33333611113815,99.99999833333378,99.99999833333378,-16.66666388886186,-1.666666222236229e-06,-1.666666222236229e-06,0,0,0.166666672221943,500,83.33333611097149,0.1666666388886185,1.666666222236229e-08,1.666666222236229e-08,1e-09,1000000000,1000000000,1.666666388886186e-10,16.66666222236229,16.66666222236229,90,0.9,100,3,1,1,1,1,2,1,1,1,1,1,1,-0.1666666388886185,-1.666666222236229e-08,-1.666666222236229e-08,0.1666666388886185,1.666666222236229e-08,1.666666222236229e-08,-83.33333611097149,-83.33333611097149,-83.33333611097149,-0.1666666388886185,-1.666666222236229e-08,-1.666666222236229e-08,1.666666388886186e-10,16.66666222236229,16.66666222236229,-0.166666672221943,-83.33333611097149,0.166666672221943,0,-0.1666666388886185,-1.666666222236229e-08,-1.666666222236229e-08,0,0,0,0.1666666388886185,1.666666222236229e-08,1.666666222236229e-08,1.666666388886186e-10,16.66666222236229,16.66666222236229
8.000000001600711,83.33333611113815,99.99999833333378,99.99999833333378,-16.66666388886186,-1.666666222236229e-06,-1.666666222236229e-06,0,0,0.166666672221943,500,83.33333611097149,0.1666666388886185,1.666666222236229e-08,1.666666222236229e-08,1e-09,1000000000,1000000000,1.666666388886186e-10,16.66666222236229,16.66666222236229,90,0.9,100,3,1,1,1,1,2,1,1,1,1,1,1,-0.1666666388886185,-1.666666222236229e-08,-1.666666222236229e-08,0.1666666388886185,1.666666222236229e-08,1.666666222236229e-08,-83.33333611097149,-83.33333611097149,-83.33333611097149,-0.1666666388886185,-1.666666222236229e-08,-1.666666222236229e-08,1.666666388886186e-10,16.66666222236229,16.66666222236229,-0.166666672221943,-83.33333611097149,0.166666672221943,0,-0.1666666388886185,-1.666666222236229e-08,-1.666666222236229e-08,0,0,0,0.1666666388886185,1.666666222236229e-08,1.666666222236229e-08,1.666666388886186e-10,16.66666222236229,16.66666222236229
8.000000001600711,82.60869852554934,99.99999826087003,99.99999826087003,-17.39130147445067,-1.73912997354946e-06,-1.73912997354946e-06,0,0,0.1739130495271062,475,82.60869852537543,0.1739130147445067,1.73912997354946e-08,1.73912997354946e-08,1e-09,1000000000,1000000000,1.739130147445067e-10,17.3912997354946,17.3912997354946,90,0.9,95,3,1,1,1,1,2,1,1,1,1,1,1,-0.1739130147445067,-1.73912997354946e-08,-1.73912997354946e-08,0.1739130147445067,1.73912997354946e-08,1.73912997354946e-08,-82.60869852537543,-82.60869852537543,-82.60869852537543,-0.1739130147445067,-1.73912997354946e-08,-1.73912997354946e-08,1.739130147445067e-10,17.3912997354946,17.3912997354946,-0.1739130495271062,-82.60869852537543,0.1739130495271062,0,-0.1739130147445067,-1.73912997354946e-08,-1.73912997354946e-08,0,0,0,0.1739130147445067,1.73912997354946e-08,1.73912997354946e-08,1.739130147445067e-10,17.3912997354946,17.3912997354946
8.1,82.60869852554933,99.99999826087003,99.99999826087003,-17.39130147445067,-1.739129973549462e-06,-1.739129973549462e-06,0,0,0.1739130495271062,475,82.60869852537542,0.1739130147445067,1.739129973549462e-08,1.739129973549462e-08,1e-09,1000000000,1000000000,1.739130147445067e-10,17.39129973549462,17.39129973549462,90,0.9,95,3,1,1,1,1,2,1,1,1,1,1,1,-0.1739130147445067,-1.739129973549462e-08,-1.739129973549462e-08,0.1739130147445067,1.739129973549462e-08,1.739129973549462e-08,-82.60869852537542,-82.60869852537542,-82.60869852537542,-0.1739130147445067,-1.739129973549462e-08,-1.739129973549462e-08,1.739130147445067e-10,17.39129973549462,17.39129973549462,-0.1739130495271062,-82.60869852537542,0.1739130495271062,0,-0.1739130147445067,-1.739129973549462e-08,-1.739129973549462e-08,0,0,0,0.1739130147445067,1.739129973549462e-08,1.739129973549462e-08,1.739130147445067e-10,17.39129973549462,17.39129973549462
8.199999999999999,82.60869852554933,99.99999826087003,99.99999826087003,-17.39130147445067,-1.739129973549462e-06,-1.739129973549462e-06,0,0,0.1739130495271062,475,82.60869852537542,0.1739130147445067,1.739129973549462e-08,1.739129973549462e-08,1e-09,1000000000,1000000000,1.739130147445067e-10,17.39129973549462,17.39129973549462,90,0.9,95,3,1,1,1,1,2,1,1,1,1,1,1,-0.1739130147445067,-1.739129973549462e-08,-1.739129973549462e-08,0.1739130147445067,1.739129973549462e-08,1.739129973549462e-08,-82.60869852537542,-82.60869852537542,-82.60869852537542,-0.1739130147445067,-1.739129973549462e-08,-1.739129973549462e-08,1.739130147445067e-10,17.39129973549462,17.39129973549462,-0.1739130495271062,-82.60869852537542,0.1739130495271062,0,-0.1739130147445067,-1.739129973549462e-08,-1.739129973549462e-08,0,0,0,0.1739130147445067,1.739129973549462e-08,1.739129973549462e-08,1.739130147445067e-10,17.39129973549462,17.39129973549462
8.300000000000001,82.60869852554933,99.99999826087003,99.99999826087003,-17.39130147445067,-1.739129973549462e-06,-1.739129973549462e-06,0,0,0.1739130495271062,475,82.60869852537542,0.1739130147445067,1.739129973549462e-08,1.739129973549462e-08,1e-09,1000000000,1000000000,1.739130147445067e-10,17.39129973549462,17.39129973549462,90,0.9,95,3,1,1,1,1,2,1,1,1,1,1,1,-0.1739130147445067,-1.739129973549462e-08,-1.739129973549462e-08,0.1739130147445067,1.739129973549462e-08,1.739129973549462e-08,-82.60869852537542,-82.60869852537542,-82.60869852537542,-0.1739130147445067,-1.739129973549462e-08,-1.739129973549462e-08,1.739130147445067e-10,17.39129973549462,17.39129973549462,-0.1739130495271062,-82.60869852537542,0.1739130495271062,0,-0.1739130147445067,-1.739129973549462e-08,-1.739129973549462e-08,0,0,0,0.1739130147445067,1.739129973549462e-08,1.739129973549462e-08,1.739130147445067e-10,17.39129973549462,17.39129973549462
8.4,82.60869852554933,99.99999826087003,99.99999826087003,-17.39130147445067,-1.739129973549462e-06,-1.739129973549462e-06,0,0,0.1739130495271062,475,82.60869852537542,0.1739130147445067,1.739129973549462e-08,1.739129973549462e-08,1e-09,1000000000,1000000000,1.739130147445067e-10,17.39129973549462,17.39129973549462,90,0.9,95,3,1,1,1,1,2,1,1,1,1,1,1,-0.1739130147445067,-1.739129973549462e-08,-1.739129973549462e-08,0.1739130147445067,1.739129973549462e-08,1.739129973549462e-08,-82.60869852537542,-82.60869852537542,-82.60869852537542,-0.1739130147445067,-1.739129973549462e-08,-1.739129973549462e-08,1.739130147445067e-10,17.39129973549462,17.39129973549462,-0.1739130495271062,-82.60869852537542,0.1739130495271062,0,-0.1739130147445067,-1.739129973549462e-08,-1.739129973549462e-08,0,0,0,0.1739130147445067,1.739129973549462e-08,1.739129973549462e-08,1.739130147445067e-10,17.39129973549462,17.39129973549462
8.5,82.60869852554933,99.99999826087003,99.99999826087003,-17.39130147445067,-1.739129973549462e-06,-1.739129973549462e-06,0,0,0.1739130495271062,475,82.60869852537542,0.1739130147445067,1.739129973549462e-08,1.739129973549462e-08,1e-09,1000000000,1000000000,1.739130147445067e-10,17.39129973549462,17.39129973549462,90,0.9,95,3,1,1,1,1,2,1,1,1,1,1,1,-0.1739130147445067,-1.739129973549462e-08,-1.739129973549462e-08,0.1739130147445067,1.739129973549462e-08,1.739129973549462e-08,-82.60869852537542,-82.60869852537542,-82.60869852537542,-0.1739130147445067,-1.739129973549462e-08,-1.739129973549462e-08,1.739130147445067e-10,17.39129973549462,17.39129973549462,-0.1739130495271062,-82.60869852537542,0.1739130495271062,0,-0.1739130147445067,-1.739129973549462e-08,-1.739129973549462e-08,0,0,0,0.1739130147445067,1.739129973549462e-08,1.739129973549462e-08,1.739130147445067e-10,17.39129973549462,17.39129973549462
8.6,82.60869852554933,99.99999826087003,99.99999826087003,-17.39130147445067,-1.739129973549462e-06,-1.739129973549462e-06,0,0,0.1739130495271062,475,82.60869852537542,0.1739130147445067,1.739129973549462e-08,1.739129973549462e-08,1e-09,1000000000,1000000000,1.739130147445067e-10,17.39129973549462,17.39129973549462,90,0.9,95,3,1,1,1,1,2,1,1,1,1,1,1,-0.1739130147445067,-1.739129973549462e-08,-1.739129973549462e-08,0.1739130147445067,1.739129973549462e-08,1.739129973549462e-08,-82.60869852537542,-82.60869852537542,-82.60869852537542,-0.1739130147445067,-1.739129973549462e-08,-1.739129973549462e-08,1.739130147445067e-10,17.39129973549462,17.39129973549462,-0.1739130495271062,-82.60869852537542,0.1739130495271062,0,-0.1739130147445067,-1.739129973549462e-08,-1.739129973549462e-08,0,0,0,0.1739130147445067,1.739129973549462e-08,1.739129973549462e-08,1.739130147445067e-10,17.39129973549462,17.39129973549462
8.699999999999999,82.60869852554933,99.99999826087003,99.99999826087003,-17.39130147445067,-1.739129973549462e-06,-1.739129973549462e-06,0,0,0.1739130495271062,475,82.60869852537542,0.1739130147445067,1.739129973549462e-08,1.739129973549462e-08,1e-09,1000000000,1000000000,1.739130147445067e-10,17.39129973549462,17.39129973549462,90,0.9,95,3,1,1,1,1,2,1,1,1,1,1,1,-0.1739130147445067,-1.739129973549462e-08,-1.739129973549462e-08,0.1739130147445067,1.739129973549462e-08,1.739129973549462e-08,-82.60869852537542,-82.60869852537542,-82.60869852537542,-0.1739130147445067,-1.739129973549462e-08,-1.739129973549462e-08,1.739130147445067e-10,17.39129973549462,17.39129973549462,-0.1739130495271062,-82.60869852537542,0.1739130495271062,0,-0.1739130147445067,-1.739129973549462e-08,-1.739129973549462e-08,0,0,0,0.1739130147445067,1.739129973549462e-08,1.739129973549462e-08,1.739130147445067e-10,17.39129973549462,17.39129973549462
8.800000000000001,82.60869852554933,99.99999826087003,99.99999826087003,-17.39130147445067,-1.739129973549462e-06,-1.739129973549462e-06,0,0,0.1739130495271062,475,82.60869852537542,0.1739130147445067,1.739129973549462e-08,1.739129973549462e-08,1e-09,1000000000,1000000000,1.739130147445067e-10,17.39129973549462,17.39129973549462,90,0.9,95,3,1,1,1,1,2,1,1,1,1,1,1,-0.1739130147445067,-1.739129973549462e-08,-1.739129973549462e-08,0.1739130147445067,1.739129973549462e-08,1.739129973549462e-08,-82.60869852537542,-82.60869852537542,-82.60869852537542,-0.1739130147445067,-1.739129973549462e-08,-1.739129973549462e-08,1.739130147445067e-10,17.39129973549462,17.39129973549462,-0.1739130495271062,-82.60869852537542,0.1739130495271062,0,-0.1739130147445067,-1.739129973549462e-08,-1.739129973549462e-08,0,0,0,0.1739130147445067,1.739129973549462e-08,1.739129973549462e-08,1.739130147445067e-10,17.39129973549462,17.39129973549462
8.9,82.60869852554933,99.99999826087003,99.99999826087003,-17.39130147445067,-1.739129973549462e-06,-1.739129973549462e-06,0,0,0.1739130495271062,475,82.60869852537542,0.1739130147445067,1.739129973549462e-08,1.739129973549462e-08,1e-09,1000000000,1000000000,1.739130147445067e-10,17.39129973549462,17.39129973549462,90,0.9,95,3,1,1,1,1,2,1,1,1,1,1,1,-0.1739130147445067,-1.739129973549462e-08,-1.739129973549462e-08,0.1739130147445067,1.739129973549462e-08,1.739129973549462e-08,-82.60869852537542,-82.60869852537542,-82.60869852537542,-0.1739130147445067,-1.739129973549462e-08,-1.739129973549462e-08,1.739130147445067e-10,17.39129973549462,17.39129973549462,-0.1739130495271062,-82.60869852537542,0.1739130495271062,0,-0.1739130147445067,-1.739129973549462e-08,-1.739129973549462e-08,0,0,0,0.1739130147445067,1.739129973549462e-08,1.739129973549462e-08,1.739130147445067e-10,17.39129973549462,17.39129973549462
9,82.60869852554933,99.99999826087003,99.99999826087003,-17.39130147445067,-1.739129973549462e-06,-1.739129973549462e-06,0,0,0.1739130495271062,475,82.60869852537542,0.1739130147445067,1.739129973549462e-08,1.739129973549462e-08,1e-09,1000000000,1000000000,1.739130147445067e-10,17.39129973549462,17.39129973549462,90,0.9,95,3,1,1,1,1,2,1,1,1,1,1,1,-0.1739130147445067,-1.739129973549462e-08,-1.739129973549462e-08,0.1739130147445067,1.739129973549462e-08,1.739129973549462e-08,-82.60869852537542,-82.60869852537542,-82.60869852537542,-0.1739130147445067,-1.739129973549462e-08,-1.739129973549462e-08,1.739130147445067e-10,17.39129973549462,17.39129973549462,-0.1739130495271062,-82.60869852537542,0.1739130495271062,0,-0.1739130147445067,-1.739129973549462e-08,-1.739129973549462e-08,0,0,0,0.1739130147445067,1.739129973549462e-08,1.739129973549462e-08,1.739130147445067e-10,17.39129973549462,17.39129973549462
9.000000001800071,82.60869852554933,99.99999826087003,99.99999826087003,-17.39130147445067,-1.739129973549462e-06,-1.739129973549462e-06,0,0,0.1739130495271062,475,82.60869852537542,0.1739130147445067,1.739129973549462e-08,1.739129973549462e-08,1e-09,1000000000,1000000000,1.739130147445067e-10,17.39129973549462,17.39129973549462,90,0.9,95,3,1,1,1,1,2,1,1,1,1,1,1,-0.1739130147445067,-1.739129973549462e-08,-1.739129973549462e-08,0.1739130147445067,1.739129973549462e-08,1.739129973549462e-08,-82.60869852537542,-82.60869852537542,-82.60869852537542,-0.1739130147445067,-1.739129973549462e-08,-1.739129973549462e-08,1.739130147445067e-10,17.39129973549462,17.39129973549462,-0.1739130495271062,-82.60869852537542,0.1739130495271062,0,-0.1739130147445067,-1.739129973549462e-08,-1.739129973549462e-08,0,0,0,0.1739130147445067,1.739129973549462e-08,1.739129973549462e-08,1.739130147445067e-10,17.39129973549462,17.39129973549462
9.000000001800071,81.81818256201642,81.81818256201642,99.99999818181844,-18.18181743798358,-18.18181743798358,-1.818181561998384e-06,-2.775557561562891e-17,0,0.3636363669414872,225,81.8181825618346,0.1818181743798357,0.1818181743798358,1.818181561998384e-08,1e-09,1e-09,1000000000,1.818181743798357e-10,1.818181743798358e-10,18.18181561998384,90,0.9,45,3,1,1,1,1,2,2,1,1,1,1,2,-0.1818181743798357,-0.1818181743798358,-1.818181561998384e-08,0.1818181743798357,0.1818181743798358,1.818181561998384e-08,-81.8181825618346,-81.8181825618346,-81.8181825618346,-0.1818181743798357,-0.1818181743798358,-1.818181561998384e-08,1.818181743798357e-10,1.818181743798358e-10,18.18181561998384,-0.3636363669414872,-81.8181825618346,0.3636363669414872,0,-0.1818181743798357,-0.1818181743798358,-1.818181561998384e-08,0,0,0,0.1818181743798357,0.1818181743798358,1.818181561998384e-08,1.818181743798357e-10,1.818181743798358e-10,18.18181561998384
9.1,81.81818256201643,81.81818256201643,99.99999818181844,-18.18181743798358,-18.18181743798357,-1.818181561998383e-06,0,0,0.3636363669414872,225,81.81818256183462,0.1818181743798358,0.1818181743798357,1.818181561998383e-08,1e-09,1e-09,1000000000,1.818181743798358e-10,1.818181743798357e-10,18.18181561998383,90,0.9,45,3,1,1,1,1,2,2,1,1,1,1,2,-0.1818181743798358,-0.1818181743798357,-1.818181561998383e-08,0.1818181743798358,0.1818181743798357,1.818181561998383e-08,-81.81818256183462,-81.81818256183462,-81.81818256183462,-0.1818181743798358,-0.1818181743798357,-1.818181561998383e-08,1.818181743798358e-10,1.818181743798357e-10,18.18181561998383,-0.3636363669414872,-81.81818256183462,0.3636363669414872,0,-0.1818181743798358,-0.1818181743798357,-1.818181561998383e-08,0,0,0,0.1818181743798358,0.1818181743798357,1.818181561998383e-08,1.818181743798358e-10,1.818181743798357e-10,18.18181561998383
9.199999999999999,81.81818256201642,81.81818256201642,99.99999818181844,-18.18181743798358,-18.18181743798358,-1.818181561998384e-06,2.775557561562891e-17,0,0.3636363669414872,225,81.8181825618346,0.1818181743798358,0.1818181743798358,1.818181561998384e-08,1e-09,1e-09,1000000000,1.818181743798358e-10,1.818181743798358e-10,18.18181561998384,90,0.9,45,3,1,1,1,1,2,2,1,1,1,1,2,-0.1818181743798358,-0.1818181743798358,-1.818181561998384e-08,0.1818181743798358,0.1818181743798358,1.818181561998384e-08,-81.8181825618346,-81.8181825618346,-81.8181825618346,-0.1818181743798358,-0.1818181743798358,-1.818181561998384e-08,1.818181743798358e-10,1.818181743798358e-10,18.18181561998384,-0.3636363669414872,-81.8181825618346,0.3636363669414872,0,-0.1818181743798358,-0.1818181743798358,-1.818181561998384e-08,0,0,0,0.1818181743798358,0.1818181743798358,1.818181561998384e-08,1.818181743798358e-10,1.818181743798358e-10,18.18181561998384
9.300000000000001,81.81818256201642,81.81818256201642,99.99999818181844,-18.18181743798358,-18.18181743798358,-1.818181561998384e-06,2.775557561562891e-17,0,0.3636363669414872,225,81.8181825618346,0.1818181743798358,0.1818181743798358,1.818181561998384e-08,1e-09,1e-09,1000000000,1.818181743798358e-10,1.818181743798358e-10,18.18181561998384,90,0.9,45,3,1,1,1,1,2,2,1,1,1,1,2,-0.1818181743798358,-0.1818181743798358,-1.818181561998384e-08,0.1818181743798358,0.1818181743798358,1.818181561998384e-08,-81.8181825618346,-81.8181825618346,-81.8181825618346,-0.1818181743798358,-0.1818181743798358,-1.818181561998384e-08,1.818181743798358e-10,1.818181743798358e-10,18.18181561998384,-0.3636363669414872,-81.8181825618346,0.3636363669414872,0,-0.1818181743798358,-0.1818181743798358,-1.818181561998384e-08,0,0,0,0.1818181743798358,0.1818181743798358,1.818181561998384e-08,1.818181743798358e-10,1.818181743798358e-10,18.18181561998384
9.4,81.81818256201642,81.81818256201642,99.99999818181844,-18.18181743798358,-18.18181743798358,-1.818181561998384e-06,2.775557561562891e-17,0,0.3636363669414872,225,81.8181825618346,0.1818181743798358,0.1818181743798358,1.818181561998384e-08,1e-09,1e-09,1000000000,1.818181743798358e-10,1.818181743798358e-10,18.18181561998384,90,0.9,45,3,1,1,1,1,2,2,1,1,1,1,2,-0.1818181743798358,-0.1818181743798358,-1.818181561998384e-08,0.1818181743798358,0.1818181743798358,1.818181561998384e-08,-81.8181825618346,-81.8181825618346,-81.8181825618346,-0.1818181743798358,-0.1818181743798358,-1.818181561998384e-08,1.818181743798358e-10,1.818181743798358e-10,18.18181561998384,-0.3636363669414872,-81.8181825618346,0.3636363669414872,0,-0.1818181743798358,-0.1818181743798358,-1.818181561998384e-08,0,0,0,0.1818181743798358,0.1818181743798358,1.818181561998384e-08,1.818181743798358e-10,1.818181743798358e-10,18.18181561998384
9.5,81.81818256201642,81.81818256201642,99.99999818181844,-18.18181743798358,-18.18181743798358,-1.818181561998384e-06,2.775557561562891e-17,0,0.3636363669414872,225,81.8181825618346,0.1818181743798358,0.1818181743798358,1.818181561998384e-08,1e-09,1e-09,1000000000,1.818181743798358e-10,1.818181743798358e-10,18.18181561998384,90,0.9,45,3,1,1,1,1,2,2,1,1,1,1,2,-0.1818181743798358,-0.1818181743798358,-1.818181561998384e-08,0.1818181743798358,0.1818181743798358,1.818181561998384e-08,-81.8181825618346,-81.8181825618346,-81.8181825618346,-0.1818181743798358,-0.1818181743798358,-1.818181561998384e-08,1.818181743798358e-10,1.818181743798358e-10,18.18181561998384,-0.3636363669414872,-81.8181825618346,0.3636363669414872,0,-0.1818181743798358,-0.1818181743798358,-1.818181561998384e-08,0,0,0,0.1818181743798358,0.1818181743798358,1.818181561998384e-08,1.818181743798358e-10,1.818181743798358e-10,18.18181561998384
9.6,81.81818256201642,81.81818256201642,99.99999818181844,-18.18181743798358,-18.18181743798358,-1.818181561998384e-06,2.775557561562891e-17,0,0.3636363669414872,225,81.8181825618346,0.1818181743798358,0.1818181743798358,1.818181561998384e-08,1e-09,1e-09,1000000000,1.818181743798358e-10,1.818181743798358e-10,18.18181561998384,90,0.9,45,3,1,1,1,1,2,2,1,1,1,1,2,-0.1818181743798358,-0.1818181743798358,-1.818181561998384e-08,0.1818181743798358,0.1818181743798358,1.818181561998384e-08,-81.8181825618346,-81.8181825618346,-81.8181825618346,-0.1818181743798358,-0.1818181743798358,-1.818181561998384e-08,1.818181743798358e-10,1.818181743798358e-10,18.18181561998384,-0.3636363669414872,-81.8181825618346,0.3636363669414872,0,-0.1818181743798358,-0.1818181743798358,-1.818181561998384e-08,0,0,0,0.1818181743798358,0.1818181743798358,1.818181561998384e-08,1.818181743798358e-10,1.818181743798358e-10,18.18181561998384
9.699999999999999,81.81818256201642,81.81818256201642,99.99999818181844,-18.18181743798358,-18.18181743798358,-1.818181561998384e-06,2.775557561562891e-17,0,0.3636363669414872,225,81.8181825618346,0.1818181743798358,0.1818181743798358,1.818181561998384e-08,1e-09,1e-09,1000000000,1.818181743798358e-10,1.818181743798358e-10,18.18181561998384,90,0.9,45,3,1,1,1,1,2,2,1,1,1,1,2,-0.1818181743798358,-0.1818181743798358,-1.818181561998384e-08,0.1818181743798358,0.1818181743798358,1.818181561998384e-08,-81.8181825618346,-81.8181825618346,-81.8181825618346,-0.1818181743798358,-0.1818181743798358,-1.818181561998384e-08,1.818181743798358e-10,1.818181743798358e-10,18.18181561998384,-0.3636363669414872,-81.8181825618346,0.3636363669414872,0,-0.1818181743798358,-0.1818181743798358,-1.818181561998384e-08,0,0,0,0.1818181743798358,0.1818181743798358,1.818181561998384e-08,1.818181743798358e-10,1.818181743798358e-10,18.18181561998384
9.800000000000001,81.81818256201642,81.81818256201642,99.99999818181844,-18.18181743798358,-18.18181743798358,-1.818181561998384e-06,2.775557561562891e-17,0,0.3636363669414872,225,81.8181825618346,0.1818181743798358,0.1818181743798358,1.818181561998384e-08,1e-09,1e-09,1000000000,1.818181743798358e-10,1.818181743798358e-10,18.18181561998384,90,0.9,45,3,1,1,1,1,2,2,1,1,1,1,2,-0.1818181743798358,-0.1818181743798358,-1.818181561998384e-08,0.1818181743798358,0.1818181743798358,1.818181561998384e-08,-81.8181825618346,-81.8181825618346,-81.8181825618346,-0.1818181743798358,-0.1818181743798358,-1.818181561998384e-08,1.818181743798358e-10,1.818181743798358e-10,18.18181561998384,-0.3636363669414872,-81.8181825618346,0.3636363669414872,0,-0.1818181743798358,-0.1818181743798358,-1.818181561998384e-08,0,0,0,0.1818181743798358,0.1818181743798358,1.818181561998384e-08,1.818181743798358e-10,1.818181743798358e-10,18.18181561998384
9.9,81.81818256201642,81.81818256201642,99.99999818181844,-18.18181743798358,-18.18181743798358,-1.818181561998384e-06,2.775557561562891e-17,0,0.3636363669414872,225,81.8181825618346,0.1818181743798358,0.1818181743798358,1.818181561998384e-08,1e-09,1e-09,1000000000,1.818181743798358e-10,1.818181743798358e-10,18.18181561998384,90,0.9,45,3,1,1,1,1,2,2,1,1,1,1,2,-0.1818181743798358,-0.1818181743798358,-1.818181561998384e-08,0.1818181743798358,0.1818181743798358,1.818181561998384e-08,-81.8181825618346,-81.8181825618346,-81.8181825618346,-0.1818181743798358,-0.1818181743798358,-1.818181561998384e-08,1.818181743798358e-10,1.818181743798358e-10,18.18181561998384,-0.3636363669414872,-81.8181825618346,0.3636363669414872,0,-0.1818181743798358,-0.1818181743798358,-1.818181561998384e-08,0,0,0,0.1818181743798358,0.1818181743798358,1.818181561998384e-08,1.818181743798358e-10,1.818181743798358e-10,18.18181561998384
10,81.81818256201642,81.81818256201642,99.99999818181844,-18.18181743798358,-18.18181743798358,-1.818181561998384e-06,2.775557561562891e-17,0,0.3636363669414872,225,81.8181825618346,0.1818181743798358,0.1818181743798358,1.818181561998384e-08,1e-09,1e-09,1000000000,1.818181743798358e-10,1.818181743798358e-10,18.18181561998384,90,0.9,45,3,1,1,1,1,2,2,1,1,1,1,2,-0.1818181743798358,-0.1818181743798358,-1.818181561998384e-08,0.1818181743798358,0.1818181743798358,1.818181561998384e-08,-81.8181825618346,-81.8181825618346,-81.8181825618346,-0.1818181743798358,-0.1818181743798358,-1.818181561998384e-08,1.818181743798358e-10,1.818181743798358e-10,18.18181561998384,-0.3636363669414872,-81.8181825618346,0.3636363669414872,0,-0.1818181743798358,-0.1818181743798358,-1.818181561998384e-08,0,0,0,0.1818181743798358,0.1818181743798358,1.818181561998384e-08,1.818181743798358e-10,1.818181743798358e-10,18.18181561998384
10.00000000200016,81.81818256201642,81.81818256201642,99.99999818181844,-18.18181743798358,-18.18181743798358,-1.818181561998384e-06,2.775557561562891e-17,0,0.3636363669414872,225,81.8181825618346,0.1818181743798358,0.1818181743798358,1.818181561998384e-08,1e-09,1e-09,1000000000,1.818181743798358e-10,1.818181743798358e-10,18.18181561998384,90,0.9,45,3,1,1,1,1,2,2,1,1,1,1,2,-0.1818181743798358,-0.1818181743798358,-1.818181561998384e-08,0.1818181743798358,0.1818181743798358,1.818181561998384e-08,-81.8181825618346,-81.8181825618346,-81.8181825618346,-0.1818181743798358,-0.1818181743798358,-1.818181561998384e-08,1.818181743798358e-10,1.818181743798358e-10,18.18181561998384,-0.3636363669414872,-81.8181825618346,0.3636363669414872,0,-0.1818181743798358,-0.1818181743798358,-1.818181561998384e-08,0,0,0,0.1818181743798358,0.1818181743798358,1.818181561998384e-08,1.818181743798358e-10,1.818181743798358e-10,18.18181561998384
10.00000000200016,85.71428571430611,85.71428571430611,85.71428571430611,-14.28571428569388,-14.28571428569387,-14.28571428569388,2.775557561562891e-17,0,0.4285714285708163,200,85.71428571416325,0.1428571428569388,0.1428571428569387,0.1428571428569388,1e-09,1e-09,1e-09,1.428571428569388e-10,1.428571428569387e-10,1.428571428569388e-10,90,0.9,40,3,1,1,1,1,2,2,2,1,1,1,3,-0.1428571428569388,-0.1428571428569387,-0.1428571428569388,0.1428571428569388,0.1428571428569387,0.1428571428569388,-85.71428571416325,-85.71428571416325,-85.71428571416325,-0.1428571428569388,-0.1428571428569387,-0.1428571428569388,1.428571428569388e-10,1.428571428569387e-10,1.428571428569388e-10,-0.4285714285708163,-85.71428571416325,0.4285714285708163,0,-0.1428571428569388,-0.1428571428569387,-0.1428571428569388,0,0,0,0.1428571428569388,0.1428571428569387,0.1428571428569388,1.428571428569388e-10,1.428571428569387e-10,1.428571428569388e-10
10.1,85.71428571430613,85.71428571430613,85.71428571430613,-14.28571428569388,-14.28571428569388,-14.28571428569387,2.775557561562891e-17,0,0.4285714285708163,200,85.71428571416327,0.1428571428569388,0.1428571428569388,0.1428571428569387,1e-09,1e-09,1e-09,1.428571428569388e-10,1.428571428569388e-10,1.428571428569387e-10,90,0.9,40,3,1,1,1,1,2,2,2,1,1,1,3,-0.1428571428569388,-0.1428571428569388,-0.1428571428569387,0.1428571428569388,0.1428571428569388,0.1428571428569387,-85.71428571416327,-85.71428571416327,-85.71428571416327,-0.1428571428569388,-0.1428571428569388,-0.1428571428569387,1.428571428569388e-10,1.428571428569388e-10,1.428571428569387e-10,-0.4285714285708163,-85.71428571416327,0.4285714285708163,0,-0.1428571428569388,-0.1428571428569388,-0.1428571428569387,0,0,0,0.1428571428569388,0.1428571428569388,0.1428571428569387,1.428571428569388e-10,1.428571428569388e-10,1.428571428569387e-10
10.2,85.71428571430613,85.71428571430613,85.71428571430613,-14.28571428569388,-14.28571428569387,-14.28571428569388,-2.775557561562891e-17,0,0.4285714285708163,200,85.71428571416327,0.1428571428569388,0.1428571428569387,0.1428571428569388,1e-09,1e-09,1e-09,1.428571428569388e-10,1.428571428569387e-10,1.428571428569388e-10,90,0.9,40,3,1,1,1,1,2,2,2,1,1,1,3,-0.1428571428569388,-0.1428571428569387,-0.1428571428569388,0.1428571428569388,0.1428571428569387,0.1428571428569388,-85.71428571416327,-85.71428571416327,-85.71428571416327,-0.1428571428569388,-0.1428571428569387,-0.1428571428569388,1.428571428569388e-10,1.428571428569387e-10,1.428571428569388e-10,-0.4285714285708163,-85.71428571416327,0.4285714285708163,0,-0.1428571428569388,-0.1428571428569387,-0.1428571428569388,0,0,0,0.1428571428569388,0.1428571428569387,0.1428571428569388,1.428571428569388e-10,1.428571428569387e-10,1.428571428569388e-10
10.3,85.71428571430611,85.71428571430611,85.71428571430611,-14.28571428569387,-14.28571428569388,-14.28571428569388,-5.551115123125783e-17,0,0.4285714285708163,200,85.71428571416325,0.1428571428569387,0.1428571428569388,0.1428571428569388,1e-09,1e-09,1e-09,1.428571428569387e-10,1.428571428569388e-10,1.428571428569388e-10,90,0.9,40,3,1,1,1,1,2,2,2,1,1,1,3,-0.1428571428569387,-0.1428571428569388,-0.1428571428569388,0.1428571428569387,0.1428571428569388,0.1428571428569388,-85.71428571416325,-85.71428571416325,-85.71428571416325,-0.1428571428569387,-0.1428571428569388,-0.1428571428569388,1.428571428569387e-10,1.428571428569388e-10,1.428571428569388e-10,-0.4285714285708163,-85.71428571416325,0.4285714285708163,0,-0.1428571428569387,-0.1428571428569388,-0.1428571428569388,0,0,0,0.1428571428569387,0.1428571428569388,0.1428571428569388,1.428571428569387e-10,1.428571428569388e-10,1.428571428569388e-10
10.4,85.71428571430613,85.71428571430613,85.71428571430613,-14.28571428569387,-14.28571428569388,-14.28571428569387,2.775557561562891e-17,0,0.4285714285708162,200,85.71428571416327,0.1428571428569387,0.1428571428569388,0.1428571428569387,1e-09,1e-09,1e-09,1.428571428569387e-10,1.428571428569388e-10,1.428571428569387e-10,90,0.9,40,3,1,1,1,1,2,2,2,1,1,1,3,-0.1428571428569387,-0.1428571428569388,-0.1428571428569387,0.1428571428569387,0.1428571428569388,0.1428571428569387,-85.71428571416327,-85.71428571416327,-85.71428571416327,-0.1428571428569387,-0.1428571428569388,-0.1428571428569387,1.428571428569387e-10,1.428571428569388e-10,1.428571428569387e-10,-0.4285714285708162,-85.71428571416327,0.4285714285708162,0,-0.1428571428569387,-0.1428571428569388,-0.1428571428569387,0,0,0,0.1428571428569387,0.1428571428569388,0.1428571428569387,1.428571428569387e-10,1.428571428569388e-10,1.428571428569387e-10
10.5,85.71428571430611,85.71428571430611,85.71428571430611,-14.28571428569388,-14.28571428569387,-14.28571428569388,2.775557561562891e-17,0,0.4285714285708163,200,85.71428571416325,0.1428571428569388,0.1428571428569387,0.1428571428569388,1e-09,1e-09,1e-09,1.428571428569388e-10,1.428571428569387e-10,1.428571428569388e-10,90,0.9,40,3,1,1,1,1,2,2,2,1,1,1,3,-0.1428571428569388,-0.1428571428569387,-0.1428571428569388,0.1428571428569388,0.1428571428569387,0.1428571428569388,-85.71428571416325,-85.71428571416325,-85.71428571416325,-0.1428571428569388,-0.1428571428569387,-0.1428571428569388,1.428571428569388e-10,1.428571428569387e-10,1.428571428569388e-10,-0.4285714285708163,-85.71428571416325,0.4285714285708163,0,-0.1428571428569388,-0.1428571428569387,-0.1428571428569388,0,0,0,0.1428571428569388,0.1428571428569387,0.1428571428569388,1.428571428569388e-10,1.428571428569387e-10,1.428571428569388e-10
10.6,85.71428571430613,85.71428571430613,85.71428571430613,-14.28571428569388,-14.28571428569388,-14.28571428569387,2.775557561562891e-17,0,0.4285714285708163,200,85.71428571416327,0.1428571428569388,0.1428571428569388,0.1428571428569387,1e-09,1e-09,1e-09,1.428571428569388e-10,1.428571428569388e-10,1.428571428569387e-10,90,0.9,40,3,1,1,1,1,2,2,2,1,1,1,3,-0.1428571428569388,-0.1428571428569388,-0.1428571428569387,0.1428571428569388,0.1428571428569388,0.1428571428569387,-85.71428571416327,-85.71428571416327,-85.71428571416327,-0.1428571428569388,-0.1428571428569388,-0.1428571428569387,1.428571428569388e-10,1.428571428569388e-10,1.428571428569387e-10,-0.4285714285708163,-85.71428571416327,0.4285714285708163,0,-0.1428571428569388,-0.1428571428569388,-0.1428571428569387,0,0,0,0.1428571428569388,0.1428571428569388,0.1428571428569387,1.428571428569388e-10,1.428571428569388e-10,1.428571428569387e-10
10.7,85.71428571430613,85.71428571430613,85.71428571430613,-14.28571428569388,-14.28571428569387,-14.28571428569388,-2.775557561562891e-17,0,0.4285714285708163,200,85.71428571416327,0.1428571428569388,0.1428571428569387,0.1428571428569388,1e-09,1e-09,1e-09,1.428571428569388e-10,1.428571428569387e-10,1.428571428569388e-10,90,0.9,40,3,1,1,1,1,2,2,2,1,1,1,3,-0.1428571428569388,-0.1428571428569387,-0.1428571428569388,0.1428571428569388,0.1428571428569387,0.1428571428569388,-85.71428571416327,-85.71428571416327,-85.71428571416327,-0.1428571428569388,-0.1428571428569387,-0.1428571428569388,1.428571428569388e-10,1.428571428569387e-10,1.428571428569388e-10,-0.4285714285708163,-85.71428571416327,0.4285714285708163,0,-0.1428571428569388,-0.1428571428569387,-0.1428571428569388,0,0,0,0.1428571428569388,0.1428571428569387,0.1428571428569388,1.428571428569388e-10,1.428571428569387e-10,1.428571428569388e-10
10.8,85.71428571430611,85.71428571430611,85.71428571430611,-14.28571428569387,-14.28571428569388,-14.28571428569388,-5.551115123125783e-17,0,0.4285714285708163,200,85.71428571416325,0.1428571428569387,0.1428571428569388,0.1428571428569388,1e-09,1e-09,1e-09,1.428571428569387e-10,1.428571428569388e-10,1.428571428569388e-10,90,0.9,40,3,1,1,1,1,2,2,2,1,1,1,3,-0.1428571428569387,-0.1428571428569388,-0.1428571428569388,0.1428571428569387,0.1428571428569388,0.1428571428569388,-85.71428571416325,-85.71428571416325,-85.71428571416325,-0.1428571428569387,-0.1428571428569388,-0.1428571428569388,1.428571428569387e-10,1.428571428569388e-10,1.428571428569388e-10,-0.4285714285708163,-85.71428571416325,0.4285714285708163,0,-0.1428571428569387,-0.1428571428569388,-0.1428571428569388,0,0,0,0.1428571428569387,0.1428571428569388,0.1428571428569388,1.428571428569387e-10,1.428571428569388e-10,1.428571428569388e-10
10.9,85.71428571430613,85.71428571430613,85.71428571430613,-14.28571428569387,-14.28571428569388,-14.28571428569387,2.775557561562891e-17,0,0.4285714285708162,200,85.71428571416327,0.1428571428569387,0.1428571428569388,0.1428571428569387,1e-09,1e-09,1e-09,1.428571428569387e-10,1.428571428569388e-10,1.428571428569387e-10,90,0.9,40,3,1,1,1,1,2,2,2,1,1,1,3,-0.1428571428569387,-0.1428571428569388,-0.1428571428569387,0.1428571428569387,0.1428571428569388,0.1428571428569387,-85.71428571416327,-85.71428571416327,-85.71428571416327,-0.1428571428569387,-0.1428571428569388,-0.1428571428569387,1.428571428569387e-10,1.428571428569388e-10,1.428571428569387e-10,-0.4285714285708162,-85.71428571416327,0.4285714285708162,0,-0.1428571428569387,-0.1428571428569388,-0.1428571428569387,0,0,0,0.1428571428569387,0.1428571428569388,0.1428571428569387,1.428571428569387e-10,1.428571428569388e-10,1.428571428569387e-10
11,85.71428571430611,85.71428571430611,85.71428571430611,-14.28571428569388,-14.28571428569387,-14.28571428569388,2.775557561562891e-17,0,0.4285714285708163,200,85.71428571416325,0.1428571428569388,0.1428571428569387,0.1428571428569388,1e-09,1e-09,1e-09,1.428571428569388e-10,1.428571428569387e-10,1.428571428569388e-10,90,0.9,40,3,1,1,1,1,2,2,2,1,1,1,3,-0.1428571428569388,-0.1428571428569387,-0.1428571428569388,0.1428571428569388,0.1428571428569387,0.1428571428569388,-85.71428571416325,-85.71428571416325,-85.71428571416325,-0.1428571428569388,-0.1428571428569387,-0.1428571428569388,1.428571428569388e-10,1.428571428569387e-10,1.428571428569388e-10,-0.4285714285708163,-85.71428571416325,0.4285714285708163,0,-0.1428571428569388,-0.1428571428569387,-0.1428571428569388,0,0,0,0.1428571428569388,0.1428571428569387,0.1428571428569388,1.428571428569388e-10,1.428571428569387e-10,1.428571428569388e-10
11.00000000220025,85.71428571430613,85.71428571430613,85.71428571430613,-14.28571428569388,-14.28571428569388,-14.28571428569387,2.775557561562891e-17,0,0.4285714285708163,200,85.71428571416327,0.1428571428569388,0.1428571428569388,0.1428571428569387,1e-09,1e-09,1e-09,1.428571428569388e-10,1.428571428569388e-10,1.428571428569387e-10,90,0.9,40,3,1,1,1,1,2,2,2,1,1,1,3,-0.1428571428569388,-0.1428571428569388,-0.1428571428569387,0.1428571428569388,0.1428571428569388,0.1428571428569387,-85.71428571416327,-85.71428571416327,-85.71428571416327,-0.1428571428569388,-0.1428571428569388,-0.1428571428569387,1.428571428569388e-10,1.428571428569388e-10,1.428571428569387e-10,-0.4285714285708163,-85.71428571416327,0.4285714285708163,0,-0.1428571428569388,-0.1428571428569388,-0.1428571428569387,0,0,0,0.1428571428569388,0.1428571428569388,0.1428571428569387,1.428571428569388e-10,1.428571428569388e-10,1.428571428569387e-10
11.00000000220025,81.81818181821488,81.81818181821488,81.81818181821488,-18.18181818178512,-18.18181818178513,-18.18181818178512,-8.326672684688674e-17,0,0.5454545454535538,150,81.81818181803307,0.1818181818178512,0.1818181818178513,0.1818181818178512,1e-09,1e-09,1e-09,1.818181818178512e-10,1.818181818178513e-10,1.818181818178512e-10,90,0.9,30,3,1,1,1,1,2,2,2,1,1,1,3,-0.1818181818178512,-0.1818181818178513,-0.1818181818178512,0.1818181818178512,0.1818181818178513,0.1818181818178512,-81.81818181803307,-81.81818181803307,-81.81818181803307,-0.1818181818178512,-0.1818181818178513,-0.1818181818178512,1.818181818178512e-10,1.818181818178513e-10,1.818181818178512e-10,-0.5454545454535538,-81.81818181803307,0.5454545454535538,0,-0.1818181818178512,-0.1818181818178513,-0.1818181818178512,0,0,0,0.1818181818178512,0.1818181818178513,0.1818181818178512,1.818181818178512e-10,1.818181818178513e-10,1.818181818178512e-10
11.1,81.81818181821488,81.81818181821488,81.81818181821488,-18.18181818178513,-18.18181818178512,-18.18181818178512,-2.775557561562891e-17,0,0.5454545454535537,150,81.81818181803307,0.1818181818178513,0.1818181818178512,0.1818181818178512,1e-09,1e-09,1e-09,1.818181818178513e-10,1.818181818178512e-10,1.818181818178512e-10,90,0.9,30,3,1,1,1,1,2,2,2,1,1,1,3,-0.1818181818178513,-0.1818181818178512,-0.1818181818178512,0.1818181818178513,0.1818181818178512,0.1818181818178512,-81.81818181803307,-81.81818181803307,-81.81818181803307,-0.1818181818178513,-0.1818181818178512,-0.1818181818178512,1.818181818178513e-10,1.818181818178512e-10,1.818181818178512e-10,-0.5454545454535537,-81.81818181803307,0.5454545454535537,0,-0.1818181818178513,-0.1818181818178512,-0.1818181818178512,0,0,0,0.1818181818178513,0.1818181818178512,0.1818181818178512,1.818181818178513e-10,1.818181818178512e-10,1.818181818178512e-10
11.2,81.81818181821487,81.81818181821487,81.81818181821487,-18.18181818178512,-18.18181818178512,-18.18181818178513,5.551115123125783e-17,0,0.5454545454535537,150,81.81818181803305,0.1818181818178512,0.1818181818178512,0.1818181818178513,1e-09,1e-09,1e-09,1.818181818178512e-10,1.818181818178512e-10,1.818181818178513e-10,90,0.9,30,3,1,1,1,1,2,2,2,1,1,1,3,-0.1818181818178512,-0.1818181818178512,-0.1818181818178513,0.1818181818178512,0.1818181818178512,0.1818181818178513,-81.81818181803305,-81.81818181803305,-81.81818181803305,-0.1818181818178512,-0.1818181818178512,-0.1818181818178513,1.818181818178512e-10,1.818181818178512e-10,1.818181818178513e-10,-0.5454545454535537,-81.81818181803305,0.5454545454535537,0,-0.1818181818178512,-0.1818181818178512,-0.1818181818178513,0,0,0,0.1818181818178512,0.1818181818178512,0.1818181818178513,1.818181818178512e-10,1.818181818178512e-10,1.818181818178513e-10
11.3,81.81818181821488,81.81818181821488,81.81818181821488,-18.18181818178512,-18.18181818178513,-18.18181818178512,-8.326672684688674e-17,0,0.5454545454535538,150,81.81818181803307,0.1818181818178512,0.1818181818178513,0.1818181818178512,1e-09,1e-09,1e-09,1.818181818178512e-10,1.818181818178513e-10,1.818181818178512e-10,90,0.9,30,3,1,1,1,1,2,2,2,1,1,1,3,-0.1818181818178512,-0.1818181818178513,-0.1818181818178512,0.1818181818178512,0.1818181818178513,0.1818181818178512,-81.81818181803307,-81.81818181803307,-81.81818181803307,-0.1818181818178512,-0.1818181818178513,-0.1818181818178512,1.818181818178512e-10,1.818181818178513e-10,1.818181818178512e-10,-0.5454545454535538,-81.81818181803307,0.5454545454535538,0,-0.1818181818178512,-0.1818181818178513,-0.1818181818178512,0,0,0,0.1818181818178512,0.1818181818178513,0.1818181818178512,1.818181818178512e-10,1.818181818178513e-10,1.818181818178512e-10
11.4,81.81818181821488,81.81818181821488,81.81818181821488,-18.18181818178513,-18.18181818178512,-18.18181818178512,-2.775557561562891e-17,0,0.5454545454535537,150,81.81818181803307,0.1818181818178513,0.1818181818178512,0.1818181818178512,1e-09,1e-09,1e-09,1.818181818178513e-10,1.818181818178512e-10,1.818181818178512e-10,90,0.9,30,3,1,1,1,1,2,2,2,1,1,1,3,-0.1818181818178513,-0.1818181818178512,-0.1818181818178512,0.1818181818178513,0.1818181818178512,0.1818181818178512,-81.81818181803307,-81.81818181803307,-81.81818181803307,-0.1818181818178513,-0.1818181818178512,-0.1818181818178512,1.818181818178513e-10,1.818181818178512e-10,1.818181818178512e-10,-0.5454545454535537,-81.81818181803307,0.5454545454535537,0,-0.1818181818178513,-0.1818181818178512,-0.1818181818178512,0,0,0,0.1818181818178513,0.1818181818178512,0.1818181818178512,1.818181818178513e-10,1.818181818178512e-10,1.818181818178512e-10
11.5,81.81818181821487,81.81818181821487,81.81818181821487,-18.18181818178512,-18.18181818178512,-18.18181818178513,5.551115123125783e-17,0,0.5454545454535537,150,81.81818181803305,0.1818181818178512,0.1818181818178512,0.1818181818178513,1e-09,1e-09,1e-09,1.818181818178512e-10,1.818181818178512e-10,1.818181818178513e-10,90,0.9,30,3,1,1,1,1,2,2,2,1,1,1,3,-0.1818181818178512,-0.1818181818178512,-0.1818181818178513,0.1818181818178512,0.1818181818178512,0.1818181818178513,-81.81818181803305,-81.81818181803305,-81.81818181803305,-0.1818181818178512,-0.1818181818178512,-0.1818181818178513,1.818181818178512e-10,1.818181818178512e-10,1.818181818178513e-10,-0.5454545454535537,-81.81818181803305,0.5454545454535537,0,-0.1818181818178512,-0.1818181818178512,-0.1818181818178513,0,0,0,0.1818181818178512,0.1818181818178512,0.1818181818178513,1.818181818178512e-10,1.818181818178512e-10,1.818181818178513e-10
11.6,81.81818181821488,81.81818181821488,81.81818181821488,-18.18181818178512,-18.18181818178513,-18.18181818178512,-8.326672684688674e-17,0,0.5454545454535538,150,81.81818181803307,0.1818181818178512,0.1818181818178513,0.1818181818178512,1e-09,1e-09,1e-09,1.818181818178512e-10,1.818181818178513e-10,1.818181818178512e-10,90,0.9,30,3,1,1,1,1,2,2,2,1,1,1,3,-0.1818181818178512,-0.1818181818178513,-0.1818181818178512,0.1818181818178512,0.1818181818178513,0.1818181818178512,-81.81818181803307,-81.81818181803307,-81.81818181803307,-0.1818181818178512,-0.1818181818178513,-0.1818181818178512,1.818181818178512e-10,1.818181818178513e-10,1.818181818178512e-10,-0.5454545454535538,-81.81818181803307,0.5454545454535538,0,-0.1818181818178512,-0.1818181818178513,-0.1818181818178512,0,0,0,0.1818181818178512,0.1818181818178513,0.1818181818178512,1.818181818178512e-10,1.818181818178513e-10,1.818181818178512e-10
11.7,81.81818181821488,81.81818181821488,81.81818181821488,-18.18181818178513,-18.18181818178512,-18.18181818178512,-2.775557561562891e-17,0,0.5454545454535537,150,81.81818181803307,0.1818181818178513,0.1818181818178512,0.1818181818178512,1e-09,1e-09,1e-09,1.818181818178513e-10,1.818181818178512e-10,1.818181818178512e-10,90,0.9,30,3,1,1,1,1,2,2,2,1,1,1,3,-0.1818181818178513,-0.1818181818178512,-0.1818181818178512,0.1818181818178513,0.1818181818178512,0.1818181818178512,-81.81818181803307,-81.81818181803307,-81.81818181803307,-0.1818181818178513,-0.1818181818178512,-0.1818181818178512,1.818181818178513e-10,1.818181818178512e-10,1.818181818178512e-10,-0.5454545454535537,-81.81818181803307,0.5454545454535537,0,-0.1818181818178513,-0.1818181818178512,-0.1818181818178512,0,0,0,0.1818181818178513,0.1818181818178512,0.1818181818178512,1.818181818178513e-10,1.818181818178512e-10,1.818181818178512e-10
11.8,81.81818181821487,81.81818181821487,81.81818181821487,-18.18181818178512,-18.18181818178512,-18.18181818178513,5.551115123125783e-17,0,0.5454545454535537,150,81.81818181803305,0.1818181818178512,0.1818181818178512,0.1818181818178513,1e-09,1e-09,1e-09,1.818181818178512e-10,1.818181818178512e-10,1.818181818178513e-10,90,0.9,30,3,1,1,1,1,2,2,2,1,1,1,3,-0.1818181818178512,-0.1818181818178512,-0.1818181818178513,0.1818181818178512,0.1818181818178512,0.1818181818178513,-81.81818181803305,-81.81818181803305,-81.81818181803305,-0.1818181818178512,-0.1818181818178512,-0.1818181818178513,1.818181818178512e-10,1.818181818178512e-10,1.818181818178513e-10,-0.5454545454535537,-81.81818181803305,0.5454545454535537,0,-0.1818181818178512,-0.1818181818178512,-0.1818181818178513,0,0,0,0.1818181818178512,0.1818181818178512,0.1818181818178513,1.818181818178512e-10,1.818181818178512e-10,1.818181818178513e-10
11.9,81.81818181821488,81.81818181821488,81.81818181821488,-18.18181818178512,-18.18181818178513,-18.18181818178512,-8.326672684688674e-17,0,0.5454545454535538,150,81.81818181803307,0.1818181818178512,0.1818181818178513,0.1818181818178512,1e-09,1e-09,1e-09,1.818181818178512e-10,1.818181818178513e-10,1.818181818178512e-10,90,0.9,30,3,1,1,1,1,2,2,2,1,1,1,3,-0.1818181818178512,-0.1818181818178513,-0.1818181818178512,0.1818181818178512,0.1818181818178513,0.1818181818178512,-81.81818181803307,-81.81818181803307,-81.81818181803307,-0.1818181818178512,-0.1818181818178513,-0.1818181818178512,1.818181818178512e-10,1.818181818178513e-10,1.818181818178512e-10,-0.5454545454535538,-81.81818181803307,0.5454545454535538,0,-0.1818181818178512,-0.1818181818178513,-0.1818181818178512,0,0,0,0.1818181818178512,0.1818181818178513,0.1818181818178512,1.818181818178512e-10,1.818181818178513e-10,1.818181818178512e-10
12,81.81818181821488,81.81818181821488,81.81818181821488,-18.18181818178513,-18.18181818178512,-18.18181818178512,-2.775557561562891e-17,0,0.5454545454535537,150,81.81818181803307,0.1818181818178513,0.1818181818178512,0.1818181818178512,1e-09,1e-09,1e-09,1.818181818178513e-10,1.818181818178512e-10,1.818181818178512e-10,90,0.9,30,3,1,1,1,1,2,2,2,1,1,1,3,-0.1818181818178513,-0.1818181818178512,-0.1818181818178512,0.1818181818178513,0.1818181818178512,0.1818181818178512,-81.81818181803307,-81.81818181803307,-81.81818181803307,-0.1818181818178513,-0.1818181818178512,-0.1818181818178512,1.818181818178513e-10,1.818181818178512e-10,1.818181818178512e-10,-0.5454545454535537,-81.81818181803307,0.5454545454535537,0,-0.1818181818178513,-0.1818181818178512,-0.1818181818178512,0,0,0,0.1818181818178513,0.1818181818178512,0.1818181818178512,1.818181818178513e-10,1.818181818178512e-10,1.818181818178512e-10
12.00000000240034,81.81818181821487,81.81818181821487,81.81818181821487,-18.18181818178512,-18.18181818178512,-18.18181818178513,5.551115123125783e-17,0,0.5454545454535537,150,81.81818181803305,0.1818181818178512,0.1818181818178512,0.1818181818178513,1e-09,1e-09,1e-09,1.818181818178512e-10,1.818181818178512e-10,1.818181818178513e-10,90,0.9,30,3,1,1,1,1,2,2,2,1,1,1,3,-0.1818181818178512,-0.1818181818178512,-0.1818181818178513,0.1818181818178512,0.1818181818178512,0.1818181818178513,-81.81818181803305,-81.81818181803305,-81.81818181803305,-0.1818181818178512,-0.1818181818178512,-0.1818181818178513,1.818181818178512e-10,1.818181818178512e-10,1.818181818178513e-10,-0.5454545454535537,-81.81818181803305,0.5454545454535537,0,-0.1818181818178512,-0.1818181818178512,-0.1818181818178513,0,0,0,0.1818181818178512,0.1818181818178512,0.1818181818178513,1.818181818178512e-10,1.818181818178512e-10,1.818181818178513e-10
12.00000000240034,67.74193548397503,67.74193548397503,67.74193548397503,-32.25806451602497,-32.25806451602497,-32.25806451602498,0,0,0.9677419354807493,70,67.74193548365244,0.3225806451602497,0.3225806451602498,0.3225806451602498,1e-09,1e-09,1e-09,3.225806451602497e-10,3.225806451602498e-10,3.225806451602498e-10,90,0.9,14,3,1,1,1,1,2,2,2,1,1,1,3,-0.3225806451602497,-0.3225806451602498,-0.3225806451602498,0.3225806451602497,0.3225806451602498,0.3225806451602498,-67.74193548365244,-67.74193548365244,-67.74193548365244,-0.3225806451602497,-0.3225806451602498,-0.3225806451602498,3.225806451602497e-10,3.225806451602498e-10,3.225806451602498e-10,-0.9677419354807493,-67.74193548365244,0.9677419354807493,0,-0.3225806451602497,-0.3225806451602498,-0.3225806451602498,0,0,0,0.3225806451602497,0.3225806451602498,0.3225806451602498,3.225806451602497e-10,3.225806451602498e-10,3.225806451602498e-10
12.1,67.74193548397503,67.74193548397503,67.74193548397503,-32.25806451602497,-32.25806451602497,-32.25806451602497,-1.110223024625157e-16,0,0.9677419354807492,70,67.74193548365244,0.3225806451602496,0.3225806451602497,0.3225806451602498,1e-09,1e-09,1e-09,3.225806451602497e-10,3.225806451602497e-10,3.225806451602498e-10,90,0.9,14,3,1,1,1,1,2,2,2,1,1,1,3,-0.3225806451602496,-0.3225806451602497,-0.3225806451602498,0.3225806451602496,0.3225806451602497,0.3225806451602498,-67.74193548365244,-67.74193548365244,-67.74193548365244,-0.3225806451602496,-0.3225806451602497,-0.3225806451602498,3.225806451602497e-10,3.225806451602497e-10,3.225806451602498e-10,-0.9677419354807492,-67.74193548365244,0.9677419354807492,0,-0.3225806451602496,-0.3225806451602497,-0.3225806451602498,0,0,0,0.3225806451602496,0.3225806451602497,0.3225806451602498,3.225806451602497e-10,3.225806451602497e-10,3.225806451602498e-10
12.2,67.74193548397503,67.74193548397503,67.74193548397503,-32.25806451602497,-32.25806451602497,-32.25806451602497,-1.110223024625157e-16,0,0.9677419354807492,70,67.74193548365244,0.3225806451602496,0.3225806451602497,0.3225806451602498,1e-09,1e-09,1e-09,3.225806451602497e-10,3.225806451602497e-10,3.225806451602498e-10,90,0.9,14,3,1,1,1,1,2,2,2,1,1,1,3,-0.3225806451602496,-0.3225806451602497,-0.3225806451602498,0.3225806451602496,0.3225806451602497,0.3225806451602498,-67.74193548365244,-67.74193548365244,-67.74193548365244,-0.3225806451602496,-0.3225806451602497,-0.3225806451602498,3.225806451602497e-10,3.225806451602497e-10,3.225806451602498e-10,-0.9677419354807492,-67.74193548365244,0.9677419354807492,0,-0.3225806451602496,-0.3225806451602497,-0.3225806451602498,0,0,0,0.3225806451602496,0.3225806451602497,0.3225806451602498,3.225806451602497e-10,3.225806451602497e-10,3.225806451602498e-10
12.3,67.74193548397503,67.74193548397503,67.74193548397503,-32.25806451602497,-32.25806451602497,-32.25806451602497,-1.110223024625157e-16,0,0.9677419354807492,70,67.74193548365244,0.3225806451602496,0.3225806451602497,0.3225806451602498,1e-09,1e-09,1e-09,3.225806451602497e-10,3.225806451602497e-10,3.225806451602498e-10,90,0.9,14,3,1,1,1,1,2,2,2,1,1,1,3,-0.3225806451602496,-0.3225806451602497,-0.3225806451602498,0.3225806451602496,0.3225806451602497,0.3225806451602498,-67.74193548365244,-67.74193548365244,-67.74193548365244,-0.3225806451602496,-0.3225806451602497,-0.3225806451602498,3.225806451602497e-10,3.225806451602497e-10,3.225806451602498e-10,-0.9677419354807492,-67.74193548365244,0.9677419354807492,0,-0.3225806451602496,-0.3225806451602497,-0.3225806451602498,0,0,0,0.3225806451602496,0.3225806451602497,0.3225806451602498,3.225806451602497e-10,3.225806451602497e-10,3.225806451602498e-10
12.4,67.74193548397503,67.74193548397503,67.74193548397503,-32.25806451602497,-32.25806451602497,-32.25806451602497,-1.110223024625157e-16,0,0.9677419354807492,70,67.74193548365244,0.3225806451602496,0.3225806451602497,0.3225806451602498,1e-09,1e-09,1e-09,3.225806451602497e-10,3.225806451602497e-10,3.225806451602498e-10,90,0.9,14,3,1,1,1,1,2,2,2,1,1,1,3,-0.3225806451602496,-0.3225806451602497,-0.3225806451602498,0.3225806451602496,0.3225806451602497,0.3225806451602498,-67.74193548365244,-67.74193548365244,-67.74193548365244,-0.3225806451602496,-0.3225806451602497,-0.3225806451602498,3.225806451602497e-10,3.225806451602497e-10,3.225806451602498e-10,-0.9677419354807492,-67.74193548365244,0.9677419354807492,0,-0.3225806451602496,-0.3225806451602497,-0.3225806451602498,0,0,0,0.3225806451602496,0.3225806451602497,0.3225806451602498,3.225806451602497e-10,3.225806451602497e-10,3.225806451602498e-10
12.5,67.74193548397503,67.74193548397503,67.74193548397503,-32.25806451602497,-32.25806451602497,-32.25806451602497,-1.110223024625157e-16,0,0.9677419354807492,70,67.74193548365244,0.3225806451602496,0.3225806451602497,0.3225806451602498,1e-09,1e-09,1e-09,3.225806451602497e-10,3.225806451602497e-10,3.225806451602498e-10,90,0.9,14,3,1,1,1,1,2,2,2,1,1,1,3,-0.3225806451602496,-0.3225806451602497,-0.3225806451602498,0.3225806451602496,0.3225806451602497,0.3225806451602498,-67.74193548365244,-67.74193548365244,-67.74193548365244,-0.3225806451602496,-0.3225806451602497,-0.3225806451602498,3.225806451602497e-10,3.225806451602497e-10,3.225806451602498e-10,-0.9677419354807492,-67.74193548365244,0.9677419354807492,0,-0.3225806451602496,-0.3225806451602497,-0.3225806451602498,0,0,0,0.3225806451602496,0.3225806451602497,0.3225806451602498,3.225806451602497e-10,3.225806451602497e-10,3.225806451602498e-10
12.6,67.74193548397503,67.74193548397503,67.74193548397503,-32.25806451602497,-32.25806451602497,-32.25806451602497,-1.110223024625157e-16,0,0.9677419354807492,70,67.74193548365244,0.3225806451602496,0.3225806451602497,0.3225806451602498,1e-09,1e-09,1e-09,3.225806451602497e-10,3.225806451602497e-10,3.225806451602498e-10,90,0.9,14,3,1,1,1,1,2,2,2,1,1,1,3,-0.3225806451602496,-0.3225806451602497,-0.3225806451602498,0.3225806451602496,0.3225806451602497,0.3225806451602498,-67.74193548365244,-67.74193548365244,-67.74193548365244,-0.3225806451602496,-0.3225806451602497,-0.3225806451602498,3.225806451602497e-10,3.225806451602497e-10,3.225806451602498e-10,-0.9677419354807492,-67.74193548365244,0.9677419354807492,0,-0.3225806451602496,-0.3225806451602497,-0.3225806451602498,0,0,0,0.3225806451602496,0.3225806451602497,0.3225806451602498,3.225806451602497e-10,3.225806451602497e-10,3.225806451602498e-10
12.7,67.74193548397503,67.74193548397503,67.74193548397503,-32.25806451602497,-32.25806451602497,-32.25806451602497,-1.110223024625157e-16,0,0.9677419354807492,70,67.74193548365244,0.3225806451602496,0.3225806451602497,0.3225806451602498,1e-09,1e-09,1e-09,3.225806451602497e-10,3.225806451602497e-10,3.225806451602498e-10,90,0.9,14,3,1,1,1,1,2,2,2,1,1,1,3,-0.3225806451602496,-0.3225806451602497,-0.3225806451602498,0.3225806451602496,0.3225806451602497,0.3225806451602498,-67.74193548365244,-67.74193548365244,-67.74193548365244,-0.3225806451602496,-0.3225806451602497,-0.3225806451602498,3.225806451602497e-10,3.225806451602497e-10,3.225806451602498e-10,-0.9677419354807492,-67.74193548365244,0.9677419354807492,0,-0.3225806451602496,-0.3225806451602497,-0.3225806451602498,0,0,0,0.3225806451602496,0.3225806451602497,0.3225806451602498,3.225806451602497e-10,3.225806451602497e-10,3.225806451602498e-10
12.8,67.74193548397503,67.74193548397503,67.74193548397503,-32.25806451602497,-32.25806451602497,-32.25806451602497,-1.110223024625157e-16,0,0.9677419354807492,70,67.74193548365244,0.3225806451602496,0.3225806451602497,0.3225806451602498,1e-09,1e-09,1e-09,3.225806451602497e-10,3.225806451602497e-10,3.225806451602498e-10,90,0.9,14,3,1,1,1,1,2,2,2,1,1,1,3,-0.3225806451602496,-0.3225806451602497,-0.3225806451602498,0.3225806451602496,0.3225806451602497,0.3225806451602498,-67.74193548365244,-67.74193548365244,-67.74193548365244,-0.3225806451602496,-0.3225806451602497,-0.3225806451602498,3.225806451602497e-10,3.225806451602497e-10,3.225806451602498e-10,-0.9677419354807492,-67.74193548365244,0.9677419354807492,0,-0.3225806451602496,-0.3225806451602497,-0.3225806451602498,0,0,0,0.3225806451602496,0.3225806451602497,0.3225806451602498,3.225806451602497e-10,3.225806451602497e-10,3.225806451602498e-10
12.9,67.74193548397503,67.74193548397503,67.74193548397503,-32.25806451602497,-32.25806451602497,-32.25806451602497,-1.110223024625157e-16,0,0.9677419354807492,70,67.74193548365244,0.3225806451602496,0.3225806451602497,0.3225806451602498,1e-09,1e-09,1e-09,3.225806451602497e-10,3.225806451602497e-10,3.225806451602498e-10,90,0.9,14,3,1,1,1,1,2,2,2,1,1,1,3,-0.3225806451602496,-0.3225806451602497,-0.3225806451602498,0.3225806451602496,0.3225806451602497,0.3225806451602498,-67.74193548365244,-67.74193548365244,-67.74193548365244,-0.3225806451602496,-0.3225806451602497,-0.3225806451602498,3.225806451602497e-10,3.225806451602497e-10,3.225806451602498e-10,-0.9677419354807492,-67.74193548365244,0.9677419354807492,0,-0.3225806451602496,-0.3225806451602497,-0.3225806451602498,0,0,0,0.3225806451602496,0.3225806451602497,0.3225806451602498,3.225806451602497e-10,3.225806451602497e-10,3.225806451602498e-10
13,67.74193548397503,67.74193548397503,67.74193548397503,-32.25806451602497,-32.25806451602497,-32.25806451602497,-1.110223024625157e-16,0,0.9677419354807492,70,67.74193548365244,0.3225806451602496,0.3225806451602497,0.3225806451602498,1e-09,1e-09,1e-09,3.225806451602497e-10,3.225806451602497e-10,3.225806451602498e-10,90,0.9,14,3,1,1,1,1,2,2,2,1,1,1,3,-0.3225806451602496,-0.3225806451602497,-0.3225806451602498,0.3225806451602496,0.3225806451602497,0.3225806451602498,-67.74193548365244,-67.74193548365244,-67.74193548365244,-0.3225806451602496,-0.3225806451602497,-0.3225806451602498,3.225806451602497e-10,3.225806451602497e-10,3.225806451602498e-10,-0.9677419354807492,-67.74193548365244,0.9677419354807492,0,-0.3225806451602496,-0.3225806451602497,-0.3225806451602498,0,0,0,0.3225806451602496,0.3225806451602497,0.3225806451602498,3.225806451602497e-10,3.225806451602497e-10,3.225806451602498e-10
13.00000000260043,67.74193548397503,67.74193548397503,67.74193548397503,-32.25806451602497,-32.25806451602497,-32.25806451602497,-1.110223024625157e-16,0,0.9677419354807492,70,67.74193548365244,0.3225806451602496,0.3225806451602497,0.3225806451602498,1e-09,1e-09,1e-09,3.225806451602497e-10,3.225806451602497e-10,3.225806451602498e-10,90,0.9,14,3,1,1,1,1,2,2,2,1,1,1,3,-0.3225806451602496,-0.3225806451602497,-0.3225806451602498,0.3225806451602496,0.3225806451602497,0.3225806451602498,-67.74193548365244,-67.74193548365244,-67.74193548365244,-0.3225806451602496,-0.3225806451602497,-0.3225806451602498,3.225806451602497e-10,3.225806451602497e-10,3.225806451602498e-10,-0.9677419354807492,-67.74193548365244,0.9677419354807492,0,-0.3225806451602496,-0.3225806451602497,-0.3225806451602498,0,0,0,0.3225806451602496,0.3225806451602497,0.3225806451602498,3.225806451602497e-10,3.225806451602497e-10,3.225806451602498e-10
13.00000000260043,82.90598575197107,99.99999829059874,99.99999829059874,-17.09401426046848,-1.709401253879861e-06,-1.709401253879861e-06,0,0,0.1709401767927099,485,82.90598575180013,0.1709401426046848,1.709401253879861e-08,1.709401253879861e-08,1e-09,1000000000,1000000000,1.709401426046848e-10,17.09401253879861,17.09401253879861,90,0.9,97,3,1,1,1,1,2,1,1,1,1,1,1,-0.1709401426046848,-1.709401253879861e-08,-1.709401253879861e-08,0.1709401426046848,1.709401253879861e-08,1.709401253879861e-08,-82.90598575180013,-82.90598575180013,-82.90598575180013,-0.1709401426046848,-1.709401253879861e-08,-1.709401253879861e-08,1.709401426046848e-10,17.09401253879861,17.09401253879861,-0.1709401767927099,-82.90598575180013,0.1709401767927099,0,-0.1709401426046848,-1.709401253879861e-08,-1.709401253879861e-08,0,0,0,0.1709401426046848,1.709401253879861e-08,1.709401253879861e-08,1.709401426046848e-10,17.09401253879861,17.09401253879861
13.1,82.90598574040395,99.99999829059874,99.99999829059874,-17.09401425959605,-1.709401255036573e-06,-1.709401255036573e-06,-2.775557561562891e-17,0,0.1709401767839856,485,82.90598574023301,0.1709401425959605,1.709401255036573e-08,1.709401255036573e-08,1e-09,1000000000,1000000000,1.709401425959605e-10,17.09401255036573,17.09401255036573,90,0.9,97,3,1,1,1,1,2,1,1,1,1,1,1,-0.1709401425959605,-1.709401255036573e-08,-1.709401255036573e-08,0.1709401425959605,1.709401255036573e-08,1.709401255036573e-08,-82.90598574023301,-82.90598574023301,-82.90598574023301,-0.1709401425959605,-1.709401255036573e-08,-1.709401255036573e-08,1.709401425959605e-10,17.09401255036573,17.09401255036573,-0.1709401767839856,-82.90598574023301,0.1709401767839856,0,-0.1709401425959605,-1.709401255036573e-08,-1.709401255036573e-08,0,0,0,0.1709401425959605,1.709401255036573e-08,1.709401255036573e-08,1.709401425959605e-10,17.09401255036573,17.09401255036573
13.2,82.90598574040396,99.99999829059874,99.99999829059874,-17.09401425959605,-1.709401255036572e-06,-1.709401255036572e-06,-2.775557561562891e-17,0,0.1709401767839856,485,82.90598574023302,0.1709401425959605,1.709401255036572e-08,1.709401255036572e-08,1e-09,1000000000,1000000000,1.709401425959605e-10,17.09401255036572,17.09401255036572,90,0.9,97,3,1,1,1,1,2,1,1,1,1,1,1,-0.1709401425959605,-1.709401255036572e-08,-1.709401255036572e-08,0.1709401425959605,1.709401255036572e-08,1.709401255036572e-08,-82.90598574023302,-82.90598574023302,-82.90598574023302,-0.1709401425959605,-1.709401255036572e-08,-1.709401255036572e-08,1.709401425959605e-10,17.09401255036572,17.09401255036572,-0.1709401767839856,-82.90598574023302,0.1709401767839856,0,-0.1709401425959605,-1.709401255036572e-08,-1.709401255036572e-08,0,0,0,0.1709401425959605,1.709401255036572e-08,1.709401255036572e-08,1.709401425959605e-10,17.09401255036572,17.09401255036572
13.3,82.90598574040395,99.99999829059874,99.99999829059874,-17.09401425959605,-1.709401255036574e-06,-1.709401255036574e-06,-2.775557561562891e-17,0,0.1709401767839856,485,82.90598574023301,0.1709401425959605,1.709401255036574e-08,1.709401255036574e-08,1e-09,1000000000,1000000000,1.709401425959605e-10,17.09401255036574,17.09401255036574,90,0.9,97,3,1,1,1,1,2,1,1,1,1,1,1,-0.1709401425959605,-1.709401255036574e-08,-1.709401255036574e-08,0.1709401425959605,1.709401255036574e-08,1.709401255036574e-08,-82.90598574023301,-82.90598574023301,-82.90598574023301,-0.1709401425959605,-1.709401255036574e-08,-1.709401255036574e-08,1.709401425959605e-10,17.09401255036574,17.09401255036574,-0.1709401767839856,-82.90598574023301,0.1709401767839856,0,-0.1709401425959605,-1.709401255036574e-08,-1.709401255036574e-08,0,0,0,0.1709401425959605,1.709401255036574e-08,1.709401255036574e-08,1.709401425959605e-10,17.09401255036574,17.09401255036574
13.4,82.90598574040395,99.99999829059874,99.99999829059874,-17.09401425959605,-1.709401255036574e-06,-1.709401255036574e-06,-2.775557561562891e-17,0,0.1709401767839856,485,82.90598574023301,0.1709401425959605,1.709401255036574e-08,1.709401255036574e-08,1e-09,1000000000,1000000000,1.709401425959605e-10,17.09401255036574,17.09401255036574,90,0.9,97,3,1,1,1,1,2,1,1,1,1,1,1,-0.1709401425959605,-1.709401255036574e-08,-1.709401255036574e-08,0.1709401425959605,1.709401255036574e-08,1.709401255036574e-08,-82.90598574023301,-82.90598574023301,-82.90598574023301,-0.1709401425959605,-1.709401255036574e-08,-1.709401255036574e-08,1.709401425959605e-10,17.09401255036574,17.09401255036574,-0.1709401767839856,-82.90598574023301,0.1709401767839856,0,-0.1709401425959605,-1.709401255036574e-08,-1.709401255036574e-08,0,0,0,0.1709401425959605,1.709401255036574e-08,1.709401255036574e-08,1.709401425959605e-10,17.09401255036574,17.09401255036574
13.5,82.90598574040395,99.99999829059874,99.99999829059874,-17.09401425959605,-1.709401255036574e-06,-1.709401255036574e-06,-2.775557561562891e-17,0,0.1709401767839856,485,82.90598574023301,0.1709401425959605,1.709401255036574e-08,1.709401255036574e-08,1e-09,1000000000,1000000000,1.709401425959605e-10,17.09401255036574,17.09401255036574,90,0.9,97,3,1,1,1,1,2,1,1,1,1,1,1,-0.1709401425959605,-1.709401255036574e-08,-1.709401255036574e-08,0.1709401425959605,1.709401255036574e-08,1.709401255036574e-08,-82.90598574023301,-82.90598574023301,-82.90598574023301,-0.1709401425959605,-1.709401255036574e-08,-1.709401255036574e-08,1.709401425959605e-10,17.09401255036574,17.09401255036574,-0.1709401767839856,-82.90598574023301,0.1709401767839856,0,-0.1709401425959605,-1.709401255036574e-08,-1.709401255036574e-08,0,0,0,0.1709401425959605,1.709401255036574e-08,1.709401255036574e-08,1.709401425959605e-10,17.09401255036574,17.09401255036574
13.6,82.90598574040395,99.99999829059874,99.99999829059874,-17.09401425959605,-1.709401255036574e-06,-1.709401255036574e-06,-2.775557561562891e-17,0,0.1709401767839856,485,82.90598574023301,0.1709401425959605,1.709401255036574e-08,1.709401255036574e-08,1e-09,1000000000,1000000000,1.709401425959605e-10,17.09401255036574,17.09401255036574,90,0.9,97,3,1,1,1,1,2,1,1,1,1,1,1,-0.1709401425959605,-1.709401255036574e-08,-1.709401255036574e-08,0.1709401425959605,1.709401255036574e-08,1.709401255036574e-08,-82.90598574023301,-82.90598574023301,-82.90598574023301,-0.1709401425959605,-1.709401255036574e-08,-1.709401255036574e-08,1.709401425959605e-10,17.09401255036574,17.09401255036574,-0.1709401767839856,-82.90598574023301,0.1709401767839856,0,-0.1709401425959605,-1.709401255036574e-08,-1.709401255036574e-08,0,0,0,0.1709401425959605,1.709401255036574e-08,1.709401255036574e-08,1.709401425959605e-10,17.09401255036574,17.09401255036574
13.7,82.90598574040395,99.99999829059874,99.99999829059874,-17.09401425959605,-1.709401255036574e-06,-1.709401255036574e-06,-2.775557561562891e-17,0,0.1709401767839856,485,82.90598574023301,0.1709401425959605,1.709401255036574e-08,1.709401255036574e-08,1e-09,1000000000,1000000000,1.709401425959605e-10,17.09401255036574,17.09401255036574,90,0.9,97,3,1,1,1,1,2,1,1,1,1,1,1,-0.1709401425959605,-1.709401255036574e-08,-1.709401255036574e-08,0.1709401425959605,1.709401255036574e-08,1.709401255036574e-08,-82.90598574023301,-82.90598574023301,-82.90598574023301,-0.1709401425959605,-1.709401255036574e-08,-1.709401255036574e-08,1.709401425959605e-10,17.09401255036574,17.09401255036574,-0.1709401767839856,-82.90598574023301,0.1709401767839856,0,-0.1709401425959605,-1.709401255036574e-08,-1.709401255036574e-08,0,0,0,0.1709401425959605,1.709401255036574e-08,1.709401255036574e-08,1.709401425959605e-10,17.09401255036574,17.09401255036574
13.8,82.90598574040395,99.99999829059874,99.99999829059874,-17.09401425959605,-1.709401255036574e-06,-1.709401255036574e-06,-2.775557561562891e-17,0,0.1709401767839856,485,82.90598574023301,0.1709401425959605,1.709401255036574e-08,1.709401255036574e-08,1e-09,1000000000,1000000000,1.709401425959605e-10,17.09401255036574,17.09401255036574,90,0.9,97,3,1,1,1,1,2,1,1,1,1,1,1,-0.1709401425959605,-1.709401255036574e-08,-1.709401255036574e-08,0.1709401425959605,1.709401255036574e-08,1.709401255036574e-08,-82.90598574023301,-82.90598574023301,-82.90598574023301,-0.1709401425959605,-1.709401255036574e-08,-1.709401255036574e-08,1.709401425959605e-10,17.09401255036574,17.09401255036574,-0.1709401767839856,-82.90598574023301,0.1709401767839856,0,-0.1709401425959605,-1.709401255036574e-08,-1.709401255036574e-08,0,0,0,0.1709401425959605,1.709401255036574e-08,1.709401255036574e-08,1.709401425959605e-10,17.09401255036574,17.09401255036574
13.9,82.90598574040395,99.99999829059874,99.99999829059874,-17.09401425959605,-1.709401255036574e-06,-1.709401255036574e-06,-2.775557561562891e-17,0,0.1709401767839856,485,82.90598574023301,0.1709401425959605,1.709401255036574e-08,1.709401255036574e-08,1e-09,1000000000,1000000000,1.709401425959605e-10,17.09401255036574,17.09401255036574,90,0.9,97,3,1,1,1,1,2,1,1,1,1,1,1,-0.1709401425959605,-1.709401255036574e-08,-1.709401255036574e-08,0.1709401425959605,1.709401255036574e-08,1.709401255036574e-08,-82.90598574023301,-82.90598574023301,-82.90598574023301,-0.1709401425959605,-1.709401255036574e-08,-1.709401255036574e-08,1.709401425959605e-10,17.09401255036574,17.09401255036574,-0.1709401767839856,-82.90598574023301,0.1709401767839856,0,-0.1709401425959605,-1.709401255036574e-08,-1.709401255036574e-08,0,0,0,0.1709401425959605,1.709401255036574e-08,1.709401255036574e-08,1.709401425959605e-10,17.09401255036574,17.09401255036574
14,82.90598574040395,99.99999829059874,99.99999829059874,-17.09401425959605,-1.709401255036574e-06,-1.709401255036574e-06,-2.775557561562891e-17,0,0.1709401767839856,485,82.90598574023301,0.1709401425959605,1.709401255036574e-08,1.709401255036574e-08,1e-09,1000000000,1000000000,1.709401425959605e-10,17.09401255036574,17.09401255036574,90,0.9,97,3,1,1,1,1,2,1,1,1,1,1,1,-0.1709401425959605,-1.709401255036574e-08,-1.709401255036574e-08,0.1709401425959605,1.709401255036574e-08,1.709401255036574e-08,-82.90598574023301,-82.90598574023301,-82.90598574023301,-0.1709401425959605,-1.709401255036574e-08,-1.709401255036574e-08,1.709401425959605e-10,17.09401255036574,17.09401255036574,-0.1709401767839856,-82.90598574023301,0.1709401767839856,0,-0.1709401425959605,-1.709401255036574e-08,-1.709401255036574e-08,0,0,0,0.1709401425959605,1.709401255036574e-08,1.709401255036574e-08,1.709401425959605e-10,17.09401255036574,17.09401255036574
14.00000000280052,82.90598574040395,99.99999829059874,99.99999829059874,-17.09401425959605,-1.709401255036574e-06,-1.709401255036574e-06,-2.775557561562891e-17,0,0.1709401767839856,485,82.90598574023301,0.1709401425959605,1.709401255036574e-08,1.709401255036574e-08,1e-09,1000000000,1000000000,1.709401425959605e-10,17.09401255036574,17.09401255036574,90,0.9,97,3,1,1,1,1,2,1,1,1,1,1,1,-0.1709401425959605,-1.709401255036574e-08,-1.709401255036574e-08,0.1709401425959605,1.709401255036574e-08,1.709401255036574e-08,-82.90598574023301,-82.90598574023301,-82.90598574023301,-0.1709401425959605,-1.709401255036574e-08,-1.709401255036574e-08,1.709401425959605e-10,17.09401255036574,17.09401255036574,-0.1709401767839856,-82.90598574023301,0.1709401767839856,0,-0.1709401425959605,-1.709401255036574e-08,-1.709401255036574e-08,0,0,0,0.1709401425959605,1.709401255036574e-08,1.709401255036574e-08,1.709401425959605e-10,17.09401255036574,17.09401255036574
14.00000000280052,87.1794877383464,87.1794877383464,99.9999987179489,-12.82051226165359,-12.8205122616536,-1.282051097973071e-06,2.775557561562891e-17,0,0.2564102580535829,340,87.17948773821819,0.1282051226165359,0.128205122616536,1.282051097973071e-08,1e-09,1e-09,1000000000,1.282051226165359e-10,1.28205122616536e-10,12.82051097973071,90,0.9,68,3,1,1,1,1,2,2,1,1,1,1,2,-0.1282051226165359,-0.128205122616536,-1.282051097973071e-08,0.1282051226165359,0.128205122616536,1.282051097973071e-08,-87.17948773821819,-87.17948773821819,-87.17948773821819,-0.1282051226165359,-0.128205122616536,-1.282051097973071e-08,1.282051226165359e-10,1.28205122616536e-10,12.82051097973071,-0.2564102580535829,-87.17948773821819,0.2564102580535829,0,-0.1282051226165359,-0.128205122616536,-1.282051097973071e-08,0,0,0,0.1282051226165359,0.128205122616536,1.282051097973071e-08,1.282051226165359e-10,1.28205122616536e-10,12.82051097973071
14.1,87.17948773834641,87.17948773834641,99.9999987179489,-12.8205122616536,-12.8205122616536,-1.28205109797307e-06,-2.775557561562891e-17,0,0.256410258053583,340,87.1794877382182,0.128205122616536,0.128205122616536,1.28205109797307e-08,1e-09,1e-09,1000000000,1.28205122616536e-10,1.28205122616536e-10,12.8205109797307,90,0.9,68,3,1,1,1,1,2,2,1,1,1,1,2,-0.128205122616536,-0.128205122616536,-1.28205109797307e-08,0.128205122616536,0.128205122616536,1.28205109797307e-08,-87.1794877382182,-87.1794877382182,-87.1794877382182,-0.128205122616536,-0.128205122616536,-1.28205109797307e-08,1.28205122616536e-10,1.28205122616536e-10,12.8205109797307,-0.256410258053583,-87.1794877382182,0.256410258053583,0,-0.128205122616536,-0.128205122616536,-1.28205109797307e-08,0,0,0,0.128205122616536,0.128205122616536,1.28205109797307e-08,1.28205122616536e-10,1.28205122616536e-10,12.8205109797307
14.2,87.17948773834641,87.17948773834641,99.9999987179489,-12.8205122616536,-12.82051226165359,-1.28205109797307e-06,2.775557561562891e-17,0,0.2564102580535829,340,87.1794877382182,0.128205122616536,0.1282051226165359,1.28205109797307e-08,1e-09,1e-09,1000000000,1.28205122616536e-10,1.282051226165359e-10,12.8205109797307,90,0.9,68,3,1,1,1,1,2,2,1,1,1,1,2,-0.128205122616536,-0.1282051226165359,-1.28205109797307e-08,0.128205122616536,0.1282051226165359,1.28205109797307e-08,-87.1794877382182,-87.1794877382182,-87.1794877382182,-0.128205122616536,-0.1282051226165359,-1.28205109797307e-08,1.28205122616536e-10,1.282051226165359e-10,12.8205109797307,-0.2564102580535829,-87.1794877382182,0.2564102580535829,0,-0.128205122616536,-0.1282051226165359,-1.28205109797307e-08,0,0,0,0.128205122616536,0.1282051226165359,1.28205109797307e-08,1.28205122616536e-10,1.282051226165359e-10,12.8205109797307
14.3,87.1794877383464,87.1794877383464,99.9999987179489,-12.8205122616536,-12.8205122616536,-1.282051097973071e-06,-2.775557561562891e-17,0,0.256410258053583,340,87.17948773821819,0.128205122616536,0.128205122616536,1.282051097973071e-08,1e-09,1e-09,1000000000,1.28205122616536e-10,1.28205122616536e-10,12.82051097973071,90,0.9,68,3,1,1,1,1,2,2,1,1,1,1,2,-0.128205122616536,-0.128205122616536,-1.282051097973071e-08,0.128205122616536,0.128205122616536,1.282051097973071e-08,-87.17948773821819,-87.17948773821819,-87.17948773821819,-0.128205122616536,-0.128205122616536,-1.282051097973071e-08,1.28205122616536e-10,1.28205122616536e-10,12.82051097973071,-0.256410258053583,-87.17948773821819,0.256410258053583,0,-0.128205122616536,-0.128205122616536,-1.282051097973071e-08,0,0,0,0.128205122616536,0.128205122616536,1.282051097973071e-08,1.28205122616536e-10,1.28205122616536e-10,12.82051097973071
14.4,87.17948773834641,87.17948773834641,99.9999987179489,-12.8205122616536,-12.82051226165359,-1.28205109797307e-06,2.775557561562891e-17,0,0.2564102580535829,340,87.1794877382182,0.128205122616536,0.1282051226165359,1.28205109797307e-08,1e-09,1e-09,1000000000,1.28205122616536e-10,1.282051226165359e-10,12.8205109797307,90,0.9,68,3,1,1,1,1,2,2,1,1,1,1,2,-0.128205122616536,-0.1282051226165359,-1.28205109797307e-08,0.128205122616536,0.1282051226165359,1.28205109797307e-08,-87.1794877382182,-87.1794877382182,-87.1794877382182,-0.128205122616536,-0.1282051226165359,-1.28205109797307e-08,1.28205122616536e-10,1.282051226165359e-10,12.8205109797307,-0.2564102580535829,-87.1794877382182,0.2564102580535829,0,-0.128205122616536,-0.1282051226165359,-1.28205109797307e-08,0,0,0,0.128205122616536,0.1282051226165359,1.28205109797307e-08,1.28205122616536e-10,1.282051226165359e-10,12.8205109797307
14.5,87.1794877383464,87.1794877383464,99.9999987179489,-12.8205122616536,-12.8205122616536,-1.282051097973071e-06,-2.775557561562891e-17,0,0.256410258053583,340,87.17948773821819,0.128205122616536,0.128205122616536,1.282051097973071e-08,1e-09,1e-09,1000000000,1.28205122616536e-10,1.28205122616536e-10,12.82051097973071,90,0.9,68,3,1,1,1,1,2,2,1,1,1,1,2,-0.128205122616536,-0.128205122616536,-1.282051097973071e-08,0.128205122616536,0.128205122616536,1.282051097973071e-08,-87.17948773821819,-87.17948773821819,-87.17948773821819,-0.128205122616536,-0.128205122616536,-1.282051097973071e-08,1.28205122616536e-10,1.28205122616536e-10,12.82051097973071,-0.256410258053583,-87.17948773821819,0.256410258053583,0,-0.128205122616536,-0.128205122616536,-1.282051097973071e-08,0,0,0,0.128205122616536,0.128205122616536,1.282051097973071e-08,1.28205122616536e-10,1.28205122616536e-10,12.82051097973071
14.6,87.17948773834641,87.17948773834641,99.9999987179489,-12.8205122616536,-12.82051226165359,-1.28205109797307e-06,2.775557561562891e-17,0,0.2564102580535829,340,87.1794877382182,0.128205122616536,0.1282051226165359,1.28205109797307e-08,1e-09,1e-09,1000000000,1.28205122616536e-10,1.282051226165359e-10,12.8205109797307,90,0.9,68,3,1,1,1,1,2,2,1,1,1,1,2,-0.128205122616536,-0.1282051226165359,-1.28205109797307e-08,0.128205122616536,0.1282051226165359,1.28205109797307e-08,-87.1794877382182,-87.1794877382182,-87.1794877382182,-0.128205122616536,-0.1282051226165359,-1.28205109797307e-08,1.28205122616536e-10,1.282051226165359e-10,12.8205109797307,-0.2564102580535829,-87.1794877382182,0.2564102580535829,0,-0.128205122616536,-0.1282051226165359,-1.28205109797307e-08,0,0,0,0.128205122616536,0.1282051226165359,1.28205109797307e-08,1.28205122616536e-10,1.282051226165359e-10,12.8205109797307
14.7,87.1794877383464,87.1794877383464,99.9999987179489,-12.8205122616536,-12.8205122616536,-1.282051097973071e-06,-2.775557561562891e-17,0,0.256410258053583,340,87.17948773821819,0.128205122616536,0.128205122616536,1.282051097973071e-08,1e-09,1e-09,1000000000,1.28205122616536e-10,1.28205122616536e-10,12.82051097973071,90,0.9,68,3,1,1,1,1,2,2,1,1,1,1,2,-0.128205122616536,-0.128205122616536,-1.282051097973071e-08,0.128205122616536,0.128205122616536,1.282051097973071e-08,-87.17948773821819,-87.17948773821819,-87.17948773821819,-0.128205122616536,-0.128205122616536,-1.282051097973071e-08,1.28205122616536e-10,1.28205122616536e-10,12.82051097973071,-0.256410258053583,-87.17948773821819,0.256410258053583,0,-0.128205122616536,-0.128205122616536,-1.282051097973071e-08,0,0,0,0.128205122616536,0.128205122616536,1.282051097973071e-08,1.28205122616536e-10,1.28205122616536e-10,12.82051097973071
14.8,87.17948773834641,87.17948773834641,99.9999987179489,-12.8205122616536,-12.82051226165359,-1.28205109797307e-06,2.775557561562891e-17,0,0.2564102580535829,340,87.1794877382182,0.128205122616536,0.1282051226165359,1.28205109797307e-08,1e-09,1e-09,1000000000,1.28205122616536e-10,1.282051226165359e-10,12.8205109797307,90,0.9,68,3,1,1,1,1,2,2,1,1,1,1,2,-0.128205122616536,-0.1282051226165359,-1.28205109797307e-08,0.128205122616536,0.1282051226165359,1.28205109797307e-08,-87.1794877382182,-87.1794877382182,-87.1794877382182,-0.128205122616536,-0.1282051226165359,-1.28205109797307e-08,1.28205122616536e-10,1.282051226165359e-10,12.8205109797307,-0.2564102580535829,-87.1794877382182,0.2564102580535829,0,-0.128205122616536,-0.1282051226165359,-1.28205109797307e-08,0,0,0,0.128205122616536,0.1282051226165359,1.28205109797307e-08,1.28205122616536e-10,1.282051226165359e-10,12.8205109797307
14.9,87.1794877383464,87.1794877383464,99.9999987179489,-12.8205122616536,-12.8205122616536,-1.282051097973071e-06,-2.775557561562891e-17,0,0.256410258053583,340,87.17948773821819,0.128205122616536,0.128205122616536,1.282051097973071e-08,1e-09,1e-09,1000000000,1.28205122616536e-10,1.28205122616536e-10,12.82051097973071,90,0.9,68,3,1,1,1,1,2,2,1,1,1,1,2,-0.128205122616536,-0.128205122616536,-1.282051097973071e-08,0.128205122616536,0.128205122616536,1.282051097973071e-08,-87.17948773821819,-87.17948773821819,-87.17948773821819,-0.128205122616536,-0.128205122616536,-1.282051097973071e-08,1.28205122616536e-10,1.28205122616536e-10,12.82051097973071,-0.256410258053583,-87.17948773821819,0.256410258053583,0,-0.128205122616536,-0.128205122616536,-1.282051097973071e-08,0,0,0,0.128205122616536,0.128205122616536,1.282051097973071e-08,1.28205122616536e-10,1.28205122616536e-10,12.82051097973071
15,87.17948773834641,87.17948773834641,99.9999987179489,-12.8205122616536,-12.82051226165359,-1.28205109797307e-06,2.775557561562891e-17,0,0.2564102580535829,340,87.1794877382182,0.128205122616536,0.1282051226165359,1.28205109797307e-08,1e-09,1e-09,1000000000,1.28205122616536e-10,1.282051226165359e-10,12.8205109797307,90,0.9,68,3,1,1,1,1,2,2,1,1,1,1,2,-0.128205122616536,-0.1282051226165359,-1.28205109797307e-08,0.128205122616536,0.1282051226165359,1.28205109797307e-08,-87.1794877382182,-87.1794877382182,-87.1794877382182,-0.128205122616536,-0.1282051226165359,-1.28205109797307e-08,1.28205122616536e-10,1.282051226165359e-10,12.8205109797307,-0.2564102580535829,-87.1794877382182,0.2564102580535829,0,-0.128205122616536,-0.1282051226165359,-1.28205109797307e-08,0,0,0,0.128205122616536,0.1282051226165359,1.28205109797307e-08,1.28205122616536e-10,1.282051226165359e-10,12.8205109797307
15.0000000030006,87.1794877383464,87.1794877383464,99.9999987179489,-12.8205122616536,-12.8205122616536,-1.282051097973071e-06,-2.775557561562891e-17,0,0.256410258053583,340,87.17948773821819,0.128205122616536,0.128205122616536,1.282051097973071e-08,1e-09,1e-09,1000000000,1.28205122616536e-10,1.28205122616536e-10,12.82051097973071,90,0.9,68,3,1,1,1,1,2,2,1,1,1,1,2,-0.128205122616536,-0.128205122616536,-1.282051097973071e-08,0.128205122616536,0.128205122616536,1.282051097973071e-08,-87.17948773821819,-87.17948773821819,-87.17948773821819,-0.128205122616536,-0.128205122616536,-1.282051097973071e-08,1.28205122616536e-10,1.28205122616536e-10,12.82051097973071,-0.256410258053583,-87.17948773821819,0.256410258053583,0,-0.128205122616536,-0.128205122616536,-1.282051097973071e-08,0,0,0,0.128205122616536,0.128205122616536,1.282051097973071e-08,1.28205122616536e-10,1.28205122616536e-10,12.82051097973071
15.0000000030006,60.00000000016,60.00000000016,60.00000000016,-39.99999999984,-39.99999999984,-39.99999999984,-5.551115123125783e-17,0,1.1999999999952,50,59.99999999976,0.3999999999984,0.3999999999984,0.3999999999984,1e-09,1e-09,1e-09,3.999999999984e-10,3.999999999984e-10,3.999999999984e-10,90,0.9,10,3,1,1,1,1,2,2,2,1,1,1,3,-0.3999999999984,-0.3999999999984,-0.3999999999984,0.3999999999984,0.3999999999984,0.3999999999984,-59.99999999976,-59.99999999976,-59.99999999976,-0.3999999999984,-0.3999999999984,-0.3999999999984,3.999999999984e-10,3.999999999984e-10,3.999999999984e-10,-1.1999999999952,-59.99999999976,1.1999999999952,0,-0.3999999999984,-0.3999999999984,-0.3999999999984,0,0,0,0.3999999999984,0.3999999999984,0.3999999999984,3.999999999984e-10,3.999999999984e-10,3.999999999984e-10
15.1,60.00000000016,60.00000000016,60.00000000016,-39.99999999984,-39.99999999984,-39.99999999984,-5.551115123125783e-17,0,1.1999999999952,50,59.99999999976,0.3999999999984,0.3999999999984,0.3999999999984,1e-09,1e-09,1e-09,3.999999999984e-10,3.999999999984e-10,3.999999999984e-10,90,0.9,10,3,1,1,1,1,2,2,2,1,1,1,3,-0.3999999999984,-0.3999999999984,-0.3999999999984,0.3999999999984,0.3999999999984,0.3999999999984,-59.99999999976,-59.99999999976,-59.99999999976,-0.3999999999984,-0.3999999999984,-0.3999999999984,3.999999999984e-10,3.999999999984e-10,3.999999999984e-10,-1.1999999999952,-59.99999999976,1.1999999999952,0,-0.3999999999984,-0.3999999999984,-0.3999999999984,0,0,0,0.3999999999984,0.3999999999984,0.3999999999984,3.999999999984e-10,3.999999999984e-10,3.999999999984e-10
15.2,60.00000000016,60.00000000016,60.00000000016,-39.99999999984,-39.99999999984,-39.99999999984,-5.551115123125783e-17,0,1.1999999999952,50,59.99999999976,0.3999999999984,0.3999999999984,0.3999999999984,1e-09,1e-09,1e-09,3.999999999984e-10,3.999999999984e-10,3.999999999984e-10,90,0.9,10,3,1,1,1,1,2,2,2,1,1,1,3,-0.3999999999984,-0.3999999999984,-0.3999999999984,0.3999999999984,0.3999999999984,0.3999999999984,-59.99999999976,-59.99999999976,-59.99999999976,-0.3999999999984,-0.3999999999984,-0.3999999999984,3.999999999984e-10,3.999999999984e-10,3.999999999984e-10,-1.1999999999952,-59.99999999976,1.1999999999952,0,-0.3999999999984,-0.3999999999984,-0.3999999999984,0,0,0,0.3999999999984,0.3999999999984,0.3999999999984,3.999999999984e-10,3.999999999984e-10,3.999999999984e-10
15.3,60.00000000016,60.00000000016,60.00000000016,-39.99999999984,-39.99999999984,-39.99999999984,-5.551115123125783e-17,0,1.1999999999952,50,59.99999999976,0.3999999999984,0.3999999999984,0.3999999999984,1e-09,1e-09,1e-09,3.999999999984e-10,3.999999999984e-10,3.999999999984e-10,90,0.9,10,3,1,1,1,1,2,2,2,1,1,1,3,-0.3999999999984,-0.3999999999984,-0.3999999999984,0.3999999999984,0.3999999999984,0.3999999999984,-59.99999999976,-59.99999999976,-59.99999999976,-0.3999999999984,-0.3999999999984,-0.3999999999984,3.999999999984e-10,3.999999999984e-10,3.999999999984e-10,-1.1999999999952,-59.99999999976,1.1999999999952,0,-0.3999999999984,-0.3999999999984,-0.3999999999984,0,0,0,0.3999999999984,0.3999999999984,0.3999999999984,3.999999999984e-10,3.999999999984e-10,3.999999999984e-10
15.4,60.00000000016,60.00000000016,60.00000000016,-39.99999999984,-39.99999999984,-39.99999999984,-5.551115123125783e-17,0,1.1999999999952,50,59.99999999976,0.3999999999984,0.3999999999984,0.3999999999984,1e-09,1e-09,1e-09,3.999999999984e-10,3.999999999984e-10,3.999999999984e-10,90,0.9,10,3,1,1,1,1,2,2,2,1,1,1,3,-0.3999999999984,-0.3999999999984,-0.3999999999984,0.3999999999984,0.3999999999984,0.3999999999984,-59.99999999976,-59.99999999976,-59.99999999976,-0.3999999999984,-0.3999999999984,-0.3999999999984,3.999999999984e-10,3.999999999984e-10,3.999999999984e-10,-1.1999999999952,-59.99999999976,1.1999999999952,0,-0.3999999999984,-0.3999999999984,-0.3999999999984,0,0,0,0.3999999999984,0.3999999999984,0.3999999999984,3.999999999984e-10,3.999999999984e-10,3.999999999984e-10
15.5,60.00000000016,60.00000000016,60.00000000016,-39.99999999984,-39.99999999984,-39.99999999984,-5.551115123125783e-17,0,1.1999999999952,50,59.99999999976,0.3999999999984,0.3999999999984,0.3999999999984,1e-09,1e-09,1e-09,3.999999999984e-10,3.999999999984e-10,3.999999999984e-10,90,0.9,10,3,1,1,1,1,2,2,2,1,1,1,3,-0.3999999999984,-0.3999999999984,-0.3999999999984,0.3999999999984,0.3999999999984,0.3999999999984,-59.99999999976,-59.99999999976,-59.99999999976,-0.3999999999984,-0.3999999999984,-0.3999999999984,3.999999999984e-10,3.999999999984e-10,3.999999999984e-10,-1.1999999999952,-59.99999999976,1.1999999999952,0,-0.3999999999984,-0.3999999999984,-0.3999999999984,0,0,0,0.3999999999984,0.3999999999984,0.3999999999984,3.999999999984e-10,3.999999999984e-10,3.999999999984e-10
15.6,60.00000000016,60.00000000016,60.00000000016,-39.99999999984,-39.99999999984,-39.99999999984,-5.551115123125783e-17,0,1.1999999999952,50,59.99999999976,0.3999999999984,0.3999999999984,0.3999999999984,1e-09,1e-09,1e-09,3.999999999984e-10,3.999999999984e-10,3.999999999984e-10,90,0.9,10,3,1,1,1,1,2,2,2,1,1,1,3,-0.3999999999984,-0.3999999999984,-0.3999999999984,0.3999999999984,0.3999999999984,0.3999999999984,-59.99999999976,-59.99999999976,-59.99999999976,-0.3999999999984,-0.3999999999984,-0.3999999999984,3.999999999984e-10,3.999999999984e-10,3.999999999984e-10,-1.1999999999952,-59.99999999976,1.1999999999952,0,-0.3999999999984,-0.3999999999984,-0.3999999999984,0,0,0,0.3999999999984,0.3999999999984,0.3999999999984,3.999999999984e-10,3.999999999984e-10,3.999999999984e-10
15.7,60.00000000016,60.00000000016,60.00000000016,-39.99999999984,-39.99999999984,-39.99999999984,-5.551115123125783e-17,0,1.1999999999952,50,59.99999999976,0.3999999999984,0.3999999999984,0.3999999999984,1e-09,1e-09,1e-09,3.999999999984e-10,3.999999999984e-10,3.999999999984e-10,90,0.9,10,3,1,1,1,1,2,2,2,1,1,1,3,-0.3999999999984,-0.3999999999984,-0.3999999999984,0.3999999999984,0.3999999999984,0.3999999999984,-59.99999999976,-59.99999999976,-59.99999999976,-0.3999999999984,-0.3999999999984,-0.3999999999984,3.999999999984e-10,3.999999999984e-10,3.999999999984e-10,-1.1999999999952,-59.99999999976,1.1999999999952,0,-0.3999999999984,-0.3999999999984,-0.3999999999984,0,0,0,0.3999999999984,0.3999999999984,0.3999999999984,3.999999999984e-10,3.999999999984e-10,3.999999999984e-10
15.8,60.00000000016,60.00000000016,60.00000000016,-39.99999999984,-39.99999999984,-39.99999999984,-5.551115123125783e-17,0,1.1999999999952,50,59.99999999976,0.3999999999984,0.3999999999984,0.3999999999984,1e-09,1e-09,1e-09,3.999999999984e-10,3.999999999984e-10,3.999999999984e-10,90,0.9,10,3,1,1,1,1,2,2,2,1,1,1,3,-0.3999999999984,-0.3999999999984,-0.3999999999984,0.3999999999984,0.3999999999984,0.3999999999984,-59.99999999976,-59.99999999976,-59.99999999976,-0.3999999999984,-0.3999999999984,-0.3999999999984,3.999999999984e-10,3.999999999984e-10,3.999999999984e-10,-1.1999999999952,-59.99999999976,1.1999999999952,0,-0.3999999999984,-0.3999999999984,-0.3999999999984,0,0,0,0.3999999999984,0.3999999999984,0.3999999999984,3.999999999984e-10,3.999999999984e-10,3.999999999984e-10
15.9,60.00000000016,60.00000000016,60.00000000016,-39.99999999984,-39.99999999984,-39.99999999984,-5.551115123125783e-17,0,1.1999999999952,50,59.99999999976,0.3999999999984,0.3999999999984,0.3999999999984,1e-09,1e-09,1e-09,3.999999999984e-10,3.999999999984e-10,3.999999999984e-10,90,0.9,10,3,1,1,1,1,2,2,2,1,1,1,3,-0.3999999999984,-0.3999999999984,-0.3999999999984,0.3999999999984,0.3999999999984,0.3999999999984,-59.99999999976,-59.99999999976,-59.99999999976,-0.3999999999984,-0.3999999999984,-0.3999999999984,3.999999999984e-10,3.999999999984e-10,3.999999999984e-10,-1.1999999999952,-59.99999999976,1.1999999999952,0,-0.3999999999984,-0.3999999999984,-0.3999999999984,0,0,0,0.3999999999984,0.3999999999984,0.3999999999984,3.999999999984e-10,3.999999999984e-10,3.999999999984e-10
16,60.00000000016,60.00000000016,60.00000000016,-39.99999999984,-39.99999999984,-39.99999999984,-5.551115123125783e-17,0,1.1999999999952,50,59.99999999976,0.3999999999984,0.3999999999984,0.3999999999984,1e-09,1e-09,1e-09,3.999999999984e-10,3.999999999984e-10,3.999999999984e-10,90,0.9,10,3,1,1,1,1,2,2,2,1,1,1,3,-0.3999999999984,-0.3999999999984,-0.3999999999984,0.3999999999984,0.3999999999984,0.3999999999984,-59.99999999976,-59.99999999976,-59.99999999976,-0.3999999999984,-0.3999999999984,-0.3999999999984,3.999999999984e-10,3.999999999984e-10,3.999999999984e-10,-1.1999999999952,-59.99999999976,1.1999999999952,0,-0.3999999999984,-0.3999999999984,-0.3999999999984,0,0,0,0.3999999999984,0.3999999999984,0.3999999999984,3.999999999984e-10,3.999999999984e-10,3.999999999984e-10
16.00000000320069,60.00000000016,60.00000000016,60.00000000016,-39.99999999984,-39.99999999984,-39.99999999984,-5.551115123125783e-17,0,1.1999999999952,50,59.99999999976,0.3999999999984,0.3999999999984,0.3999999999984,1e-09,1e-09,1e-09,3.999999999984e-10,3.999999999984e-10,3.999999999984e-10,90,0.9,10,3,1,1,1,1,2,2,2,1,1,1,3,-0.3999999999984,-0.3999999999984,-0.3999999999984,0.3999999999984,0.3999999999984,0.3999999999984,-59.99999999976,-59.99999999976,-59.99999999976,-0.3999999999984,-0.3999999999984,-0.3999999999984,3.999999999984e-10,3.999999999984e-10,3.999999999984e-10,-1.1999999999952,-59.99999999976,1.1999999999952,0,-0.3999999999984,-0.3999999999984,-0.3999999999984,0,0,0,0.3999999999984,0.3999999999984,0.3999999999984,3.999999999984e-10,3.999999999984e-10,3.999999999984e-10
16.00000000320069,85.29411834929329,85.29411834929329,99.99999852941198,-14.7058817514039,-14.7058817149138,-1.470588018026575e-06,0,0,0.2941176493690572,290,85.29411834914623,0.147058817514039,0.147058817149138,1.470588018026575e-08,1e-09,1e-09,1000000000,1.470588175140391e-10,1.47058817149138e-10,14.70588018026575,90,0.9,58,3,1,1,1,1,2,2,1,1,1,1,2,-0.147058817514039,-0.147058817149138,-1.470588018026575e-08,0.147058817514039,0.147058817149138,1.470588018026575e-08,-85.29411834914623,-85.29411834914623,-85.29411834914623,-0.147058817514039,-0.147058817149138,-1.470588018026575e-08,1.470588175140391e-10,1.47058817149138e-10,14.70588018026575,-0.2941176493690572,-85.29411834914623,0.2941176493690572,0,-0.147058817514039,-0.147058817149138,-1.470588018026575e-08,0,0,0,0.147058817514039,0.147058817149138,1.470588018026575e-08,1.470588175140391e-10,1.47058817149138e-10,14.70588018026575
16.1,85.29411827424298,85.29411827424298,99.99999852941197,-14.70588172575701,-14.70588172575701,-1.470588025531604e-06,2.775557561562891e-17,0,0.2941176492210205,290,85.29411827409592,0.1470588172575701,0.1470588172575701,1.470588025531604e-08,1e-09,1e-09,1000000000,1.470588172575701e-10,1.470588172575701e-10,14.70588025531604,90,0.9,58,3,1,1,1,1,2,2,1,1,1,1,2,-0.1470588172575701,-0.1470588172575701,-1.470588025531604e-08,0.1470588172575701,0.1470588172575701,1.470588025531604e-08,-85.29411827409592,-85.29411827409592,-85.29411827409592,-0.1470588172575701,-0.1470588172575701,-1.470588025531604e-08,1.470588172575701e-10,1.470588172575701e-10,14.70588025531604,-0.2941176492210205,-85.29411827409592,0.2941176492210205,0,-0.1470588172575701,-0.1470588172575701,-1.470588025531604e-08,0,0,0,0.1470588172575701,0.1470588172575701,1.470588025531604e-08,1.470588172575701e-10,1.470588172575701e-10,14.70588025531604
16.2,85.29411827424299,85.29411827424299,99.99999852941197,-14.70588172575701,-14.70588172575701,-1.470588025531603e-06,2.775557561562891e-17,0,0.2941176492210205,290,85.29411827409594,0.1470588172575701,0.1470588172575701,1.470588025531603e-08,1e-09,1e-09,1000000000,1.470588172575701e-10,1.470588172575701e-10,14.70588025531603,90,0.9,58,3,1,1,1,1,2,2,1,1,1,1,2,-0.1470588172575701,-0.1470588172575701,-1.470588025531603e-08,0.1470588172575701,0.1470588172575701,1.470588025531603e-08,-85.29411827409594,-85.29411827409594,-85.29411827409594,-0.1470588172575701,-0.1470588172575701,-1.470588025531603e-08,1.470588172575701e-10,1.470588172575701e-10,14.70588025531603,-0.2941176492210205,-85.29411827409594,0.2941176492210205,0,-0.1470588172575701,-0.1470588172575701,-1.470588025531603e-08,0,0,0,0.1470588172575701,0.1470588172575701,1.470588025531603e-08,1.470588172575701e-10,1.470588172575701e-10,14.70588025531603
16.3,85.29411827424299,85.29411827424299,99.99999852941197,-14.70588172575701,-14.70588172575701,-1.470588025531603e-06,2.775557561562891e-17,0,0.2941176492210205,290,85.29411827409594,0.1470588172575701,0.1470588172575701,1.470588025531603e-08,1e-09,1e-09,1000000000,1.470588172575701e-10,1.470588172575701e-10,14.70588025531603,90,0.9,58,3,1,1,1,1,2,2,1,1,1,1,2,-0.1470588172575701,-0.1470588172575701,-1.470588025531603e-08,0.1470588172575701,0.1470588172575701,1.470588025531603e-08,-85.29411827409594,-85.29411827409594,-85.29411827409594,-0.1470588172575701,-0.1470588172575701,-1.470588025531603e-08,1.470588172575701e-10,1.470588172575701e-10,14.70588025531603,-0.2941176492210205,-85.29411827409594,0.2941176492210205,0,-0.1470588172575701,-0.1470588172575701,-1.470588025531603e-08,0,0,0,0.1470588172575701,0.1470588172575701,1.470588025531603e-08,1.470588172575701e-10,1.470588172575701e-10,14.70588025531603
16.4,85.29411827424299,85.29411827424299,99.99999852941197,-14.70588172575701,-14.70588172575701,-1.470588025531603e-06,2.775557561562891e-17,0,0.2941176492210205,290,85.29411827409594,0.1470588172575701,0.1470588172575701,1.470588025531603e-08,1e-09,1e-09,1000000000,1.470588172575701e-10,1.470588172575701e-10,14.70588025531603,90,0.9,58,3,1,1,1,1,2,2,1,1,1,1,2,-0.1470588172575701,-0.1470588172575701,-1.470588025531603e-08,0.1470588172575701,0.1470588172575701,1.470588025531603e-08,-85.29411827409594,-85.29411827409594,-85.29411827409594,-0.1470588172575701,-0.1470588172575701,-1.470588025531603e-08,1.470588172575701e-10,1.470588172575701e-10,14.70588025531603,-0.2941176492210205,-85.29411827409594,0.2941176492210205,0,-0.1470588172575701,-0.1470588172575701,-1.470588025531603e-08,0,0,0,0.1470588172575701,0.1470588172575701,1.470588025531603e-08,1.470588172575701e-10,1.470588172575701e-10,14.70588025531603
16.5,85.29411827424299,85.29411827424299,99.99999852941197,-14.70588172575701,-14.70588172575701,-1.470588025531603e-06,2.775557561562891e-17,0,0.2941176492210205,290,85.29411827409594,0.1470588172575701,0.1470588172575701,1.470588025531603e-08,1e-09,1e-09,1000000000,1.470588172575701e-10,1.470588172575701e-10,14.70588025531603,90,0.9,58,3,1,1,1,1,2,2,1,1,1,1,2,-0.1470588172575701,-0.1470588172575701,-1.470588025531603e-08,0.1470588172575701,0.1470588172575701,1.470588025531603e-08,-85.29411827409594,-85.29411827409594,-85.29411827409594,-0.1470588172575701,-0.1470588172575701,-1.470588025531603e-08,1.470588172575701e-10,1.470588172575701e-10,14.70588025531603,-0.2941176492210205,-85.29411827409594,0.2941176492210205,0,-0.1470588172575701,-0.1470588172575701,-1.470588025531603e-08,0,0,0,0.1470588172575701,0.1470588172575701,1.470588025531603e-08,1.470588172575701e-10,1.470588172575701e-10,14.70588025531603
16.6,85.29411827424299,85.29411827424299,99.99999852941197,-14.70588172575701,-14.70588172575701,-1.470588025531603e-06,2.775557561562891e-17,0,0.2941176492210205,290,85.29411827409594,0.1470588172575701,0.1470588172575701,1.470588025531603e-08,1e-09,1e-09,1000000000,1.470588172575701e-10,1.470588172575701e-10,14.70588025531603,90,0.9,58,3,1,1,1,1,2,2,1,1,1,1,2,-0.1470588172575701,-0.1470588172575701,-1.470588025531603e-08,0.1470588172575701,0.1470588172575701,1.470588025531603e-08,-85.29411827409594,-85.29411827409594,-85.29411827409594,-0.1470588172575701,-0.1470588172575701,-1.470588025531603e-08,1.470588172575701e-10,1.470588172575701e-10,14.70588025531603,-0.2941176492210205,-85.29411827409594,0.2941176492210205,0,-0.1470588172575701,-0.1470588172575701,-1.470588025531603e-08,0,0,0,0.1470588172575701,0.1470588172575701,1.470588025531603e-08,1.470588172575701e-10,1.470588172575701e-10,14.70588025531603
16.7,85.29411827424299,85.29411827424299,99.99999852941197,-14.70588172575701,-14.70588172575701,-1.470588025531603e-06,2.775557561562891e-17,0,0.2941176492210205,290,85.29411827409594,0.1470588172575701,0.1470588172575701,1.470588025531603e-08,1e-09,1e-09,1000000000,1.470588172575701e-10,1.470588172575701e-10,14.70588025531603,90,0.9,58,3,1,1,1,1,2,2,1,1,1,1,2,-0.1470588172575701,-0.1470588172575701,-1.470588025531603e-08,0.1470588172575701,0.1470588172575701,1.470588025531603e-08,-85.29411827409594,-85.29411827409594,-85.29411827409594,-0.1470588172575701,-0.1470588172575701,-1.470588025531603e-08,1.470588172575701e-10,1.470588172575701e-10,14.70588025531603,-0.2941176492210205,-85.29411827409594,0.2941176492210205,0,-0.1470588172575701,-0.1470588172575701,-1.470588025531603e-08,0,0,0,0.1470588172575701,0.1470588172575701,1.470588025531603e-08,1.470588172575701e-10,1.470588172575701e-10,14.70588025531603
16.8,85.29411827424299,85.29411827424299,99.99999852941197,-14.70588172575701,-14.70588172575701,-1.470588025531603e-06,2.775557561562891e-17,0,0.2941176492210205,290,85.29411827409594,0.1470588172575701,0.1470588172575701,1.470588025531603e-08,1e-09,1e-09,1000000000,1.470588172575701e-10,1.470588172575701e-10,14.70588025531603,90,0.9,58,3,1,1,1,1,2,2,1,1,1,1,2,-0.1470588172575701,-0.1470588172575701,-1.470588025531603e-08,0.1470588172575701,0.1470588172575701,1.470588025531603e-08,-85.29411827409594,-85.29411827409594,-85.29411827409594,-0.1470588172575701,-0.1470588172575701,-1.470588025531603e-08,1.470588172575701e-10,1.470588172575701e-10,14.70588025531603,-0.2941176492210205,-85.29411827409594,0.2941176492210205,0,-0.1470588172575701,-0.1470588172575701,-1.470588025531603e-08,0,0,0,0.1470588172575701,0.1470588172575701,1.470588025531603e-08,1.470588172575701e-10,1.470588172575701e-10,14.70588025531603
16.9,85.29411827424299,85.29411827424299,99.99999852941197,-14.70588172575701,-14.70588172575701,-1.470588025531603e-06,2.775557561562891e-17,0,0.2941176492210205,290,85.29411827409594,0.1470588172575701,0.1470588172575701,1.470588025531603e-08,1e-09,1e-09,1000000000,1.470588172575701e-10,1.470588172575701e-10,14.70588025531603,90,0.9,58,3,1,1,1,1,2,2,1,1,1,1,2,-0.1470588172575701,-0.1470588172575701,-1.470588025531603e-08,0.1470588172575701,0.1470588172575701,1.470588025531603e-08,-85.29411827409594,-85.29411827409594,-85.29411827409594,-0.1470588172575701,-0.1470588172575701,-1.470588025531603e-08,1.470588172575701e-10,1.470588172575701e-10,14.70588025531603,-0.2941176492210205,-85.29411827409594,0.2941176492210205,0,-0.1470588172575701,-0.1470588172575701,-1.470588025531603e-08,0,0,0,0.1470588172575701,0.1470588172575701,1.470588025531603e-08,1.470588172575701e-10,1.470588172575701e-10,14.70588025531603
17,85.29411827424299,85.29411827424299,99.99999852941197,-14.70588172575701,-14.70588172575701,-1.470588025531603e-06,2.775557561562891e-17,0,0.2941176492210205,290,85.29411827409594,0.1470588172575701,0.1470588172575701,1.470588025531603e-08,1e-09,1e-09,1000000000,1.470588172575701e-10,1.470588172575701e-10,14.70588025531603,90,0.9,58,3,1,1,1,1,2,2,1,1,1,1,2,-0.1470588172575701,-0.1470588172575701,-1.470588025531603e-08,0.1470588172575701,0.1470588172575701,1.470588025531603e-08,-85.29411827409594,-85.29411827409594,-85.29411827409594,-0.1470588172575701,-0.1470588172575701,-1.470588025531603e-08,1.470588172575701e-10,1.470588172575701e-10,14.70588025531603,-0.2941176492210205,-85.29411827409594,0.2941176492210205,0,-0.1470588172575701,-0.1470588172575701,-1.470588025531603e-08,0,0,0,0.1470588172575701,0.1470588172575701,1.470588025531603e-08,1.470588172575701e-10,1.470588172575701e-10,14.70588025531603
17.00000000340005,85.29411827424299,85.29411827424299,99.99999852941197,-14.70588172575701,-14.70588172575701,-1.470588025531603e-06,2.775557561562891e-17,0,0.2941176492210205,290,85.29411827409594,0.1470588172575701,0.1470588172575701,1.470588025531603e-08,1e-09,1e-09,1000000000,1.470588172575701e-10,1.470588172575701e-10,14.70588025531603,90,0.9,58,3,1,1,1,1,2,2,1,1,1,1,2,-0.1470588172575701,-0.1470588172575701,-1.470588025531603e-08,0.1470588172575701,0.1470588172575701,1.470588025531603e-08,-85.29411827409594,-85.29411827409594,-85.29411827409594,-0.1470588172575701,-0.1470588172575701,-1.470588025531603e-08,1.470588172575701e-10,1.470588172575701e-10,14.70588025531603,-0.2941176492210205,-85.29411827409594,0.2941176492210205,0,-0.1470588172575701,-0.1470588172575701,-1.470588025531603e-08,0,0,0,0.1470588172575701,0.1470588172575701,1.470588025531603e-08,1.470588172575701e-10,1.470588172575701e-10,14.70588025531603
17.00000000340005,42.8571428574694,42.8571428574694,42.8571428574694,-57.14285714253061,-57.14285714253061,-57.1428571425306,1.110223024625157e-16,0,1.714285714275918,25,42.85714285689797,0.5714285714253061,0.5714285714253061,0.571428571425306,1e-09,1e-09,1e-09,5.714285714253061e-10,5.714285714253061e-10,5.71428571425306e-10,90,0.9,5,3,1,1,1,1,2,2,2,1,1,1,3,-0.5714285714253061,-0.5714285714253061,-0.571428571425306,0.5714285714253061,0.5714285714253061,0.571428571425306,-42.85714285689797,-42.85714285689797,-42.85714285689797,-0.5714285714253061,-0.5714285714253061,-0.571428571425306,5.714285714253061e-10,5.714285714253061e-10,5.71428571425306e-10,-1.714285714275918,-42.85714285689797,1.714285714275918,0,-0.5714285714253061,-0.5714285714253061,-0.571428571425306,0,0,0,0.5714285714253061,0.5714285714253061,0.571428571425306,5.714285714253061e-10,5.714285714253061e-10,5.71428571425306e-10
17.1,42.85714285746939,42.85714285746939,42.85714285746939,-57.14285714253061,-57.14285714253061,-57.14285714253061,2.220446049250313e-16,0,1.714285714275918,25,42.85714285689797,0.5714285714253061,0.5714285714253061,0.5714285714253061,1e-09,1e-09,1e-09,5.714285714253061e-10,5.714285714253061e-10,5.714285714253061e-10,90,0.9,5,3,1,1,1,1,2,2,2,1,1,1,3,-0.5714285714253061,-0.5714285714253061,-0.5714285714253061,0.5714285714253061,0.5714285714253061,0.5714285714253061,-42.85714285689797,-42.85714285689797,-42.85714285689797,-0.5714285714253061,-0.5714285714253061,-0.5714285714253061,5.714285714253061e-10,5.714285714253061e-10,5.714285714253061e-10,-1.714285714275918,-42.85714285689797,1.714285714275918,0,-0.5714285714253061,-0.5714285714253061,-0.5714285714253061,0,0,0,0.5714285714253061,0.5714285714253061,0.5714285714253061,5.714285714253061e-10,5.714285714253061e-10,5.714285714253061e-10
17.2,42.85714285746939,42.85714285746939,42.85714285746939,-57.14285714253061,-57.14285714253061,-57.14285714253061,2.220446049250313e-16,0,1.714285714275918,25,42.85714285689797,0.5714285714253061,0.5714285714253061,0.5714285714253061,1e-09,1e-09,1e-09,5.714285714253061e-10,5.714285714253061e-10,5.714285714253061e-10,90,0.9,5,3,1,1,1,1,2,2,2,1,1,1,3,-0.5714285714253061,-0.5714285714253061,-0.5714285714253061,0.5714285714253061,0.5714285714253061,0.5714285714253061,-42.85714285689797,-42.85714285689797,-42.85714285689797,-0.5714285714253061,-0.5714285714253061,-0.5714285714253061,5.714285714253061e-10,5.714285714253061e-10,5.714285714253061e-10,-1.714285714275918,-42.85714285689797,1.714285714275918,0,-0.5714285714253061,-0.5714285714253061,-0.5714285714253061,0,0,0,0.5714285714253061,0.5714285714253061,0.5714285714253061,5.714285714253061e-10,5.714285714253061e-10,5.714285714253061e-10
17.3,42.85714285746939,42.85714285746939,42.85714285746939,-57.14285714253061,-57.14285714253061,-57.14285714253061,2.220446049250313e-16,0,1.714285714275918,25,42.85714285689797,0.5714285714253061,0.5714285714253061,0.5714285714253061,1e-09,1e-09,1e-09,5.714285714253061e-10,5.714285714253061e-10,5.714285714253061e-10,90,0.9,5,3,1,1,1,1,2,2,2,1,1,1,3,-0.5714285714253061,-0.5714285714253061,-0.5714285714253061,0.5714285714253061,0.5714285714253061,0.5714285714253061,-42.85714285689797,-42.85714285689797,-42.85714285689797,-0.5714285714253061,-0.5714285714253061,-0.5714285714253061,5.714285714253061e-10,5.714285714253061e-10,5.714285714253061e-10,-1.714285714275918,-42.85714285689797,1.714285714275918,0,-0.5714285714253061,-0.5714285714253061,-0.5714285714253061,0,0,0,0.5714285714253061,0.5714285714253061,0.5714285714253061,5.714285714253061e-10,5.714285714253061e-10,5.714285714253061e-10
17.4,42.85714285746939,42.85714285746939,42.85714285746939,-57.14285714253061,-57.14285714253061,-57.14285714253061,2.220446049250313e-16,0,1.714285714275918,25,42.85714285689797,0.5714285714253061,0.5714285714253061,0.5714285714253061,1e-09,1e-09,1e-09,5.714285714253061e-10,5.714285714253061e-10,5.714285714253061e-10,90,0.9,5,3,1,1,1,1,2,2,2,1,1,1,3,-0.5714285714253061,-0.5714285714253061,-0.5714285714253061,0.5714285714253061,0.5714285714253061,0.5714285714253061,-42.85714285689797,-42.85714285689797,-42.85714285689797,-0.5714285714253061,-0.5714285714253061,-0.5714285714253061,5.714285714253061e-10,5.714285714253061e-10,5.714285714253061e-10,-1.714285714275918,-42.85714285689797,1.714285714275918,0,-0.5714285714253061,-0.5714285714253061,-0.5714285714253061,0,0,0,0.5714285714253061,0.5714285714253061,0.5714285714253061,5.714285714253061e-10,5.714285714253061e-10,5.714285714253061e-10
17.5,42.85714285746939,42.85714285746939,42.85714285746939,-57.14285714253061,-57.14285714253061,-57.14285714253061,2.220446049250313e-16,0,1.714285714275918,25,42.85714285689797,0.5714285714253061,0.5714285714253061,0.5714285714253061,1e-09,1e-09,1e-09,5.714285714253061e-10,5.714285714253061e-10,5.714285714253061e-10,90,0.9,5,3,1,1,1,1,2,2,2,1,1,1,3,-0.5714285714253061,-0.5714285714253061,-0.5714285714253061,0.5714285714253061,0.5714285714253061,0.5714285714253061,-42.85714285689797,-42.85714285689797,-42.85714285689797,-0.5714285714253061,-0.5714285714253061,-0.5714285714253061,5.714285714253061e-10,5.714285714253061e-10,5.714285714253061e-10,-1.714285714275918,-42.85714285689797,1.714285714275918,0,-0.5714285714253061,-0.5714285714253061,-0.5714285714253061,0,0,0,0.5714285714253061,0.5714285714253061,0.5714285714253061,5.714285714253061e-10,5.714285714253061e-10,5.714285714253061e-10
17.6,42.85714285746939,42.85714285746939,42.85714285746939,-57.14285714253061,-57.14285714253061,-57.14285714253061,2.220446049250313e-16,0,1.714285714275918,25,42.85714285689797,0.5714285714253061,0.5714285714253061,0.5714285714253061,1e-09,1e-09,1e-09,5.714285714253061e-10,5.714285714253061e-10,5.714285714253061e-10,90,0.9,5,3,1,1,1,1,2,2,2,1,1,1,3,-0.5714285714253061,-0.5714285714253061,-0.5714285714253061,0.5714285714253061,0.5714285714253061,0.5714285714253061,-42.85714285689797,-42.85714285689797,-42.85714285689797,-0.5714285714253061,-0.5714285714253061,-0.5714285714253061,5.714285714253061e-10,5.714285714253061e-10,5.714285714253061e-10,-1.714285714275918,-42.85714285689797,1.714285714275918,0,-0.5714285714253061,-0.5714285714253061,-0.5714285714253061,0,0,0,0.5714285714253061,0.5714285714253061,0.5714285714253061,5.714285714253061e-10,5.714285714253061e-10,5.714285714253061e-10
17.7,42.85714285746939,42.85714285746939,42.85714285746939,-57.14285714253061,-57.14285714253061,-57.14285714253061,2.220446049250313e-16,0,1.714285714275918,25,42.85714285689797,0.5714285714253061,0.5714285714253061,0.5714285714253061,1e-09,1e-09,1e-09,5.714285714253061e-10,5.714285714253061e-10,5.714285714253061e-10,90,0.9,5,3,1,1,1,1,2,2,2,1,1,1,3,-0.5714285714253061,-0.5714285714253061,-0.5714285714253061,0.5714285714253061,0.5714285714253061,0.5714285714253061,-42.85714285689797,-42.85714285689797,-42.85714285689797,-0.5714285714253061,-0.5714285714253061,-0.5714285714253061,5.714285714253061e-10,5.714285714253061e-10,5.714285714253061e-10,-1.714285714275918,-42.85714285689797,1.714285714275918,0,-0.5714285714253061,-0.5714285714253061,-0.5714285714253061,0,0,0,0.5714285714253061,0.5714285714253061,0.5714285714253061,5.714285714253061e-10,5.714285714253061e-10,5.714285714253061e-10
17.8,42.85714285746939,42.85714285746939,42.85714285746939,-57.14285714253061,-57.14285714253061,-57.14285714253061,2.220446049250313e-16,0,1.714285714275918,25,42.85714285689797,0.5714285714253061,0.5714285714253061,0.5714285714253061,1e-09,1e-09,1e-09,5.714285714253061e-10,5.714285714253061e-10,5.714285714253061e-10,90,0.9,5,3,1,1,1,1,2,2,2,1,1,1,3,-0.5714285714253061,-0.5714285714253061,-0.5714285714253061,0.5714285714253061,0.5714285714253061,0.5714285714253061,-42.85714285689797,-42.85714285689797,-42.85714285689797,-0.5714285714253061,-0.5714285714253061,-0.5714285714253061,5.714285714253061e-10,5.714285714253061e-10,5.714285714253061e-10,-1.714285714275918,-42.85714285689797,1.714285714275918,0,-0.5714285714253061,-0.5714285714253061,-0.5714285714253061,0,0,0,0.5714285714253061,0.5714285714253061,0.5714285714253061,5.714285714253061e-10,5.714285714253061e-10,5.714285714253061e-10
17.9,42.85714285746939,42.85714285746939,42.85714285746939,-57.14285714253061,-57.14285714253061,-57.14285714253061,2.220446049250313e-16,0,1.714285714275918,25,42.85714285689797,0.5714285714253061,0.5714285714253061,0.5714285714253061,1e-09,1e-09,1e-09,5.714285714253061e-10,5.714285714253061e-10,5.714285714253061e-10,90,0.9,5,3,1,1,1,1,2,2,2,1,1,1,3,-0.5714285714253061,-0.5714285714253061,-0.5714285714253061,0.5714285714253061,0.5714285714253061,0.5714285714253061,-42.85714285689797,-42.85714285689797,-42.85714285689797,-0.5714285714253061,-0.5714285714253061,-0.5714285714253061,5.714285714253061e-10,5.714285714253061e-10,5.714285714253061e-10,-1.714285714275918,-42.85714285689797,1.714285714275918,0,-0.5714285714253061,-0.5714285714253061,-0.5714285714253061,0,0,0,0.5714285714253061,0.5714285714253061,0.5714285714253061,5.714285714253061e-10,5.714285714253061e-10,5.714285714253061e-10
18,42.85714285746939,42.85714285746939,42.85714285746939,-57.14285714253061,-57.14285714253061,-57.14285714253061,2.220446049250313e-16,0,1.714285714275918,25,42.85714285689797,0.5714285714253061,0.5714285714253061,0.5714285714253061,1e-09,1e-09,1e-09,5.714285714253061e-10,5.714285714253061e-10,5.714285714253061e-10,90,0.9,5,3,1,1,1,1,2,2,2,1,1,1,3,-0.5714285714253061,-0.5714285714253061,-0.5714285714253061,0.5714285714253061,0.5714285714253061,0.5714285714253061,-42.85714285689797,-42.85714285689797,-42.85714285689797,-0.5714285714253061,-0.5714285714253061,-0.5714285714253061,5.714285714253061e-10,5.714285714253061e-10,5.714285714253061e-10,-1.714285714275918,-42.85714285689797,1.714285714275918,0,-0.5714285714253061,-0.5714285714253061,-0.5714285714253061,0,0,0,0.5714285714253061,0.5714285714253061,0.5714285714253061,5.714285714253061e-10,5.714285714253061e-10,5.714285714253061e-10
18.00000000360014,42.85714285746939,42.85714285746939,42.85714285746939,-57.14285714253061,-57.14285714253061,-57.14285714253061,2.220446049250313e-16,0,1.714285714275918,25,42.85714285689797,0.5714285714253061,0.5714285714253061,0.5714285714253061,1e-09,1e-09,1e-09,5.714285714253061e-10,5.714285714253061e-10,5.714285714253061e-10,90,0.9,5,3,1,1,1,1,2,2,2,1,1,1,3,-0.5714285714253061,-0.5714285714253061,-0.5714285714253061,0.5714285714253061,0.5714285714253061,0.5714285714253061,-42.85714285689797,-42.85714285689797,-42.85714285689797,-0.5714285714253061,-0.5714285714253061,-0.5714285714253061,5.714285714253061e-10,5.714285714253061e-10,5.714285714253061e-10,-1.714285714275918,-42.85714285689797,1.714285714275918,0,-0.5714285714253061,-0.5714285714253061,-0.5714285714253061,0,0,0,0.5714285714253061,0.5714285714253061,0.5714285714253061,5.714285714253061e-10,5.714285714253061e-10,5.714285714253061e-10
18.00000000360014,85.71428571430613,85.71428571430613,85.71428571430613,-14.28571428569388,-14.28571428569389,-14.28571428569387,0,0,0.4285714285708164,200,85.71428571416327,0.1428571428569388,0.1428571428569388,0.1428571428569387,1e-09,1e-09,1e-09,1.428571428569388e-10,1.428571428569389e-10,1.428571428569387e-10,90,0.9,40,3,1,1,1,1,2,2,2,1,1,1,3,-0.1428571428569388,-0.1428571428569388,-0.1428571428569387,0.1428571428569388,0.1428571428569388,0.1428571428569387,-85.71428571416327,-85.71428571416327,-85.71428571416327,-0.1428571428569388,-0.1428571428569388,-0.1428571428569387,1.428571428569388e-10,1.428571428569389e-10,1.428571428569387e-10,-0.4285714285708164,-85.71428571416327,0.4285714285708164,0,-0.1428571428569388,-0.1428571428569388,-0.1428571428569387,0,0,0,0.1428571428569388,0.1428571428569388,0.1428571428569387,1.428571428569388e-10,1.428571428569389e-10,1.428571428569387e-10
18.1,85.71428571430611,85.71428571430611,85.71428571430611,-14.28571428569387,-14.28571428569388,-14.28571428569388,2.775557561562891e-17,0,0.4285714285708163,200,85.71428571416325,0.1428571428569387,0.1428571428569388,0.1428571428569388,1e-09,1e-09,1e-09,1.428571428569387e-10,1.428571428569388e-10,1.428571428569388e-10,90,0.9,40,3,1,1,1,1,2,2,2,1,1,1,3,-0.1428571428569387,-0.1428571428569388,-0.1428571428569388,0.1428571428569387,0.1428571428569388,0.1428571428569388,-85.71428571416325,-85.71428571416325,-85.71428571416325,-0.1428571428569387,-0.1428571428569388,-0.1428571428569388,1.428571428569387e-10,1.428571428569388e-10,1.428571428569388e-10,-0.4285714285708163,-85.71428571416325,0.4285714285708163,0,-0.1428571428569387,-0.1428571428569388,-0.1428571428569388,0,0,0,0.1428571428569387,0.1428571428569388,0.1428571428569388,1.428571428569387e-10,1.428571428569388e-10,1.428571428569388e-10
18.2,85.71428571430613,85.71428571430613,85.71428571430613,-14.28571428569388,-14.28571428569387,-14.28571428569388,0,0,0.4285714285708163,200,85.71428571416327,0.1428571428569388,0.1428571428569387,0.1428571428569388,1e-09,1e-09,1e-09,1.428571428569388e-10,1.428571428569387e-10,1.428571428569388e-10,90,0.9,40,3,1,1,1,1,2,2,2,1,1,1,3,-0.1428571428569388,-0.1428571428569387,-0.1428571428569388,0.1428571428569388,0.1428571428569387,0.1428571428569388,-85.71428571416327,-85.71428571416327,-85.71428571416327,-0.1428571428569388,-0.1428571428569387,-0.1428571428569388,1.428571428569388e-10,1.428571428569387e-10,1.428571428569388e-10,-0.4285714285708163,-85.71428571416327,0.4285714285708163,0,-0.1428571428569388,-0.1428571428569387,-0.1428571428569388,0,0,0,0.1428571428569388,0.1428571428569387,0.1428571428569388,1.428571428569388e-10,1.428571428569387e-10,1.428571428569388e-10
18.3,85.71428571430611,85.71428571430611,85.71428571430611,-14.28571428569387,-14.28571428569388,-14.28571428569388,-8.326672684688674e-17,0,0.4285714285708163,200,85.71428571416325,0.1428571428569387,0.1428571428569388,0.1428571428569388,1e-09,1e-09,1e-09,1.428571428569387e-10,1.428571428569388e-10,1.428571428569388e-10,90,0.9,40,3,1,1,1,1,2,2,2,1,1,1,3,-0.1428571428569387,-0.1428571428569388,-0.1428571428569388,0.1428571428569387,0.1428571428569388,0.1428571428569388,-85.71428571416325,-85.71428571416325,-85.71428571416325,-0.1428571428569387,-0.1428571428569388,-0.1428571428569388,1.428571428569387e-10,1.428571428569388e-10,1.428571428569388e-10,-0.4285714285708163,-85.71428571416325,0.4285714285708163,0,-0.1428571428569387,-0.1428571428569388,-0.1428571428569388,0,0,0,0.1428571428569387,0.1428571428569388,0.1428571428569388,1.428571428569387e-10,1.428571428569388e-10,1.428571428569388e-10
18.4,85.71428571430613,85.71428571430613,85.71428571430613,-14.28571428569387,-14.28571428569388,-14.28571428569387,0,0,0.4285714285708162,200,85.71428571416327,0.1428571428569387,0.1428571428569388,0.1428571428569387,1e-09,1e-09,1e-09,1.428571428569387e-10,1.428571428569388e-10,1.428571428569387e-10,90,0.9,40,3,1,1,1,1,2,2,2,1,1,1,3,-0.1428571428569387,-0.1428571428569388,-0.1428571428569387,0.1428571428569387,0.1428571428569388,0.1428571428569387,-85.71428571416327,-85.71428571416327,-85.71428571416327,-0.1428571428569387,-0.1428571428569388,-0.1428571428569387,1.428571428569387e-10,1.428571428569388e-10,1.428571428569387e-10,-0.4285714285708162,-85.71428571416327,0.4285714285708162,0,-0.1428571428569387,-0.1428571428569388,-0.1428571428569387,0,0,0,0.1428571428569387,0.1428571428569388,0.1428571428569387,1.428571428569387e-10,1.428571428569388e-10,1.428571428569387e-10
18.5,85.71428571430613,85.71428571430613,85.71428571430613,-14.28571428569388,-14.28571428569387,-14.28571428569388,0,0,0.4285714285708163,200,85.71428571416327,0.1428571428569388,0.1428571428569387,0.1428571428569388,1e-09,1e-09,1e-09,1.428571428569388e-10,1.428571428569387e-10,1.428571428569388e-10,90,0.9,40,3,1,1,1,1,2,2,2,1,1,1,3,-0.1428571428569388,-0.1428571428569387,-0.1428571428569388,0.1428571428569388,0.1428571428569387,0.1428571428569388,-85.71428571416327,-85.71428571416327,-85.71428571416327,-0.1428571428569388,-0.1428571428569387,-0.1428571428569388,1.428571428569388e-10,1.428571428569387e-10,1.428571428569388e-10,-0.4285714285708163,-85.71428571416327,0.4285714285708163,0,-0.1428571428569388,-0.1428571428569387,-0.1428571428569388,0,0,0,0.1428571428569388,0.1428571428569387,0.1428571428569388,1.428571428569388e-10,1.428571428569387e-10,1.428571428569388e-10
18.6,85.71428571430611,85.71428571430611,85.71428571430611,-14.28571428569387,-14.28571428569388,-14.28571428569388,-8.326672684688674e-17,0,0.4285714285708163,200,85.71428571416325,0.1428571428569387,0.1428571428569388,0.1428571428569388,1e-09,1e-09,1e-09,1.428571428569387e-10,1.428571428569388e-10,1.428571428569388e-10,90,0.9,40,3,1,1,1,1,2,2,2,1,1,1,3,-0.1428571428569387,-0.1428571428569388,-0.1428571428569388,0.1428571428569387,0.1428571428569388,0.1428571428569388,-85.71428571416325,-85.71428571416325,-85.71428571416325,-0.1428571428569387,-0.1428571428569388,-0.1428571428569388,1.428571428569387e-10,1.428571428569388e-10,1.428571428569388e-10,-0.4285714285708163,-85.71428571416325,0.4285714285708163,0,-0.1428571428569387,-0.1428571428569388,-0.1428571428569388,0,0,0,0.1428571428569387,0.1428571428569388,0.1428571428569388,1.428571428569387e-10,1.428571428569388e-10,1.428571428569388e-10
18.7,85.71428571430613,85.71428571430613,85.71428571430613,-14.28571428569387,-14.28571428569388,-14.28571428569387,0,0,0.4285714285708162,200,85.71428571416327,0.1428571428569387,0.1428571428569388,0.1428571428569387,1e-09,1e-09,1e-09,1.428571428569387e-10,1.428571428569388e-10,1.428571428569387e-10,90,0.9,40,3,1,1,1,1,2,2,2,1,1,1,3,-0.1428571428569387,-0.1428571428569388,-0.1428571428569387,0.1428571428569387,0.1428571428569388,0.1428571428569387,-85.71428571416327,-85.71428571416327,-85.71428571416327,-0.1428571428569387,-0.1428571428569388,-0.1428571428569387,1.428571428569387e-10,1.428571428569388e-10,1.428571428569387e-10,-0.4285714285708162,-85.71428571416327,0.4285714285708162,0,-0.1428571428569387,-0.1428571428569388,-0.1428571428569387,0,0,0,0.1428571428569387,0.1428571428569388,0.1428571428569387,1.428571428569387e-10,1.428571428569388e-10,1.428571428569387e-10
18.8,85.71428571430613,85.71428571430613,85.71428571430613,-14.28571428569388,-14.28571428569387,-14.28571428569388,0,0,0.4285714285708163,200,85.71428571416327,0.1428571428569388,0.1428571428569387,0.1428571428569388,1e-09,1e-09,1e-09,1.428571428569388e-10,1.428571428569387e-10,1.428571428569388e-10,90,0.9,40,3,1,1,1,1,2,2,2,1,1,1,3,-0.1428571428569388,-0.1428571428569387,-0.1428571428569388,0.1428571428569388,0.1428571428569387,0.1428571428569388,-85.71428571416327,-85.71428571416327,-85.71428571416327,-0.1428571428569388,-0.1428571428569387,-0.1428571428569388,1.428571428569388e-10,1.428571428569387e-10,1.428571428569388e-10,-0.4285714285708163,-85.71428571416327,0.4285714285708163,0,-0.1428571428569388,-0.1428571428569387,-0.1428571428569388,0,0,0,0.1428571428569388,0.1428571428569387,0.1428571428569388,1.428571428569388e-10,1.428571428569387e-10,1.428571428569388e-10
18.9,85.71428571430611,85.71428571430611,85.71428571430611,-14.28571428569387,-14.28571428569388,-14.28571428569388,-8.326672684688674e-17,0,0.4285714285708163,200,85.71428571416325,0.1428571428569387,0.1428571428569388,0.1428571428569388,1e-09,1e-09,1e-09,1.428571428569387e-10,1.428571428569388e-10,1.428571428569388e-10,90,0.9,40,3,1,1,1,1,2,2,2,1,1,1,3,-0.1428571428569387,-0.1428571428569388,-0.1428571428569388,0.1428571428569387,0.1428571428569388,0.1428571428569388,-85.71428571416325,-85.71428571416325,-85.71428571416325,-0.1428571428569387,-0.1428571428569388,-0.1428571428569388,1.428571428569387e-10,1.428571428569388e-10,1.428571428569388e-10,-0.4285714285708163,-85.71428571416325,0.4285714285708163,0,-0.1428571428569387,-0.1428571428569388,-0.1428571428569388,0,0,0,0.1428571428569387,0.1428571428569388,0.1428571428569388,1.428571428569387e-10,1.428571428569388e-10,1.428571428569388e-10
19,85.71428571430613,85.71428571430613,85.71428571430613,-14.28571428569387,-14.28571428569388,-14.28571428569387,0,0,0.4285714285708162,200,85.71428571416327,0.1428571428569387,0.1428571428569388,0.1428571428569387,1e-09,1e-09,1e-09,1.428571428569387e-10,1.428571428569388e-10,1.428571428569387e-10,90,0.9,40,3,1,1,1,1,2,2,2,1,1,1,3,-0.1428571428569387,-0.1428571428569388,-0.1428571428569387,0.1428571428569387,0.1428571428569388,0.1428571428569387,-85.71428571416327,-85.71428571416327,-85.71428571416327,-0.1428571428569387,-0.1428571428569388,-0.1428571428569387,1.428571428569387e-10,1.428571428569388e-10,1.428571428569387e-10,-0.4285714285708162,-85.71428571416327,0.4285714285708162,0,-0.1428571428569387,-0.1428571428569388,-0.1428571428569387,0,0,0,0.1428571428569387,0.1428571428569388,0.1428571428569387,1.428571428569387e-10,1.428571428569388e-10,1.428571428569387e-10
19.00000000380023,85.71428571430613,85.71428571430613,85.71428571430613,-14.28571428569388,-14.28571428569387,-14.28571428569388,0,0,0.4285714285708163,200,85.71428571416327,0.1428571428569388,0.1428571428569387,0.1428571428569388,1e-09,1e-09,1e-09,1.428571428569388e-10,1.428571428569387e-10,1.428571428569388e-10,90,0.9,40,3,1,1,1,1,2,2,2,1,1,1,3,-0.1428571428569388,-0.1428571428569387,-0.1428571428569388,0.1428571428569388,0.1428571428569387,0.1428571428569388,-85.71428571416327,-85.71428571416327,-85.71428571416327,-0.1428571428569388,-0.1428571428569387,-0.1428571428569388,1.428571428569388e-10,1.428571428569387e-10,1.428571428569388e-10,-0.4285714285708163,-85.71428571416327,0.4285714285708163,0,-0.1428571428569388,-0.1428571428569387,-0.1428571428569388,0,0,0,0.1428571428569388,0.1428571428569387,0.1428571428569388,1.428571428569388e-10,1.428571428569387e-10,1.428571428569388e-10
19.00000000380023,62.26415094353863,62.26415094353863,62.26415094353863,-37.73584905646138,-37.73584905646137,-37.73584905646137,-1.110223024625157e-16,0,1.132075471693841,55,62.26415094316128,0.3773584905646138,0.3773584905646137,0.3773584905646137,1e-09,1e-09,1e-09,3.773584905646138e-10,3.773584905646137e-10,3.773584905646137e-10,90,0.9,11,3,1,1,1,1,2,2,2,1,1,1,3,-0.3773584905646138,-0.3773584905646137,-0.3773584905646137,0.3773584905646138,0.3773584905646137,0.3773584905646137,-62.26415094316128,-62.26415094316128,-62.26415094316128,-0.3773584905646138,-0.3773584905646137,-0.3773584905646137,3.773584905646138e-10,3.773584905646137e-10,3.773584905646137e-10,-1.132075471693841,-62.26415094316128,1.132075471693841,0,-0.3773584905646138,-0.3773584905646137,-0.3773584905646137,0,0,0,0.3773584905646138,0.3773584905646137,0.3773584905646137,3.773584905646138e-10,3.773584905646137e-10,3.773584905646137e-10
19.1,62.26415094353862,62.26415094353862,62.26415094353862,-37.73584905646138,-37.73584905646138,-37.73584905646138,-1.110223024625157e-16,0,1.132075471693841,55,62.26415094316127,0.3773584905646137,0.3773584905646137,0.3773584905646137,1e-09,1e-09,1e-09,3.773584905646138e-10,3.773584905646138e-10,3.773584905646138e-10,90,0.9,11,3,1,1,1,1,2,2,2,1,1,1,3,-0.3773584905646137,-0.3773584905646137,-0.3773584905646137,0.3773584905646137,0.3773584905646137,0.3773584905646137,-62.26415094316127,-62.26415094316127,-62.26415094316127,-0.3773584905646137,-0.3773584905646137,-0.3773584905646137,3.773584905646138e-10,3.773584905646138e-10,3.773584905646138e-10,-1.132075471693841,-62.26415094316127,1.132075471693841,0,-0.3773584905646137,-0.3773584905646137,-0.3773584905646137,0,0,0,0.3773584905646137,0.3773584905646137,0.3773584905646137,3.773584905646138e-10,3.773584905646138e-10,3.773584905646138e-10
19.2,62.26415094353862,62.26415094353862,62.26415094353862,-37.73584905646138,-37.73584905646138,-37.73584905646138,-1.110223024625157e-16,0,1.132075471693841,55,62.26415094316127,0.3773584905646137,0.3773584905646137,0.3773584905646137,1e-09,1e-09,1e-09,3.773584905646138e-10,3.773584905646138e-10,3.773584905646138e-10,90,0.9,11,3,1,1,1,1,2,2,2,1,1,1,3,-0.3773584905646137,-0.3773584905646137,-0.3773584905646137,0.3773584905646137,0.3773584905646137,0.3773584905646137,-62.26415094316127,-62.26415094316127,-62.26415094316127,-0.3773584905646137,-0.3773584905646137,-0.3773584905646137,3.773584905646138e-10,3.773584905646138e-10,3.773584905646138e-10,-1.132075471693841,-62.26415094316127,1.132075471693841,0,-0.3773584905646137,-0.3773584905646137,-0.3773584905646137,0,0,0,0.3773584905646137,0.3773584905646137,0.3773584905646137,3.773584905646138e-10,3.773584905646138e-10,3.773584905646138e-10
19.3,62.26415094353862,62.26415094353862,62.26415094353862,-37.73584905646138,-37.73584905646138,-37.73584905646138,-1.110223024625157e-16,0,1.132075471693841,55,62.26415094316127,0.3773584905646137,0.3773584905646137,0.3773584905646137,1e-09,1e-09,1e-09,3.773584905646138e-10,3.773584905646138e-10,3.773584905646138e-10,90,0.9,11,3,1,1,1,1,2,2,2,1,1,1,3,-0.3773584905646137,-0.3773584905646137,-0.3773584905646137,0.3773584905646137,0.3773584905646137,0.3773584905646137,-62.26415094316127,-62.26415094316127,-62.26415094316127,-0.3773584905646137,-0.3773584905646137,-0.3773584905646137,3.773584905646138e-10,3.773584905646138e-10,3.773584905646138e-10,-1.132075471693841,-62.26415094316127,1.132075471693841,0,-0.3773584905646137,-0.3773584905646137,-0.3773584905646137,0,0,0,0.3773584905646137,0.3773584905646137,0.3773584905646137,3.773584905646138e-10,3.773584905646138e-10,3.773584905646138e-10
19.4,62.26415094353862,62.26415094353862,62.26415094353862,-37.73584905646138,-37.73584905646138,-37.73584905646138,-1.110223024625157e-16,0,1.132075471693841,55,62.26415094316127,0.3773584905646137,0.3773584905646137,0.3773584905646137,1e-09,1e-09,1e-09,3.773584905646138e-10,3.773584905646138e-10,3.773584905646138e-10,90,0.9,11,3,1,1,1,1,2,2,2,1,1,1,3,-0.3773584905646137,-0.3773584905646137,-0.3773584905646137,0.3773584905646137,0.3773584905646137,0.3773584905646137,-62.26415094316127,-62.26415094316127,-62.26415094316127,-0.3773584905646137,-0.3773584905646137,-0.3773584905646137,3.773584905646138e-10,3.773584905646138e-10,3.773584905646138e-10,-1.132075471693841,-62.26415094316127,1.132075471693841,0,-0.3773584905646137,-0.3773584905646137,-0.3773584905646137,0,0,0,0.3773584905646137,0.3773584905646137,0.3773584905646137,3.773584905646138e-10,3.773584905646138e-10,3.773584905646138e-10
19.5,62.26415094353862,62.26415094353862,62.26415094353862,-37.73584905646138,-37.73584905646138,-37.73584905646138,-1.110223024625157e-16,0,1.132075471693841,55,62.26415094316127,0.3773584905646137,0.3773584905646137,0.3773584905646137,1e-09,1e-09,1e-09,3.773584905646138e-10,3.773584905646138e-10,3.773584905646138e-10,90,0.9,11,3,1,1,1,1,2,2,2,1,1,1,3,-0.3773584905646137,-0.3773584905646137,-0.3773584905646137,0.3773584905646137,0.3773584905646137,0.3773584905646137,-62.26415094316127,-62.26415094316127,-62.26415094316127,-0.3773584905646137,-0.3773584905646137,-0.3773584905646137,3.773584905646138e-10,3.773584905646138e-10,3.773584905646138e-10,-1.132075471693841,-62.26415094316127,1.132075471693841,0,-0.3773584905646137,-0.3773584905646137,-0.3773584905646137,0,0,0,0.3773584905646137,0.3773584905646137,0.3773584905646137,3.773584905646138e-10,3.773584905646138e-10,3.773584905646138e-10
19.6,62.26415094353862,62.26415094353862,62.26415094353862,-37.73584905646138,-37.73584905646138,-37.73584905646138,-1.110223024625157e-16,0,1.132075471693841,55,62.26415094316127,0.3773584905646137,0.3773584905646137,0.3773584905646137,1e-09,1e-09,1e-09,3.773584905646138e-10,3.773584905646138e-10,3.773584905646138e-10,90,0.9,11,3,1,1,1,1,2,2,2,1,1,1,3,-0.3773584905646137,-0.3773584905646137,-0.3773584905646137,0.3773584905646137,0.3773584905646137,0.3773584905646137,-62.26415094316127,-62.26415094316127,-62.26415094316127,-0.3773584905646137,-0.3773584905646137,-0.3773584905646137,3.773584905646138e-10,3.773584905646138e-10,3.773584905646138e-10,-1.132075471693841,-62.26415094316127,1.132075471693841,0,-0.3773584905646137,-0.3773584905646137,-0.3773584905646137,0,0,0,0.3773584905646137,0.3773584905646137,0.3773584905646137,3.773584905646138e-10,3.773584905646138e-10,3.773584905646138e-10
19.7,62.26415094353862,62.26415094353862,62.26415094353862,-37.73584905646138,-37.73584905646138,-37.73584905646138,-1.110223024625157e-16,0,1.132075471693841,55,62.26415094316127,0.3773584905646137,0.3773584905646137,0.3773584905646137,1e-09,1e-09,1e-09,3.773584905646138e-10,3.773584905646138e-10,3.773584905646138e-10,90,0.9,11,3,1,1,1,1,2,2,2,1,1,1,3,-0.3773584905646137,-0.3773584905646137,-0.3773584905646137,0.3773584905646137,0.3773584905646137,0.3773584905646137,-62.26415094316127,-62.26415094316127,-62.26415094316127,-0.3773584905646137,-0.3773584905646137,-0.3773584905646137,3.773584905646138e-10,3.773584905646138e-10,3.773584905646138e-10,-1.132075471693841,-62.26415094316127,1.132075471693841,0,-0.3773584905646137,-0.3773584905646137,-0.3773584905646137,0,0,0,0.3773584905646137,0.3773584905646137,0.3773584905646137,3.773584905646138e-10,3.773584905646138e-10,3.773584905646138e-10
19.8,62.26415094353862,62.26415094353862,62.26415094353862,-37.73584905646138,-37.73584905646138,-37.73584905646138,-1.110223024625157e-16,0,1.132075471693841,55,62.26415094316127,0.3773584905646137,0.3773584905646137,0.3773584905646137,1e-09,1e-09,1e-09,3.773584905646138e-10,3.773584905646138e-10,3.773584905646138e-10,90,0.9,11,3,1,1,1,1,2,2,2,1,1,1,3,-0.3773584905646137,-0.3773584905646137,-0.3773584905646137,0.3773584905646137,0.3773584905646137,0.3773584905646137,-62.26415094316127,-62.26415094316127,-62.26415094316127,-0.3773584905646137,-0.3773584905646137,-0.3773584905646137,3.773584905646138e-10,3.773584905646138e-10,3.773584905646138e-10,-1.132075471693841,-62.26415094316127,1.132075471693841,0,-0.3773584905646137,-0.3773584905646137,-0.3773584905646137,0,0,0,0.3773584905646137,0.3773584905646137,0.3773584905646137,3.773584905646138e-10,3.773584905646138e-10,3.773584905646138e-10
19.9,62.26415094353862,62.26415094353862,62.26415094353862,-37.73584905646138,-37.73584905646138,-37.73584905646138,-1.110223024625157e-16,0,1.132075471693841,55,62.26415094316127,0.3773584905646137,0.3773584905646137,0.3773584905646137,1e-09,1e-09,1e-09,3.773584905646138e-10,3.773584905646138e-10,3.773584905646138e-10,90,0.9,11,3,1,1,1,1,2,2,2,1,1,1,3,-0.3773584905646137,-0.3773584905646137,-0.3773584905646137,0.3773584905646137,0.3773584905646137,0.3773584905646137,-62.26415094316127,-62.26415094316127,-62.26415094316127,-0.3773584905646137,-0.3773584905646137,-0.3773584905646137,3.773584905646138e-10,3.773584905646138e-10,3.773584905646138e-10,-1.132075471693841,-62.26415094316127,1.132075471693841,0,-0.3773584905646137,-0.3773584905646137,-0.3773584905646137,0,0,0,0.3773584905646137,0.3773584905646137,0.3773584905646137,3.773584905646138e-10,3.773584905646138e-10,3.773584905646138e-10
20,62.26415094353862,62.26415094353862,62.26415094353862,-37.73584905646138,-37.73584905646138,-37.73584905646138,-1.110223024625157e-16,0,1.132075471693841,55,62.26415094316127,0.3773584905646137,0.3773584905646137,0.3773584905646137,1e-09,1e-09,1e-09,3.773584905646138e-10,3.773584905646138e-10,3.773584905646138e-10,90,0.9,11,3,1,1,1,1,2,2,2,1,1,1,3,-0.3773584905646137,-0.3773584905646137,-0.3773584905646137,0.3773584905646137,0.3773584905646137,0.3773584905646137,-62.26415094316127,-62.26415094316127,-62.26415094316127,-0.3773584905646137,-0.3773584905646137,-0.3773584905646137,3.773584905646138e-10,3.773584905646138e-10,3.773584905646138e-10,-1.132075471693841,-62.26415094316127,1.132075471693841,0,-0.3773584905646137,-0.3773584905646137,-0.3773584905646137,0,0,0,0.3773584905646137,0.3773584905646137,0.3773584905646137,3.773584905646138e-10,3.773584905646138e-10,3.773584905646138e-10
20.00000000400033,62.26415094353862,62.26415094353862,62.26415094353862,-37.73584905646138,-37.73584905646138,-37.73584905646138,-1.110223024625157e-16,0,1.132075471693841,55,62.26415094316127,0.3773584905646137,0.3773584905646137,0.3773584905646137,1e-09,1e-09,1e-09,3.773584905646138e-10,3.773584905646138e-10,3.773584905646138e-10,90,0.9,11,3,1,1,1,1,2,2,2,1,1,1,3,-0.3773584905646137,-0.3773584905646137,-0.3773584905646137,0.3773584905646137,0.3773584905646137,0.3773584905646137,-62.26415094316127,-62.26415094316127,-62.26415094316127,-0.3773584905646137,-0.3773584905646137,-0.3773584905646137,3.773584905646138e-10,3.773584905646138e-10,3.773584905646138e-10,-1.132075471693841,-62.26415094316127,1.132075471693841,0,-0.3773584905646137,-0.3773584905646137,-0.3773584905646137,0,0,0,0.3773584905646137,0.3773584905646137,0.3773584905646137,3.773584905646138e-10,3.773584905646138e-10,3.773584905646138e-10
20.00000000400033,87.95180779487696,87.95180779487696,99.9999987951809,-12.04819217841245,-12.04819229650249,-1.204819100042442e-06,0,0,0.2409638567973404,365,87.95180779475648,0.1204819217841245,0.1204819229650249,1.204819100042442e-08,1e-09,1e-09,1000000000,1.204819217841245e-10,1.204819229650249e-10,12.04819100042442,90,0.9,73,3,1,1,1,1,2,2,1,1,1,1,2,-0.1204819217841245,-0.1204819229650249,-1.204819100042442e-08,0.1204819217841245,0.1204819229650249,1.204819100042442e-08,-87.95180779475648,-87.95180779475648,-87.95180779475648,-0.1204819217841245,-0.1204819229650249,-1.204819100042442e-08,1.204819217841245e-10,1.204819229650249e-10,12.04819100042442,-0.2409638567973404,-87.95180779475648,0.2409638567973404,0,-0.1204819217841245,-0.1204819229650249,-1.204819100042442e-08,0,0,0,0.1204819217841245,0.1204819229650249,1.204819100042442e-08,1.204819217841245e-10,1.204819229650249e-10,12.04819100042442
20.1,87.95180775876027,87.95180775876027,99.9999987951809,-12.04819224123974,-12.04819224123973,-1.204819103654111e-06,1.387778780781446e-17,0,0.2409638568729857,365,87.95180775863979,0.1204819224123974,0.1204819224123973,1.204819103654111e-08,1e-09,1e-09,1000000000,1.204819224123974e-10,1.204819224123973e-10,12.04819103654111,90,0.9,73,3,1,1,1,1,2,2,1,1,1,1,2,-0.1204819224123974,-0.1204819224123973,-1.204819103654111e-08,0.1204819224123974,0.1204819224123973,1.204819103654111e-08,-87.95180775863979,-87.95180775863979,-87.95180775863979,-0.1204819224123974,-0.1204819224123973,-1.204819103654111e-08,1.204819224123974e-10,1.204819224123973e-10,12.04819103654111,-0.2409638568729857,-87.95180775863979,0.2409638568729857,0,-0.1204819224123974,-0.1204819224123973,-1.204819103654111e-08,0,0,0,0.1204819224123974,0.1204819224123973,1.204819103654111e-08,1.204819224123974e-10,1.204819224123973e-10,12.04819103654111
20.2,87.95180775876027,87.95180775876027,99.9999987951809,-12.04819224123974,-12.04819224123973,-1.204819103654111e-06,1.387778780781446e-17,0,0.2409638568729857,365,87.95180775863979,0.1204819224123974,0.1204819224123973,1.204819103654111e-08,1e-09,1e-09,1000000000,1.204819224123974e-10,1.204819224123973e-10,12.04819103654111,90,0.9,73,3,1,1,1,1,2,2,1,1,1,1,2,-0.1204819224123974,-0.1204819224123973,-1.204819103654111e-08,0.1204819224123974,0.1204819224123973,1.204819103654111e-08,-87.95180775863979,-87.95180775863979,-87.95180775863979,-0.1204819224123974,-0.1204819224123973,-1.204819103654111e-08,1.204819224123974e-10,1.204819224123973e-10,12.04819103654111,-0.2409638568729857,-87.95180775863979,0.2409638568729857,0,-0.1204819224123974,-0.1204819224123973,-1.204819103654111e-08,0,0,0,0.1204819224123974,0.1204819224123973,1.204819103654111e-08,1.204819224123974e-10,1.204819224123973e-10,12.04819103654111
20.3,87.95180775876027,87.95180775876027,99.9999987951809,-12.04819224123974,-12.04819224123973,-1.204819103654111e-06,1.387778780781446e-17,0,0.2409638568729857,365,87.95180775863979,0.1204819224123974,0.1204819224123973,1.204819103654111e-08,1e-09,1e-09,1000000000,1.204819224123974e-10,1.204819224123973e-10,12.04819103654111,90,0.9,73,3,1,1,1,1,2,2,1,1,1,1,2,-0.1204819224123974,-0.1204819224123973,-1.204819103654111e-08,0.1204819224123974,0.1204819224123973,1.204819103654111e-08,-87.95180775863979,-87.95180775863979,-87.95180775863979,-0.1204819224123974,-0.1204819224123973,-1.204819103654111e-08,1.204819224123974e-10,1.204819224123973e-10,12.04819103654111,-0.2409638568729857,-87.95180775863979,0.2409638568729857,0,-0.1204819224123974,-0.1204819224123973,-1.204819103654111e-08,0,0,0,0.1204819224123974,0.1204819224123973,1.204819103654111e-08,1.204819224123974e-10,1.204819224123973e-10,12.04819103654111
20.4,87.95180775876027,87.95180775876027,99.9999987951809,-12.04819224123974,-12.04819224123973,-1.204819103654111e-06,1.387778780781446e-17,0,0.2409638568729857,365,87.95180775863979,0.1204819224123974,0.1204819224123973,1.204819103654111e-08,1e-09,1e-09,1000000000,1.204819224123974e-10,1.204819224123973e-10,12.04819103654111,90,0.9,73,3,1,1,1,1,2,2,1,1,1,1,2,-0.1204819224123974,-0.1204819224123973,-1.204819103654111e-08,0.1204819224123974,0.1204819224123973,1.204819103654111e-08,-87.95180775863979,-87.95180775863979,-87.95180775863979,-0.1204819224123974,-0.1204819224123973,-1.204819103654111e-08,1.204819224123974e-10,1.204819224123973e-10,12.04819103654111,-0.2409638568729857,-87.95180775863979,0.2409638568729857,0,-0.1204819224123974,-0.1204819224123973,-1.204819103654111e-08,0,0,0,0.1204819224123974,0.1204819224123973,1.204819103654111e-08,1.204819224123974e-10,1.204819224123973e-10,12.04819103654111
20.5,87.95180775876027,87.95180775876027,99.9999987951809,-12.04819224123974,-12.04819224123973,-1.204819103654111e-06,1.387778780781446e-17,0,0.2409638568729857,365,87.95180775863979,0.1204819224123974,0.1204819224123973,1.204819103654111e-08,1e-09,1e-09,1000000000,1.204819224123974e-10,1.204819224123973e-10,12.04819103654111,90,0.9,73,3,1,1,1,1,2,2,1,1,1,1,2,-0.1204819224123974,-0.1204819224123973,-1.204819103654111e-08,0.1204819224123974,0.1204819224123973,1.204819103654111e-08,-87.95180775863979,-87.95180775863979,-87.95180775863979,-0.1204819224123974,-0.1204819224123973,-1.204819103654111e-08,1.204819224123974e-10,1.204819224123973e-10,12.04819103654111,-0.2409638568729857,-87.95180775863979,0.2409638568729857,0,-0.1204819224123974,-0.1204819224123973,-1.204819103654111e-08,0,0,0,0.1204819224123974,0.1204819224123973,1.204819103654111e-08,1.204819224123974e-10,1.204819224123973e-10,12.04819103654111
20.6,87.95180775876027,87.95180775876027,99.9999987951809,-12.04819224123974,-12.04819224123973,-1.204819103654111e-06,1.387778780781446e-17,0,0.2409638568729857,365,87.95180775863979,0.1204819224123974,0.1204819224123973,1.204819103654111e-08,1e-09,1e-09,1000000000,1.204819224123974e-10,1.204819224123973e-10,12.04819103654111,90,0.9,73,3,1,1,1,1,2,2,1,1,1,1,2,-0.1204819224123974,-0.1204819224123973,-1.204819103654111e-08,0.1204819224123974,0.1204819224123973,1.204819103654111e-08,-87.95180775863979,-87.95180775863979,-87.95180775863979,-0.1204819224123974,-0.1204819224123973,-1.204819103654111e-08,1.204819224123974e-10,1.204819224123973e-10,12.04819103654111,-0.2409638568729857,-87.95180775863979,0.2409638568729857,0,-0.1204819224123974,-0.1204819224123973,-1.204819103654111e-08,0,0,0,0.1204819224123974,0.1204819224123973,1.204819103654111e-08,1.204819224123974e-10,1.204819224123973e-10,12.04819103654111
20.7,87.95180775876027,87.95180775876027,99.9999987951809,-12.04819224123974,-12.04819224123973,-1.204819103654111e-06,1.387778780781446e-17,0,0.2409638568729857,365,87.95180775863979,0.1204819224123974,0.1204819224123973,1.204819103654111e-08,1e-09,1e-09,1000000000,1.204819224123974e-10,1.204819224123973e-10,12.04819103654111,90,0.9,73,3,1,1,1,1,2,2,1,1,1,1,2,-0.1204819224123974,-0.1204819224123973,-1.204819103654111e-08,0.1204819224123974,0.1204819224123973,1.204819103654111e-08,-87.95180775863979,-87.95180775863979,-87.95180775863979,-0.1204819224123974,-0.1204819224123973,-1.204819103654111e-08,1.204819224123974e-10,1.204819224123973e-10,12.04819103654111,-0.2409638568729857,-87.95180775863979,0.2409638568729857,0,-0.1204819224123974,-0.1204819224123973,-1.204819103654111e-08,0,0,0,0.1204819224123974,0.1204819224123973,1.204819103654111e-08,1.204819224123974e-10,1.204819224123973e-10,12.04819103654111
20.8,87.95180775876027,87.95180775876027,99.9999987951809,-12.04819224123974,-12.04819224123973,-1.204819103654111e-06,1.387778780781446e-17,0,0.2409638568729857,365,87.95180775863979,0.1204819224123974,0.1204819224123973,1.204819103654111e-08,1e-09,1e-09,1000000000,1.204819224123974e-10,1.204819224123973e-10,12.04819103654111,90,0.9,73,3,1,1,1,1,2,2,1,1,1,1,2,-0.1204819224123974,-0.1204819224123973,-1.204819103654111e-08,0.1204819224123974,0.1204819224123973,1.204819103654111e-08,-87.95180775863979,-87.95180775863979,-87.95180775863979,-0.1204819224123974,-0.1204819224123973,-1.204819103654111e-08,1.204819224123974e-10,1.204819224123973e-10,12.04819103654111,-0.2409638568729857,-87.95180775863979,0.2409638568729857,0,-0.1204819224123974,-0.1204819224123973,-1.204819103654111e-08,0,0,0,0.1204819224123974,0.1204819224123973,1.204819103654111e-08,1.204819224123974e-10,1.204819224123973e-10,12.04819103654111
20.9,87.95180775876027,87.95180775876027,99.9999987951809,-12.04819224123974,-12.04819224123973,-1.204819103654111e-06,1.387778780781446e-17,0,0.2409638568729857,365,87.95180775863979,0.1204819224123974,0.1204819224123973,1.204819103654111e-08,1e-09,1e-09,1000000000,1.204819224123974e-10,1.204819224123973e-10,12.04819103654111,90,0.9,73,3,1,1,1,1,2,2,1,1,1,1,2,-0.1204819224123974,-0.1204819224123973,-1.204819103654111e-08,0.1204819224123974,0.1204819224123973,1.204819103654111e-08,-87.95180775863979,-87.95180775863979,-87.95180775863979,-0.1204819224123974,-0.1204819224123973,-1.204819103654111e-08,1.204819224123974e-10,1.204819224123973e-10,12.04819103654111,-0.2409638568729857,-87.95180775863979,0.2409638568729857,0,-0.1204819224123974,-0.1204819224123973,-1.204819103654111e-08,0,0,0,0.1204819224123974,0.1204819224123973,1.204819103654111e-08,1.204819224123974e-10,1.204819224123973e-10,12.04819103654111
21,87.95180775876027,87.95180775876027,99.9999987951809,-12.04819224123974,-12.04819224123973,-1.204819103654111e-06,1.387778780781446e-17,0,0.2409638568729857,365,87.95180775863979,0.1204819224123974,0.1204819224123973,1.204819103654111e-08,1e-09,1e-09,1000000000,1.204819224123974e-10,1.204819224123973e-10,12.04819103654111,90,0.9,73,3,1,1,1,1,2,2,1,1,1,1,2,-0.1204819224123974,-0.1204819224123973,-1.204819103654111e-08,0.1204819224123974,0.1204819224123973,1.204819103654111e-08,-87.95180775863979,-87.95180775863979,-87.95180775863979,-0.1204819224123974,-0.1204819224123973,-1.204819103654111e-08,1.204819224123974e-10,1.204819224123973e-10,12.04819103654111,-0.2409638568729857,-87.95180775863979,0.2409638568729857,0,-0.1204819224123974,-0.1204819224123973,-1.204819103654111e-08,0,0,0,0.1204819224123974,0.1204819224123973,1.204819103654111e-08,1.204819224123974e-10,1.204819224123973e-10,12.04819103654111
21.00000000420041,87.95180775876027,87.95180775876027,99.9999987951809,-12.04819224123974,-12.04819224123973,-1.204819103654111e-06,1.387778780781446e-17,0,0.2409638568729857,365,87.95180775863979,0.1204819224123974,0.1204819224123973,1.204819103654111e-08,1e-09,1e-09,1000000000,1.204819224123974e-10,1.204819224123973e-10,12.04819103654111,90,0.9,73,3,1,1,1,1,2,2,1,1,1,1,2,-0.1204819224123974,-0.1204819224123973,-1.204819103654111e-08,0.1204819224123974,0.1204819224123973,1.204819103654111e-08,-87.95180775863979,-87.95180775863979,-87.95180775863979,-0.1204819224123974,-0.1204819224123973,-1.204819103654111e-08,1.204819224123974e-10,1.204819224123973e-10,12.04819103654111,-0.2409638568729857,-87.95180775863979,0.2409638568729857,0,-0.1204819224123974,-0.1204819224123973,-1.204819103654111e-08,0,0,0,0.1204819224123974,0.1204819224123973,1.204819103654111e-08,1.204819224123974e-10,1.204819224123973e-10,12.04819103654111
21.00000000420041,84.00000000002559,84.00000000002559,84.00000000002559,-15.99999999997441,-15.99999999997439,-15.9999999999744,5.551115123125783e-17,0,0.479999999999232,175,83.99999999986559,0.1599999999997441,0.1599999999997439,0.159999999999744,1e-09,1e-09,1e-09,1.599999999997441e-10,1.59999999999744e-10,1.59999999999744e-10,90,0.9,35,3,1,1,1,1,2,2,2,1,1,1,3,-0.1599999999997441,-0.1599999999997439,-0.159999999999744,0.1599999999997441,0.1599999999997439,0.159999999999744,-83.99999999986559,-83.99999999986559,-83.99999999986559,-0.1599999999997441,-0.1599999999997439,-0.159999999999744,1.599999999997441e-10,1.59999999999744e-10,1.59999999999744e-10,-0.479999999999232,-83.99999999986559,0.479999999999232,0,-0.1599999999997441,-0.1599999999997439,-0.159999999999744,0,0,0,0.1599999999997441,0.1599999999997439,0.159999999999744,1.599999999997441e-10,1.59999999999744e-10,1.59999999999744e-10
21.1,84.00000000002561,84.00000000002561,84.00000000002561,-15.9999999999744,-15.9999999999744,-15.9999999999744,0,0,0.479999999999232,175,83.99999999986561,0.159999999999744,0.159999999999744,0.159999999999744,1e-09,1e-09,1e-09,1.599999999997441e-10,1.599999999997441e-10,1.59999999999744e-10,90,0.9,35,3,1,1,1,1,2,2,2,1,1,1,3,-0.159999999999744,-0.159999999999744,-0.159999999999744,0.159999999999744,0.159999999999744,0.159999999999744,-83.99999999986561,-83.99999999986561,-83.99999999986561,-0.159999999999744,-0.159999999999744,-0.159999999999744,1.599999999997441e-10,1.599999999997441e-10,1.59999999999744e-10,-0.479999999999232,-83.99999999986561,0.479999999999232,0,-0.159999999999744,-0.159999999999744,-0.159999999999744,0,0,0,0.159999999999744,0.159999999999744,0.159999999999744,1.599999999997441e-10,1.599999999997441e-10,1.59999999999744e-10
21.2,84.00000000002559,84.00000000002559,84.00000000002559,-15.9999999999744,-15.9999999999744,-15.99999999997441,2.775557561562891e-17,0,0.479999999999232,175,83.99999999986559,0.159999999999744,0.159999999999744,0.1599999999997441,1e-09,1e-09,1e-09,1.59999999999744e-10,1.59999999999744e-10,1.599999999997441e-10,90,0.9,35,3,1,1,1,1,2,2,2,1,1,1,3,-0.159999999999744,-0.159999999999744,-0.1599999999997441,0.159999999999744,0.159999999999744,0.1599999999997441,-83.99999999986559,-83.99999999986559,-83.99999999986559,-0.159999999999744,-0.159999999999744,-0.1599999999997441,1.59999999999744e-10,1.59999999999744e-10,1.599999999997441e-10,-0.479999999999232,-83.99999999986559,0.479999999999232,0,-0.159999999999744,-0.159999999999744,-0.1599999999997441,0,0,0,0.159999999999744,0.159999999999744,0.1599999999997441,1.59999999999744e-10,1.59999999999744e-10,1.599999999997441e-10
21.3,84.00000000002561,84.00000000002561,84.00000000002561,-15.9999999999744,-15.9999999999744,-15.9999999999744,0,0,0.479999999999232,175,83.99999999986561,0.159999999999744,0.159999999999744,0.159999999999744,1e-09,1e-09,1e-09,1.59999999999744e-10,1.59999999999744e-10,1.59999999999744e-10,90,0.9,35,3,1,1,1,1,2,2,2,1,1,1,3,-0.159999999999744,-0.159999999999744,-0.159999999999744,0.159999999999744,0.159999999999744,0.159999999999744,-83.99999999986561,-83.99999999986561,-83.99999999986561,-0.159999999999744,-0.159999999999744,-0.159999999999744,1.59999999999744e-10,1.59999999999744e-10,1.59999999999744e-10,-0.479999999999232,-83.99999999986561,0.479999999999232,0,-0.159999999999744,-0.159999999999744,-0.159999999999744,0,0,0,0.159999999999744,0.159999999999744,0.159999999999744,1.59999999999744e-10,1.59999999999744e-10,1.59999999999744e-10
21.4,84.00000000002559,84.00000000002559,84.00000000002559,-15.9999999999744,-15.9999999999744,-15.99999999997441,2.775557561562891e-17,0,0.479999999999232,175,83.99999999986559,0.159999999999744,0.159999999999744,0.1599999999997441,1e-09,1e-09,1e-09,1.59999999999744e-10,1.59999999999744e-10,1.599999999997441e-10,90,0.9,35,3,1,1,1,1,2,2,2,1,1,1,3,-0.159999999999744,-0.159999999999744,-0.1599999999997441,0.159999999999744,0.159999999999744,0.1599999999997441,-83.99999999986559,-83.99999999986559,-83.99999999986559,-0.159999999999744,-0.159999999999744,-0.1599999999997441,1.59999999999744e-10,1.59999999999744e-10,1.599999999997441e-10,-0.479999999999232,-83.99999999986559,0.479999999999232,0,-0.159999999999744,-0.159999999999744,-0.1599999999997441,0,0,0,0.159999999999744,0.159999999999744,0.1599999999997441,1.59999999999744e-10,1.59999999999744e-10,1.599999999997441e-10
21.5,84.00000000002561,84.00000000002561,84.00000000002561,-15.9999999999744,-15.9999999999744,-15.9999999999744,0,0,0.479999999999232,175,83.99999999986561,0.159999999999744,0.159999999999744,0.159999999999744,1e-09,1e-09,1e-09,1.59999999999744e-10,1.59999999999744e-10,1.59999999999744e-10,90,0.9,35,3,1,1,1,1,2,2,2,1,1,1,3,-0.159999999999744,-0.159999999999744,-0.159999999999744,0.159999999999744,0.159999999999744,0.159999999999744,-83.99999999986561,-83.99999999986561,-83.99999999986561,-0.159999999999744,-0.159999999999744,-0.159999999999744,1.59999999999744e-10,1.59999999999744e-10,1.59999999999744e-10,-0.479999999999232,-83.99999999986561,0.479999999999232,0,-0.159999999999744,-0.159999999999744,-0.159999999999744,0,0,0,0.159999999999744,0.159999999999744,0.159999999999744,1.59999999999744e-10,1.59999999999744e-10,1.59999999999744e-10
21.6,84.00000000002559,84.00000000002559,84.00000000002559,-15.9999999999744,-15.9999999999744,-15.99999999997441,2.775557561562891e-17,0,0.479999999999232,175,83.99999999986559,0.159999999999744,0.159999999999744,0.1599999999997441,1e-09,1e-09,1e-09,1.59999999999744e-10,1.59999999999744e-10,1.599999999997441e-10,90,0.9,35,3,1,1,1,1,2,2,2,1,1,1,3,-0.159999999999744,-0.159999999999744,-0.1599999999997441,0.159999999999744,0.159999999999744,0.1599999999997441,-83.99999999986559,-83.99999999986559,-83.99999999986559,-0.159999999999744,-0.159999999999744,-0.1599999999997441,1.59999999999744e-10,1.59999999999744e-10,1.599999999997441e-10,-0.479999999999232,-83.99999999986559,0.479999999999232,0,-0.159999999999744,-0.159999999999744,-0.1599999999997441,0,0,0,0.159999999999744,0.159999999999744,0.1599999999997441,1.59999999999744e-10,1.59999999999744e-10,1.599999999997441e-10
21.7,84.00000000002561,84.00000000002561,84.00000000002561,-15.9999999999744,-15.9999999999744,-15.9999999999744,0,0,0.479999999999232,175,83.99999999986561,0.159999999999744,0.159999999999744,0.159999999999744,1e-09,1e-09,1e-09,1.59999999999744e-10,1.59999999999744e-10,1.59999999999744e-10,90,0.9,35,3,1,1,1,1,2,2,2,1,1,1,3,-0.159999999999744,-0.159999999999744,-0.159999999999744,0.159999999999744,0.159999999999744,0.159999999999744,-83.99999999986561,-83.99999999986561,-83.99999999986561,-0.159999999999744,-0.159999999999744,-0.159999999999744,1.59999999999744e-10,1.59999999999744e-10,1.59999999999744e-10,-0.479999999999232,-83.99999999986561,0.479999999999232,0,-0.159999999999744,-0.159999999999744,-0.159999999999744,0,0,0,0.159999999999744,0.159999999999744,0.159999999999744,1.59999999999744e-10,1.59999999999744e-10,1.59999999999744e-10
21.8,84.00000000002559,84.00000000002559,84.00000000002559,-15.9999999999744,-15.9999999999744,-15.99999999997441,2.775557561562891e-17,0,0.479999999999232,175,83.99999999986559,0.159999999999744,0.159999999999744,0.1599999999997441,1e-09,1e-09,1e-09,1.59999999999744e-10,1.59999999999744e-10,1.599999999997441e-10,90,0.9,35,3,1,1,1,1,2,2,2,1,1,1,3,-0.159999999999744,-0.159999999999744,-0.1599999999997441,0.159999999999744,0.159999999999744,0.1599999999997441,-83.99999999986559,-83.99999999986559,-83.99999999986559,-0.159999999999744,-0.159999999999744,-0.1599999999997441,1.59999999999744e-10,1.59999999999744e-10,1.599999999997441e-10,-0.479999999999232,-83.99999999986559,0.479999999999232,0,-0.159999999999744,-0.159999999999744,-0.1599999999997441,0,0,0,0.159999999999744,0.159999999999744,0.1599999999997441,1.59999999999744e-10,1.59999999999744e-10,1.599999999997441e-10
21.9,84.00000000002561,84.00000000002561,84.00000000002561,-15.9999999999744,-15.9999999999744,-15.9999999999744,0,0,0.479999999999232,175,83.99999999986561,0.159999999999744,0.159999999999744,0.159999999999744,1e-09,1e-09,1e-09,1.59999999999744e-10,1.59999999999744e-10,1.59999999999744e-10,90,0.9,35,3,1,1,1,1,2,2,2,1,1,1,3,-0.159999999999744,-0.159999999999744,-0.159999999999744,0.159999999999744,0.159999999999744,0.159999999999744,-83.99999999986561,-83.99999999986561,-83.99999999986561,-0.159999999999744,-0.159999999999744,-0.159999999999744,1.59999999999744e-10,1.59999999999744e-10,1.59999999999744e-10,-0.479999999999232,-83.99999999986561,0.479999999999232,0,-0.159999999999744,-0.159999999999744,-0.159999999999744,0,0,0,0.159999999999744,0.159999999999744,0.159999999999744,1.59999999999744e-10,1.59999999999744e-10,1.59999999999744e-10
22,84.00000000002559,84.00000000002559,84.00000000002559,-15.9999999999744,-15.9999999999744,-15.99999999997441,2.775557561562891e-17,0,0.479999999999232,175,83.99999999986559,0.159999999999744,0.159999999999744,0.1599999999997441,1e-09,1e-09,1e-09,1.59999999999744e-10,1.59999999999744e-10,1.599999999997441e-10,90,0.9,35,3,1,1,1,1,2,2,2,1,1,1,3,-0.159999999999744,-0.159999999999744,-0.1599999999997441,0.159999999999744,0.159999999999744,0.1599999999997441,-83.99999999986559,-83.99999999986559,-83.99999999986559,-0.159999999999744,-0.159999999999744,-0.1599999999997441,1.59999999999744e-10,1.59999999999744e-10,1.599999999997441e-10,-0.479999999999232,-83.99999999986559,0.479999999999232,0,-0.159999999999744,-0.159999999999744,-0.1599999999997441,0,0,0,0.159999999999744,0.159999999999744,0.1599999999997441,1.59999999999744e-10,1.59999999999744e-10,1.599999999997441e-10
22.0000000044005,84.00000000002561,84.00000000002561,84.00000000002561,-15.9999999999744,-15.9999999999744,-15.9999999999744,0,0,0.479999999999232,175,83.99999999986561,0.159999999999744,0.159999999999744,0.159999999999744,1e-09,1e-09,1e-09,1.59999999999744e-10,1.59999999999744e-10,1.59999999999744e-10,90,0.9,35,3,1,1,1,1,2,2,2,1,1,1,3,-0.159999999999744,-0.159999999999744,-0.159999999999744,0.159999999999744,0.159999999999744,0.159999999999744,-83.99999999986561,-83.99999999986561,-83.99999999986561,-0.159999999999744,-0.159999999999744,-0.159999999999744,1.59999999999744e-10,1.59999999999744e-10,1.59999999999744e-10,-0.479999999999232,-83.99999999986561,0.479999999999232,0,-0.159999999999744,-0.159999999999744,-0.159999999999744,0,0,0,0.159999999999744,0.159999999999744,0.159999999999744,1.59999999999744e-10,1.59999999999744e-10,1.59999999999744e-10
22.0000000044005,82.14286008516898,99.99999821428619,99.99999821428619,-17.85713992537674,-1.785713812929579e-06,-1.785713812929579e-06,0,0,0.1785714349680436,460,82.1428600849904,0.1785713992537674,1.785713812929579e-08,1.785713812929579e-08,1e-09,1000000000,1000000000,1.785713992537674e-10,17.85713812929579,17.85713812929579,90,0.9,92,3,1,1,1,1,2,1,1,1,1,1,1,-0.1785713992537674,-1.785713812929579e-08,-1.785713812929579e-08,0.1785713992537674,1.785713812929579e-08,1.785713812929579e-08,-82.1428600849904,-82.1428600849904,-82.1428600849904,-0.1785713992537674,-1.785713812929579e-08,-1.785713812929579e-08,1.785713992537674e-10,17.85713812929579,17.85713812929579,-0.1785714349680436,-82.1428600849904,0.1785714349680436,0,-0.1785713992537674,-1.785713812929579e-08,-1.785713812929579e-08,0,0,0,0.1785713992537674,1.785713812929579e-08,1.785713812929579e-08,1.785713992537674e-10,17.85713812929579,17.85713812929579
22.1,82.1428600765617,99.99999821428618,99.99999821428618,-17.85713992343827,-1.785713813790305e-06,-1.785713813790305e-06,-2.775557561562891e-17,0,0.178571434948659,460,82.14286007638313,0.1785713992343827,1.785713813790305e-08,1.785713813790305e-08,1e-09,1000000000,1000000000,1.785713992343827e-10,17.85713813790305,17.85713813790305,90,0.9,92,3,1,1,1,1,2,1,1,1,1,1,1,-0.1785713992343827,-1.785713813790305e-08,-1.785713813790305e-08,0.1785713992343827,1.785713813790305e-08,1.785713813790305e-08,-82.14286007638313,-82.14286007638313,-82.14286007638313,-0.1785713992343827,-1.785713813790305e-08,-1.785713813790305e-08,1.785713992343827e-10,17.85713813790305,17.85713813790305,-0.178571434948659,-82.14286007638313,0.178571434948659,0,-0.1785713992343827,-1.785713813790305e-08,-1.785713813790305e-08,0,0,0,0.1785713992343827,1.785713813790305e-08,1.785713813790305e-08,1.785713992343827e-10,17.85713813790305,17.85713813790305
22.2,82.14286007656173,99.99999821428618,99.99999821428618,-17.85713992343828,-1.785713813790302e-06,-1.785713813790302e-06,-2.775557561562891e-17,0,0.178571434948659,460,82.14286007638316,0.1785713992343828,1.785713813790302e-08,1.785713813790302e-08,1e-09,1000000000,1000000000,1.785713992343828e-10,17.85713813790302,17.85713813790302,90,0.9,92,3,1,1,1,1,2,1,1,1,1,1,1,-0.1785713992343828,-1.785713813790302e-08,-1.785713813790302e-08,0.1785713992343828,1.785713813790302e-08,1.785713813790302e-08,-82.14286007638316,-82.14286007638316,-82.14286007638316,-0.1785713992343828,-1.785713813790302e-08,-1.785713813790302e-08,1.785713992343828e-10,17.85713813790302,17.85713813790302,-0.178571434948659,-82.14286007638316,0.178571434948659,0,-0.1785713992343828,-1.785713813790302e-08,-1.785713813790302e-08,0,0,0,0.1785713992343828,1.785713813790302e-08,1.785713813790302e-08,1.785713992343828e-10,17.85713813790302,17.85713813790302
22.3,82.14286007656173,99.99999821428618,99.99999821428618,-17.85713992343828,-1.785713813790302e-06,-1.785713813790302e-06,-2.775557561562891e-17,0,0.178571434948659,460,82.14286007638316,0.1785713992343828,1.785713813790302e-08,1.785713813790302e-08,1e-09,1000000000,1000000000,1.785713992343828e-10,17.85713813790302,17.85713813790302,90,0.9,92,3,1,1,1,1,2,1,1,1,1,1,1,-0.1785713992343828,-1.785713813790302e-08,-1.785713813790302e-08,0.1785713992343828,1.785713813790302e-08,1.785713813790302e-08,-82.14286007638316,-82.14286007638316,-82.14286007638316,-0.1785713992343828,-1.785713813790302e-08,-1.785713813790302e-08,1.785713992343828e-10,17.85713813790302,17.85713813790302,-0.178571434948659,-82.14286007638316,0.178571434948659,0,-0.1785713992343828,-1.785713813790302e-08,-1.785713813790302e-08,0,0,0,0.1785713992343828,1.785713813790302e-08,1.785713813790302e-08,1.785713992343828e-10,17.85713813790302,17.85713813790302
22.4,82.14286007656173,99.99999821428618,99.99999821428618,-17.85713992343828,-1.785713813790302e-06,-1.785713813790302e-06,-2.775557561562891e-17,0,0.178571434948659,460,82.14286007638316,0.1785713992343828,1.785713813790302e-08,1.785713813790302e-08,1e-09,1000000000,1000000000,1.785713992343828e-10,17.85713813790302,17.85713813790302,90,0.9,92,3,1,1,1,1,2,1,1,1,1,1,1,-0.1785713992343828,-1.785713813790302e-08,-1.785713813790302e-08,0.1785713992343828,1.785713813790302e-08,1.785713813790302e-08,-82.14286007638316,-82.14286007638316,-82.14286007638316,-0.1785713992343828,-1.785713813790302e-08,-1.785713813790302e-08,1.785713992343828e-10,17.85713813790302,17.85713813790302,-0.178571434948659,-82.14286007638316,0.178571434948659,0,-0.1785713992343828,-1.785713813790302e-08,-1.785713813790302e-08,0,0,0,0.1785713992343828,1.785713813790302e-08,1.785713813790302e-08,1.785713992343828e-10,17.85713813790302,17.85713813790302
22.5,82.14286007656173,99.99999821428618,99.99999821428618,-17.85713992343828,-1.785713813790302e-06,-1.785713813790302e-06,-2.775557561562891e-17,0,0.178571434948659,460,82.14286007638316,0.1785713992343828,1.785713813790302e-08,1.785713813790302e-08,1e-09,1000000000,1000000000,1.785713992343828e-10,17.85713813790302,17.85713813790302,90,0.9,92,3,1,1,1,1,2,1,1,1,1,1,1,-0.1785713992343828,-1.785713813790302e-08,-1.785713813790302e-08,0.1785713992343828,1.785713813790302e-08,1.785713813790302e-08,-82.14286007638316,-82.14286007638316,-82.14286007638316,-0.1785713992343828,-1.785713813790302e-08,-1.785713813790302e-08,1.785713992343828e-10,17.85713813790302,17.85713813790302,-0.178571434948659,-82.14286007638316,0.178571434948659,0,-0.1785713992343828,-1.785713813790302e-08,-1.785713813790302e-08,0,0,0,0.1785713992343828,1.785713813790302e-08,1.785713813790302e-08,1.785713992343828e-10,17.85713813790302,17.85713813790302
22.6,82.14286007656173,99.99999821428618,99.99999821428618,-17.85713992343828,-1.785713813790302e-06,-1.785713813790302e-06,-2.775557561562891e-17,0,0.178571434948659,460,82.14286007638316,0.1785713992343828,1.785713813790302e-08,1.785713813790302e-08,1e-09,1000000000,1000000000,1.785713992343828e-10,17.85713813790302,17.85713813790302,90,0.9,92,3,1,1,1,1,2,1,1,1,1,1,1,-0.1785713992343828,-1.785713813790302e-08,-1.785713813790302e-08,0.1785713992343828,1.785713813790302e-08,1.785713813790302e-08,-82.14286007638316,-82.14286007638316,-82.14286007638316,-0.1785713992343828,-1.785713813790302e-08,-1.785713813790302e-08,1.785713992343828e-10,17.85713813790302,17.85713813790302,-0.178571434948659,-82.14286007638316,0.178571434948659,0,-0.1785713992343828,-1.785713813790302e-08,-1.785713813790302e-08,0,0,0,0.1785713992343828,1.785713813790302e-08,1.785713813790302e-08,1.785713992343828e-10,17.85713813790302,17.85713813790302
22.7,82.14286007656173,99.99999821428618,99.99999821428618,-17.85713992343828,-1.785713813790302e-06,-1.785713813790302e-06,-2.775557561562891e-17,0,0.178571434948659,460,82.14286007638316,0.1785713992343828,1.785713813790302e-08,1.785713813790302e-08,1e-09,1000000000,1000000000,1.785713992343828e-10,17.85713813790302,17.85713813790302,90,0.9,92,3,1,1,1,1,2,1,1,1,1,1,1,-0.1785713992343828,-1.785713813790302e-08,-1.785713813790302e-08,0.1785713992343828,1.785713813790302e-08,1.785713813790302e-08,-82.14286007638316,-82.14286007638316,-82.14286007638316,-0.1785713992343828,-1.785713813790302e-08,-1.785713813790302e-08,1.785713992343828e-10,17.85713813790302,17.85713813790302,-0.178571434948659,-82.14286007638316,0.178571434948659,0,-0.1785713992343828,-1.785713813790302e-08,-1.785713813790302e-08,0,0,0,0.1785713992343828,1.785713813790302e-08,1.785713813790302e-08,1.785713992343828e-10,17.85713813790302,17.85713813790302
22.8,82.14286007656173,99.99999821428618,99.99999821428618,-17.85713992343828,-1.785713813790302e-06,-1.785713813790302e-06,-2.775557561562891e-17,0,0.178571434948659,460,82.14286007638316,0.1785713992343828,1.785713813790302e-08,1.785713813790302e-08,1e-09,1000000000,1000000000,1.785713992343828e-10,17.85713813790302,17.85713813790302,90,0.9,92,3,1,1,1,1,2,1,1,1,1,1,1,-0.1785713992343828,-1.785713813790302e-08,-1.785713813790302e-08,0.1785713992343828,1.785713813790302e-08,1.785713813790302e-08,-82.14286007638316,-82.14286007638316,-82.14286007638316,-0.1785713992343828,-1.785713813790302e-08,-1.785713813790302e-08,1.785713992343828e-10,17.85713813790302,17.85713813790302,-0.178571434948659,-82.14286007638316,0.178571434948659,0,-0.1785713992343828,-1.785713813790302e-08,-1.785713813790302e-08,0,0,0,0.1785713992343828,1.785713813790302e-08,1.785713813790302e-08,1.785713992343828e-10,17.85713813790302,17.85713813790302
22.9,82.14286007656173,99.99999821428618,99.99999821428618,-17.85713992343828,-1.785713813790302e-06,-1.785713813790302e-06,-2.775557561562891e-17,0,0.178571434948659,460,82.14286007638316,0.1785713992343828,1.785713813790302e-08,1.785713813790302e-08,1e-09,1000000000,1000000000,1.785713992343828e-10,17.85713813790302,17.85713813790302,90,0.9,92,3,1,1,1,1,2,1,1,1,1,1,1,-0.1785713992343828,-1.785713813790302e-08,-1.785713813790302e-08,0.1785713992343828,1.785713813790302e-08,1.785713813790302e-08,-82.14286007638316,-82.14286007638316,-82.14286007638316,-0.1785713992343828,-1.785713813790302e-08,-1.785713813790302e-08,1.785713992343828e-10,17.85713813790302,17.85713813790302,-0.178571434948659,-82.14286007638316,0.178571434948659,0,-0.1785713992343828,-1.785713813790302e-08,-1.785713813790302e-08,0,0,0,0.1785713992343828,1.785713813790302e-08,1.785713813790302e-08,1.785713992343828e-10,17.85713813790302,17.85713813790302
23,82.14286007656173,99.99999821428618,99.99999821428618,-17.85713992343828,-1.785713813790302e-06,-1.785713813790302e-06,-2.775557561562891e-17,0,0.178571434948659,460,82.14286007638316,0.1785713992343828,1.785713813790302e-08,1.785713813790302e-08,1e-09,1000000000,1000000000,1.785713992343828e-10,17.85713813790302,17.85713813790302,90,0.9,92,3,1,1,1,1,2,1,1,1,1,1,1,-0.1785713992343828,-1.785713813790302e-08,-1.785713813790302e-08,0.1785713992343828,1.785713813790302e-08,1.785713813790302e-08,-82.14286007638316,-82.14286007638316,-82.14286007638316,-0.1785713992343828,-1.785713813790302e-08,-1.785713813790302e-08,1.785713992343828e-10,17.85713813790302,17.85713813790302,-0.178571434948659,-82.14286007638316,0.178571434948659,0,-0.1785713992343828,-1.785713813790302e-08,-1.785713813790302e-08,0,0,0,0.1785713992343828,1.785713813790302e-08,1.785713813790302e-08,1.785713992343828e-10,17.85713813790302,17.85713813790302
23.00000000460059,82.14286007656173,99.99999821428618,99.99999821428618,-17.85713992343828,-1.785713813790302e-06,-1.785713813790302e-06,-2.775557561562891e-17,0,0.178571434948659,460,82.14286007638316,0.1785713992343828,1.785713813790302e-08,1.785713813790302e-08,1e-09,1000000000,1000000000,1.785713992343828e-10,17.85713813790302,17.85713813790302,90,0.9,92,3,1,1,1,1,2,1,1,1,1,1,1,-0.1785713992343828,-1.785713813790302e-08,-1.785713813790302e-08,0.1785713992343828,1.785713813790302e-08,1.785713813790302e-08,-82.14286007638316,-82.14286007638316,-82.14286007638316,-0.1785713992343828,-1.785713813790302e-08,-1.785713813790302e-08,1.785713992343828e-10,17.85713813790302,17.85713813790302,-0.178571434948659,-82.14286007638316,0.178571434948659,0,-0.1785713992343828,-1.785713813790302e-08,-1.785713813790302e-08,0,0,0,0.1785713992343828,1.785713813790302e-08,1.785713813790302e-08,1.785713992343828e-10,17.85713813790302,17.85713813790302
23.00000000460059,86.01398601400558,86.01398601400558,86.01398601400558,-13.98601398599444,-13.98601398599442,-13.98601398599442,0,0,0.4195804195798327,205,86.01398601386572,0.1398601398599444,0.1398601398599442,0.1398601398599442,1e-09,1e-09,1e-09,1.398601398599444e-10,1.398601398599442e-10,1.398601398599442e-10,90,0.9,41,3,1,1,1,1,2,2,2,1,1,1,3,-0.1398601398599444,-0.1398601398599442,-0.1398601398599442,0.1398601398599444,0.1398601398599442,0.1398601398599442,-86.01398601386572,-86.01398601386572,-86.01398601386572,-0.1398601398599444,-0.1398601398599442,-0.1398601398599442,1.398601398599444e-10,1.398601398599442e-10,1.398601398599442e-10,-0.4195804195798327,-86.01398601386572,0.4195804195798327,0,-0.1398601398599444,-0.1398601398599442,-0.1398601398599442,0,0,0,0.1398601398599444,0.1398601398599442,0.1398601398599442,1.398601398599444e-10,1.398601398599442e-10,1.398601398599442e-10
23.1,86.01398601400558,86.01398601400558,86.01398601400558,-13.98601398599443,-13.98601398599443,-13.98601398599443,-2.775557561562891e-17,0,0.4195804195798328,205,86.01398601386572,0.1398601398599443,0.1398601398599442,0.1398601398599442,1e-09,1e-09,1e-09,1.398601398599443e-10,1.398601398599443e-10,1.398601398599443e-10,90,0.9,41,3,1,1,1,1,2,2,2,1,1,1,3,-0.1398601398599443,-0.1398601398599442,-0.1398601398599442,0.1398601398599443,0.1398601398599442,0.1398601398599442,-86.01398601386572,-86.01398601386572,-86.01398601386572,-0.1398601398599443,-0.1398601398599442,-0.1398601398599442,1.398601398599443e-10,1.398601398599443e-10,1.398601398599443e-10,-0.4195804195798328,-86.01398601386572,0.4195804195798328,0,-0.1398601398599443,-0.1398601398599442,-0.1398601398599442,0,0,0,0.1398601398599443,0.1398601398599442,0.1398601398599442,1.398601398599443e-10,1.398601398599443e-10,1.398601398599443e-10
23.2,86.01398601400557,86.01398601400557,86.01398601400557,-13.98601398599442,-13.98601398599443,-13.98601398599443,0,0,0.4195804195798327,205,86.0139860138657,0.1398601398599442,0.1398601398599443,0.1398601398599443,1e-09,1e-09,1e-09,1.398601398599442e-10,1.398601398599443e-10,1.398601398599443e-10,90,0.9,41,3,1,1,1,1,2,2,2,1,1,1,3,-0.1398601398599442,-0.1398601398599443,-0.1398601398599443,0.1398601398599442,0.1398601398599443,0.1398601398599443,-86.0139860138657,-86.0139860138657,-86.0139860138657,-0.1398601398599442,-0.1398601398599443,-0.1398601398599443,1.398601398599442e-10,1.398601398599443e-10,1.398601398599443e-10,-0.4195804195798327,-86.0139860138657,0.4195804195798327,0,-0.1398601398599442,-0.1398601398599443,-0.1398601398599443,0,0,0,0.1398601398599442,0.1398601398599443,0.1398601398599443,1.398601398599442e-10,1.398601398599443e-10,1.398601398599443e-10
23.3,86.01398601400558,86.01398601400558,86.01398601400558,-13.98601398599443,-13.98601398599443,-13.98601398599443,-2.775557561562891e-17,0,0.4195804195798328,205,86.01398601386572,0.1398601398599443,0.1398601398599442,0.1398601398599442,1e-09,1e-09,1e-09,1.398601398599443e-10,1.398601398599443e-10,1.398601398599443e-10,90,0.9,41,3,1,1,1,1,2,2,2,1,1,1,3,-0.1398601398599443,-0.1398601398599442,-0.1398601398599442,0.1398601398599443,0.1398601398599442,0.1398601398599442,-86.01398601386572,-86.01398601386572,-86.01398601386572,-0.1398601398599443,-0.1398601398599442,-0.1398601398599442,1.398601398599443e-10,1.398601398599443e-10,1.398601398599443e-10,-0.4195804195798328,-86.01398601386572,0.4195804195798328,0,-0.1398601398599443,-0.1398601398599442,-0.1398601398599442,0,0,0,0.1398601398599443,0.1398601398599442,0.1398601398599442,1.398601398599443e-10,1.398601398599443e-10,1.398601398599443e-10
23.4,86.01398601400557,86.01398601400557,86.01398601400557,-13.98601398599442,-13.98601398599443,-13.98601398599443,0,0,0.4195804195798327,205,86.0139860138657,0.1398601398599442,0.1398601398599443,0.1398601398599443,1e-09,1e-09,1e-09,1.398601398599442e-10,1.398601398599443e-10,1.398601398599443e-10,90,0.9,41,3,1,1,1,1,2,2,2,1,1,1,3,-0.1398601398599442,-0.1398601398599443,-0.1398601398599443,0.1398601398599442,0.1398601398599443,0.1398601398599443,-86.0139860138657,-86.0139860138657,-86.0139860138657,-0.1398601398599442,-0.1398601398599443,-0.1398601398599443,1.398601398599442e-10,1.398601398599443e-10,1.398601398599443e-10,-0.4195804195798327,-86.0139860138657,0.4195804195798327,0,-0.1398601398599442,-0.1398601398599443,-0.1398601398599443,0,0,0,0.1398601398599442,0.1398601398599443,0.1398601398599443,1.398601398599442e-10,1.398601398599443e-10,1.398601398599443e-10
23.5,86.01398601400558,86.01398601400558,86.01398601400558,-13.98601398599443,-13.98601398599443,-13.98601398599443,-2.775557561562891e-17,0,0.4195804195798328,205,86.01398601386572,0.1398601398599443,0.1398601398599442,0.1398601398599442,1e-09,1e-09,1e-09,1.398601398599443e-10,1.398601398599443e-10,1.398601398599443e-10,90,0.9,41,3,1,1,1,1,2,2,2,1,1,1,3,-0.1398601398599443,-0.1398601398599442,-0.1398601398599442,0.1398601398599443,0.1398601398599442,0.1398601398599442,-86.01398601386572,-86.01398601386572,-86.01398601386572,-0.1398601398599443,-0.1398601398599442,-0.1398601398599442,1.398601398599443e-10,1.398601398599443e-10,1.398601398599443e-10,-0.4195804195798328,-86.01398601386572,0.4195804195798328,0,-0.1398601398599443,-0.1398601398599442,-0.1398601398599442,0,0,0,0.1398601398599443,0.1398601398599442,0.1398601398599442,1.398601398599443e-10,1.398601398599443e-10,1.398601398599443e-10
23.6,86.01398601400557,86.01398601400557,86.01398601400557,-13.98601398599442,-13.98601398599443,-13.98601398599443,0,0,0.4195804195798327,205,86.0139860138657,0.1398601398599442,0.1398601398599443,0.1398601398599443,1e-09,1e-09,1e-09,1.398601398599442e-10,1.398601398599443e-10,1.398601398599443e-10,90,0.9,41,3,1,1,1,1,2,2,2,1,1,1,3,-0.1398601398599442,-0.1398601398599443,-0.1398601398599443,0.1398601398599442,0.1398601398599443,0.1398601398599443,-86.0139860138657,-86.0139860138657,-86.0139860138657,-0.1398601398599442,-0.1398601398599443,-0.1398601398599443,1.398601398599442e-10,1.398601398599443e-10,1.398601398599443e-10,-0.4195804195798327,-86.0139860138657,0.4195804195798327,0,-0.1398601398599442,-0.1398601398599443,-0.1398601398599443,0,0,0,0.1398601398599442,0.1398601398599443,0.1398601398599443,1.398601398599442e-10,1.398601398599443e-10,1.398601398599443e-10
23.7,86.01398601400558,86.01398601400558,86.01398601400558,-13.98601398599443,-13.98601398599443,-13.98601398599443,-2.775557561562891e-17,0,0.4195804195798328,205,86.01398601386572,0.1398601398599443,0.1398601398599442,0.1398601398599442,1e-09,1e-09,1e-09,1.398601398599443e-10,1.398601398599443e-10,1.398601398599443e-10,90,0.9,41,3,1,1,1,1,2,2,2,1,1,1,3,-0.1398601398599443,-0.1398601398599442,-0.1398601398599442,0.1398601398599443,0.1398601398599442,0.1398601398599442,-86.01398601386572,-86.01398601386572,-86.01398601386572,-0.1398601398599443,-0.1398601398599442,-0.1398601398599442,1.398601398599443e-10,1.398601398599443e-10,1.398601398599443e-10,-0.4195804195798328,-86.01398601386572,0.4195804195798328,0,-0.1398601398599443,-0.1398601398599442,-0.1398601398599442,0,0,0,0.1398601398599443,0.1398601398599442,0.1398601398599442,1.398601398599443e-10,1.398601398599443e-10,1.398601398599443e-10
23.8,86.01398601400557,86.01398601400557,86.01398601400557,-13.98601398599442,-13.98601398599443,-13.98601398599443,0,0,0.4195804195798327,205,86.0139860138657,0.1398601398599442,0.1398601398599443,0.1398601398599443,1e-09,1e-09,1e-09,1.398601398599442e-10,1.398601398599443e-10,1.398601398599443e-10,90,0.9,41,3,1,1,1,1,2,2,2,1,1,1,3,-0.1398601398599442,-0.1398601398599443,-0.1398601398599443,0.1398601398599442,0.1398601398599443,0.1398601398599443,-86.0139860138657,-86.0139860138657,-86.0139860138657,-0.1398601398599442,-0.1398601398599443,-0.1398601398599443,1.398601398599442e-10,1.398601398599443e-10,1.398601398599443e-10,-0.4195804195798327,-86.0139860138657,0.4195804195798327,0,-0.1398601398599442,-0.1398601398599443,-0.1398601398599443,0,0,0,0.1398601398599442,0.1398601398599443,0.1398601398599443,1.398601398599442e-10,1.398601398599443e-10,1.398601398599443e-10
23.9,86.01398601400558,86.01398601400558,86.01398601400558,-13.98601398599443,-13.98601398599443,-13.98601398599443,-2.775557561562891e-17,0,0.4195804195798328,205,86.01398601386572,0.1398601398599443,0.1398601398599442,0.1398601398599442,1e-09,1e-09,1e-09,1.398601398599443e-10,1.398601398599443e-10,1.398601398599443e-10,90,0.9,41,3,1,1,1,1,2,2,2,1,1,1,3,-0.1398601398599443,-0.1398601398599442,-0.1398601398599442,0.1398601398599443,0.1398601398599442,0.1398601398599442,-86.01398601386572,-86.01398601386572,-86.01398601386572,-0.1398601398599443,-0.1398601398599442,-0.1398601398599442,1.398601398599443e-10,1.398601398599443e-10,1.398601398599443e-10,-0.4195804195798328,-86.01398601386572,0.4195804195798328,0,-0.1398601398599443,-0.1398601398599442,-0.1398601398599442,0,0,0,0.1398601398599443,0.1398601398599442,0.1398601398599442,1.398601398599443e-10,1.398601398599443e-10,1.398601398599443e-10
24,86.01398601400557,86.01398601400557,86.01398601400557,-13.98601398599442,-13.98601398599443,-13.98601398599443,0,0,0.4195804195798327,205,86.0139860138657,0.1398601398599442,0.1398601398599443,0.1398601398599443,1e-09,1e-09,1e-09,1.398601398599442e-10,1.398601398599443e-10,1.398601398599443e-10,90,0.9,41,3,1,1,1,1,2,2,2,1,1,1,3,-0.1398601398599442,-0.1398601398599443,-0.1398601398599443,0.1398601398599442,0.1398601398599443,0.1398601398599443,-86.0139860138657,-86.0139860138657,-86.0139860138657,-0.1398601398599442,-0.1398601398599443,-0.1398601398599443,1.398601398599442e-10,1.398601398599443e-10,1.398601398599443e-10,-0.4195804195798327,-86.0139860138657,0.4195804195798327,0,-0.1398601398599442,-0.1398601398599443,-0.1398601398599443,0,0,0,0.1398601398599442,0.1398601398599443,0.1398601398599443,1.398601398599442e-10,1.398601398599443e-10,1.398601398599443e-10
24.00000000480068,86.01398601400558,86.01398601400558,86.01398601400558,-13.98601398599443,-13.98601398599443,-13.98601398599443,-2.775557561562891e-17,0,0.4195804195798328,205,86.01398601386572,0.1398601398599443,0.1398601398599442,0.1398601398599442,1e-09,1e-09,1e-09,1.398601398599443e-10,1.398601398599443e-10,1.398601398599443e-10,90,0.9,41,3,1,1,1,1,2,2,2,1,1,1,3,-0.1398601398599443,-0.1398601398599442,-0.1398601398599442,0.1398601398599443,0.1398601398599442,0.1398601398599442,-86.01398601386572,-86.01398601386572,-86.01398601386572,-0.1398601398599443,-0.1398601398599442,-0.1398601398599442,1.398601398599443e-10,1.398601398599443e-10,1.398601398599443e-10,-0.4195804195798328,-86.01398601386572,0.4195804195798328,0,-0.1398601398599443,-0.1398601398599442,-0.1398601398599442,0,0,0,0.1398601398599443,0.1398601398599442,0.1398601398599442,1.398601398599443e-10,1.398601398599443e-10,1.398601398599443e-10
24.00000000480068,87.34177271138265,87.34177271138265,99.9999987341774,-12.65822728639585,-12.65822730197145,-1.265822602292133e-06,-2.775557561562891e-17,0,0.253164558541899,345,87.34177271125607,0.1265822728639585,0.1265822730197145,1.265822602292133e-08,1e-09,1e-09,1000000000,1.265822728639585e-10,1.265822730197145e-10,12.65822602292133,90,0.9,69,3,1,1,1,1,2,2,1,1,1,1,2,-0.1265822728639585,-0.1265822730197145,-1.265822602292133e-08,0.1265822728639585,0.1265822730197145,1.265822602292133e-08,-87.34177271125607,-87.34177271125607,-87.34177271125607,-0.1265822728639585,-0.1265822730197145,-1.265822602292133e-08,1.265822728639585e-10,1.265822730197145e-10,12.65822602292133,-0.253164558541899,-87.34177271125607,0.253164558541899,0,-0.1265822728639585,-0.1265822730197145,-1.265822602292133e-08,0,0,0,0.1265822728639585,0.1265822730197145,1.265822602292133e-08,1.265822728639585e-10,1.265822730197145e-10,12.65822602292133
24.1,87.34177270471071,87.34177270471071,99.9999987341774,-12.6582272952893,-12.65822729528929,-1.265822602959326e-06,0,0,0.2531645585640119,345,87.34177270458413,0.126582272952893,0.1265822729528929,1.265822602959327e-08,1e-09,1e-09,1000000000,1.26582272952893e-10,1.265822729528929e-10,12.65822602959327,90,0.9,69,3,1,1,1,1,2,2,1,1,1,1,2,-0.126582272952893,-0.1265822729528929,-1.265822602959327e-08,0.126582272952893,0.1265822729528929,1.265822602959327e-08,-87.34177270458413,-87.34177270458413,-87.34177270458413,-0.126582272952893,-0.1265822729528929,-1.265822602959327e-08,1.26582272952893e-10,1.265822729528929e-10,12.65822602959327,-0.2531645585640119,-87.34177270458413,0.2531645585640119,0,-0.126582272952893,-0.1265822729528929,-1.265822602959327e-08,0,0,0,0.126582272952893,0.1265822729528929,1.265822602959327e-08,1.26582272952893e-10,1.265822729528929e-10,12.65822602959327
24.2,87.34177270471071,87.34177270471071,99.9999987341774,-12.6582272952893,-12.6582272952893,-1.265822602959327e-06,0,0,0.253164558564012,345,87.34177270458413,0.126582272952893,0.126582272952893,1.265822602959327e-08,1e-09,1e-09,1000000000,1.26582272952893e-10,1.26582272952893e-10,12.65822602959327,90,0.9,69,3,1,1,1,1,2,2,1,1,1,1,2,-0.126582272952893,-0.126582272952893,-1.265822602959327e-08,0.126582272952893,0.126582272952893,1.265822602959327e-08,-87.34177270458413,-87.34177270458413,-87.34177270458413,-0.126582272952893,-0.126582272952893,-1.265822602959327e-08,1.26582272952893e-10,1.26582272952893e-10,12.65822602959327,-0.253164558564012,-87.34177270458413,0.253164558564012,0,-0.126582272952893,-0.126582272952893,-1.265822602959327e-08,0,0,0,0.126582272952893,0.126582272952893,1.265822602959327e-08,1.26582272952893e-10,1.26582272952893e-10,12.65822602959327
24.3,87.34177270471071,87.34177270471071,99.9999987341774,-12.6582272952893,-12.6582272952893,-1.265822602959327e-06,0,0,0.253164558564012,345,87.34177270458413,0.126582272952893,0.126582272952893,1.265822602959327e-08,1e-09,1e-09,1000000000,1.26582272952893e-10,1.26582272952893e-10,12.65822602959327,90,0.9,69,3,1,1,1,1,2,2,1,1,1,1,2,-0.126582272952893,-0.126582272952893,-1.265822602959327e-08,0.126582272952893,0.126582272952893,1.265822602959327e-08,-87.34177270458413,-87.34177270458413,-87.34177270458413,-0.126582272952893,-0.126582272952893,-1.265822602959327e-08,1.26582272952893e-10,1.26582272952893e-10,12.65822602959327,-0.253164558564012,-87.34177270458413,0.253164558564012,0,-0.126582272952893,-0.126582272952893,-1.265822602959327e-08,0,0,0,0.126582272952893,0.126582272952893,1.265822602959327e-08,1.26582272952893e-10,1.26582272952893e-10,12.65822602959327
24.4,87.34177270471071,87.34177270471071,99.9999987341774,-12.6582272952893,-12.6582272952893,-1.265822602959327e-06,0,0,0.253164558564012,345,87.34177270458413,0.126582272952893,0.126582272952893,1.265822602959327e-08,1e-09,1e-09,1000000000,1.26582272952893e-10,1.26582272952893e-10,12.65822602959327,90,0.9,69,3,1,1,1,1,2,2,1,1,1,1,2,-0.126582272952893,-0.126582272952893,-1.265822602959327e-08,0.126582272952893,0.126582272952893,1.265822602959327e-08,-87.34177270458413,-87.34177270458413,-87.34177270458413,-0.126582272952893,-0.126582272952893,-1.265822602959327e-08,1.26582272952893e-10,1.26582272952893e-10,12.65822602959327,-0.253164558564012,-87.34177270458413,0.253164558564012,0,-0.126582272952893,-0.126582272952893,-1.265822602959327e-08,0,0,0,0.126582272952893,0.126582272952893,1.265822602959327e-08,1.26582272952893e-10,1.26582272952893e-10,12.65822602959327
24.5,87.34177270471071,87.34177270471071,99.9999987341774,-12.6582272952893,-12.6582272952893,-1.265822602959327e-06,0,0,0.253164558564012,345,87.34177270458413,0.126582272952893,0.126582272952893,1.265822602959327e-08,1e-09,1e-09,1000000000,1.26582272952893e-10,1.26582272952893e-10,12.65822602959327,90,0.9,69,3,1,1,1,1,2,2,1,1,1,1,2,-0.126582272952893,-0.126582272952893,-1.265822602959327e-08,0.126582272952893,0.126582272952893,1.265822602959327e-08,-87.34177270458413,-87.34177270458413,-87.34177270458413,-0.126582272952893,-0.126582272952893,-1.265822602959327e-08,1.26582272952893e-10,1.26582272952893e-10,12.65822602959327,-0.253164558564012,-87.34177270458413,0.253164558564012,0,-0.126582272952893,-0.126582272952893,-1.265822602959327e-08,0,0,0,0.126582272952893,0.126582272952893,1.265822602959327e-08,1.26582272952893e-10,1.26582272952893e-10,12.65822602959327
24.6,87.34177270471071,87.34177270471071,99.9999987341774,-12.6582272952893,-12.6582272952893,-1.265822602959327e-06,0,0,0.253164558564012,345,87.34177270458413,0.126582272952893,0.126582272952893,1.265822602959327e-08,1e-09,1e-09,1000000000,1.26582272952893e-10,1.26582272952893e-10,12.65822602959327,90,0.9,69,3,1,1,1,1,2,2,1,1,1,1,2,-0.126582272952893,-0.126582272952893,-1.265822602959327e-08,0.126582272952893,0.126582272952893,1.265822602959327e-08,-87.34177270458413,-87.34177270458413,-87.34177270458413,-0.126582272952893,-0.126582272952893,-1.265822602959327e-08,1.26582272952893e-10,1.26582272952893e-10,12.65822602959327,-0.253164558564012,-87.34177270458413,0.253164558564012,0,-0.126582272952893,-0.126582272952893,-1.265822602959327e-08,0,0,0,0.126582272952893,0.126582272952893,1.265822602959327e-08,1.26582272952893e-10,1.26582272952893e-10,12.65822602959327
24.7,87.34177270471071,87.34177270471071,99.9999987341774,-12.6582272952893,-12.6582272952893,-1.265822602959327e-06,0,0,0.253164558564012,345,87.34177270458413,0.126582272952893,0.126582272952893,1.265822602959327e-08,1e-09,1e-09,1000000000,1.26582272952893e-10,1.26582272952893e-10,12.65822602959327,90,0.9,69,3,1,1,1,1,2,2,1,1,1,1,2,-0.126582272952893,-0.126582272952893,-1.265822602959327e-08,0.126582272952893,0.126582272952893,1.265822602959327e-08,-87.34177270458413,-87.34177270458413,-87.34177270458413,-0.126582272952893,-0.126582272952893,-1.265822602959327e-08,1.26582272952893e-10,1.26582272952893e-10,12.65822602959327,-0.253164558564012,-87.34177270458413,0.253164558564012,0,-0.126582272952893,-0.126582272952893,-1.265822602959327e-08,0,0,0,0.126582272952893,0.126582272952893,1.265822602959327e-08,1.26582272952893e-10,1.26582272952893e-10,12.65822602959327
24.8,87.34177270471071,87.34177270471071,99.9999987341774,-12.6582272952893,-12.6582272952893,-1.265822602959327e-06,0,0,0.253164558564012,345,87.34177270458413,0.126582272952893,0.126582272952893,1.265822602959327e-08,1e-09,1e-09,1000000000,1.26582272952893e-10,1.26582272952893e-10,12.65822602959327,90,0.9,69,3,1,1,1,1,2,2,1,1,1,1,2,-0.126582272952893,-0.126582272952893,-1.265822602959327e-08,0.126582272952893,0.126582272952893,1.265822602959327e-08,-87.34177270458413,-87.34177270458413,-87.34177270458413,-0.126582272952893,-0.126582272952893,-1.265822602959327e-08,1.26582272952893e-10,1.26582272952893e-10,12.65822602959327,-0.253164558564012,-87.34177270458413,0.253164558564012,0,-0.126582272952893,-0.126582272952893,-1.265822602959327e-08,0,0,0,0.126582272952893,0.126582272952893,1.265822602959327e-08,1.26582272952893e-10,1.26582272952893e-10,12.65822602959327
24.9,87.34177270471071,87.34177270471071,99.9999987341774,-12.6582272952893,-12.6582272952893,-1.265822602959327e-06,0,0,0.253164558564012,345,87.34177270458413,0.126582272952893,0.126582272952893,1.265822602959327e-08,1e-09,1e-09,1000000000,1.26582272952893e-10,1.26582272952893e-10,12.65822602959327,90,0.9,69,3,1,1,1,1,2,2,1,1,1,1,2,-0.126582272952893,-0.126582272952893,-1.265822602959327e-08,0.126582272952893,0.126582272952893,1.265822602959327e-08,-87.34177270458413,-87.34177270458413,-87.34177270458413,-0.126582272952893,-0.126582272952893,-1.265822602959327e-08,1.26582272952893e-10,1.26582272952893e-10,12.65822602959327,-0.253164558564012,-87.34177270458413,0.253164558564012,0,-0.126582272952893,-0.126582272952893,-1.265822602959327e-08,0,0,0,0.126582272952893,0.126582272952893,1.265822602959327e-08,1.26582272952893e-10,1.26582272952893e-10,12.65822602959327
25,87.34177270471071,87.34177270471071,99.9999987341774,-12.6582272952893,-12.6582272952893,-1.265822602959327e-06,0,0,0.253164558564012,345,87.34177270458413,0.126582272952893,0.126582272952893,1.265822602959327e-08,1e-09,1e-09,1000000000,1.26582272952893e-10,1.26582272952893e-10,12.65822602959327,90,0.9,69,3,1,1,1,1,2,2,1,1,1,1,2,-0.126582272952893,-0.126582272952893,-1.265822602959327e-08,0.126582272952893,0.126582272952893,1.265822602959327e-08,-87.34177270458413,-87.34177270458413,-87.34177270458413,-0.126582272952893,-0.126582272952893,-1.265822602959327e-08,1.26582272952893e-10,1.26582272952893e-10,12.65822602959327,-0.253164558564012,-87.34177270458413,0.253164558564012,0,-0.126582272952893,-0.126582272952893,-1.265822602959327e-08,0,0,0,0.126582272952893,0.126582272952893,1.265822602959327e-08,1.26582272952893e-10,1.26582272952893e-10,12.65822602959327
25.00000000500004,87.34177270471071,87.34177270471071,99.9999987341774,-12.6582272952893,-12.6582272952893,-1.265822602959327e-06,0,0,0.253164558564012,345,87.34177270458413,0.126582272952893,0.126582272952893,1.265822602959327e-08,1e-09,1e-09,1000000000,1.26582272952893e-10,1.26582272952893e-10,12.65822602959327,90,0.9,69,3,1,1,1,1,2,2,1,1,1,1,2,-0.126582272952893,-0.126582272952893,-1.265822602959327e-08,0.126582272952893,0.126582272952893,1.265822602959327e-08,-87.34177270458413,-87.34177270458413,-87.34177270458413,-0.126582272952893,-0.126582272952893,-1.265822602959327e-08,1.26582272952893e-10,1.26582272952893e-10,12.65822602959327,-0.253164558564012,-87.34177270458413,0.253164558564012,0,-0.126582272952893,-0.126582272952893,-1.265822602959327e-08,0,0,0,0.126582272952893,0.126582272952893,1.265822602959327e-08,1.26582272952893e-10,1.26582272952893e-10,12.65822602959327
25.00000000500004,82.30088495578354,82.30088495578354,82.30088495578354,-17.69911504421647,-17.69911504421647,-17.69911504421646,0,0,0.5309734513264939,155,82.30088495560655,0.1769911504421647,0.1769911504421647,0.1769911504421645,1e-09,1e-09,1e-09,1.769911504421647e-10,1.769911504421647e-10,1.769911504421645e-10,90,0.9,31,3,1,1,1,1,2,2,2,1,1,1,3,-0.1769911504421647,-0.1769911504421647,-0.1769911504421645,0.1769911504421647,0.1769911504421647,0.1769911504421645,-82.30088495560655,-82.30088495560655,-82.30088495560655,-0.1769911504421647,-0.1769911504421647,-0.1769911504421645,1.769911504421647e-10,1.769911504421647e-10,1.769911504421645e-10,-0.5309734513264939,-82.30088495560655,0.5309734513264939,0,-0.1769911504421647,-0.1769911504421647,-0.1769911504421645,0,0,0,0.1769911504421647,0.1769911504421647,0.1769911504421645,1.769911504421647e-10,1.769911504421647e-10,1.769911504421645e-10
25.1,82.30088495578354,82.30088495578354,82.30088495578354,-17.69911504421646,-17.69911504421646,-17.69911504421646,-2.775557561562891e-17,0,0.5309734513264939,155,82.30088495560655,0.1769911504421646,0.1769911504421646,0.1769911504421646,1e-09,1e-09,1e-09,1.769911504421646e-10,1.769911504421646e-10,1.769911504421646e-10,90,0.9,31,3,1,1,1,1,2,2,2,1,1,1,3,-0.1769911504421646,-0.1769911504421646,-0.1769911504421646,0.1769911504421646,0.1769911504421646,0.1769911504421646,-82.30088495560655,-82.30088495560655,-82.30088495560655,-0.1769911504421646,-0.1769911504421646,-0.1769911504421646,1.769911504421646e-10,1.769911504421646e-10,1.769911504421646e-10,-0.5309734513264939,-82.30088495560655,0.5309734513264939,0,-0.1769911504421646,-0.1769911504421646,-0.1769911504421646,0,0,0,0.1769911504421646,0.1769911504421646,0.1769911504421646,1.769911504421646e-10,1.769911504421646e-10,1.769911504421646e-10
25.2,82.30088495578354,82.30088495578354,82.30088495578354,-17.69911504421646,-17.69911504421646,-17.69911504421646,-2.775557561562891e-17,0,0.5309734513264939,155,82.30088495560655,0.1769911504421646,0.1769911504421646,0.1769911504421646,1e-09,1e-09,1e-09,1.769911504421646e-10,1.769911504421646e-10,1.769911504421646e-10,90,0.9,31,3,1,1,1,1,2,2,2,1,1,1,3,-0.1769911504421646,-0.1769911504421646,-0.1769911504421646,0.1769911504421646,0.1769911504421646,0.1769911504421646,-82.30088495560655,-82.30088495560655,-82.30088495560655,-0.1769911504421646,-0.1769911504421646,-0.1769911504421646,1.769911504421646e-10,1.769911504421646e-10,1.769911504421646e-10,-0.5309734513264939,-82.30088495560655,0.5309734513264939,0,-0.1769911504421646,-0.1769911504421646,-0.1769911504421646,0,0,0,0.1769911504421646,0.1769911504421646,0.1769911504421646,1.769911504421646e-10,1.769911504421646e-10,1.769911504421646e-10
25.3,82.30088495578354,82.30088495578354,82.30088495578354,-17.69911504421646,-17.69911504421646,-17.69911504421646,-2.775557561562891e-17,0,0.5309734513264939,155,82.30088495560655,0.1769911504421646,0.1769911504421646,0.1769911504421646,1e-09,1e-09,1e-09,1.769911504421646e-10,1.769911504421646e-10,1.769911504421646e-10,90,0.9,31,3,1,1,1,1,2,2,2,1,1,1,3,-0.1769911504421646,-0.1769911504421646,-0.1769911504421646,0.1769911504421646,0.1769911504421646,0.1769911504421646,-82.30088495560655,-82.30088495560655,-82.30088495560655,-0.1769911504421646,-0.1769911504421646,-0.1769911504421646,1.769911504421646e-10,1.769911504421646e-10,1.769911504421646e-10,-0.5309734513264939,-82.30088495560655,0.5309734513264939,0,-0.1769911504421646,-0.1769911504421646,-0.1769911504421646,0,0,0,0.1769911504421646,0.1769911504421646,0.1769911504421646,1.769911504421646e-10,1.769911504421646e-10,1.769911504421646e-10
25.4,82.30088495578354,82.30088495578354,82.30088495578354,-17.69911504421646,-17.69911504421646,-17.69911504421646,-2.775557561562891e-17,0,0.5309734513264939,155,82.30088495560655,0.1769911504421646,0.1769911504421646,0.1769911504421646,1e-09,1e-09,1e-09,1.769911504421646e-10,1.769911504421646e-10,1.769911504421646e-10,90,0.9,31,3,1,1,1,1,2,2,2,1,1,1,3,-0.1769911504421646,-0.1769911504421646,-0.1769911504421646,0.1769911504421646,0.1769911504421646,0.1769911504421646,-82.30088495560655,-82.30088495560655,-82.30088495560655,-0.1769911504421646,-0.1769911504421646,-0.1769911504421646,1.769911504421646e-10,1.769911504421646e-10,1.769911504421646e-10,-0.5309734513264939,-82.30088495560655,0.5309734513264939,0,-0.1769911504421646,-0.1769911504421646,-0.1769911504421646,0,0,0,0.1769911504421646,0.1769911504421646,0.1769911504421646,1.769911504421646e-10,1.769911504421646e-10,1.769911504421646e-10
25.5,82.30088495578354,82.30088495578354,82.30088495578354,-17.69911504421646,-17.69911504421646,-17.69911504421646,-2.775557561562891e-17,0,0.5309734513264939,155,82.30088495560655,0.1769911504421646,0.1769911504421646,0.1769911504421646,1e-09,1e-09,1e-09,1.769911504421646e-10,1.769911504421646e-10,1.769911504421646e-10,90,0.9,31,3,1,1,1,1,2,2,2,1,1,1,3,-0.1769911504421646,-0.1769911504421646,-0.1769911504421646,0.1769911504421646,0.1769911504421646,0.1769911504421646,-82.30088495560655,-82.30088495560655,-82.30088495560655,-0.1769911504421646,-0.1769911504421646,-0.1769911504421646,1.769911504421646e-10,1.769911504421646e-10,1.769911504421646e-10,-0.5309734513264939,-82.30088495560655,0.5309734513264939,0,-0.1769911504421646,-0.1769911504421646,-0.1769911504421646,0,0,0,0.1769911504421646,0.1769911504421646,0.1769911504421646,1.769911504421646e-10,1.769911504421646e-10,1.769911504421646e-10
25.6,82.30088495578354,82.30088495578354,82.30088495578354,-17.69911504421646,-17.69911504421646,-17.69911504421646,-2.775557561562891e-17,0,0.5309734513264939,155,82.30088495560655,0.1769911504421646,0.1769911504421646,0.1769911504421646,1e-09,1e-09,1e-09,1.769911504421646e-10,1.769911504421646e-10,1.769911504421646e-10,90,0.9,31,3,1,1,1,1,2,2,2,1,1,1,3,-0.1769911504421646,-0.1769911504421646,-0.1769911504421646,0.1769911504421646,0.1769911504421646,0.1769911504421646,-82.30088495560655,-82.30088495560655,-82.30088495560655,-0.1769911504421646,-0.1769911504421646,-0.1769911504421646,1.769911504421646e-10,1.769911504421646e-10,1.769911504421646e-10,-0.5309734513264939,-82.30088495560655,0.5309734513264939,0,-0.1769911504421646,-0.1769911504421646,-0.1769911504421646,0,0,0,0.1769911504421646,0.1769911504421646,0.1769911504421646,1.769911504421646e-10,1.769911504421646e-10,1.769911504421646e-10
25.7,82.30088495578354,82.30088495578354,82.30088495578354,-17.69911504421646,-17.69911504421646,-17.69911504421646,-2.775557561562891e-17,0,0.5309734513264939,155,82.30088495560655,0.1769911504421646,0.1769911504421646,0.1769911504421646,1e-09,1e-09,1e-09,1.769911504421646e-10,1.769911504421646e-10,1.769911504421646e-10,90,0.9,31,3,1,1,1,1,2,2,2,1,1,1,3,-0.1769911504421646,-0.1769911504421646,-0.1769911504421646,0.1769911504421646,0.1769911504421646,0.1769911504421646,-82.30088495560655,-82.30088495560655,-82.30088495560655,-0.1769911504421646,-0.1769911504421646,-0.1769911504421646,1.769911504421646e-10,1.769911504421646e-10,1.769911504421646e-10,-0.5309734513264939,-82.30088495560655,0.5309734513264939,0,-0.1769911504421646,-0.1769911504421646,-0.1769911504421646,0,0,0,0.1769911504421646,0.1769911504421646,0.1769911504421646,1.769911504421646e-10,1.769911504421646e-10,1.769911504421646e-10
25.8,82.30088495578354,82.30088495578354,82.30088495578354,-17.69911504421646,-17.69911504421646,-17.69911504421646,-2.775557561562891e-17,0,0.5309734513264939,155,82.30088495560655,0.1769911504421646,0.1769911504421646,0.1769911504421646,1e-09,1e-09,1e-09,1.769911504421646e-10,1.769911504421646e-10,1.769911504421646e-10,90,0.9,31,3,1,1,1,1,2,2,2,1,1,1,3,-0.1769911504421646,-0.1769911504421646,-0.1769911504421646,0.1769911504421646,0.1769911504421646,0.1769911504421646,-82.30088495560655,-82.30088495560655,-82.30088495560655,-0.1769911504421646,-0.1769911504421646,-0.1769911504421646,1.769911504421646e-10,1.769911504421646e-10,1.769911504421646e-10,-0.5309734513264939,-82.30088495560655,0.5309734513264939,0,-0.1769911504421646,-0.1769911504421646,-0.1769911504421646,0,0,0,0.1769911504421646,0.1769911504421646,0.1769911504421646,1.769911504421646e-10,1.769911504421646e-10,1.769911504421646e-10
25.9,82.30088495578354,82.30088495578354,82.30088495578354,-17.69911504421646,-17.69911504421646,-17.69911504421646,-2.775557561562891e-17,0,0.5309734513264939,155,82.30088495560655,0.1769911504421646,0.1769911504421646,0.1769911504421646,1e-09,1e-09,1e-09,1.769911504421646e-10,1.769911504421646e-10,1.769911504421646e-10,90,0.9,31,3,1,1,1,1,2,2,2,1,1,1,3,-0.1769911504421646,-0.1769911504421646,-0.1769911504421646,0.1769911504421646,0.1769911504421646,0.1769911504421646,-82.30088495560655,-82.30088495560655,-82.30088495560655,-0.1769911504421646,-0.1769911504421646,-0.1769911504421646,1.769911504421646e-10,1.769911504421646e-10,1.769911504421646e-10,-0.5309734513264939,-82.30088495560655,0.5309734513264939,0,-0.1769911504421646,-0.1769911504421646,-0.1769911504421646,0,0,0,0.1769911504421646,0.1769911504421646,0.1769911504421646,1.769911504421646e-10,1.769911504421646e-10,1.769911504421646e-10
26,82.30088495578354,82.30088495578354,82.30088495578354,-17.69911504421646,-17.69911504421646,-17.69911504421646,-2.775557561562891e-17,0,0.5309734513264939,155,82.30088495560655,0.1769911504421646,0.1769911504421646,0.1769911504421646,1e-09,1e-09,1e-09,1.769911504421646e-10,1.769911504421646e-10,1.769911504421646e-10,90,0.9,31,3,1,1,1,1,2,2,2,1,1,1,3,-0.1769911504421646,-0.1769911504421646,-0.1769911504421646,0.1769911504421646,0.1769911504421646,0.1769911504421646,-82.30088495560655,-82.30088495560655,-82.30088495560655,-0.1769911504421646,-0.1769911504421646,-0.1769911504421646,1.769911504421646e-10,1.769911504421646e-10,1.769911504421646e-10,-0.5309734513264939,-82.30088495560655,0.5309734513264939,0,-0.1769911504421646,-0.1769911504421646,-0.1769911504421646,0,0,0,0.1769911504421646,0.1769911504421646,0.1769911504421646,1.769911504421646e-10,1.769911504421646e-10,1.769911504421646e-10
26.00000000520013,82.30088495578354,82.30088495578354,82.30088495578354,-17.69911504421646,-17.69911504421646,-17.69911504421646,-2.775557561562891e-17,0,0.5309734513264939,155,82.30088495560655,0.1769911504421646,0.1769911504421646,0.1769911504421646,1e-09,1e-09,1e-09,1.769911504421646e-10,1.769911504421646e-10,1.769911504421646e-10,90,0.9,31,3,1,1,1,1,2,2,2,1,1,1,3,-0.1769911504421646,-0.1769911504421646,-0.1769911504421646,0.1769911504421646,0.1769911504421646,0.1769911504421646,-82.30088495560655,-82.30088495560655,-82.30088495560655,-0.1769911504421646,-0.1769911504421646,-0.1769911504421646,1.769911504421646e-10,1.769911504421646e-10,1.769911504421646e-10,-0.5309734513264939,-82.30088495560655,0.5309734513264939,0,-0.1769911504421646,-0.1769911504421646,-0.1769911504421646,0,0,0,0.1769911504421646,0.1769911504421646,0.1769911504421646,1.769911504421646e-10,1.769911504421646e-10,1.769911504421646e-10
26.00000000520013,89.13043527510276,89.13043527510276,99.99999891304364,-10.86956472045831,-10.86956474821657,-1.086956363804958e-06,1.387778780781446e-17,0,0.2173913055563124,410,89.13043527499406,0.1086956472045831,0.1086956474821657,1.086956363804958e-08,1e-09,1e-09,1000000000,1.086956472045831e-10,1.086956474821657e-10,10.86956363804958,90,0.9,82,3,1,1,1,1,2,2,1,1,1,1,2,-0.1086956472045831,-0.1086956474821657,-1.086956363804958e-08,0.1086956472045831,0.1086956474821657,1.086956363804958e-08,-89.13043527499406,-89.13043527499406,-89.13043527499406,-0.1086956472045831,-0.1086956474821657,-1.086956363804958e-08,1.086956472045831e-10,1.086956474821657e-10,10.86956363804958,-0.2173913055563124,-89.13043527499406,0.2173913055563124,0,-0.1086956472045831,-0.1086956474821657,-1.086956363804958e-08,0,0,0,0.1086956472045831,0.1086956474821657,1.086956363804958e-08,1.086956472045831e-10,1.086956474821657e-10,10.86956363804958
26.1,89.13043526702498,89.13043526702498,99.99999891304364,-10.86956473297502,-10.86956473297503,-1.086956364612736e-06,0,0,0.2173913055290641,410,89.13043526691628,0.1086956473297502,0.1086956473297503,1.086956364612736e-08,1e-09,1e-09,1000000000,1.086956473297502e-10,1.086956473297503e-10,10.86956364612736,90,0.9,82,3,1,1,1,1,2,2,1,1,1,1,2,-0.1086956473297502,-0.1086956473297503,-1.086956364612736e-08,0.1086956473297502,0.1086956473297503,1.086956364612736e-08,-89.13043526691628,-89.13043526691628,-89.13043526691628,-0.1086956473297502,-0.1086956473297503,-1.086956364612736e-08,1.086956473297502e-10,1.086956473297503e-10,10.86956364612736,-0.2173913055290641,-89.13043526691628,0.2173913055290641,0,-0.1086956473297502,-0.1086956473297503,-1.086956364612736e-08,0,0,0,0.1086956473297502,0.1086956473297503,1.086956364612736e-08,1.086956473297502e-10,1.086956473297503e-10,10.86956364612736
26.2,89.13043526702498,89.13043526702498,99.99999891304364,-10.86956473297502,-10.86956473297503,-1.086956364612736e-06,0,0,0.2173913055290641,410,89.13043526691628,0.1086956473297502,0.1086956473297503,1.086956364612736e-08,1e-09,1e-09,1000000000,1.086956473297502e-10,1.086956473297503e-10,10.86956364612736,90,0.9,82,3,1,1,1,1,2,2,1,1,1,1,2,-0.1086956473297502,-0.1086956473297503,-1.086956364612736e-08,0.1086956473297502,0.1086956473297503,1.086956364612736e-08,-89.13043526691628,-89.13043526691628,-89.13043526691628,-0.1086956473297502,-0.1086956473297503,-1.086956364612736e-08,1.086956473297502e-10,1.086956473297503e-10,10.86956364612736,-0.2173913055290641,-89.13043526691628,0.2173913055290641,0,-0.1086956473297502,-0.1086956473297503,-1.086956364612736e-08,0,0,0,0.1086956473297502,0.1086956473297503,1.086956364612736e-08,1.086956473297502e-10,1.086956473297503e-10,10.86956364612736
26.3,89.13043526702498,89.13043526702498,99.99999891304364,-10.86956473297502,-10.86956473297503,-1.086956364612736e-06,0,0,0.2173913055290641,410,89.13043526691628,0.1086956473297502,0.1086956473297503,1.086956364612736e-08,1e-09,1e-09,1000000000,1.086956473297502e-10,1.086956473297503e-10,10.86956364612736,90,0.9,82,3,1,1,1,1,2,2,1,1,1,1,2,-0.1086956473297502,-0.1086956473297503,-1.086956364612736e-08,0.1086956473297502,0.1086956473297503,1.086956364612736e-08,-89.13043526691628,-89.13043526691628,-89.13043526691628,-0.1086956473297502,-0.1086956473297503,-1.086956364612736e-08,1.086956473297502e-10,1.086956473297503e-10,10.86956364612736,-0.2173913055290641,-89.13043526691628,0.2173913055290641,0,-0.1086956473297502,-0.1086956473297503,-1.086956364612736e-08,0,0,0,0.1086956473297502,0.1086956473297503,1.086956364612736e-08,1.086956473297502e-10,1.086956473297503e-10,10.86956364612736
26.4,89.13043526702498,89.13043526702498,99.99999891304364,-10.86956473297502,-10.86956473297503,-1.086956364612736e-06,0,0,0.2173913055290641,410,89.13043526691628,0.1086956473297502,0.1086956473297503,1.086956364612736e-08,1e-09,1e-09,1000000000,1.086956473297502e-10,1.086956473297503e-10,10.86956364612736,90,0.9,82,3,1,1,1,1,2,2,1,1,1,1,2,-0.1086956473297502,-0.1086956473297503,-1.086956364612736e-08,0.1086956473297502,0.1086956473297503,1.086956364612736e-08,-89.13043526691628,-89.13043526691628,-89.13043526691628,-0.1086956473297502,-0.1086956473297503,-1.086956364612736e-08,1.086956473297502e-10,1.086956473297503e-10,10.86956364612736,-0.2173913055290641,-89.13043526691628,0.2173913055290641,0,-0.1086956473297502,-0.1086956473297503,-1.086956364612736e-08,0,0,0,0.1086956473297502,0.1086956473297503,1.086956364612736e-08,1.086956473297502e-10,1.086956473297503e-10,10.86956364612736
26.5,89.13043526702498,89.13043526702498,99.99999891304364,-10.86956473297502,-10.86956473297503,-1.086956364612736e-06,0,0,0.2173913055290641,410,89.13043526691628,0.1086956473297502,0.1086956473297503,1.086956364612736e-08,1e-09,1e-09,1000000000,1.086956473297502e-10,1.086956473297503e-10,10.86956364612736,90,0.9,82,3,1,1,1,1,2,2,1,1,1,1,2,-0.1086956473297502,-0.1086956473297503,-1.086956364612736e-08,0.1086956473297502,0.1086956473297503,1.086956364612736e-08,-89.13043526691628,-89.13043526691628,-89.13043526691628,-0.1086956473297502,-0.1086956473297503,-1.086956364612736e-08,1.086956473297502e-10,1.086956473297503e-10,10.86956364612736,-0.2173913055290641,-89.13043526691628,0.2173913055290641,0,-0.1086956473297502,-0.1086956473297503,-1.086956364612736e-08,0,0,0,0.1086956473297502,0.1086956473297503,1.086956364612736e-08,1.086956473297502e-10,1.086956473297503e-10,10.86956364612736
26.6,89.13043526702498,89.13043526702498,99.99999891304364,-10.86956473297502,-10.86956473297503,-1.086956364612736e-06,0,0,0.2173913055290641,410,89.13043526691628,0.1086956473297502,0.1086956473297503,1.086956364612736e-08,1e-09,1e-09,1000000000,1.086956473297502e-10,1.086956473297503e-10,10.86956364612736,90,0.9,82,3,1,1,1,1,2,2,1,1,1,1,2,-0.1086956473297502,-0.1086956473297503,-1.086956364612736e-08,0.1086956473297502,0.1086956473297503,1.086956364612736e-08,-89.13043526691628,-89.13043526691628,-89.13043526691628,-0.1086956473297502,-0.1086956473297503,-1.086956364612736e-08,1.086956473297502e-10,1.086956473297503e-10,10.86956364612736,-0.2173913055290641,-89.13043526691628,0.2173913055290641,0,-0.1086956473297502,-0.1086956473297503,-1.086956364612736e-08,0,0,0,0.1086956473297502,0.1086956473297503,1.086956364612736e-08,1.086956473297502e-10,1.086956473297503e-10,10.86956364612736
26.7,89.13043526702498,89.13043526702498,99.99999891304364,-10.86956473297502,-10.86956473297503,-1.086956364612736e-06,0,0,0.2173913055290641,410,89.13043526691628,0.1086956473297502,0.1086956473297503,1.086956364612736e-08,1e-09,1e-09,1000000000,1.086956473297502e-10,1.086956473297503e-10,10.86956364612736,90,0.9,82,3,1,1,1,1,2,2,1,1,1,1,2,-0.1086956473297502,-0.1086956473297503,-1.086956364612736e-08,0.1086956473297502,0.1086956473297503,1.086956364612736e-08,-89.13043526691628,-89.13043526691628,-89.13043526691628,-0.1086956473297502,-0.1086956473297503,-1.086956364612736e-08,1.086956473297502e-10,1.086956473297503e-10,10.86956364612736,-0.2173913055290641,-89.13043526691628,0.2173913055290641,0,-0.1086956473297502,-0.1086956473297503,-1.086956364612736e-08,0,0,0,0.1086956473297502,0.1086956473297503,1.086956364612736e-08,1.086956473297502e-10,1.086956473297503e-10,10.86956364612736
26.8,89.13043526702498,89.13043526702498,99.99999891304364,-10.86956473297502,-10.86956473297503,-1.086956364612736e-06,0,0,0.2173913055290641,410,89.13043526691628,0.1086956473297502,0.1086956473297503,1.086956364612736e-08,1e-09,1e-09,1000000000,1.086956473297502e-10,1.086956473297503e-10,10.86956364612736,90,0.9,82,3,1,1,1,1,2,2,1,1,1,1,2,-0.1086956473297502,-0.1086956473297503,-1.086956364612736e-08,0.1086956473297502,0.1086956473297503,1.086956364612736e-08,-89.13043526691628,-89.13043526691628,-89.13043526691628,-0.1086956473297502,-0.1086956473297503,-1.086956364612736e-08,1.086956473297502e-10,1.086956473297503e-10,10.86956364612736,-0.2173913055290641,-89.13043526691628,0.2173913055290641,0,-0.1086956473297502,-0.1086956473297503,-1.086956364612736e-08,0,0,0,0.1086956473297502,0.1086956473297503,1.086956364612736e-08,1.086956473297502e-10,1.086956473297503e-10,10.86956364612736
26.9,89.13043526702498,89.13043526702498,99.99999891304364,-10.86956473297502,-10.86956473297503,-1.086956364612736e-06,0,0,0.2173913055290641,410,89.13043526691628,0.1086956473297502,0.1086956473297503,1.086956364612736e-08,1e-09,1e-09,1000000000,1.086956473297502e-10,1.086956473297503e-10,10.86956364612736,90,0.9,82,3,1,1,1,1,2,2,1,1,1,1,2,-0.1086956473297502,-0.1086956473297503,-1.086956364612736e-08,0.1086956473297502,0.1086956473297503,1.086956364612736e-08,-89.13043526691628,-89.13043526691628,-89.13043526691628,-0.1086956473297502,-0.1086956473297503,-1.086956364612736e-08,1.086956473297502e-10,1.086956473297503e-10,10.86956364612736,-0.2173913055290641,-89.13043526691628,0.2173913055290641,0,-0.1086956473297502,-0.1086956473297503,-1.086956364612736e-08,0,0,0,0.1086956473297502,0.1086956473297503,1.086956364612736e-08,1.086956473297502e-10,1.086956473297503e-10,10.86956364612736
27,89.13043526702498,89.13043526702498,99.99999891304364,-10.86956473297502,-10.86956473297503,-1.086956364612736e-06,0,0,0.2173913055290641,410,89.13043526691628,0.1086956473297502,0.1086956473297503,1.086956364612736e-08,1e-09,1e-09,1000000000,1.086956473297502e-10,1.086956473297503e-10,10.86956364612736,90,0.9,82,3,1,1,1,1,2,2,1,1,1,1,2,-0.1086956473297502,-0.1086956473297503,-1.086956364612736e-08,0.1086956473297502,0.1086956473297503,1.086956364612736e-08,-89.13043526691628,-89.13043526691628,-89.13043526691628,-0.1086956473297502,-0.1086956473297503,-1.086956364612736e-08,1.086956473297502e-10,1.086956473297503e-10,10.86956364612736,-0.2173913055290641,-89.13043526691628,0.2173913055290641,0,-0.1086956473297502,-0.1086956473297503,-1.086956364612736e-08,0,0,0,0.1086956473297502,0.1086956473297503,1.086956364612736e-08,1.086956473297502e-10,1.086956473297503e-10,10.86956364612736
27.00000000540022,89.13043526702498,89.13043526702498,99.99999891304364,-10.86956473297502,-10.86956473297503,-1.086956364612736e-06,0,0,0.2173913055290641,410,89.13043526691628,0.1086956473297502,0.1086956473297503,1.086956364612736e-08,1e-09,1e-09,1000000000,1.086956473297502e-10,1.086956473297503e-10,10.86956364612736,90,0.9,82,3,1,1,1,1,2,2,1,1,1,1,2,-0.1086956473297502,-0.1086956473297503,-1.086956364612736e-08,0.1086956473297502,0.1086956473297503,1.086956364612736e-08,-89.13043526691628,-89.13043526691628,-89.13043526691628,-0.1086956473297502,-0.1086956473297503,-1.086956364612736e-08,1.086956473297502e-10,1.086956473297503e-10,10.86956364612736,-0.2173913055290641,-89.13043526691628,0.2173913055290641,0,-0.1086956473297502,-0.1086956473297503,-1.086956364612736e-08,0,0,0,0.1086956473297502,0.1086956473297503,1.086956364612736e-08,1.086956473297502e-10,1.086956473297503e-10,10.86956364612736
27.00000000540022,76.74418604656572,76.74418604656572,76.74418604656572,-23.25581395343428,-23.25581395343429,-23.25581395343429,5.551115123125783e-17,0,0.6976744186030286,110,76.74418604633316,0.2325581395343428,0.2325581395343429,0.2325581395343429,1e-09,1e-09,1e-09,2.325581395343428e-10,2.325581395343429e-10,2.325581395343429e-10,90,0.9,22,3,1,1,1,1,2,2,2,1,1,1,3,-0.2325581395343428,-0.2325581395343429,-0.2325581395343429,0.2325581395343428,0.2325581395343429,0.2325581395343429,-76.74418604633316,-76.74418604633316,-76.74418604633316,-0.2325581395343428,-0.2325581395343429,-0.2325581395343429,2.325581395343428e-10,2.325581395343429e-10,2.325581395343429e-10,-0.6976744186030286,-76.74418604633316,0.6976744186030286,0,-0.2325581395343428,-0.2325581395343429,-0.2325581395343429,0,0,0,0.2325581395343428,0.2325581395343429,0.2325581395343429,2.325581395343428e-10,2.325581395343429e-10,2.325581395343429e-10
27.1,76.7441860465657,76.7441860465657,76.7441860465657,-23.25581395343428,-23.25581395343429,-23.25581395343429,-1.110223024625157e-16,0,0.6976744186030288,110,76.74418604633314,0.2325581395343428,0.2325581395343429,0.232558139534343,1e-09,1e-09,1e-09,2.325581395343429e-10,2.325581395343429e-10,2.32558139534343e-10,90,0.9,22,3,1,1,1,1,2,2,2,1,1,1,3,-0.2325581395343428,-0.2325581395343429,-0.232558139534343,0.2325581395343428,0.2325581395343429,0.232558139534343,-76.74418604633314,-76.74418604633314,-76.74418604633314,-0.2325581395343428,-0.2325581395343429,-0.232558139534343,2.325581395343429e-10,2.325581395343429e-10,2.32558139534343e-10,-0.6976744186030288,-76.74418604633314,0.6976744186030288,0,-0.2325581395343428,-0.2325581395343429,-0.232558139534343,0,0,0,0.2325581395343428,0.2325581395343429,0.232558139534343,2.325581395343429e-10,2.325581395343429e-10,2.32558139534343e-10
27.2,76.74418604656572,76.74418604656572,76.74418604656572,-23.25581395343428,-23.25581395343429,-23.25581395343428,-2.775557561562891e-17,0,0.6976744186030286,110,76.74418604633316,0.2325581395343428,0.2325581395343429,0.2325581395343428,1e-09,1e-09,1e-09,2.325581395343429e-10,2.325581395343429e-10,2.325581395343428e-10,90,0.9,22,3,1,1,1,1,2,2,2,1,1,1,3,-0.2325581395343428,-0.2325581395343429,-0.2325581395343428,0.2325581395343428,0.2325581395343429,0.2325581395343428,-76.74418604633316,-76.74418604633316,-76.74418604633316,-0.2325581395343428,-0.2325581395343429,-0.2325581395343428,2.325581395343429e-10,2.325581395343429e-10,2.325581395343428e-10,-0.6976744186030286,-76.74418604633316,0.6976744186030286,0,-0.2325581395343428,-0.2325581395343429,-0.2325581395343428,0,0,0,0.2325581395343428,0.2325581395343429,0.2325581395343428,2.325581395343429e-10,2.325581395343429e-10,2.325581395343428e-10
27.3,76.74418604656572,76.74418604656572,76.74418604656572,-23.25581395343429,-23.25581395343429,-23.25581395343428,-2.775557561562891e-17,0,0.6976744186030287,110,76.74418604633316,0.2325581395343429,0.232558139534343,0.2325581395343428,1e-09,1e-09,1e-09,2.325581395343429e-10,2.32558139534343e-10,2.325581395343429e-10,90,0.9,22,3,1,1,1,1,2,2,2,1,1,1,3,-0.2325581395343429,-0.232558139534343,-0.2325581395343428,0.2325581395343429,0.232558139534343,0.2325581395343428,-76.74418604633316,-76.74418604633316,-76.74418604633316,-0.2325581395343429,-0.232558139534343,-0.2325581395343428,2.325581395343429e-10,2.32558139534343e-10,2.325581395343429e-10,-0.6976744186030287,-76.74418604633316,0.6976744186030287,0,-0.2325581395343429,-0.232558139534343,-0.2325581395343428,0,0,0,0.2325581395343429,0.232558139534343,0.2325581395343428,2.325581395343429e-10,2.32558139534343e-10,2.325581395343429e-10
27.4,76.74418604656572,76.74418604656572,76.74418604656572,-23.25581395343429,-23.25581395343428,-23.25581395343429,2.775557561562891e-17,0,0.6976744186030286,110,76.74418604633316,0.2325581395343429,0.2325581395343428,0.2325581395343429,1e-09,1e-09,1e-09,2.325581395343429e-10,2.325581395343429e-10,2.325581395343429e-10,90,0.9,22,3,1,1,1,1,2,2,2,1,1,1,3,-0.2325581395343429,-0.2325581395343428,-0.2325581395343429,0.2325581395343429,0.2325581395343428,0.2325581395343429,-76.74418604633316,-76.74418604633316,-76.74418604633316,-0.2325581395343429,-0.2325581395343428,-0.2325581395343429,2.325581395343429e-10,2.325581395343429e-10,2.325581395343429e-10,-0.6976744186030286,-76.74418604633316,0.6976744186030286,0,-0.2325581395343429,-0.2325581395343428,-0.2325581395343429,0,0,0,0.2325581395343429,0.2325581395343428,0.2325581395343429,2.325581395343429e-10,2.325581395343429e-10,2.325581395343429e-10
27.5,76.74418604656572,76.74418604656572,76.74418604656572,-23.25581395343429,-23.25581395343429,-23.25581395343429,2.775557561562891e-17,0,0.6976744186030287,110,76.74418604633316,0.2325581395343429,0.2325581395343429,0.2325581395343429,1e-09,1e-09,1e-09,2.325581395343429e-10,2.325581395343429e-10,2.325581395343429e-10,90,0.9,22,3,1,1,1,1,2,2,2,1,1,1,3,-0.2325581395343429,-0.2325581395343429,-0.2325581395343429,0.2325581395343429,0.2325581395343429,0.2325581395343429,-76.74418604633316,-76.74418604633316,-76.74418604633316,-0.2325581395343429,-0.2325581395343429,-0.2325581395343429,2.325581395343429e-10,2.325581395343429e-10,2.325581395343429e-10,-0.6976744186030287,-76.74418604633316,0.6976744186030287,0,-0.2325581395343429,-0.2325581395343429,-0.2325581395343429,0,0,0,0.2325581395343429,0.2325581395343429,0.2325581395343429,2.325581395343429e-10,2.325581395343429e-10,2.325581395343429e-10
27.6,76.74418604656572,76.74418604656572,76.74418604656572,-23.25581395343429,-23.25581395343429,-23.25581395343429,2.775557561562891e-17,0,0.6976744186030287,110,76.74418604633316,0.2325581395343429,0.2325581395343429,0.2325581395343429,1e-09,1e-09,1e-09,2.325581395343429e-10,2.325581395343429e-10,2.325581395343429e-10,90,0.9,22,3,1,1,1,1,2,2,2,1,1,1,3,-0.2325581395343429,-0.2325581395343429,-0.2325581395343429,0.2325581395343429,0.2325581395343429,0.2325581395343429,-76.74418604633316,-76.74418604633316,-76.74418604633316,-0.2325581395343429,-0.2325581395343429,-0.2325581395343429,2.325581395343429e-10,2.325581395343429e-10,2.325581395343429e-10,-0.6976744186030287,-76.74418604633316,0.6976744186030287,0,-0.2325581395343429,-0.2325581395343429,-0.2325581395343429,0,0,0,0.2325581395343429,0.2325581395343429,0.2325581395343429,2.325581395343429e-10,2.325581395343429e-10,2.325581395343429e-10
27.7,76.74418604656572,76.74418604656572,76.74418604656572,-23.25581395343429,-23.25581395343429,-23.25581395343429,2.775557561562891e-17,0,0.6976744186030287,110,76.74418604633316,0.2325581395343429,0.2325581395343429,0.2325581395343429,1e-09,1e-09,1e-09,2.325581395343429e-10,2.325581395343429e-10,2.325581395343429e-10,90,0.9,22,3,1,1,1,1,2,2,2,1,1,1,3,-0.2325581395343429,-0.2325581395343429,-0.2325581395343429,0.2325581395343429,0.2325581395343429,0.2325581395343429,-76.74418604633316,-76.74418604633316,-76.74418604633316,-0.2325581395343429,-0.2325581395343429,-0.2325581395343429,2.325581395343429e-10,2.325581395343429e-10,2.325581395343429e-10,-0.6976744186030287,-76.74418604633316,0.6976744186030287,0,-0.2325581395343429,-0.2325581395343429,-0.2325581395343429,0,0,0,0.2325581395343429,0.2325581395343429,0.2325581395343429,2.325581395343429e-10,2.325581395343429e-10,2.325581395343429e-10
27.8,76.74418604656572,76.74418604656572,76.74418604656572,-23.25581395343429,-23.25581395343429,-23.25581395343429,2.775557561562891e-17,0,0.6976744186030287,110,76.74418604633316,0.2325581395343429,0.2325581395343429,0.2325581395343429,1e-09,1e-09,1e-09,2.325581395343429e-10,2.325581395343429e-10,2.325581395343429e-10,90,0.9,22,3,1,1,1,1,2,2,2,1,1,1,3,-0.2325581395343429,-0.2325581395343429,-0.2325581395343429,0.2325581395343429,0.2325581395343429,0.2325581395343429,-76.74418604633316,-76.74418604633316,-76.74418604633316,-0.2325581395343429,-0.2325581395343429,-0.2325581395343429,2.325581395343429e-10,2.325581395343429e-10,2.325581395343429e-10,-0.6976744186030287,-76.74418604633316,0.6976744186030287,0,-0.2325581395343429,-0.2325581395343429,-0.2325581395343429,0,0,0,0.2325581395343429,0.2325581395343429,0.2325581395343429,2.325581395343429e-10,2.325581395343429e-10,2.325581395343429e-10
27.9,76.74418604656572,76.74418604656572,76.74418604656572,-23.25581395343429,-23.25581395343429,-23.25581395343429,2.775557561562891e-17,0,0.6976744186030287,110,76.74418604633316,0.2325581395343429,0.2325581395343429,0.2325581395343429,1e-09,1e-09,1e-09,2.325581395343429e-10,2.325581395343429e-10,2.325581395343429e-10,90,0.9,22,3,1,1,1,1,2,2,2,1,1,1,3,-0.2325581395343429,-0.2325581395343429,-0.2325581395343429,0.2325581395343429,0.2325581395343429,0.2325581395343429,-76.74418604633316,-76.74418604633316,-76.74418604633316,-0.2325581395343429,-0.2325581395343429,-0.2325581395343429,2.325581395343429e-10,2.325581395343429e-10,2.325581395343429e-10,-0.6976744186030287,-76.74418604633316,0.6976744186030287,0,-0.2325581395343429,-0.2325581395343429,-0.2325581395343429,0,0,0,0.2325581395343429,0.2325581395343429,0.2325581395343429,2.325581395343429e-10,2.325581395343429e-10,2.325581395343429e-10
28,76.74418604656572,76.74418604656572,76.74418604656572,-23.25581395343429,-23.25581395343429,-23.25581395343429,2.775557561562891e-17,0,0.6976744186030287,110,76.74418604633316,0.2325581395343429,0.2325581395343429,0.2325581395343429,1e-09,1e-09,1e-09,2.325581395343429e-10,2.325581395343429e-10,2.325581395343429e-10,90,0.9,22,3,1,1,1,1,2,2,2,1,1,1,3,-0.2325581395343429,-0.2325581395343429,-0.2325581395343429,0.2325581395343429,0.2325581395343429,0.2325581395343429,-76.74418604633316,-76.74418604633316,-76.74418604633316,-0.2325581395343429,-0.2325581395343429,-0.2325581395343429,2.325581395343429e-10,2.325581395343429e-10,2.325581395343429e-10,-0.6976744186030287,-76.74418604633316,0.6976744186030287,0,-0.2325581395343429,-0.2325581395343429,-0.2325581395343429,0,0,0,0.2325581395343429,0.2325581395343429,0.2325581395343429,2.325581395343429e-10,2.325581395343429e-10,2.325581395343429e-10
28.00000000560031,76.74418604656572,76.74418604656572,76.74418604656572,-23.25581395343429,-23.25581395343429,-23.25581395343429,2.775557561562891e-17,0,0.6976744186030287,110,76.74418604633316,0.2325581395343429,0.2325581395343429,0.2325581395343429,1e-09,1e-09,1e-09,2.325581395343429e-10,2.325581395343429e-10,2.325581395343429e-10,90,0.9,22,3,1,1,1,1,2,2,2,1,1,1,3,-0.2325581395343429,-0.2325581395343429,-0.2325581395343429,0.2325581395343429,0.2325581395343429,0.2325581395343429,-76.74418604633316,-76.74418604633316,-76.74418604633316,-0.2325581395343429,-0.2325581395343429,-0.2325581395343429,2.325581395343429e-10,2.325581395343429e-10,2.325581395343429e-10,-0.6976744186030287,-76.74418604633316,0.6976744186030287,0,-0.2325581395343429,-0.2325581395343429,-0.2325581395343429,0,0,0,0.2325581395343429,0.2325581395343429,0.2325581395343429,2.325581395343429e-10,2.325581395343429e-10,2.325581395343429e-10
28.00000000560031,86.30136986303246,86.30136986303246,86.30136986303246,-13.69863013696754,-13.69863013696753,-13.69863013696754,2.775557561562891e-17,0,0.4109589041090261,210,86.30136986289547,0.1369863013696754,0.1369863013696753,0.1369863013696754,1e-09,1e-09,1e-09,1.369863013696754e-10,1.369863013696753e-10,1.369863013696754e-10,90,0.9,42,3,1,1,1,1,2,2,2,1,1,1,3,-0.1369863013696754,-0.1369863013696753,-0.1369863013696754,0.1369863013696754,0.1369863013696753,0.1369863013696754,-86.30136986289547,-86.30136986289547,-86.30136986289547,-0.1369863013696754,-0.1369863013696753,-0.1369863013696754,1.369863013696754e-10,1.369863013696753e-10,1.369863013696754e-10,-0.4109589041090261,-86.30136986289547,0.4109589041090261,0,-0.1369863013696754,-0.1369863013696753,-0.1369863013696754,0,0,0,0.1369863013696754,0.1369863013696753,0.1369863013696754,1.369863013696754e-10,1.369863013696753e-10,1.369863013696754e-10
28.1,86.30136986303246,86.30136986303246,86.30136986303246,-13.69863013696754,-13.69863013696753,-13.69863013696754,2.775557561562891e-17,0,0.4109589041090261,210,86.30136986289547,0.1369863013696754,0.1369863013696753,0.1369863013696754,1e-09,1e-09,1e-09,1.369863013696754e-10,1.369863013696753e-10,1.369863013696754e-10,90,0.9,42,3,1,1,1,1,2,2,2,1,1,1,3,-0.1369863013696754,-0.1369863013696753,-0.1369863013696754,0.1369863013696754,0.1369863013696753,0.1369863013696754,-86.30136986289547,-86.30136986289547,-86.30136986289547,-0.1369863013696754,-0.1369863013696753,-0.1369863013696754,1.369863013696754e-10,1.369863013696753e-10,1.369863013696754e-10,-0.4109589041090261,-86.30136986289547,0.4109589041090261,0,-0.1369863013696754,-0.1369863013696753,-0.1369863013696754,0,0,0,0.1369863013696754,0.1369863013696753,0.1369863013696754,1.369863013696754e-10,1.369863013696753e-10,1.369863013696754e-10
28.2,86.30136986303246,86.30136986303246,86.30136986303246,-13.69863013696754,-13.69863013696753,-13.69863013696754,2.775557561562891e-17,0,0.4109589041090261,210,86.30136986289547,0.1369863013696754,0.1369863013696753,0.1369863013696754,1e-09,1e-09,1e-09,1.369863013696754e-10,1.369863013696753e-10,1.369863013696754e-10,90,0.9,42,3,1,1,1,1,2,2,2,1,1,1,3,-0.1369863013696754,-0.1369863013696753,-0.1369863013696754,0.1369863013696754,0.1369863013696753,0.1369863013696754,-86.30136986289547,-86.30136986289547,-86.30136986289547,-0.1369863013696754,-0.1369863013696753,-0.1369863013696754,1.369863013696754e-10,1.369863013696753e-10,1.369863013696754e-10,-0.4109589041090261,-86.30136986289547,0.4109589041090261,0,-0.1369863013696754,-0.1369863013696753,-0.1369863013696754,0,0,0,0.1369863013696754,0.1369863013696753,0.1369863013696754,1.369863013696754e-10,1.369863013696753e-10,1.369863013696754e-10
28.3,86.30136986303246,86.30136986303246,86.30136986303246,-13.69863013696754,-13.69863013696753,-13.69863013696754,2.775557561562891e-17,0,0.4109589041090261,210,86.30136986289547,0.1369863013696754,0.1369863013696753,0.1369863013696754,1e-09,1e-09,1e-09,1.369863013696754e-10,1.369863013696753e-10,1.369863013696754e-10,90,0.9,42,3,1,1,1,1,2,2,2,1,1,1,3,-0.1369863013696754,-0.1369863013696753,-0.1369863013696754,0.1369863013696754,0.1369863013696753,0.1369863013696754,-86.30136986289547,-86.30136986289547,-86.30136986289547,-0.1369863013696754,-0.1369863013696753,-0.1369863013696754,1.369863013696754e-10,1.369863013696753e-10,1.369863013696754e-10,-0.4109589041090261,-86.30136986289547,0.4109589041090261,0,-0.1369863013696754,-0.1369863013696753,-0.1369863013696754,0,0,0,0.1369863013696754,0.1369863013696753,0.1369863013696754,1.369863013696754e-10,1.369863013696753e-10,1.369863013696754e-10
28.4,86.30136986303246,86.30136986303246,86.30136986303246,-13.69863013696754,-13.69863013696753,-13.69863013696754,2.775557561562891e-17,0,0.4109589041090261,210,86.30136986289547,0.1369863013696754,0.1369863013696753,0.1369863013696754,1e-09,1e-09,1e-09,1.369863013696754e-10,1.369863013696753e-10,1.369863013696754e-10,90,0.9,42,3,1,1,1,1,2,2,2,1,1,1,3,-0.1369863013696754,-0.1369863013696753,-0.1369863013696754,0.1369863013696754,0.1369863013696753,0.1369863013696754,-86.30136986289547,-86.30136986289547,-86.30136986289547,-0.1369863013696754,-0.1369863013696753,-0.1369863013696754,1.369863013696754e-10,1.369863013696753e-10,1.369863013696754e-10,-0.4109589041090261,-86.30136986289547,0.4109589041090261,0,-0.1369863013696754,-0.1369863013696753,-0.1369863013696754,0,0,0,0.1369863013696754,0.1369863013696753,0.1369863013696754,1.369863013696754e-10,1.369863013696753e-10,1.369863013696754e-10
28.5,86.30136986303246,86.30136986303246,86.30136986303246,-13.69863013696754,-13.69863013696753,-13.69863013696754,2.775557561562891e-17,0,0.4109589041090261,210,86.30136986289547,0.1369863013696754,0.1369863013696753,0.1369863013696754,1e-09,1e-09,1e-09,1.369863013696754e-10,1.369863013696753e-10,1.369863013696754e-10,90,0.9,42,3,1,1,1,1,2,2,2,1,1,1,3,-0.1369863013696754,-0.1369863013696753,-0.1369863013696754,0.1369863013696754,0.1369863013696753,0.1369863013696754,-86.30136986289547,-86.30136986289547,-86.30136986289547,-0.1369863013696754,-0.1369863013696753,-0.1369863013696754,1.369863013696754e-10,1.369863013696753e-10,1.369863013696754e-10,-0.4109589041090261,-86.30136986289547,0.4109589041090261,0,-0.1369863013696754,-0.1369863013696753,-0.1369863013696754,0,0,0,0.1369863013696754,0.1369863013696753,0.1369863013696754,1.369863013696754e-10,1.369863013696753e-10,1.369863013696754e-10
28.6,86.30136986303246,86.30136986303246,86.30136986303246,-13.69863013696754,-13.69863013696753,-13.69863013696754,2.775557561562891e-17,0,0.4109589041090261,210,86.30136986289547,0.1369863013696754,0.1369863013696753,0.1369863013696754,1e-09,1e-09,1e-09,1.369863013696754e-10,1.369863013696753e-10,1.369863013696754e-10,90,0.9,42,3,1,1,1,1,2,2,2,1,1,1,3,-0.1369863013696754,-0.1369863013696753,-0.1369863013696754,0.1369863013696754,0.1369863013696753,0.1369863013696754,-86.30136986289547,-86.30136986289547,-86.30136986289547,-0.1369863013696754,-0.1369863013696753,-0.1369863013696754,1.369863013696754e-10,1.369863013696753e-10,1.369863013696754e-10,-0.4109589041090261,-86.30136986289547,0.4109589041090261,0,-0.1369863013696754,-0.1369863013696753,-0.1369863013696754,0,0,0,0.1369863013696754,0.1369863013696753,0.1369863013696754,1.369863013696754e-10,1.369863013696753e-10,1.369863013696754e-10
28.7,86.30136986303246,86.30136986303246,86.30136986303246,-13.69863013696754,-13.69863013696753,-13.69863013696754,2.775557561562891e-17,0,0.4109589041090261,210,86.30136986289547,0.1369863013696754,0.1369863013696753,0.1369863013696754,1e-09,1e-09,1e-09,1.369863013696754e-10,1.369863013696753e-10,1.369863013696754e-10,90,0.9,42,3,1,1,1,1,2,2,2,1,1,1,3,-0.1369863013696754,-0.1369863013696753,-0.1369863013696754,0.1369863013696754,0.1369863013696753,0.1369863013696754,-86.30136986289547,-86.30136986289547,-86.30136986289547,-0.1369863013696754,-0.1369863013696753,-0.1369863013696754,1.369863013696754e-10,1.369863013696753e-10,1.369863013696754e-10,-0.4109589041090261,-86.30136986289547,0.4109589041090261,0,-0.1369863013696754,-0.1369863013696753,-0.1369863013696754,0,0,0,0.1369863013696754,0.1369863013696753,0.1369863013696754,1.369863013696754e-10,1.369863013696753e-10,1.369863013696754e-10
28.8,86.30136986303246,86.30136986303246,86.30136986303246,-13.69863013696754,-13.69863013696753,-13.69863013696754,2.775557561562891e-17,0,0.4109589041090261,210,86.30136986289547,0.1369863013696754,0.1369863013696753,0.1369863013696754,1e-09,1e-09,1e-09,1.369863013696754e-10,1.369863013696753e-10,1.369863013696754e-10,90,0.9,42,3,1,1,1,1,2,2,2,1,1,1,3,-0.1369863013696754,-0.1369863013696753,-0.1369863013696754,0.1369863013696754,0.1369863013696753,0.1369863013696754,-86.30136986289547,-86.30136986289547,-86.30136986289547,-0.1369863013696754,-0.1369863013696753,-0.1369863013696754,1.369863013696754e-10,1.369863013696753e-10,1.369863013696754e-10,-0.4109589041090261,-86.30136986289547,0.4109589041090261,0,-0.1369863013696754,-0.1369863013696753,-0.1369863013696754,0,0,0,0.1369863013696754,0.1369863013696753,0.1369863013696754,1.369863013696754e-10,1.369863013696753e-10,1.369863013696754e-10
28.9,86.30136986303246,86.30136986303246,86.30136986303246,-13.69863013696754,-13.69863013696753,-13.69863013696754,2.775557561562891e-17,0,0.4109589041090261,210,86.30136986289547,0.1369863013696754,0.1369863013696753,0.1369863013696754,1e-09,1e-09,1e-09,1.369863013696754e-10,1.369863013696753e-10,1.369863013696754e-10,90,0.9,42,3,1,1,1,1,2,2,2,1,1,1,3,-0.1369863013696754,-0.1369863013696753,-0.1369863013696754,0.1369863013696754,0.1369863013696753,0.1369863013696754,-86.30136986289547,-86.30136986289547,-86.30136986289547,-0.1369863013696754,-0.1369863013696753,-0.1369863013696754,1.369863013696754e-10,1.369863013696753e-10,1.369863013696754e-10,-0.4109589041090261,-86.30136986289547,0.4109589041090261,0,-0.1369863013696754,-0.1369863013696753,-0.1369863013696754,0,0,0,0.1369863013696754,0.1369863013696753,0.1369863013696754,1.369863013696754e-10,1.369863013696753e-10,1.369863013696754e-10
29,86.30136986303246,86.30136986303246,86.30136986303246,-13.69863013696754,-13.69863013696753,-13.69863013696754,2.775557561562891e-17,0,0.4109589041090261,210,86.30136986289547,0.1369863013696754,0.1369863013696753,0.1369863013696754,1e-09,1e-09,1e-09,1.369863013696754e-10,1.369863013696753e-10,1.369863013696754e-10,90,0.9,42,3,1,1,1,1,2,2,2,1,1,1,3,-0.1369863013696754,-0.1369863013696753,-0.1369863013696754,0.1369863013696754,0.1369863013696753,0.1369863013696754,-86.30136986289547,-86.30136986289547,-86.30136986289547,-0.1369863013696754,-0.1369863013696753,-0.1369863013696754,1.369863013696754e-10,1.369863013696753e-10,1.369863013696754e-10,-0.4109589041090261,-86.30136986289547,0.4109589041090261,0,-0.1369863013696754,-0.1369863013696753,-0.1369863013696754,0,0,0,0.1369863013696754,0.1369863013696753,0.1369863013696754,1.369863013696754e-10,1.369863013696753e-10,1.369863013696754e-10
29.00000000580039,86.30136986303246,86.30136986303246,86.30136986303246,-13.69863013696754,-13.69863013696753,-13.69863013696754,2.775557561562891e-17,0,0.4109589041090261,210,86.30136986289547,0.1369863013696754,0.1369863013696753,0.1369863013696754,1e-09,1e-09,1e-09,1.369863013696754e-10,1.369863013696753e-10,1.369863013696754e-10,90,0.9,42,3,1,1,1,1,2,2,2,1,1,1,3,-0.1369863013696754,-0.1369863013696753,-0.1369863013696754,0.1369863013696754,0.1369863013696753,0.1369863013696754,-86.30136986289547,-86.30136986289547,-86.30136986289547,-0.1369863013696754,-0.1369863013696753,-0.1369863013696754,1.369863013696754e-10,1.369863013696753e-10,1.369863013696754e-10,-0.4109589041090261,-86.30136986289547,0.4109589041090261,0,-0.1369863013696754,-0.1369863013696753,-0.1369863013696754,0,0,0,0.1369863013696754,0.1369863013696753,0.1369863013696754,1.369863013696754e-10,1.369863013696753e-10,1.369863013696754e-10
29.00000000580039,87.17948770415477,87.17948770415477,99.9999987179489,-12.82051224078057,-12.82051227761276,-1.282051101392234e-06,0,0,0.2564102580044443,340,87.17948770402656,0.1282051224078057,0.1282051227761276,1.282051101392234e-08,1e-09,1e-09,1000000000,1.282051224078058e-10,1.282051227761276e-10,12.82051101392234,90,0.9,68,3,1,1,1,1,2,2,1,1,1,1,2,-0.1282051224078057,-0.1282051227761276,-1.282051101392234e-08,0.1282051224078057,0.1282051227761276,1.282051101392234e-08,-87.17948770402656,-87.17948770402656,-87.17948770402656,-0.1282051224078057,-0.1282051227761276,-1.282051101392234e-08,1.282051224078058e-10,1.282051227761276e-10,12.82051101392234,-0.2564102580044443,-87.17948770402656,0.2564102580044443,0,-0.1282051224078057,-0.1282051227761276,-1.282051101392234e-08,0,0,0,0.1282051224078057,0.1282051227761276,1.282051101392234e-08,1.282051224078058e-10,1.282051227761276e-10,12.82051101392234
29.1,87.1794877383464,87.1794877383464,99.9999987179489,-12.8205122616536,-12.82051226165359,-1.282051097973071e-06,0,0,0.2564102580535829,340,87.17948773821819,0.128205122616536,0.1282051226165359,1.282051097973071e-08,1e-09,1e-09,1000000000,1.28205122616536e-10,1.282051226165359e-10,12.82051097973071,90,0.9,68,3,1,1,1,1,2,2,1,1,1,1,2,-0.128205122616536,-0.1282051226165359,-1.282051097973071e-08,0.128205122616536,0.1282051226165359,1.282051097973071e-08,-87.17948773821819,-87.17948773821819,-87.17948773821819,-0.128205122616536,-0.1282051226165359,-1.282051097973071e-08,1.28205122616536e-10,1.282051226165359e-10,12.82051097973071,-0.2564102580535829,-87.17948773821819,0.2564102580535829,0,-0.128205122616536,-0.1282051226165359,-1.282051097973071e-08,0,0,0,0.128205122616536,0.1282051226165359,1.282051097973071e-08,1.28205122616536e-10,1.282051226165359e-10,12.82051097973071
29.2,87.17948773834641,87.17948773834641,99.9999987179489,-12.82051226165359,-12.8205122616536,-1.28205109797307e-06,-2.775557561562891e-17,0,0.256410258053583,340,87.1794877382182,0.1282051226165359,0.128205122616536,1.28205109797307e-08,1e-09,1e-09,1000000000,1.282051226165359e-10,1.28205122616536e-10,12.8205109797307,90,0.9,68,3,1,1,1,1,2,2,1,1,1,1,2,-0.1282051226165359,-0.128205122616536,-1.28205109797307e-08,0.1282051226165359,0.128205122616536,1.28205109797307e-08,-87.1794877382182,-87.1794877382182,-87.1794877382182,-0.1282051226165359,-0.128205122616536,-1.28205109797307e-08,1.282051226165359e-10,1.28205122616536e-10,12.8205109797307,-0.256410258053583,-87.1794877382182,0.256410258053583,0,-0.1282051226165359,-0.128205122616536,-1.28205109797307e-08,0,0,0,0.1282051226165359,0.128205122616536,1.28205109797307e-08,1.282051226165359e-10,1.28205122616536e-10,12.8205109797307
29.3,87.1794877383464,87.1794877383464,99.9999987179489,-12.8205122616536,-12.82051226165359,-1.282051097973071e-06,2.775557561562891e-17,0,0.2564102580535829,340,87.17948773821819,0.128205122616536,0.1282051226165359,1.282051097973071e-08,1e-09,1e-09,1000000000,1.28205122616536e-10,1.282051226165359e-10,12.82051097973071,90,0.9,68,3,1,1,1,1,2,2,1,1,1,1,2,-0.128205122616536,-0.1282051226165359,-1.282051097973071e-08,0.128205122616536,0.1282051226165359,1.282051097973071e-08,-87.17948773821819,-87.17948773821819,-87.17948773821819,-0.128205122616536,-0.1282051226165359,-1.282051097973071e-08,1.28205122616536e-10,1.282051226165359e-10,12.82051097973071,-0.2564102580535829,-87.17948773821819,0.2564102580535829,0,-0.128205122616536,-0.1282051226165359,-1.282051097973071e-08,0,0,0,0.128205122616536,0.1282051226165359,1.282051097973071e-08,1.28205122616536e-10,1.282051226165359e-10,12.82051097973071
29.4,87.17948773834641,87.17948773834641,99.9999987179489,-12.82051226165359,-12.8205122616536,-1.28205109797307e-06,-2.775557561562891e-17,0,0.256410258053583,340,87.1794877382182,0.1282051226165359,0.128205122616536,1.28205109797307e-08,1e-09,1e-09,1000000000,1.282051226165359e-10,1.28205122616536e-10,12.8205109797307,90,0.9,68,3,1,1,1,1,2,2,1,1,1,1,2,-0.1282051226165359,-0.128205122616536,-1.28205109797307e-08,0.1282051226165359,0.128205122616536,1.28205109797307e-08,-87.1794877382182,-87.1794877382182,-87.1794877382182,-0.1282051226165359,-0.128205122616536,-1.28205109797307e-08,1.282051226165359e-10,1.28205122616536e-10,12.8205109797307,-0.256410258053583,-87.1794877382182,0.256410258053583,0,-0.1282051226165359,-0.128205122616536,-1.28205109797307e-08,0,0,0,0.1282051226165359,0.128205122616536,1.28205109797307e-08,1.282051226165359e-10,1.28205122616536e-10,12.8205109797307
29.5,87.1794877383464,87.1794877383464,99.9999987179489,-12.8205122616536,-12.82051226165359,-1.282051097973071e-06,2.775557561562891e-17,0,0.2564102580535829,340,87.17948773821819,0.128205122616536,0.1282051226165359,1.282051097973071e-08,1e-09,1e-09,1000000000,1.28205122616536e-10,1.282051226165359e-10,12.82051097973071,90,0.9,68,3,1,1,1,1,2,2,1,1,1,1,2,-0.128205122616536,-0.1282051226165359,-1.282051097973071e-08,0.128205122616536,0.1282051226165359,1.282051097973071e-08,-87.17948773821819,-87.17948773821819,-87.17948773821819,-0.128205122616536,-0.1282051226165359,-1.282051097973071e-08,1.28205122616536e-10,1.282051226165359e-10,12.82051097973071,-0.2564102580535829,-87.17948773821819,0.2564102580535829,0,-0.128205122616536,-0.1282051226165359,-1.282051097973071e-08,0,0,0,0.128205122616536,0.1282051226165359,1.282051097973071e-08,1.28205122616536e-10,1.282051226165359e-10,12.82051097973071
29.6,87.17948773834641,87.17948773834641,99.9999987179489,-12.82051226165359,-12.8205122616536,-1.28205109797307e-06,-2.775557561562891e-17,0,0.256410258053583,340,87.1794877382182,0.1282051226165359,0.128205122616536,1.28205109797307e-08,1e-09,1e-09,1000000000,1.282051226165359e-10,1.28205122616536e-10,12.8205109797307,90,0.9,68,3,1,1,1,1,2,2,1,1,1,1,2,-0.1282051226165359,-0.128205122616536,-1.28205109797307e-08,0.1282051226165359,0.128205122616536,1.28205109797307e-08,-87.1794877382182,-87.1794877382182,-87.1794877382182,-0.1282051226165359,-0.128205122616536,-1.28205109797307e-08,1.282051226165359e-10,1.28205122616536e-10,12.8205109797307,-0.256410258053583,-87.1794877382182,0.256410258053583,0,-0.1282051226165359,-0.128205122616536,-1.28205109797307e-08,0,0,0,0.1282051226165359,0.128205122616536,1.28205109797307e-08,1.282051226165359e-10,1.28205122616536e-10,12.8205109797307
29.7,87.1794877383464,87.1794877383464,99.9999987179489,-12.8205122616536,-12.82051226165359,-1.282051097973071e-06,2.775557561562891e-17,0,0.2564102580535829,340,87.17948773821819,0.128205122616536,0.1282051226165359,1.282051097973071e-08,1e-09,1e-09,1000000000,1.28205122616536e-10,1.282051226165359e-10,12.82051097973071,90,0.9,68,3,1,1,1,1,2,2,1,1,1,1,2,-0.128205122616536,-0.1282051226165359,-1.282051097973071e-08,0.128205122616536,0.1282051226165359,1.282051097973071e-08,-87.17948773821819,-87.17948773821819,-87.17948773821819,-0.128205122616536,-0.1282051226165359,-1.282051097973071e-08,1.28205122616536e-10,1.282051226165359e-10,12.82051097973071,-0.2564102580535829,-87.17948773821819,0.2564102580535829,0,-0.128205122616536,-0.1282051226165359,-1.282051097973071e-08,0,0,0,0.128205122616536,0.1282051226165359,1.282051097973071e-08,1.28205122616536e-10,1.282051226165359e-10,12.82051097973071
29.8,87.17948773834641,87.17948773834641,99.9999987179489,-12.82051226165359,-12.8205122616536,-1.28205109797307e-06,-2.775557561562891e-17,0,0.256410258053583,340,87.1794877382182,0.1282051226165359,0.128205122616536,1.28205109797307e-08,1e-09,1e-09,1000000000,1.282051226165359e-10,1.28205122616536e-10,12.8205109797307,90,0.9,68,3,1,1,1,1,2,2,1,1,1,1,2,-0.1282051226165359,-0.128205122616536,-1.28205109797307e-08,0.1282051226165359,0.128205122616536,1.28205109797307e-08,-87.1794877382182,-87.1794877382182,-87.1794877382182,-0.1282051226165359,-0.128205122616536,-1.28205109797307e-08,1.282051226165359e-10,1.28205122616536e-10,12.8205109797307,-0.256410258053583,-87.1794877382182,0.256410258053583,0,-0.1282051226165359,-0.128205122616536,-1.28205109797307e-08,0,0,0,0.1282051226165359,0.128205122616536,1.28205109797307e-08,1.282051226165359e-10,1.28205122616536e-10,12.8205109797307
29.9,87.1794877383464,87.1794877383464,99.9999987179489,-12.8205122616536,-12.82051226165359,-1.282051097973071e-06,2.775557561562891e-17,0,0.2564102580535829,340,87.17948773821819,0.128205122616536,0.1282051226165359,1.282051097973071e-08,1e-09,1e-09,1000000000,1.28205122616536e-10,1.282051226165359e-10,12.82051097973071,90,0.9,68,3,1,1,1,1,2,2,1,1,1,1,2,-0.128205122616536,-0.1282051226165359,-1.282051097973071e-08,0.128205122616536,0.1282051226165359,1.282051097973071e-08,-87.17948773821819,-87.17948773821819,-87.17948773821819,-0.128205122616536,-0.1282051226165359,-1.282051097973071e-08,1.28205122616536e-10,1.282051226165359e-10,12.82051097973071,-0.2564102580535829,-87.17948773821819,0.2564102580535829,0,-0.128205122616536,-0.1282051226165359,-1.282051097973071e-08,0,0,0,0.128205122616536,0.1282051226165359,1.282051097973071e-08,1.28205122616536e-10,1.282051226165359e-10,12.82051097973071
30,87.17948773834641,87.17948773834641,99.9999987179489,-12.82051226165359,-12.8205122616536,-1.28205109797307e-06,-2.775557561562891e-17,0,0.256410258053583,340,87.1794877382182,0.1282051226165359,0.128205122616536,1.28205109797307e-08,1e-09,1e-09,1000000000,1.282051226165359e-10,1.28205122616536e-10,12.8205109797307,90,0.9,68,3,1,1,1,1,2,2,1,1,1,1,2,-0.1282051226165359,-0.128205122616536,-1.28205109797307e-08,0.1282051226165359,0.128205122616536,1.28205109797307e-08,-87.1794877382182,-87.1794877382182,-87.1794877382182,-0.1282051226165359,-0.128205122616536,-1.28205109797307e-08,1.282051226165359e-10,1.28205122616536e-10,12.8205109797307,-0.256410258053583,-87.1794877382182,0.256410258053583,0,-0.1282051226165359,-0.128205122616536,-1.28205109797307e-08,0,0,0,0.1282051226165359,0.128205122616536,1.28205109797307e-08,1.282051226165359e-10,1.28205122616536e-10,12.8205109797307
30,87.17948773834641,87.17948773834641,99.9999987179489,-12.82051226165359,-12.8205122616536,-1.28205109797307e-06,-2.775557561562891e-17,0,0.256410258053583,340,87.1794877382182,0.1282051226165359,0.128205122616536,1.28205109797307e-08,1e-09,1e-09,1000000000,1.282051226165359e-10,1.28205122616536e-10,12.8205109797307,90,0.9,68,3,1,1,1,1,2,2,1,1,1,1,2,-0.1282051226165359,-0.128205122616536,-1.28205109797307e-08,0.1282051226165359,0.128205122616536,1.28205109797307e-08,-87.1794877382182,-87.1794877382182,-87.1794877382182,-0.1282051226165359,-0.128205122616536,-1.28205109797307e-08,1.282051226165359e-10,1.28205122616536e-10,12.8205109797307,-0.256410258053583,-87.1794877382182,0.256410258053583,0,-0.1282051226165359,-0.128205122616536,-1.28205109797307e-08,0,0,0,0.1282051226165359,0.128205122616536,1.28205109797307e-08,1.282051226165359e-10,1.28205122616536e-10,12.8205109797307
