"time","circ1.bats[1].v","circ1.bats[2].v","circ1.bats[3].v","circ1.bats[1].vr","circ1.bats[2].vr","circ1.bats[3].vr","circ1.gnd.p.i","circ1.gnd.p.v","circ1.r_load.i","circ1.r_load.r_int","circ1.r_load.v","circ1.s[1].i","circ1.s[2].i","circ1.s[3].i","circ1.s[1].r_int","circ1.s[2].r_int","circ1.s[3].r_int","circ1.s[1].v","circ1.s[2].v","circ1.s[3].v","circ1.target_v","circ1.tolerance","circ1.r_load.percentage","circ1.bat_num","circ1.bats[1].state","circ1.bats[2].state","circ1.bats[3].state","circ1.r_load.state","circ1.s[1].mode","circ1.s[2].mode","circ1.s[3].mode","circ1.s[1].state","circ1.s[2].state","circ1.s[3].state","on","circ1.bats[1].i","circ1.bats[2].i","circ1.bats[3].i","circ1.bats[1].m.i","circ1.bats[2].m.i","circ1.bats[3].m.i","circ1.bats[1].m.v","circ1.bats[2].m.v","circ1.bats[3].m.v","circ1.bats[1].p.i","circ1.bats[2].p.i","circ1.bats[3].p.i","circ1.bats[1].p.v","circ1.bats[2].p.v","circ1.bats[3].p.v","circ1.r_load.m.i","circ1.r_load.m.v","circ1.r_load.p.i","circ1.r_load.p.v","circ1.s[1].m.i","circ1.s[2].m.i","circ1.s[3].m.i","circ1.s[1].m.v","circ1.s[2].m.v","circ1.s[3].m.v","circ1.s[1].p.i","circ1.s[2].p.i","circ1.s[3].p.i","circ1.s[1].p.v","circ1.s[2].p.v","circ1.s[3].p.v"
0,99.999990000016,99.999990000016,99.999990000016,-9.999984000025599e-06,-9.999984000025599e-06,-9.999984000025599e-06,2.646977960169689e-23,0,2.99999520000768e-07,500,0.0001499997599978542,9.9999840000256e-08,9.9999840000256e-08,9.9999840000256e-08,1000000000,1000000000,1000000000,99.999840000256,99.999840000256,99.999840000256,90,0.9,100,3,1,1,1,1,2,1,1,2,1,1,1,-9.9999840000256e-08,-9.9999840000256e-08,-9.9999840000256e-08,9.9999840000256e-08,9.9999840000256e-08,9.9999840000256e-08,-0.0001499997599978542,-0.0001499997599978542,-0.0001499997599978542,-9.9999840000256e-08,-9.9999840000256e-08,-9.9999840000256e-08,99.999840000256,99.999840000256,99.999840000256,-2.99999520000768e-07,-0.0001499997599978542,2.99999520000768e-07,0,-9.9999840000256e-08,-9.9999840000256e-08,-9.9999840000256e-08,0,0,0,9.9999840000256e-08,9.9999840000256e-08,9.9999840000256e-08,99.999840000256,99.999840000256,99.999840000256
1.004082150757313e-10,99.999990000016,99.999990000016,99.999990000016,-9.999984000025599e-06,-9.999984000025599e-06,-9.999984000025599e-06,2.646977960169689e-23,0,2.99999520000768e-07,500,0.0001499997599978542,9.9999840000256e-08,9.9999840000256e-08,9.9999840000256e-08,1000000000,1000000000,1000000000,99.999840000256,99.999840000256,99.999840000256,90,0.9,100,3,1,1,1,1,2,1,1,2,1,1,1,-9.9999840000256e-08,-9.9999840000256e-08,-9.9999840000256e-08,9.9999840000256e-08,9.9999840000256e-08,9.9999840000256e-08,-0.0001499997599978542,-0.0001499997599978542,-0.0001499997599978542,-9.9999840000256e-08,-9.9999840000256e-08,-9.9999840000256e-08,99.999840000256,99.999840000256,99.999840000256,-2.99999520000768e-07,-0.0001499997599978542,2.99999520000768e-07,0,-9.9999840000256e-08,-9.9999840000256e-08,-9.9999840000256e-08,0,0,0,9.9999840000256e-08,9.9999840000256e-08,9.9999840000256e-08,99.999840000256,99.999840000256,99.999840000256
1.004082150757313e-10,99.99999500000062,50.00000125024984,50.00000125024984,-4.999999375025078e-06,-49.99999874975016,-49.99999874975016,-6.182486864564238e-18,0,1.000000024994997,50,50.00000124974984,4.999999375025078e-08,0.4999999874975016,0.4999999874975016,1000000000,1e-09,1e-09,49.99999375025078,4.999999874975016e-10,4.999999874975016e-10,90,0.9,10,3,1,1,1,1,2,2,2,2,1,1,3,-4.999999375025078e-08,-0.4999999874975016,-0.4999999874975016,4.999999375025078e-08,0.4999999874975016,0.4999999874975016,-50.00000124974984,-50.00000124974984,-50.00000124974984,-4.999999375025078e-08,-0.4999999874975016,-0.4999999874975016,49.99999375025078,4.999999874975016e-10,4.999999874975016e-10,-1.000000024994997,-50.00000124974984,1.000000024994997,0,-4.999999375025078e-08,-0.4999999874975016,-0.4999999874975016,0,0,0,4.999999375025078e-08,0.4999999874975016,0.4999999874975016,49.99999375025078,4.999999874975016e-10,4.999999874975016e-10
0.1,99.99999500000061,50.00000125024984,50.00000125024984,-4.999999375025078e-06,-49.99999874975016,-49.99999874975016,4.932865774924869e-17,0,1.000000024994997,50,50.00000124974984,4.999999375025078e-08,0.4999999874975015,0.4999999874975015,1000000000,1e-09,1e-09,49.99999375025077,4.999999874975015e-10,4.999999874975015e-10,90,0.9,10,3,1,1,1,1,2,2,2,2,1,1,3,-4.999999375025078e-08,-0.4999999874975015,-0.4999999874975015,4.999999375025078e-08,0.4999999874975015,0.4999999874975015,-50.00000124974984,-50.00000124974984,-50.00000124974984,-4.999999375025078e-08,-0.4999999874975015,-0.4999999874975015,49.99999375025077,4.999999874975015e-10,4.999999874975015e-10,-1.000000024994997,-50.00000124974984,1.000000024994997,0,-4.999999375025078e-08,-0.4999999874975015,-0.4999999874975015,0,0,0,4.999999375025078e-08,0.4999999874975015,0.4999999874975015,49.99999375025077,4.999999874975015e-10,4.999999874975015e-10
0.2,99.99999500000064,50.00000125024984,50.00000125024984,-4.999999375025079e-06,-49.99999874975016,-49.99999874975016,-6.182473629674437e-18,0,1.000000024994997,50,50.00000124974984,4.99999937502508e-08,0.4999999874975016,0.4999999874975016,1000000000,1e-09,1e-09,49.99999375025079,4.999999874975016e-10,4.999999874975016e-10,90,0.9,10,3,1,1,1,1,2,2,2,2,1,1,3,-4.99999937502508e-08,-0.4999999874975016,-0.4999999874975016,4.99999937502508e-08,0.4999999874975016,0.4999999874975016,-50.00000124974984,-50.00000124974984,-50.00000124974984,-4.99999937502508e-08,-0.4999999874975016,-0.4999999874975016,49.99999375025079,4.999999874975016e-10,4.999999874975016e-10,-1.000000024994997,-50.00000124974984,1.000000024994997,0,-4.99999937502508e-08,-0.4999999874975016,-0.4999999874975016,0,0,0,4.99999937502508e-08,0.4999999874975016,0.4999999874975016,49.99999375025079,4.999999874975016e-10,4.999999874975016e-10
0.3,99.99999500000061,50.00000125024984,50.00000125024984,-4.999999375025078e-06,-49.99999874975016,-49.99999874975016,4.932865774924869e-17,0,1.000000024994997,50,50.00000124974984,4.999999375025078e-08,0.4999999874975015,0.4999999874975015,1000000000,1e-09,1e-09,49.99999375025077,4.999999874975015e-10,4.999999874975015e-10,90,0.9,10,3,1,1,1,1,2,2,2,2,1,1,3,-4.999999375025078e-08,-0.4999999874975015,-0.4999999874975015,4.999999375025078e-08,0.4999999874975015,0.4999999874975015,-50.00000124974984,-50.00000124974984,-50.00000124974984,-4.999999375025078e-08,-0.4999999874975015,-0.4999999874975015,49.99999375025077,4.999999874975015e-10,4.999999874975015e-10,-1.000000024994997,-50.00000124974984,1.000000024994997,0,-4.999999375025078e-08,-0.4999999874975015,-0.4999999874975015,0,0,0,4.999999375025078e-08,0.4999999874975015,0.4999999874975015,49.99999375025077,4.999999874975015e-10,4.999999874975015e-10
0.4,99.99999500000064,50.00000125024984,50.00000125024984,-4.999999375025079e-06,-49.99999874975016,-49.99999874975016,-6.182473629674437e-18,0,1.000000024994997,50,50.00000124974984,4.99999937502508e-08,0.4999999874975016,0.4999999874975016,1000000000,1e-09,1e-09,49.99999375025079,4.999999874975016e-10,4.999999874975016e-10,90,0.9,10,3,1,1,1,1,2,2,2,2,1,1,3,-4.99999937502508e-08,-0.4999999874975016,-0.4999999874975016,4.99999937502508e-08,0.4999999874975016,0.4999999874975016,-50.00000124974984,-50.00000124974984,-50.00000124974984,-4.99999937502508e-08,-0.4999999874975016,-0.4999999874975016,49.99999375025079,4.999999874975016e-10,4.999999874975016e-10,-1.000000024994997,-50.00000124974984,1.000000024994997,0,-4.99999937502508e-08,-0.4999999874975016,-0.4999999874975016,0,0,0,4.99999937502508e-08,0.4999999874975016,0.4999999874975016,49.99999375025079,4.999999874975016e-10,4.999999874975016e-10
0.5,99.99999500000061,50.00000125024984,50.00000125024984,-4.999999375025078e-06,-49.99999874975016,-49.99999874975016,4.932865774924869e-17,0,1.000000024994997,50,50.00000124974984,4.999999375025078e-08,0.4999999874975015,0.4999999874975015,1000000000,1e-09,1e-09,49.99999375025077,4.999999874975015e-10,4.999999874975015e-10,90,0.9,10,3,1,1,1,1,2,2,2,2,1,1,3,-4.999999375025078e-08,-0.4999999874975015,-0.4999999874975015,4.999999375025078e-08,0.4999999874975015,0.4999999874975015,-50.00000124974984,-50.00000124974984,-50.00000124974984,-4.999999375025078e-08,-0.4999999874975015,-0.4999999874975015,49.99999375025077,4.999999874975015e-10,4.999999874975015e-10,-1.000000024994997,-50.00000124974984,1.000000024994997,0,-4.999999375025078e-08,-0.4999999874975015,-0.4999999874975015,0,0,0,4.999999375025078e-08,0.4999999874975015,0.4999999874975015,49.99999375025077,4.999999874975015e-10,4.999999874975015e-10
0.6,99.99999500000064,50.00000125024984,50.00000125024984,-4.999999375025079e-06,-49.99999874975016,-49.99999874975016,-6.182473629674437e-18,0,1.000000024994997,50,50.00000124974984,4.99999937502508e-08,0.4999999874975016,0.4999999874975016,1000000000,1e-09,1e-09,49.99999375025079,4.999999874975016e-10,4.999999874975016e-10,90,0.9,10,3,1,1,1,1,2,2,2,2,1,1,3,-4.99999937502508e-08,-0.4999999874975016,-0.4999999874975016,4.99999937502508e-08,0.4999999874975016,0.4999999874975016,-50.00000124974984,-50.00000124974984,-50.00000124974984,-4.99999937502508e-08,-0.4999999874975016,-0.4999999874975016,49.99999375025079,4.999999874975016e-10,4.999999874975016e-10,-1.000000024994997,-50.00000124974984,1.000000024994997,0,-4.99999937502508e-08,-0.4999999874975016,-0.4999999874975016,0,0,0,4.99999937502508e-08,0.4999999874975016,0.4999999874975016,49.99999375025079,4.999999874975016e-10,4.999999874975016e-10
0.7,99.99999500000061,50.00000125024984,50.00000125024984,-4.999999375025078e-06,-49.99999874975016,-49.99999874975016,4.932865774924869e-17,0,1.000000024994997,50,50.00000124974984,4.999999375025078e-08,0.4999999874975015,0.4999999874975015,1000000000,1e-09,1e-09,49.99999375025077,4.999999874975015e-10,4.999999874975015e-10,90,0.9,10,3,1,1,1,1,2,2,2,2,1,1,3,-4.999999375025078e-08,-0.4999999874975015,-0.4999999874975015,4.999999375025078e-08,0.4999999874975015,0.4999999874975015,-50.00000124974984,-50.00000124974984,-50.00000124974984,-4.999999375025078e-08,-0.4999999874975015,-0.4999999874975015,49.99999375025077,4.999999874975015e-10,4.999999874975015e-10,-1.000000024994997,-50.00000124974984,1.000000024994997,0,-4.999999375025078e-08,-0.4999999874975015,-0.4999999874975015,0,0,0,4.999999375025078e-08,0.4999999874975015,0.4999999874975015,49.99999375025077,4.999999874975015e-10,4.999999874975015e-10
0.8,99.99999500000064,50.00000125024984,50.00000125024984,-4.999999375025079e-06,-49.99999874975016,-49.99999874975016,-6.182473629674437e-18,0,1.000000024994997,50,50.00000124974984,4.99999937502508e-08,0.4999999874975016,0.4999999874975016,1000000000,1e-09,1e-09,49.99999375025079,4.999999874975016e-10,4.999999874975016e-10,90,0.9,10,3,1,1,1,1,2,2,2,2,1,1,3,-4.99999937502508e-08,-0.4999999874975016,-0.4999999874975016,4.99999937502508e-08,0.4999999874975016,0.4999999874975016,-50.00000124974984,-50.00000124974984,-50.00000124974984,-4.99999937502508e-08,-0.4999999874975016,-0.4999999874975016,49.99999375025079,4.999999874975016e-10,4.999999874975016e-10,-1.000000024994997,-50.00000124974984,1.000000024994997,0,-4.99999937502508e-08,-0.4999999874975016,-0.4999999874975016,0,0,0,4.99999937502508e-08,0.4999999874975016,0.4999999874975016,49.99999375025079,4.999999874975016e-10,4.999999874975016e-10
0.9,99.99999500000061,50.00000125024984,50.00000125024984,-4.999999375025078e-06,-49.99999874975016,-49.99999874975016,4.932865774924869e-17,0,1.000000024994997,50,50.00000124974984,4.999999375025078e-08,0.4999999874975015,0.4999999874975015,1000000000,1e-09,1e-09,49.99999375025077,4.999999874975015e-10,4.999999874975015e-10,90,0.9,10,3,1,1,1,1,2,2,2,2,1,1,3,-4.999999375025078e-08,-0.4999999874975015,-0.4999999874975015,4.999999375025078e-08,0.4999999874975015,0.4999999874975015,-50.00000124974984,-50.00000124974984,-50.00000124974984,-4.999999375025078e-08,-0.4999999874975015,-0.4999999874975015,49.99999375025077,4.999999874975015e-10,4.999999874975015e-10,-1.000000024994997,-50.00000124974984,1.000000024994997,0,-4.999999375025078e-08,-0.4999999874975015,-0.4999999874975015,0,0,0,4.999999375025078e-08,0.4999999874975015,0.4999999874975015,49.99999375025077,4.999999874975015e-10,4.999999874975015e-10
1,99.99999500000064,50.00000125024984,50.00000125024984,-4.999999375025079e-06,-49.99999874975016,-49.99999874975016,-6.182473629674437e-18,0,1.000000024994997,50,50.00000124974984,4.99999937502508e-08,0.4999999874975016,0.4999999874975016,1000000000,1e-09,1e-09,49.99999375025079,4.999999874975016e-10,4.999999874975016e-10,90,0.9,10,3,1,1,1,1,2,2,2,2,1,1,3,-4.99999937502508e-08,-0.4999999874975016,-0.4999999874975016,4.99999937502508e-08,0.4999999874975016,0.4999999874975016,-50.00000124974984,-50.00000124974984,-50.00000124974984,-4.99999937502508e-08,-0.4999999874975016,-0.4999999874975016,49.99999375025079,4.999999874975016e-10,4.999999874975016e-10,-1.000000024994997,-50.00000124974984,1.000000024994997,0,-4.99999937502508e-08,-0.4999999874975016,-0.4999999874975016,0,0,0,4.99999937502508e-08,0.4999999874975016,0.4999999874975016,49.99999375025079,4.999999874975016e-10,4.999999874975016e-10
1.000000000200089,99.99999500000061,50.00000125024984,50.00000125024984,-4.999999375025078e-06,-49.99999874975016,-49.99999874975016,4.932865774924869e-17,0,1.000000024994997,50,50.00000124974984,4.999999375025078e-08,0.4999999874975015,0.4999999874975015,1000000000,1e-09,1e-09,49.99999375025077,4.999999874975015e-10,4.999999874975015e-10,90,0.9,10,3,1,1,1,1,2,2,2,2,1,1,3,-4.999999375025078e-08,-0.4999999874975015,-0.4999999874975015,4.999999375025078e-08,0.4999999874975015,0.4999999874975015,-50.00000124974984,-50.00000124974984,-50.00000124974984,-4.999999375025078e-08,-0.4999999874975015,-0.4999999874975015,49.99999375025077,4.999999874975015e-10,4.999999874975015e-10,-1.000000024994997,-50.00000124974984,1.000000024994997,0,-4.999999375025078e-08,-0.4999999874975015,-0.4999999874975015,0,0,0,4.999999375025078e-08,0.4999999874975015,0.4999999874975015,49.99999375025077,4.999999874975015e-10,4.999999874975015e-10
1.000000000200089,99.99999600000052,60.00000120015984,60.00000120015984,-3.999999480024067e-06,-39.99999879984016,-39.99999879984016,3.934311868296575e-17,0,0.8000000159967978,75,60.00000119975984,3.999999480024067e-08,0.3999999879984015,0.3999999879984015,1000000000,1e-09,1e-09,39.99999480024067,3.999999879984016e-10,3.999999879984016e-10,90,0.9,15,3,1,1,1,1,2,2,2,2,1,1,3,-3.999999480024067e-08,-0.3999999879984015,-0.3999999879984015,3.999999480024067e-08,0.3999999879984015,0.3999999879984015,-60.00000119975984,-60.00000119975984,-60.00000119975984,-3.999999480024067e-08,-0.3999999879984015,-0.3999999879984015,39.99999480024067,3.999999879984016e-10,3.999999879984016e-10,-0.8000000159967978,-60.00000119975984,0.8000000159967978,0,-3.999999480024067e-08,-0.3999999879984015,-0.3999999879984015,0,0,0,3.999999480024067e-08,0.3999999879984015,0.3999999879984015,39.99999480024067,3.999999879984016e-10,3.999999879984016e-10
1.1,99.99999600000052,60.00000120015984,60.00000120015984,-3.999999480024067e-06,-39.99999879984016,-39.99999879984016,3.934311868296575e-17,0,0.8000000159967979,75,60.00000119975984,3.999999480024067e-08,0.3999999879984016,0.3999999879984016,1000000000,1e-09,1e-09,39.99999480024067,3.999999879984016e-10,3.999999879984016e-10,90,0.9,15,3,1,1,1,1,2,2,2,2,1,1,3,-3.999999480024067e-08,-0.3999999879984016,-0.3999999879984016,3.999999480024067e-08,0.3999999879984016,0.3999999879984016,-60.00000119975984,-60.00000119975984,-60.00000119975984,-3.999999480024067e-08,-0.3999999879984016,-0.3999999879984016,39.99999480024067,3.999999879984016e-10,3.999999879984016e-10,-0.8000000159967979,-60.00000119975984,0.8000000159967979,0,-3.999999480024067e-08,-0.3999999879984016,-0.3999999879984016,0,0,0,3.999999480024067e-08,0.3999999879984016,0.3999999879984016,39.99999480024067,3.999999879984016e-10,3.999999879984016e-10
1.2,99.99999600000052,60.00000120015984,60.00000120015984,-3.999999480024067e-06,-39.99999879984016,-39.99999879984016,3.934311868296575e-17,0,0.8000000159967979,75,60.00000119975984,3.999999480024067e-08,0.3999999879984016,0.3999999879984016,1000000000,1e-09,1e-09,39.99999480024067,3.999999879984016e-10,3.999999879984016e-10,90,0.9,15,3,1,1,1,1,2,2,2,2,1,1,3,-3.999999480024067e-08,-0.3999999879984016,-0.3999999879984016,3.999999480024067e-08,0.3999999879984016,0.3999999879984016,-60.00000119975984,-60.00000119975984,-60.00000119975984,-3.999999480024067e-08,-0.3999999879984016,-0.3999999879984016,39.99999480024067,3.999999879984016e-10,3.999999879984016e-10,-0.8000000159967979,-60.00000119975984,0.8000000159967979,0,-3.999999480024067e-08,-0.3999999879984016,-0.3999999879984016,0,0,0,3.999999480024067e-08,0.3999999879984016,0.3999999879984016,39.99999480024067,3.999999879984016e-10,3.999999879984016e-10
1.3,99.99999600000052,60.00000120015984,60.00000120015984,-3.999999480024067e-06,-39.99999879984016,-39.99999879984016,3.934311868296575e-17,0,0.8000000159967979,75,60.00000119975984,3.999999480024067e-08,0.3999999879984016,0.3999999879984016,1000000000,1e-09,1e-09,39.99999480024067,3.999999879984016e-10,3.999999879984016e-10,90,0.9,15,3,1,1,1,1,2,2,2,2,1,1,3,-3.999999480024067e-08,-0.3999999879984016,-0.3999999879984016,3.999999480024067e-08,0.3999999879984016,0.3999999879984016,-60.00000119975984,-60.00000119975984,-60.00000119975984,-3.999999480024067e-08,-0.3999999879984016,-0.3999999879984016,39.99999480024067,3.999999879984016e-10,3.999999879984016e-10,-0.8000000159967979,-60.00000119975984,0.8000000159967979,0,-3.999999480024067e-08,-0.3999999879984016,-0.3999999879984016,0,0,0,3.999999480024067e-08,0.3999999879984016,0.3999999879984016,39.99999480024067,3.999999879984016e-10,3.999999879984016e-10
1.4,99.99999600000052,60.00000120015984,60.00000120015984,-3.999999480024067e-06,-39.99999879984016,-39.99999879984016,3.934311868296575e-17,0,0.8000000159967979,75,60.00000119975984,3.999999480024067e-08,0.3999999879984016,0.3999999879984016,1000000000,1e-09,1e-09,39.99999480024067,3.999999879984016e-10,3.999999879984016e-10,90,0.9,15,3,1,1,1,1,2,2,2,2,1,1,3,-3.999999480024067e-08,-0.3999999879984016,-0.3999999879984016,3.999999480024067e-08,0.3999999879984016,0.3999999879984016,-60.00000119975984,-60.00000119975984,-60.00000119975984,-3.999999480024067e-08,-0.3999999879984016,-0.3999999879984016,39.99999480024067,3.999999879984016e-10,3.999999879984016e-10,-0.8000000159967979,-60.00000119975984,0.8000000159967979,0,-3.999999480024067e-08,-0.3999999879984016,-0.3999999879984016,0,0,0,3.999999480024067e-08,0.3999999879984016,0.3999999879984016,39.99999480024067,3.999999879984016e-10,3.999999879984016e-10
1.5,99.99999600000052,60.00000120015984,60.00000120015984,-3.999999480024067e-06,-39.99999879984016,-39.99999879984016,3.934311868296575e-17,0,0.8000000159967979,75,60.00000119975984,3.999999480024067e-08,0.3999999879984016,0.3999999879984016,1000000000,1e-09,1e-09,39.99999480024067,3.999999879984016e-10,3.999999879984016e-10,90,0.9,15,3,1,1,1,1,2,2,2,2,1,1,3,-3.999999480024067e-08,-0.3999999879984016,-0.3999999879984016,3.999999480024067e-08,0.3999999879984016,0.3999999879984016,-60.00000119975984,-60.00000119975984,-60.00000119975984,-3.999999480024067e-08,-0.3999999879984016,-0.3999999879984016,39.99999480024067,3.999999879984016e-10,3.999999879984016e-10,-0.8000000159967979,-60.00000119975984,0.8000000159967979,0,-3.999999480024067e-08,-0.3999999879984016,-0.3999999879984016,0,0,0,3.999999480024067e-08,0.3999999879984016,0.3999999879984016,39.99999480024067,3.999999879984016e-10,3.999999879984016e-10
1.6,99.99999600000052,60.00000120015984,60.00000120015984,-3.999999480024067e-06,-39.99999879984016,-39.99999879984016,3.934311868296575e-17,0,0.8000000159967979,75,60.00000119975984,3.999999480024067e-08,0.3999999879984016,0.3999999879984016,1000000000,1e-09,1e-09,39.99999480024067,3.999999879984016e-10,3.999999879984016e-10,90,0.9,15,3,1,1,1,1,2,2,2,2,1,1,3,-3.999999480024067e-08,-0.3999999879984016,-0.3999999879984016,3.999999480024067e-08,0.3999999879984016,0.3999999879984016,-60.00000119975984,-60.00000119975984,-60.00000119975984,-3.999999480024067e-08,-0.3999999879984016,-0.3999999879984016,39.99999480024067,3.999999879984016e-10,3.999999879984016e-10,-0.8000000159967979,-60.00000119975984,0.8000000159967979,0,-3.999999480024067e-08,-0.3999999879984016,-0.3999999879984016,0,0,0,3.999999480024067e-08,0.3999999879984016,0.3999999879984016,39.99999480024067,3.999999879984016e-10,3.999999879984016e-10
1.7,99.99999600000052,60.00000120015984,60.00000120015984,-3.999999480024067e-06,-39.99999879984016,-39.99999879984016,3.934311868296575e-17,0,0.8000000159967979,75,60.00000119975984,3.999999480024067e-08,0.3999999879984016,0.3999999879984016,1000000000,1e-09,1e-09,39.99999480024067,3.999999879984016e-10,3.999999879984016e-10,90,0.9,15,3,1,1,1,1,2,2,2,2,1,1,3,-3.999999480024067e-08,-0.3999999879984016,-0.3999999879984016,3.999999480024067e-08,0.3999999879984016,0.3999999879984016,-60.00000119975984,-60.00000119975984,-60.00000119975984,-3.999999480024067e-08,-0.3999999879984016,-0.3999999879984016,39.99999480024067,3.999999879984016e-10,3.999999879984016e-10,-0.8000000159967979,-60.00000119975984,0.8000000159967979,0,-3.999999480024067e-08,-0.3999999879984016,-0.3999999879984016,0,0,0,3.999999480024067e-08,0.3999999879984016,0.3999999879984016,39.99999480024067,3.999999879984016e-10,3.999999879984016e-10
1.8,99.99999600000052,60.00000120015984,60.00000120015984,-3.999999480024067e-06,-39.99999879984016,-39.99999879984016,3.934311868296575e-17,0,0.8000000159967979,75,60.00000119975984,3.999999480024067e-08,0.3999999879984016,0.3999999879984016,1000000000,1e-09,1e-09,39.99999480024067,3.999999879984016e-10,3.999999879984016e-10,90,0.9,15,3,1,1,1,1,2,2,2,2,1,1,3,-3.999999480024067e-08,-0.3999999879984016,-0.3999999879984016,3.999999480024067e-08,0.3999999879984016,0.3999999879984016,-60.00000119975984,-60.00000119975984,-60.00000119975984,-3.999999480024067e-08,-0.3999999879984016,-0.3999999879984016,39.99999480024067,3.999999879984016e-10,3.999999879984016e-10,-0.8000000159967979,-60.00000119975984,0.8000000159967979,0,-3.999999480024067e-08,-0.3999999879984016,-0.3999999879984016,0,0,0,3.999999480024067e-08,0.3999999879984016,0.3999999879984016,39.99999480024067,3.999999879984016e-10,3.999999879984016e-10
1.9,99.99999600000052,60.00000120015984,60.00000120015984,-3.999999480024067e-06,-39.99999879984016,-39.99999879984016,3.934311868296575e-17,0,0.8000000159967979,75,60.00000119975984,3.999999480024067e-08,0.3999999879984016,0.3999999879984016,1000000000,1e-09,1e-09,39.99999480024067,3.999999879984016e-10,3.999999879984016e-10,90,0.9,15,3,1,1,1,1,2,2,2,2,1,1,3,-3.999999480024067e-08,-0.3999999879984016,-0.3999999879984016,3.999999480024067e-08,0.3999999879984016,0.3999999879984016,-60.00000119975984,-60.00000119975984,-60.00000119975984,-3.999999480024067e-08,-0.3999999879984016,-0.3999999879984016,39.99999480024067,3.999999879984016e-10,3.999999879984016e-10,-0.8000000159967979,-60.00000119975984,0.8000000159967979,0,-3.999999480024067e-08,-0.3999999879984016,-0.3999999879984016,0,0,0,3.999999480024067e-08,0.3999999879984016,0.3999999879984016,39.99999480024067,3.999999879984016e-10,3.999999879984016e-10
2,99.99999600000052,60.00000120015984,60.00000120015984,-3.999999480024067e-06,-39.99999879984016,-39.99999879984016,3.934311868296575e-17,0,0.8000000159967979,75,60.00000119975984,3.999999480024067e-08,0.3999999879984016,0.3999999879984016,1000000000,1e-09,1e-09,39.99999480024067,3.999999879984016e-10,3.999999879984016e-10,90,0.9,15,3,1,1,1,1,2,2,2,2,1,1,3,-3.999999480024067e-08,-0.3999999879984016,-0.3999999879984016,3.999999480024067e-08,0.3999999879984016,0.3999999879984016,-60.00000119975984,-60.00000119975984,-60.00000119975984,-3.999999480024067e-08,-0.3999999879984016,-0.3999999879984016,39.99999480024067,3.999999879984016e-10,3.999999879984016e-10,-0.8000000159967979,-60.00000119975984,0.8000000159967979,0,-3.999999480024067e-08,-0.3999999879984016,-0.3999999879984016,0,0,0,3.999999480024067e-08,0.3999999879984016,0.3999999879984016,39.99999480024067,3.999999879984016e-10,3.999999879984016e-10
2.000000000400178,99.99999600000052,60.00000120015984,60.00000120015984,-3.999999480024067e-06,-39.99999879984016,-39.99999879984016,3.934311868296575e-17,0,0.8000000159967979,75,60.00000119975984,3.999999480024067e-08,0.3999999879984016,0.3999999879984016,1000000000,1e-09,1e-09,39.99999480024067,3.999999879984016e-10,3.999999879984016e-10,90,0.9,15,3,1,1,1,1,2,2,2,2,1,1,3,-3.999999480024067e-08,-0.3999999879984016,-0.3999999879984016,3.999999480024067e-08,0.3999999879984016,0.3999999879984016,-60.00000119975984,-60.00000119975984,-60.00000119975984,-3.999999480024067e-08,-0.3999999879984016,-0.3999999879984016,39.99999480024067,3.999999879984016e-10,3.999999879984016e-10,-0.8000000159967979,-60.00000119975984,0.8000000159967979,0,-3.999999480024067e-08,-0.3999999879984016,-0.3999999879984016,0,0,0,3.999999480024067e-08,0.3999999879984016,0.3999999879984016,39.99999480024067,3.999999879984016e-10,3.999999879984016e-10
2.000000000400178,99.99998998009309,99.99999000001451,99.99999000001451,-9.999985498782713e-06,-9.999985500774855e-06,-9.999985500774855e-06,0,0,2.999995650033242e-07,450,0.0001349922659557024,9.999985498782713e-08,9.999985500774855e-08,9.999985500774855e-08,1000000000,1000000000,1000000000,99.99985498782713,99.99985500774855,99.99985500774855,90,0.9,90,3,1,1,1,1,2,1,1,2,1,1,1,-9.999985498782713e-08,-9.999985500774855e-08,-9.999985500774855e-08,9.999985498782713e-08,9.999985500774855e-08,9.999985500774855e-08,-0.0001349922659557024,-0.0001349922659557024,-0.0001349922659557024,-9.999985498782713e-08,-9.999985500774855e-08,-9.999985500774855e-08,99.99985498782713,99.99985500774855,99.99985500774855,-2.999995650033242e-07,-0.0001349922659557024,2.999995650033242e-07,0,-9.999985498782713e-08,-9.999985500774855e-08,-9.999985500774855e-08,0,0,0,9.999985498782713e-08,9.999985500774855e-08,9.999985500774855e-08,99.99985498782713,99.99985500774855,99.99985500774855
2.1,99.99999000001449,99.99999000001451,99.99999000001451,-9.999985500021025e-06,-9.999985500021026e-06,-9.999985500021026e-06,1.323488980084844e-23,0,2.999995650006308e-07,450,0.0001349998042456946,9.999985500021025e-08,9.999985500021026e-08,9.999985500021026e-08,1000000000,1000000000,1000000000,99.99985500021025,99.99985500021026,99.99985500021026,90,0.9,90,3,1,1,1,1,2,1,1,2,1,1,1,-9.999985500021025e-08,-9.999985500021026e-08,-9.999985500021026e-08,9.999985500021025e-08,9.999985500021026e-08,9.999985500021026e-08,-0.0001349998042456946,-0.0001349998042456946,-0.0001349998042456946,-9.999985500021025e-08,-9.999985500021026e-08,-9.999985500021026e-08,99.99985500021025,99.99985500021026,99.99985500021026,-2.999995650006308e-07,-0.0001349998042456946,2.999995650006308e-07,0,-9.999985500021025e-08,-9.999985500021026e-08,-9.999985500021026e-08,0,0,0,9.999985500021025e-08,9.999985500021026e-08,9.999985500021026e-08,99.99985500021025,99.99985500021026,99.99985500021026
2.2,99.99999000001451,99.99999000001451,99.99999000001451,-9.999985500021026e-06,-9.999985500021026e-06,-9.999985500021026e-06,2.646977960169689e-23,0,2.999995650006308e-07,450,0.0001349998042456946,9.999985500021026e-08,9.999985500021026e-08,9.999985500021026e-08,1000000000,1000000000,1000000000,99.99985500021026,99.99985500021026,99.99985500021026,90,0.9,90,3,1,1,1,1,2,1,1,2,1,1,1,-9.999985500021026e-08,-9.999985500021026e-08,-9.999985500021026e-08,9.999985500021026e-08,9.999985500021026e-08,9.999985500021026e-08,-0.0001349998042456946,-0.0001349998042456946,-0.0001349998042456946,-9.999985500021026e-08,-9.999985500021026e-08,-9.999985500021026e-08,99.99985500021026,99.99985500021026,99.99985500021026,-2.999995650006308e-07,-0.0001349998042456946,2.999995650006308e-07,0,-9.999985500021026e-08,-9.999985500021026e-08,-9.999985500021026e-08,0,0,0,9.999985500021026e-08,9.999985500021026e-08,9.999985500021026e-08,99.99985500021026,99.99985500021026,99.99985500021026
2.3,99.99999000001451,99.99999000001451,99.99999000001451,-9.999985500021026e-06,-9.999985500021026e-06,-9.999985500021026e-06,2.646977960169689e-23,0,2.999995650006308e-07,450,0.0001349998042456946,9.999985500021026e-08,9.999985500021026e-08,9.999985500021026e-08,1000000000,1000000000,1000000000,99.99985500021026,99.99985500021026,99.99985500021026,90,0.9,90,3,1,1,1,1,2,1,1,2,1,1,1,-9.999985500021026e-08,-9.999985500021026e-08,-9.999985500021026e-08,9.999985500021026e-08,9.999985500021026e-08,9.999985500021026e-08,-0.0001349998042456946,-0.0001349998042456946,-0.0001349998042456946,-9.999985500021026e-08,-9.999985500021026e-08,-9.999985500021026e-08,99.99985500021026,99.99985500021026,99.99985500021026,-2.999995650006308e-07,-0.0001349998042456946,2.999995650006308e-07,0,-9.999985500021026e-08,-9.999985500021026e-08,-9.999985500021026e-08,0,0,0,9.999985500021026e-08,9.999985500021026e-08,9.999985500021026e-08,99.99985500021026,99.99985500021026,99.99985500021026
2.4,99.99999000001451,99.99999000001451,99.99999000001451,-9.999985500021026e-06,-9.999985500021026e-06,-9.999985500021026e-06,2.646977960169689e-23,0,2.999995650006308e-07,450,0.0001349998042456946,9.999985500021026e-08,9.999985500021026e-08,9.999985500021026e-08,1000000000,1000000000,1000000000,99.99985500021026,99.99985500021026,99.99985500021026,90,0.9,90,3,1,1,1,1,2,1,1,2,1,1,1,-9.999985500021026e-08,-9.999985500021026e-08,-9.999985500021026e-08,9.999985500021026e-08,9.999985500021026e-08,9.999985500021026e-08,-0.0001349998042456946,-0.0001349998042456946,-0.0001349998042456946,-9.999985500021026e-08,-9.999985500021026e-08,-9.999985500021026e-08,99.99985500021026,99.99985500021026,99.99985500021026,-2.999995650006308e-07,-0.0001349998042456946,2.999995650006308e-07,0,-9.999985500021026e-08,-9.999985500021026e-08,-9.999985500021026e-08,0,0,0,9.999985500021026e-08,9.999985500021026e-08,9.999985500021026e-08,99.99985500021026,99.99985500021026,99.99985500021026
2.5,99.99999000001451,99.99999000001451,99.99999000001451,-9.999985500021026e-06,-9.999985500021026e-06,-9.999985500021026e-06,2.646977960169689e-23,0,2.999995650006308e-07,450,0.0001349998042456946,9.999985500021026e-08,9.999985500021026e-08,9.999985500021026e-08,1000000000,1000000000,1000000000,99.99985500021026,99.99985500021026,99.99985500021026,90,0.9,90,3,1,1,1,1,2,1,1,2,1,1,1,-9.999985500021026e-08,-9.999985500021026e-08,-9.999985500021026e-08,9.999985500021026e-08,9.999985500021026e-08,9.999985500021026e-08,-0.0001349998042456946,-0.0001349998042456946,-0.0001349998042456946,-9.999985500021026e-08,-9.999985500021026e-08,-9.999985500021026e-08,99.99985500021026,99.99985500021026,99.99985500021026,-2.999995650006308e-07,-0.0001349998042456946,2.999995650006308e-07,0,-9.999985500021026e-08,-9.999985500021026e-08,-9.999985500021026e-08,0,0,0,9.999985500021026e-08,9.999985500021026e-08,9.999985500021026e-08,99.99985500021026,99.99985500021026,99.99985500021026
2.6,99.99999000001451,99.99999000001451,99.99999000001451,-9.999985500021026e-06,-9.999985500021026e-06,-9.999985500021026e-06,2.646977960169689e-23,0,2.999995650006308e-07,450,0.0001349998042456946,9.999985500021026e-08,9.999985500021026e-08,9.999985500021026e-08,1000000000,1000000000,1000000000,99.99985500021026,99.99985500021026,99.99985500021026,90,0.9,90,3,1,1,1,1,2,1,1,2,1,1,1,-9.999985500021026e-08,-9.999985500021026e-08,-9.999985500021026e-08,9.999985500021026e-08,9.999985500021026e-08,9.999985500021026e-08,-0.0001349998042456946,-0.0001349998042456946,-0.0001349998042456946,-9.999985500021026e-08,-9.999985500021026e-08,-9.999985500021026e-08,99.99985500021026,99.99985500021026,99.99985500021026,-2.999995650006308e-07,-0.0001349998042456946,2.999995650006308e-07,0,-9.999985500021026e-08,-9.999985500021026e-08,-9.999985500021026e-08,0,0,0,9.999985500021026e-08,9.999985500021026e-08,9.999985500021026e-08,99.99985500021026,99.99985500021026,99.99985500021026
2.7,99.99999000001451,99.99999000001451,99.99999000001451,-9.999985500021026e-06,-9.999985500021026e-06,-9.999985500021026e-06,2.646977960169689e-23,0,2.999995650006308e-07,450,0.0001349998042456946,9.999985500021026e-08,9.999985500021026e-08,9.999985500021026e-08,1000000000,1000000000,1000000000,99.99985500021026,99.99985500021026,99.99985500021026,90,0.9,90,3,1,1,1,1,2,1,1,2,1,1,1,-9.999985500021026e-08,-9.999985500021026e-08,-9.999985500021026e-08,9.999985500021026e-08,9.999985500021026e-08,9.999985500021026e-08,-0.0001349998042456946,-0.0001349998042456946,-0.0001349998042456946,-9.999985500021026e-08,-9.999985500021026e-08,-9.999985500021026e-08,99.99985500021026,99.99985500021026,99.99985500021026,-2.999995650006308e-07,-0.0001349998042456946,2.999995650006308e-07,0,-9.999985500021026e-08,-9.999985500021026e-08,-9.999985500021026e-08,0,0,0,9.999985500021026e-08,9.999985500021026e-08,9.999985500021026e-08,99.99985500021026,99.99985500021026,99.99985500021026
2.8,99.99999000001451,99.99999000001451,99.99999000001451,-9.999985500021026e-06,-9.999985500021026e-06,-9.999985500021026e-06,2.646977960169689e-23,0,2.999995650006308e-07,450,0.0001349998042456946,9.999985500021026e-08,9.999985500021026e-08,9.999985500021026e-08,1000000000,1000000000,1000000000,99.99985500021026,99.99985500021026,99.99985500021026,90,0.9,90,3,1,1,1,1,2,1,1,2,1,1,1,-9.999985500021026e-08,-9.999985500021026e-08,-9.999985500021026e-08,9.999985500021026e-08,9.999985500021026e-08,9.999985500021026e-08,-0.0001349998042456946,-0.0001349998042456946,-0.0001349998042456946,-9.999985500021026e-08,-9.999985500021026e-08,-9.999985500021026e-08,99.99985500021026,99.99985500021026,99.99985500021026,-2.999995650006308e-07,-0.0001349998042456946,2.999995650006308e-07,0,-9.999985500021026e-08,-9.999985500021026e-08,-9.999985500021026e-08,0,0,0,9.999985500021026e-08,9.999985500021026e-08,9.999985500021026e-08,99.99985500021026,99.99985500021026,99.99985500021026
2.9,99.99999000001451,99.99999000001451,99.99999000001451,-9.999985500021026e-06,-9.999985500021026e-06,-9.999985500021026e-06,2.646977960169689e-23,0,2.999995650006308e-07,450,0.0001349998042456946,9.999985500021026e-08,9.999985500021026e-08,9.999985500021026e-08,1000000000,1000000000,1000000000,99.99985500021026,99.99985500021026,99.99985500021026,90,0.9,90,3,1,1,1,1,2,1,1,2,1,1,1,-9.999985500021026e-08,-9.999985500021026e-08,-9.999985500021026e-08,9.999985500021026e-08,9.999985500021026e-08,9.999985500021026e-08,-0.0001349998042456946,-0.0001349998042456946,-0.0001349998042456946,-9.999985500021026e-08,-9.999985500021026e-08,-9.999985500021026e-08,99.99985500021026,99.99985500021026,99.99985500021026,-2.999995650006308e-07,-0.0001349998042456946,2.999995650006308e-07,0,-9.999985500021026e-08,-9.999985500021026e-08,-9.999985500021026e-08,0,0,0,9.999985500021026e-08,9.999985500021026e-08,9.999985500021026e-08,99.99985500021026,99.99985500021026,99.99985500021026
3,99.99999000001451,99.99999000001451,99.99999000001451,-9.999985500021026e-06,-9.999985500021026e-06,-9.999985500021026e-06,2.646977960169689e-23,0,2.999995650006308e-07,450,0.0001349998042456946,9.999985500021026e-08,9.999985500021026e-08,9.999985500021026e-08,1000000000,1000000000,1000000000,99.99985500021026,99.99985500021026,99.99985500021026,90,0.9,90,3,1,1,1,1,2,1,1,2,1,1,1,-9.999985500021026e-08,-9.999985500021026e-08,-9.999985500021026e-08,9.999985500021026e-08,9.999985500021026e-08,9.999985500021026e-08,-0.0001349998042456946,-0.0001349998042456946,-0.0001349998042456946,-9.999985500021026e-08,-9.999985500021026e-08,-9.999985500021026e-08,99.99985500021026,99.99985500021026,99.99985500021026,-2.999995650006308e-07,-0.0001349998042456946,2.999995650006308e-07,0,-9.999985500021026e-08,-9.999985500021026e-08,-9.999985500021026e-08,0,0,0,9.999985500021026e-08,9.999985500021026e-08,9.999985500021026e-08,99.99985500021026,99.99985500021026,99.99985500021026
3.000000000600267,99.99999000001451,99.99999000001451,99.99999000001451,-9.999985500021026e-06,-9.999985500021026e-06,-9.999985500021026e-06,2.646977960169689e-23,0,2.999995650006308e-07,450,0.0001349998042456946,9.999985500021026e-08,9.999985500021026e-08,9.999985500021026e-08,1000000000,1000000000,1000000000,99.99985500021026,99.99985500021026,99.99985500021026,90,0.9,90,3,1,1,1,1,2,1,1,2,1,1,1,-9.999985500021026e-08,-9.999985500021026e-08,-9.999985500021026e-08,9.999985500021026e-08,9.999985500021026e-08,9.999985500021026e-08,-0.0001349998042456946,-0.0001349998042456946,-0.0001349998042456946,-9.999985500021026e-08,-9.999985500021026e-08,-9.999985500021026e-08,99.99985500021026,99.99985500021026,99.99985500021026,-2.999995650006308e-07,-0.0001349998042456946,2.999995650006308e-07,0,-9.999985500021026e-08,-9.999985500021026e-08,-9.999985500021026e-08,0,0,0,9.999985500021026e-08,9.999985500021026e-08,9.999985500021026e-08,99.99985500021026,99.99985500021026,99.99985500021026
3.000000000600267,99.99999666666713,66.66666777788873,66.66666777788873,-3.333332888911173e-06,-33.33333222211126,-33.33333222211126,1.421568777931992e-17,0,0.6666666777755541,100,66.6666677775554,3.333332888911173e-08,0.3333333222211126,0.3333333222211126,1000000000,1e-09,1e-09,33.33332888911173,3.333333222211126e-10,3.333333222211126e-10,90,0.9,20,3,1,1,1,1,2,2,2,2,1,1,3,-3.333332888911173e-08,-0.3333333222211126,-0.3333333222211126,3.333332888911173e-08,0.3333333222211126,0.3333333222211126,-66.6666677775554,-66.6666677775554,-66.6666677775554,-3.333332888911173e-08,-0.3333333222211126,-0.3333333222211126,33.33332888911173,3.333333222211126e-10,3.333333222211126e-10,-0.6666666777755541,-66.6666677775554,0.6666666777755541,0,-3.333332888911173e-08,-0.3333333222211126,-0.3333333222211126,0,0,0,3.333332888911173e-08,0.3333333222211126,0.3333333222211126,33.33332888911173,3.333333222211126e-10,3.333333222211126e-10
3.1,99.99999666666712,66.66666777788873,66.66666777788873,-3.333332888911171e-06,-33.33333222211126,-33.33333222211126,1.421567454443012e-17,0,0.6666666777755541,100,66.6666677775554,3.333332888911171e-08,0.3333333222211126,0.3333333222211126,1000000000,1e-09,1e-09,33.33332888911171,3.333333222211126e-10,3.333333222211126e-10,90,0.9,20,3,1,1,1,1,2,2,2,2,1,1,3,-3.333332888911171e-08,-0.3333333222211126,-0.3333333222211126,3.333332888911171e-08,0.3333333222211126,0.3333333222211126,-66.6666677775554,-66.6666677775554,-66.6666677775554,-3.333332888911171e-08,-0.3333333222211126,-0.3333333222211126,33.33332888911171,3.333333222211126e-10,3.333333222211126e-10,-0.6666666777755541,-66.6666677775554,0.6666666777755541,0,-3.333332888911171e-08,-0.3333333222211126,-0.3333333222211126,0,0,0,3.333332888911171e-08,0.3333333222211126,0.3333333222211126,33.33332888911171,3.333333222211126e-10,3.333333222211126e-10
3.2,99.99999666666712,66.66666777788873,66.66666777788873,-3.333332888911171e-06,-33.33333222211126,-33.33333222211126,1.421567454443012e-17,0,0.6666666777755541,100,66.6666677775554,3.333332888911171e-08,0.3333333222211126,0.3333333222211126,1000000000,1e-09,1e-09,33.33332888911171,3.333333222211126e-10,3.333333222211126e-10,90,0.9,20,3,1,1,1,1,2,2,2,2,1,1,3,-3.333332888911171e-08,-0.3333333222211126,-0.3333333222211126,3.333332888911171e-08,0.3333333222211126,0.3333333222211126,-66.6666677775554,-66.6666677775554,-66.6666677775554,-3.333332888911171e-08,-0.3333333222211126,-0.3333333222211126,33.33332888911171,3.333333222211126e-10,3.333333222211126e-10,-0.6666666777755541,-66.6666677775554,0.6666666777755541,0,-3.333332888911171e-08,-0.3333333222211126,-0.3333333222211126,0,0,0,3.333332888911171e-08,0.3333333222211126,0.3333333222211126,33.33332888911171,3.333333222211126e-10,3.333333222211126e-10
3.3,99.99999666666712,66.66666777788873,66.66666777788873,-3.333332888911171e-06,-33.33333222211126,-33.33333222211126,1.421567454443012e-17,0,0.6666666777755541,100,66.6666677775554,3.333332888911171e-08,0.3333333222211126,0.3333333222211126,1000000000,1e-09,1e-09,33.33332888911171,3.333333222211126e-10,3.333333222211126e-10,90,0.9,20,3,1,1,1,1,2,2,2,2,1,1,3,-3.333332888911171e-08,-0.3333333222211126,-0.3333333222211126,3.333332888911171e-08,0.3333333222211126,0.3333333222211126,-66.6666677775554,-66.6666677775554,-66.6666677775554,-3.333332888911171e-08,-0.3333333222211126,-0.3333333222211126,33.33332888911171,3.333333222211126e-10,3.333333222211126e-10,-0.6666666777755541,-66.6666677775554,0.6666666777755541,0,-3.333332888911171e-08,-0.3333333222211126,-0.3333333222211126,0,0,0,3.333332888911171e-08,0.3333333222211126,0.3333333222211126,33.33332888911171,3.333333222211126e-10,3.333333222211126e-10
3.4,99.99999666666712,66.66666777788873,66.66666777788873,-3.333332888911171e-06,-33.33333222211126,-33.33333222211126,1.421567454443012e-17,0,0.6666666777755541,100,66.6666677775554,3.333332888911171e-08,0.3333333222211126,0.3333333222211126,1000000000,1e-09,1e-09,33.33332888911171,3.333333222211126e-10,3.333333222211126e-10,90,0.9,20,3,1,1,1,1,2,2,2,2,1,1,3,-3.333332888911171e-08,-0.3333333222211126,-0.3333333222211126,3.333332888911171e-08,0.3333333222211126,0.3333333222211126,-66.6666677775554,-66.6666677775554,-66.6666677775554,-3.333332888911171e-08,-0.3333333222211126,-0.3333333222211126,33.33332888911171,3.333333222211126e-10,3.333333222211126e-10,-0.6666666777755541,-66.6666677775554,0.6666666777755541,0,-3.333332888911171e-08,-0.3333333222211126,-0.3333333222211126,0,0,0,3.333332888911171e-08,0.3333333222211126,0.3333333222211126,33.33332888911171,3.333333222211126e-10,3.333333222211126e-10
3.5,99.99999666666712,66.66666777788873,66.66666777788873,-3.333332888911171e-06,-33.33333222211126,-33.33333222211126,1.421567454443012e-17,0,0.6666666777755541,100,66.6666677775554,3.333332888911171e-08,0.3333333222211126,0.3333333222211126,1000000000,1e-09,1e-09,33.33332888911171,3.333333222211126e-10,3.333333222211126e-10,90,0.9,20,3,1,1,1,1,2,2,2,2,1,1,3,-3.333332888911171e-08,-0.3333333222211126,-0.3333333222211126,3.333332888911171e-08,0.3333333222211126,0.3333333222211126,-66.6666677775554,-66.6666677775554,-66.6666677775554,-3.333332888911171e-08,-0.3333333222211126,-0.3333333222211126,33.33332888911171,3.333333222211126e-10,3.333333222211126e-10,-0.6666666777755541,-66.6666677775554,0.6666666777755541,0,-3.333332888911171e-08,-0.3333333222211126,-0.3333333222211126,0,0,0,3.333332888911171e-08,0.3333333222211126,0.3333333222211126,33.33332888911171,3.333333222211126e-10,3.333333222211126e-10
3.6,99.99999666666712,66.66666777788873,66.66666777788873,-3.333332888911171e-06,-33.33333222211126,-33.33333222211126,1.421567454443012e-17,0,0.6666666777755541,100,66.6666677775554,3.333332888911171e-08,0.3333333222211126,0.3333333222211126,1000000000,1e-09,1e-09,33.33332888911171,3.333333222211126e-10,3.333333222211126e-10,90,0.9,20,3,1,1,1,1,2,2,2,2,1,1,3,-3.333332888911171e-08,-0.3333333222211126,-0.3333333222211126,3.333332888911171e-08,0.3333333222211126,0.3333333222211126,-66.6666677775554,-66.6666677775554,-66.6666677775554,-3.333332888911171e-08,-0.3333333222211126,-0.3333333222211126,33.33332888911171,3.333333222211126e-10,3.333333222211126e-10,-0.6666666777755541,-66.6666677775554,0.6666666777755541,0,-3.333332888911171e-08,-0.3333333222211126,-0.3333333222211126,0,0,0,3.333332888911171e-08,0.3333333222211126,0.3333333222211126,33.33332888911171,3.333333222211126e-10,3.333333222211126e-10
3.7,99.99999666666712,66.66666777788873,66.66666777788873,-3.333332888911171e-06,-33.33333222211126,-33.33333222211126,1.421567454443012e-17,0,0.6666666777755541,100,66.6666677775554,3.333332888911171e-08,0.3333333222211126,0.3333333222211126,1000000000,1e-09,1e-09,33.33332888911171,3.333333222211126e-10,3.333333222211126e-10,90,0.9,20,3,1,1,1,1,2,2,2,2,1,1,3,-3.333332888911171e-08,-0.3333333222211126,-0.3333333222211126,3.333332888911171e-08,0.3333333222211126,0.3333333222211126,-66.6666677775554,-66.6666677775554,-66.6666677775554,-3.333332888911171e-08,-0.3333333222211126,-0.3333333222211126,33.33332888911171,3.333333222211126e-10,3.333333222211126e-10,-0.6666666777755541,-66.6666677775554,0.6666666777755541,0,-3.333332888911171e-08,-0.3333333222211126,-0.3333333222211126,0,0,0,3.333332888911171e-08,0.3333333222211126,0.3333333222211126,33.33332888911171,3.333333222211126e-10,3.333333222211126e-10
3.8,99.99999666666712,66.66666777788873,66.66666777788873,-3.333332888911171e-06,-33.33333222211126,-33.33333222211126,1.421567454443012e-17,0,0.6666666777755541,100,66.6666677775554,3.333332888911171e-08,0.3333333222211126,0.3333333222211126,1000000000,1e-09,1e-09,33.33332888911171,3.333333222211126e-10,3.333333222211126e-10,90,0.9,20,3,1,1,1,1,2,2,2,2,1,1,3,-3.333332888911171e-08,-0.3333333222211126,-0.3333333222211126,3.333332888911171e-08,0.3333333222211126,0.3333333222211126,-66.6666677775554,-66.6666677775554,-66.6666677775554,-3.333332888911171e-08,-0.3333333222211126,-0.3333333222211126,33.33332888911171,3.333333222211126e-10,3.333333222211126e-10,-0.6666666777755541,-66.6666677775554,0.6666666777755541,0,-3.333332888911171e-08,-0.3333333222211126,-0.3333333222211126,0,0,0,3.333332888911171e-08,0.3333333222211126,0.3333333222211126,33.33332888911171,3.333333222211126e-10,3.333333222211126e-10
3.9,99.99999666666712,66.66666777788873,66.66666777788873,-3.333332888911171e-06,-33.33333222211126,-33.33333222211126,1.421567454443012e-17,0,0.6666666777755541,100,66.6666677775554,3.333332888911171e-08,0.3333333222211126,0.3333333222211126,1000000000,1e-09,1e-09,33.33332888911171,3.333333222211126e-10,3.333333222211126e-10,90,0.9,20,3,1,1,1,1,2,2,2,2,1,1,3,-3.333332888911171e-08,-0.3333333222211126,-0.3333333222211126,3.333332888911171e-08,0.3333333222211126,0.3333333222211126,-66.6666677775554,-66.6666677775554,-66.6666677775554,-3.333332888911171e-08,-0.3333333222211126,-0.3333333222211126,33.33332888911171,3.333333222211126e-10,3.333333222211126e-10,-0.6666666777755541,-66.6666677775554,0.6666666777755541,0,-3.333332888911171e-08,-0.3333333222211126,-0.3333333222211126,0,0,0,3.333332888911171e-08,0.3333333222211126,0.3333333222211126,33.33332888911171,3.333333222211126e-10,3.333333222211126e-10
4,99.99999666666712,66.66666777788873,66.66666777788873,-3.333332888911171e-06,-33.33333222211126,-33.33333222211126,1.421567454443012e-17,0,0.6666666777755541,100,66.6666677775554,3.333332888911171e-08,0.3333333222211126,0.3333333222211126,1000000000,1e-09,1e-09,33.33332888911171,3.333333222211126e-10,3.333333222211126e-10,90,0.9,20,3,1,1,1,1,2,2,2,2,1,1,3,-3.333332888911171e-08,-0.3333333222211126,-0.3333333222211126,3.333332888911171e-08,0.3333333222211126,0.3333333222211126,-66.6666677775554,-66.6666677775554,-66.6666677775554,-3.333332888911171e-08,-0.3333333222211126,-0.3333333222211126,33.33332888911171,3.333333222211126e-10,3.333333222211126e-10,-0.6666666777755541,-66.6666677775554,0.6666666777755541,0,-3.333332888911171e-08,-0.3333333222211126,-0.3333333222211126,0,0,0,3.333332888911171e-08,0.3333333222211126,0.3333333222211126,33.33332888911171,3.333333222211126e-10,3.333333222211126e-10
4.000000000800355,99.99999666666712,66.66666777788873,66.66666777788873,-3.333332888911171e-06,-33.33333222211126,-33.33333222211126,1.421567454443012e-17,0,0.6666666777755541,100,66.6666677775554,3.333332888911171e-08,0.3333333222211126,0.3333333222211126,1000000000,1e-09,1e-09,33.33332888911171,3.333333222211126e-10,3.333333222211126e-10,90,0.9,20,3,1,1,1,1,2,2,2,2,1,1,3,-3.333332888911171e-08,-0.3333333222211126,-0.3333333222211126,3.333332888911171e-08,0.3333333222211126,0.3333333222211126,-66.6666677775554,-66.6666677775554,-66.6666677775554,-3.333332888911171e-08,-0.3333333222211126,-0.3333333222211126,33.33332888911171,3.333333222211126e-10,3.333333222211126e-10,-0.6666666777755541,-66.6666677775554,0.6666666777755541,0,-3.333332888911171e-08,-0.3333333222211126,-0.3333333222211126,0,0,0,3.333332888911171e-08,0.3333333222211126,0.3333333222211126,33.33332888911171,3.333333222211126e-10,3.333333222211126e-10
4.000000000800355,99.99999799588213,80.0000031732647,99.99999800000052,-1.999999482281743e-06,-19.99999679268126,-1.999999482693582e-06,-4.118383377391265e-18,0,0.2000000079268022,400,80.0000031730647,1.999999482281744e-08,0.1999999679268125,1.999999482693582e-08,1000000000,1e-09,1000000000,19.99999482281743,1.999999679268125e-10,19.99999482693582,90,0.9,80,3,1,1,1,1,2,2,1,2,1,1,2,-1.999999482281744e-08,-0.1999999679268125,-1.999999482693582e-08,1.999999482281744e-08,0.1999999679268125,1.999999482693582e-08,-80.0000031730647,-80.0000031730647,-80.0000031730647,-1.999999482281744e-08,-0.1999999679268125,-1.999999482693582e-08,19.99999482281743,1.999999679268125e-10,19.99999482693582,-0.2000000079268022,-80.0000031730647,0.2000000079268022,0,-1.999999482281744e-08,-0.1999999679268125,-1.999999482693582e-08,0,0,0,1.999999482281744e-08,0.1999999679268125,1.999999482693582e-08,19.99999482281743,1.999999679268125e-10,19.99999482693582
4.1,99.99999800000052,80.00000320003916,99.99999800000052,-1.999999480016137e-06,-19.99999679996083,-1.999999480016136e-06,1.962237849098292e-18,0,0.2000000079995979,400,80.00000319983916,1.999999480016137e-08,0.1999999679996083,1.999999480016136e-08,1000000000,1e-09,1000000000,19.99999480016136,1.999999679996083e-10,19.99999480016136,90,0.9,80,3,1,1,1,1,2,2,1,2,1,1,2,-1.999999480016137e-08,-0.1999999679996083,-1.999999480016136e-08,1.999999480016137e-08,0.1999999679996083,1.999999480016136e-08,-80.00000319983916,-80.00000319983916,-80.00000319983916,-1.999999480016137e-08,-0.1999999679996083,-1.999999480016136e-08,19.99999480016136,1.999999679996083e-10,19.99999480016136,-0.2000000079995979,-80.00000319983916,0.2000000079995979,0,-1.999999480016137e-08,-0.1999999679996083,-1.999999480016136e-08,0,0,0,1.999999480016137e-08,0.1999999679996083,1.999999480016136e-08,19.99999480016136,1.999999679996083e-10,19.99999480016136
4.2,99.99999800000052,80.00000320003917,99.99999800000052,-1.999999480016135e-06,-19.99999679996083,-1.999999480016134e-06,1.962211379318691e-18,0,0.2000000079995979,400,80.00000319983917,1.999999480016135e-08,0.1999999679996083,1.999999480016135e-08,1000000000,1e-09,1000000000,19.99999480016135,1.999999679996083e-10,19.99999480016135,90,0.9,80,3,1,1,1,1,2,2,1,2,1,1,2,-1.999999480016135e-08,-0.1999999679996083,-1.999999480016135e-08,1.999999480016135e-08,0.1999999679996083,1.999999480016135e-08,-80.00000319983917,-80.00000319983917,-80.00000319983917,-1.999999480016135e-08,-0.1999999679996083,-1.999999480016135e-08,19.99999480016135,1.999999679996083e-10,19.99999480016135,-0.2000000079995979,-80.00000319983917,0.2000000079995979,0,-1.999999480016135e-08,-0.1999999679996083,-1.999999480016135e-08,0,0,0,1.999999480016135e-08,0.1999999679996083,1.999999480016135e-08,19.99999480016135,1.999999679996083e-10,19.99999480016135
4.3,99.99999800000052,80.00000320003917,99.99999800000052,-1.999999480016135e-06,-19.99999679996083,-1.999999480016134e-06,1.962211379318691e-18,0,0.2000000079995979,400,80.00000319983917,1.999999480016135e-08,0.1999999679996083,1.999999480016135e-08,1000000000,1e-09,1000000000,19.99999480016135,1.999999679996083e-10,19.99999480016135,90,0.9,80,3,1,1,1,1,2,2,1,2,1,1,2,-1.999999480016135e-08,-0.1999999679996083,-1.999999480016135e-08,1.999999480016135e-08,0.1999999679996083,1.999999480016135e-08,-80.00000319983917,-80.00000319983917,-80.00000319983917,-1.999999480016135e-08,-0.1999999679996083,-1.999999480016135e-08,19.99999480016135,1.999999679996083e-10,19.99999480016135,-0.2000000079995979,-80.00000319983917,0.2000000079995979,0,-1.999999480016135e-08,-0.1999999679996083,-1.999999480016135e-08,0,0,0,1.999999480016135e-08,0.1999999679996083,1.999999480016135e-08,19.99999480016135,1.999999679996083e-10,19.99999480016135
4.4,99.99999800000052,80.00000320003917,99.99999800000052,-1.999999480016135e-06,-19.99999679996083,-1.999999480016134e-06,1.962211379318691e-18,0,0.2000000079995979,400,80.00000319983917,1.999999480016135e-08,0.1999999679996083,1.999999480016135e-08,1000000000,1e-09,1000000000,19.99999480016135,1.999999679996083e-10,19.99999480016135,90,0.9,80,3,1,1,1,1,2,2,1,2,1,1,2,-1.999999480016135e-08,-0.1999999679996083,-1.999999480016135e-08,1.999999480016135e-08,0.1999999679996083,1.999999480016135e-08,-80.00000319983917,-80.00000319983917,-80.00000319983917,-1.999999480016135e-08,-0.1999999679996083,-1.999999480016135e-08,19.99999480016135,1.999999679996083e-10,19.99999480016135,-0.2000000079995979,-80.00000319983917,0.2000000079995979,0,-1.999999480016135e-08,-0.1999999679996083,-1.999999480016135e-08,0,0,0,1.999999480016135e-08,0.1999999679996083,1.999999480016135e-08,19.99999480016135,1.999999679996083e-10,19.99999480016135
4.5,99.99999800000052,80.00000320003917,99.99999800000052,-1.999999480016135e-06,-19.99999679996083,-1.999999480016134e-06,1.962211379318691e-18,0,0.2000000079995979,400,80.00000319983917,1.999999480016135e-08,0.1999999679996083,1.999999480016135e-08,1000000000,1e-09,1000000000,19.99999480016135,1.999999679996083e-10,19.99999480016135,90,0.9,80,3,1,1,1,1,2,2,1,2,1,1,2,-1.999999480016135e-08,-0.1999999679996083,-1.999999480016135e-08,1.999999480016135e-08,0.1999999679996083,1.999999480016135e-08,-80.00000319983917,-80.00000319983917,-80.00000319983917,-1.999999480016135e-08,-0.1999999679996083,-1.999999480016135e-08,19.99999480016135,1.999999679996083e-10,19.99999480016135,-0.2000000079995979,-80.00000319983917,0.2000000079995979,0,-1.999999480016135e-08,-0.1999999679996083,-1.999999480016135e-08,0,0,0,1.999999480016135e-08,0.1999999679996083,1.999999480016135e-08,19.99999480016135,1.999999679996083e-10,19.99999480016135
4.6,99.99999800000052,80.00000320003917,99.99999800000052,-1.999999480016135e-06,-19.99999679996083,-1.999999480016134e-06,1.962211379318691e-18,0,0.2000000079995979,400,80.00000319983917,1.999999480016135e-08,0.1999999679996083,1.999999480016135e-08,1000000000,1e-09,1000000000,19.99999480016135,1.999999679996083e-10,19.99999480016135,90,0.9,80,3,1,1,1,1,2,2,1,2,1,1,2,-1.999999480016135e-08,-0.1999999679996083,-1.999999480016135e-08,1.999999480016135e-08,0.1999999679996083,1.999999480016135e-08,-80.00000319983917,-80.00000319983917,-80.00000319983917,-1.999999480016135e-08,-0.1999999679996083,-1.999999480016135e-08,19.99999480016135,1.999999679996083e-10,19.99999480016135,-0.2000000079995979,-80.00000319983917,0.2000000079995979,0,-1.999999480016135e-08,-0.1999999679996083,-1.999999480016135e-08,0,0,0,1.999999480016135e-08,0.1999999679996083,1.999999480016135e-08,19.99999480016135,1.999999679996083e-10,19.99999480016135
4.7,99.99999800000052,80.00000320003917,99.99999800000052,-1.999999480016135e-06,-19.99999679996083,-1.999999480016134e-06,1.962211379318691e-18,0,0.2000000079995979,400,80.00000319983917,1.999999480016135e-08,0.1999999679996083,1.999999480016135e-08,1000000000,1e-09,1000000000,19.99999480016135,1.999999679996083e-10,19.99999480016135,90,0.9,80,3,1,1,1,1,2,2,1,2,1,1,2,-1.999999480016135e-08,-0.1999999679996083,-1.999999480016135e-08,1.999999480016135e-08,0.1999999679996083,1.999999480016135e-08,-80.00000319983917,-80.00000319983917,-80.00000319983917,-1.999999480016135e-08,-0.1999999679996083,-1.999999480016135e-08,19.99999480016135,1.999999679996083e-10,19.99999480016135,-0.2000000079995979,-80.00000319983917,0.2000000079995979,0,-1.999999480016135e-08,-0.1999999679996083,-1.999999480016135e-08,0,0,0,1.999999480016135e-08,0.1999999679996083,1.999999480016135e-08,19.99999480016135,1.999999679996083e-10,19.99999480016135
4.8,99.99999800000052,80.00000320003917,99.99999800000052,-1.999999480016135e-06,-19.99999679996083,-1.999999480016134e-06,1.962211379318691e-18,0,0.2000000079995979,400,80.00000319983917,1.999999480016135e-08,0.1999999679996083,1.999999480016135e-08,1000000000,1e-09,1000000000,19.99999480016135,1.999999679996083e-10,19.99999480016135,90,0.9,80,3,1,1,1,1,2,2,1,2,1,1,2,-1.999999480016135e-08,-0.1999999679996083,-1.999999480016135e-08,1.999999480016135e-08,0.1999999679996083,1.999999480016135e-08,-80.00000319983917,-80.00000319983917,-80.00000319983917,-1.999999480016135e-08,-0.1999999679996083,-1.999999480016135e-08,19.99999480016135,1.999999679996083e-10,19.99999480016135,-0.2000000079995979,-80.00000319983917,0.2000000079995979,0,-1.999999480016135e-08,-0.1999999679996083,-1.999999480016135e-08,0,0,0,1.999999480016135e-08,0.1999999679996083,1.999999480016135e-08,19.99999480016135,1.999999679996083e-10,19.99999480016135
4.9,99.99999800000052,80.00000320003917,99.99999800000052,-1.999999480016135e-06,-19.99999679996083,-1.999999480016134e-06,1.962211379318691e-18,0,0.2000000079995979,400,80.00000319983917,1.999999480016135e-08,0.1999999679996083,1.999999480016135e-08,1000000000,1e-09,1000000000,19.99999480016135,1.999999679996083e-10,19.99999480016135,90,0.9,80,3,1,1,1,1,2,2,1,2,1,1,2,-1.999999480016135e-08,-0.1999999679996083,-1.999999480016135e-08,1.999999480016135e-08,0.1999999679996083,1.999999480016135e-08,-80.00000319983917,-80.00000319983917,-80.00000319983917,-1.999999480016135e-08,-0.1999999679996083,-1.999999480016135e-08,19.99999480016135,1.999999679996083e-10,19.99999480016135,-0.2000000079995979,-80.00000319983917,0.2000000079995979,0,-1.999999480016135e-08,-0.1999999679996083,-1.999999480016135e-08,0,0,0,1.999999480016135e-08,0.1999999679996083,1.999999480016135e-08,19.99999480016135,1.999999679996083e-10,19.99999480016135
5,99.99999800000052,80.00000320003917,99.99999800000052,-1.999999480016135e-06,-19.99999679996083,-1.999999480016134e-06,1.962211379318691e-18,0,0.2000000079995979,400,80.00000319983917,1.999999480016135e-08,0.1999999679996083,1.999999480016135e-08,1000000000,1e-09,1000000000,19.99999480016135,1.999999679996083e-10,19.99999480016135,90,0.9,80,3,1,1,1,1,2,2,1,2,1,1,2,-1.999999480016135e-08,-0.1999999679996083,-1.999999480016135e-08,1.999999480016135e-08,0.1999999679996083,1.999999480016135e-08,-80.00000319983917,-80.00000319983917,-80.00000319983917,-1.999999480016135e-08,-0.1999999679996083,-1.999999480016135e-08,19.99999480016135,1.999999679996083e-10,19.99999480016135,-0.2000000079995979,-80.00000319983917,0.2000000079995979,0,-1.999999480016135e-08,-0.1999999679996083,-1.999999480016135e-08,0,0,0,1.999999480016135e-08,0.1999999679996083,1.999999480016135e-08,19.99999480016135,1.999999679996083e-10,19.99999480016135
5.000000001000445,99.99999800000052,80.00000320003917,99.99999800000052,-1.999999480016135e-06,-19.99999679996083,-1.999999480016134e-06,1.962211379318691e-18,0,0.2000000079995979,400,80.00000319983917,1.999999480016135e-08,0.1999999679996083,1.999999480016135e-08,1000000000,1e-09,1000000000,19.99999480016135,1.999999679996083e-10,19.99999480016135,90,0.9,80,3,1,1,1,1,2,2,1,2,1,1,2,-1.999999480016135e-08,-0.1999999679996083,-1.999999480016135e-08,1.999999480016135e-08,0.1999999679996083,1.999999480016135e-08,-80.00000319983917,-80.00000319983917,-80.00000319983917,-1.999999480016135e-08,-0.1999999679996083,-1.999999480016135e-08,19.99999480016135,1.999999679996083e-10,19.99999480016135,-0.2000000079995979,-80.00000319983917,0.2000000079995979,0,-1.999999480016135e-08,-0.1999999679996083,-1.999999480016135e-08,0,0,0,1.999999480016135e-08,0.1999999679996083,1.999999480016135e-08,19.99999480016135,1.999999679996083e-10,19.99999480016135
5.000000001000445,99.99999789473739,78.94737174519582,99.99999789473739,-2.105262614975209e-06,-21.05262825480418,-2.105262614975209e-06,1.47410401125197e-17,0,0.2105263246532941,375,78.9473717449853,2.105262614975209e-08,0.2105262825480418,2.105262614975209e-08,1000000000,1e-09,1000000000,21.05262614975209,2.105262825480418e-10,21.05262614975209,90,0.9,75,3,1,1,1,1,2,2,1,2,1,1,2,-2.105262614975209e-08,-0.2105262825480418,-2.105262614975209e-08,2.105262614975209e-08,0.2105262825480418,2.105262614975209e-08,-78.9473717449853,-78.9473717449853,-78.9473717449853,-2.105262614975209e-08,-0.2105262825480418,-2.105262614975209e-08,21.05262614975209,2.105262825480418e-10,21.05262614975209,-0.2105263246532941,-78.9473717449853,0.2105263246532941,0,-2.105262614975209e-08,-0.2105262825480418,-2.105262614975209e-08,0,0,0,2.105262614975209e-08,0.2105262825480418,2.105262614975209e-08,21.05262614975209,2.105262825480418e-10,21.05262614975209
5.1,99.9999978947374,78.94737174519582,99.99999789473739,-2.105262614975209e-06,-21.05262825480418,-2.105262614975209e-06,1.47410467299646e-17,0,0.2105263246532941,375,78.9473717449853,2.10526261497521e-08,0.2105262825480418,2.105262614975209e-08,1000000000,1e-09,1000000000,21.0526261497521,2.105262825480419e-10,21.05262614975209,90,0.9,75,3,1,1,1,1,2,2,1,2,1,1,2,-2.10526261497521e-08,-0.2105262825480418,-2.105262614975209e-08,2.10526261497521e-08,0.2105262825480418,2.105262614975209e-08,-78.9473717449853,-78.9473717449853,-78.9473717449853,-2.10526261497521e-08,-0.2105262825480418,-2.105262614975209e-08,21.0526261497521,2.105262825480419e-10,21.05262614975209,-0.2105263246532941,-78.9473717449853,0.2105263246532941,0,-2.10526261497521e-08,-0.2105262825480418,-2.105262614975209e-08,0,0,0,2.10526261497521e-08,0.2105262825480418,2.105262614975209e-08,21.0526261497521,2.105262825480419e-10,21.05262614975209
5.2,99.99999789473739,78.94737174519582,99.99999789473739,-2.105262614975208e-06,-21.05262825480418,-2.105262614975209e-06,1.47410334950748e-17,0,0.2105263246532941,375,78.9473717449853,2.105262614975208e-08,0.2105262825480418,2.105262614975209e-08,1000000000,1e-09,1000000000,21.05262614975208,2.105262825480419e-10,21.05262614975209,90,0.9,75,3,1,1,1,1,2,2,1,2,1,1,2,-2.105262614975208e-08,-0.2105262825480418,-2.105262614975209e-08,2.105262614975208e-08,0.2105262825480418,2.105262614975209e-08,-78.9473717449853,-78.9473717449853,-78.9473717449853,-2.105262614975208e-08,-0.2105262825480418,-2.105262614975209e-08,21.05262614975208,2.105262825480419e-10,21.05262614975209,-0.2105263246532941,-78.9473717449853,0.2105263246532941,0,-2.105262614975208e-08,-0.2105262825480418,-2.105262614975209e-08,0,0,0,2.105262614975208e-08,0.2105262825480418,2.105262614975209e-08,21.05262614975208,2.105262825480419e-10,21.05262614975209
5.3,99.99999789473739,78.94737174519582,99.99999789473739,-2.105262614975208e-06,-21.05262825480418,-2.105262614975209e-06,1.47410334950748e-17,0,0.2105263246532941,375,78.9473717449853,2.105262614975208e-08,0.2105262825480418,2.105262614975209e-08,1000000000,1e-09,1000000000,21.05262614975208,2.105262825480419e-10,21.05262614975209,90,0.9,75,3,1,1,1,1,2,2,1,2,1,1,2,-2.105262614975208e-08,-0.2105262825480418,-2.105262614975209e-08,2.105262614975208e-08,0.2105262825480418,2.105262614975209e-08,-78.9473717449853,-78.9473717449853,-78.9473717449853,-2.105262614975208e-08,-0.2105262825480418,-2.105262614975209e-08,21.05262614975208,2.105262825480419e-10,21.05262614975209,-0.2105263246532941,-78.9473717449853,0.2105263246532941,0,-2.105262614975208e-08,-0.2105262825480418,-2.105262614975209e-08,0,0,0,2.105262614975208e-08,0.2105262825480418,2.105262614975209e-08,21.05262614975208,2.105262825480419e-10,21.05262614975209
5.4,99.99999789473739,78.94737174519582,99.99999789473739,-2.105262614975208e-06,-21.05262825480418,-2.105262614975209e-06,1.47410334950748e-17,0,0.2105263246532941,375,78.9473717449853,2.105262614975208e-08,0.2105262825480418,2.105262614975209e-08,1000000000,1e-09,1000000000,21.05262614975208,2.105262825480419e-10,21.05262614975209,90,0.9,75,3,1,1,1,1,2,2,1,2,1,1,2,-2.105262614975208e-08,-0.2105262825480418,-2.105262614975209e-08,2.105262614975208e-08,0.2105262825480418,2.105262614975209e-08,-78.9473717449853,-78.9473717449853,-78.9473717449853,-2.105262614975208e-08,-0.2105262825480418,-2.105262614975209e-08,21.05262614975208,2.105262825480419e-10,21.05262614975209,-0.2105263246532941,-78.9473717449853,0.2105263246532941,0,-2.105262614975208e-08,-0.2105262825480418,-2.105262614975209e-08,0,0,0,2.105262614975208e-08,0.2105262825480418,2.105262614975209e-08,21.05262614975208,2.105262825480419e-10,21.05262614975209
5.5,99.99999789473739,78.94737174519582,99.99999789473739,-2.105262614975208e-06,-21.05262825480418,-2.105262614975209e-06,1.47410334950748e-17,0,0.2105263246532941,375,78.9473717449853,2.105262614975208e-08,0.2105262825480418,2.105262614975209e-08,1000000000,1e-09,1000000000,21.05262614975208,2.105262825480419e-10,21.05262614975209,90,0.9,75,3,1,1,1,1,2,2,1,2,1,1,2,-2.105262614975208e-08,-0.2105262825480418,-2.105262614975209e-08,2.105262614975208e-08,0.2105262825480418,2.105262614975209e-08,-78.9473717449853,-78.9473717449853,-78.9473717449853,-2.105262614975208e-08,-0.2105262825480418,-2.105262614975209e-08,21.05262614975208,2.105262825480419e-10,21.05262614975209,-0.2105263246532941,-78.9473717449853,0.2105263246532941,0,-2.105262614975208e-08,-0.2105262825480418,-2.105262614975209e-08,0,0,0,2.105262614975208e-08,0.2105262825480418,2.105262614975209e-08,21.05262614975208,2.105262825480419e-10,21.05262614975209
5.6,99.99999789473739,78.94737174519582,99.99999789473739,-2.105262614975208e-06,-21.05262825480418,-2.105262614975209e-06,1.47410334950748e-17,0,0.2105263246532941,375,78.9473717449853,2.105262614975208e-08,0.2105262825480418,2.105262614975209e-08,1000000000,1e-09,1000000000,21.05262614975208,2.105262825480419e-10,21.05262614975209,90,0.9,75,3,1,1,1,1,2,2,1,2,1,1,2,-2.105262614975208e-08,-0.2105262825480418,-2.105262614975209e-08,2.105262614975208e-08,0.2105262825480418,2.105262614975209e-08,-78.9473717449853,-78.9473717449853,-78.9473717449853,-2.105262614975208e-08,-0.2105262825480418,-2.105262614975209e-08,21.05262614975208,2.105262825480419e-10,21.05262614975209,-0.2105263246532941,-78.9473717449853,0.2105263246532941,0,-2.105262614975208e-08,-0.2105262825480418,-2.105262614975209e-08,0,0,0,2.105262614975208e-08,0.2105262825480418,2.105262614975209e-08,21.05262614975208,2.105262825480419e-10,21.05262614975209
5.7,99.99999789473739,78.94737174519582,99.99999789473739,-2.105262614975208e-06,-21.05262825480418,-2.105262614975209e-06,1.47410334950748e-17,0,0.2105263246532941,375,78.9473717449853,2.105262614975208e-08,0.2105262825480418,2.105262614975209e-08,1000000000,1e-09,1000000000,21.05262614975208,2.105262825480419e-10,21.05262614975209,90,0.9,75,3,1,1,1,1,2,2,1,2,1,1,2,-2.105262614975208e-08,-0.2105262825480418,-2.105262614975209e-08,2.105262614975208e-08,0.2105262825480418,2.105262614975209e-08,-78.9473717449853,-78.9473717449853,-78.9473717449853,-2.105262614975208e-08,-0.2105262825480418,-2.105262614975209e-08,21.05262614975208,2.105262825480419e-10,21.05262614975209,-0.2105263246532941,-78.9473717449853,0.2105263246532941,0,-2.105262614975208e-08,-0.2105262825480418,-2.105262614975209e-08,0,0,0,2.105262614975208e-08,0.2105262825480418,2.105262614975209e-08,21.05262614975208,2.105262825480419e-10,21.05262614975209
5.8,99.99999789473739,78.94737174519582,99.99999789473739,-2.105262614975208e-06,-21.05262825480418,-2.105262614975209e-06,1.47410334950748e-17,0,0.2105263246532941,375,78.9473717449853,2.105262614975208e-08,0.2105262825480418,2.105262614975209e-08,1000000000,1e-09,1000000000,21.05262614975208,2.105262825480419e-10,21.05262614975209,90,0.9,75,3,1,1,1,1,2,2,1,2,1,1,2,-2.105262614975208e-08,-0.2105262825480418,-2.105262614975209e-08,2.105262614975208e-08,0.2105262825480418,2.105262614975209e-08,-78.9473717449853,-78.9473717449853,-78.9473717449853,-2.105262614975208e-08,-0.2105262825480418,-2.105262614975209e-08,21.05262614975208,2.105262825480419e-10,21.05262614975209,-0.2105263246532941,-78.9473717449853,0.2105263246532941,0,-2.105262614975208e-08,-0.2105262825480418,-2.105262614975209e-08,0,0,0,2.105262614975208e-08,0.2105262825480418,2.105262614975209e-08,21.05262614975208,2.105262825480419e-10,21.05262614975209
5.9,99.99999789473739,78.94737174519582,99.99999789473739,-2.105262614975208e-06,-21.05262825480418,-2.105262614975209e-06,1.47410334950748e-17,0,0.2105263246532941,375,78.9473717449853,2.105262614975208e-08,0.2105262825480418,2.105262614975209e-08,1000000000,1e-09,1000000000,21.05262614975208,2.105262825480419e-10,21.05262614975209,90,0.9,75,3,1,1,1,1,2,2,1,2,1,1,2,-2.105262614975208e-08,-0.2105262825480418,-2.105262614975209e-08,2.105262614975208e-08,0.2105262825480418,2.105262614975209e-08,-78.9473717449853,-78.9473717449853,-78.9473717449853,-2.105262614975208e-08,-0.2105262825480418,-2.105262614975209e-08,21.05262614975208,2.105262825480419e-10,21.05262614975209,-0.2105263246532941,-78.9473717449853,0.2105263246532941,0,-2.105262614975208e-08,-0.2105262825480418,-2.105262614975209e-08,0,0,0,2.105262614975208e-08,0.2105262825480418,2.105262614975209e-08,21.05262614975208,2.105262825480419e-10,21.05262614975209
6,99.99999789473739,78.94737174519582,99.99999789473739,-2.105262614975208e-06,-21.05262825480418,-2.105262614975209e-06,1.47410334950748e-17,0,0.2105263246532941,375,78.9473717449853,2.105262614975208e-08,0.2105262825480418,2.105262614975209e-08,1000000000,1e-09,1000000000,21.05262614975208,2.105262825480419e-10,21.05262614975209,90,0.9,75,3,1,1,1,1,2,2,1,2,1,1,2,-2.105262614975208e-08,-0.2105262825480418,-2.105262614975209e-08,2.105262614975208e-08,0.2105262825480418,2.105262614975209e-08,-78.9473717449853,-78.9473717449853,-78.9473717449853,-2.105262614975208e-08,-0.2105262825480418,-2.105262614975209e-08,21.05262614975208,2.105262825480419e-10,21.05262614975209,-0.2105263246532941,-78.9473717449853,0.2105263246532941,0,-2.105262614975208e-08,-0.2105262825480418,-2.105262614975209e-08,0,0,0,2.105262614975208e-08,0.2105262825480418,2.105262614975209e-08,21.05262614975208,2.105262825480419e-10,21.05262614975209
6.000000001200535,99.99999789473739,78.94737174519582,99.99999789473739,-2.105262614975208e-06,-21.05262825480418,-2.105262614975209e-06,1.47410334950748e-17,0,0.2105263246532941,375,78.9473717449853,2.105262614975208e-08,0.2105262825480418,2.105262614975209e-08,1000000000,1e-09,1000000000,21.05262614975208,2.105262825480419e-10,21.05262614975209,90,0.9,75,3,1,1,1,1,2,2,1,2,1,1,2,-2.105262614975208e-08,-0.2105262825480418,-2.105262614975209e-08,2.105262614975208e-08,0.2105262825480418,2.105262614975209e-08,-78.9473717449853,-78.9473717449853,-78.9473717449853,-2.105262614975208e-08,-0.2105262825480418,-2.105262614975209e-08,21.05262614975208,2.105262825480419e-10,21.05262614975209,-0.2105263246532941,-78.9473717449853,0.2105263246532941,0,-2.105262614975208e-08,-0.2105262825480418,-2.105262614975209e-08,0,0,0,2.105262614975208e-08,0.2105262825480418,2.105262614975209e-08,21.05262614975208,2.105262825480419e-10,21.05262614975209
6.000000001200535,99.99999750000063,75.00000375006157,99.99999750000063,-2.499999375018906e-06,-24.99999624993844,-2.499999375018906e-06,1.6704938940288e-17,0,0.2500000124993719,300,75.00000374981157,2.499999375018906e-08,0.2499999624993844,2.499999375018906e-08,1000000000,1e-09,1000000000,24.99999375018906,2.499999624993845e-10,24.99999375018906,90,0.9,60,3,1,1,1,1,2,2,1,2,1,1,2,-2.499999375018906e-08,-0.2499999624993844,-2.499999375018906e-08,2.499999375018906e-08,0.2499999624993844,2.499999375018906e-08,-75.00000374981157,-75.00000374981157,-75.00000374981157,-2.499999375018906e-08,-0.2499999624993844,-2.499999375018906e-08,24.99999375018906,2.499999624993845e-10,24.99999375018906,-0.2500000124993719,-75.00000374981157,0.2500000124993719,0,-2.499999375018906e-08,-0.2499999624993844,-2.499999375018906e-08,0,0,0,2.499999375018906e-08,0.2499999624993844,2.499999375018906e-08,24.99999375018906,2.499999624993845e-10,24.99999375018906
6.1,99.99999750000062,75.00000375006155,99.99999750000063,-2.499999375018906e-06,-24.99999624993844,-2.499999375018907e-06,-1.105062344045112e-17,0,0.2500000124993719,300,75.00000374981155,2.499999375018906e-08,0.2499999624993844,2.499999375018907e-08,1000000000,1e-09,1000000000,24.99999375018906,2.499999624993844e-10,24.99999375018907,90,0.9,60,3,1,1,1,1,2,2,1,2,1,1,2,-2.499999375018906e-08,-0.2499999624993844,-2.499999375018907e-08,2.499999375018906e-08,0.2499999624993844,2.499999375018907e-08,-75.00000374981155,-75.00000374981155,-75.00000374981155,-2.499999375018906e-08,-0.2499999624993844,-2.499999375018907e-08,24.99999375018906,2.499999624993844e-10,24.99999375018907,-0.2500000124993719,-75.00000374981155,0.2500000124993719,0,-2.499999375018906e-08,-0.2499999624993844,-2.499999375018907e-08,0,0,0,2.499999375018906e-08,0.2499999624993844,2.499999375018907e-08,24.99999375018906,2.499999624993844e-10,24.99999375018907
6.2,99.99999750000063,75.00000375006157,99.99999750000063,-2.499999375018907e-06,-24.99999624993844,-2.499999375018906e-06,1.67049455577329e-17,0,0.2500000124993719,300,75.00000374981157,2.499999375018907e-08,0.2499999624993844,2.499999375018906e-08,1000000000,1e-09,1000000000,24.99999375018907,2.499999624993844e-10,24.99999375018906,90,0.9,60,3,1,1,1,1,2,2,1,2,1,1,2,-2.499999375018907e-08,-0.2499999624993844,-2.499999375018906e-08,2.499999375018907e-08,0.2499999624993844,2.499999375018906e-08,-75.00000374981157,-75.00000374981157,-75.00000374981157,-2.499999375018907e-08,-0.2499999624993844,-2.499999375018906e-08,24.99999375018907,2.499999624993844e-10,24.99999375018906,-0.2500000124993719,-75.00000374981157,0.2500000124993719,0,-2.499999375018907e-08,-0.2499999624993844,-2.499999375018906e-08,0,0,0,2.499999375018907e-08,0.2499999624993844,2.499999375018906e-08,24.99999375018907,2.499999624993844e-10,24.99999375018906
6.3,99.99999750000063,75.00000375006157,99.99999750000063,-2.499999375018907e-06,-24.99999624993844,-2.499999375018906e-06,-1.105062344045112e-17,0,0.2500000124993719,300,75.00000374981157,2.499999375018907e-08,0.2499999624993844,2.499999375018906e-08,1000000000,1e-09,1000000000,24.99999375018907,2.499999624993844e-10,24.99999375018906,90,0.9,60,3,1,1,1,1,2,2,1,2,1,1,2,-2.499999375018907e-08,-0.2499999624993844,-2.499999375018906e-08,2.499999375018907e-08,0.2499999624993844,2.499999375018906e-08,-75.00000374981157,-75.00000374981157,-75.00000374981157,-2.499999375018907e-08,-0.2499999624993844,-2.499999375018906e-08,24.99999375018907,2.499999624993844e-10,24.99999375018906,-0.2500000124993719,-75.00000374981157,0.2500000124993719,0,-2.499999375018907e-08,-0.2499999624993844,-2.499999375018906e-08,0,0,0,2.499999375018907e-08,0.2499999624993844,2.499999375018906e-08,24.99999375018907,2.499999624993844e-10,24.99999375018906
6.4,99.99999750000063,75.00000375006155,99.99999750000063,-2.499999375018908e-06,-24.99999624993843,-2.499999375018907e-06,1.67049654100676e-17,0,0.2500000124993718,300,75.00000374981155,2.499999375018908e-08,0.2499999624993843,2.499999375018907e-08,1000000000,1e-09,1000000000,24.99999375018908,2.499999624993843e-10,24.99999375018907,90,0.9,60,3,1,1,1,1,2,2,1,2,1,1,2,-2.499999375018908e-08,-0.2499999624993843,-2.499999375018907e-08,2.499999375018908e-08,0.2499999624993843,2.499999375018907e-08,-75.00000374981155,-75.00000374981155,-75.00000374981155,-2.499999375018908e-08,-0.2499999624993843,-2.499999375018907e-08,24.99999375018908,2.499999624993843e-10,24.99999375018907,-0.2500000124993718,-75.00000374981155,0.2500000124993718,0,-2.499999375018908e-08,-0.2499999624993843,-2.499999375018907e-08,0,0,0,2.499999375018908e-08,0.2499999624993843,2.499999375018907e-08,24.99999375018908,2.499999624993843e-10,24.99999375018907
6.5,99.99999750000063,75.00000375006157,99.99999750000063,-2.499999375018907e-06,-24.99999624993844,-2.499999375018906e-06,-1.105062344045112e-17,0,0.2500000124993719,300,75.00000374981157,2.499999375018907e-08,0.2499999624993844,2.499999375018906e-08,1000000000,1e-09,1000000000,24.99999375018907,2.499999624993844e-10,24.99999375018906,90,0.9,60,3,1,1,1,1,2,2,1,2,1,1,2,-2.499999375018907e-08,-0.2499999624993844,-2.499999375018906e-08,2.499999375018907e-08,0.2499999624993844,2.499999375018906e-08,-75.00000374981157,-75.00000374981157,-75.00000374981157,-2.499999375018907e-08,-0.2499999624993844,-2.499999375018906e-08,24.99999375018907,2.499999624993844e-10,24.99999375018906,-0.2500000124993719,-75.00000374981157,0.2500000124993719,0,-2.499999375018907e-08,-0.2499999624993844,-2.499999375018906e-08,0,0,0,2.499999375018907e-08,0.2499999624993844,2.499999375018906e-08,24.99999375018907,2.499999624993844e-10,24.99999375018906
6.6,99.99999750000063,75.00000375006155,99.99999750000063,-2.499999375018908e-06,-24.99999624993843,-2.499999375018907e-06,1.67049654100676e-17,0,0.2500000124993718,300,75.00000374981155,2.499999375018908e-08,0.2499999624993843,2.499999375018907e-08,1000000000,1e-09,1000000000,24.99999375018908,2.499999624993843e-10,24.99999375018907,90,0.9,60,3,1,1,1,1,2,2,1,2,1,1,2,-2.499999375018908e-08,-0.2499999624993843,-2.499999375018907e-08,2.499999375018908e-08,0.2499999624993843,2.499999375018907e-08,-75.00000374981155,-75.00000374981155,-75.00000374981155,-2.499999375018908e-08,-0.2499999624993843,-2.499999375018907e-08,24.99999375018908,2.499999624993843e-10,24.99999375018907,-0.2500000124993718,-75.00000374981155,0.2500000124993718,0,-2.499999375018908e-08,-0.2499999624993843,-2.499999375018907e-08,0,0,0,2.499999375018908e-08,0.2499999624993843,2.499999375018907e-08,24.99999375018908,2.499999624993843e-10,24.99999375018907
6.7,99.99999750000063,75.00000375006157,99.99999750000063,-2.499999375018907e-06,-24.99999624993844,-2.499999375018906e-06,-1.105062344045112e-17,0,0.2500000124993719,300,75.00000374981157,2.499999375018907e-08,0.2499999624993844,2.499999375018906e-08,1000000000,1e-09,1000000000,24.99999375018907,2.499999624993844e-10,24.99999375018906,90,0.9,60,3,1,1,1,1,2,2,1,2,1,1,2,-2.499999375018907e-08,-0.2499999624993844,-2.499999375018906e-08,2.499999375018907e-08,0.2499999624993844,2.499999375018906e-08,-75.00000374981157,-75.00000374981157,-75.00000374981157,-2.499999375018907e-08,-0.2499999624993844,-2.499999375018906e-08,24.99999375018907,2.499999624993844e-10,24.99999375018906,-0.2500000124993719,-75.00000374981157,0.2500000124993719,0,-2.499999375018907e-08,-0.2499999624993844,-2.499999375018906e-08,0,0,0,2.499999375018907e-08,0.2499999624993844,2.499999375018906e-08,24.99999375018907,2.499999624993844e-10,24.99999375018906
6.8,99.99999750000063,75.00000375006155,99.99999750000063,-2.499999375018908e-06,-24.99999624993843,-2.499999375018907e-06,1.67049654100676e-17,0,0.2500000124993718,300,75.00000374981155,2.499999375018908e-08,0.2499999624993843,2.499999375018907e-08,1000000000,1e-09,1000000000,24.99999375018908,2.499999624993843e-10,24.99999375018907,90,0.9,60,3,1,1,1,1,2,2,1,2,1,1,2,-2.499999375018908e-08,-0.2499999624993843,-2.499999375018907e-08,2.499999375018908e-08,0.2499999624993843,2.499999375018907e-08,-75.00000374981155,-75.00000374981155,-75.00000374981155,-2.499999375018908e-08,-0.2499999624993843,-2.499999375018907e-08,24.99999375018908,2.499999624993843e-10,24.99999375018907,-0.2500000124993718,-75.00000374981155,0.2500000124993718,0,-2.499999375018908e-08,-0.2499999624993843,-2.499999375018907e-08,0,0,0,2.499999375018908e-08,0.2499999624993843,2.499999375018907e-08,24.99999375018908,2.499999624993843e-10,24.99999375018907
6.9,99.99999750000063,75.00000375006157,99.99999750000063,-2.499999375018907e-06,-24.99999624993844,-2.499999375018906e-06,-1.105062344045112e-17,0,0.2500000124993719,300,75.00000374981157,2.499999375018907e-08,0.2499999624993844,2.499999375018906e-08,1000000000,1e-09,1000000000,24.99999375018907,2.499999624993844e-10,24.99999375018906,90,0.9,60,3,1,1,1,1,2,2,1,2,1,1,2,-2.499999375018907e-08,-0.2499999624993844,-2.499999375018906e-08,2.499999375018907e-08,0.2499999624993844,2.499999375018906e-08,-75.00000374981157,-75.00000374981157,-75.00000374981157,-2.499999375018907e-08,-0.2499999624993844,-2.499999375018906e-08,24.99999375018907,2.499999624993844e-10,24.99999375018906,-0.2500000124993719,-75.00000374981157,0.2500000124993719,0,-2.499999375018907e-08,-0.2499999624993844,-2.499999375018906e-08,0,0,0,2.499999375018907e-08,0.2499999624993844,2.499999375018906e-08,24.99999375018907,2.499999624993844e-10,24.99999375018906
7,99.99999750000063,75.00000375006155,99.99999750000063,-2.499999375018908e-06,-24.99999624993843,-2.499999375018907e-06,1.67049654100676e-17,0,0.2500000124993718,300,75.00000374981155,2.499999375018908e-08,0.2499999624993843,2.499999375018907e-08,1000000000,1e-09,1000000000,24.99999375018908,2.499999624993843e-10,24.99999375018907,90,0.9,60,3,1,1,1,1,2,2,1,2,1,1,2,-2.499999375018908e-08,-0.2499999624993843,-2.499999375018907e-08,2.499999375018908e-08,0.2499999624993843,2.499999375018907e-08,-75.00000374981155,-75.00000374981155,-75.00000374981155,-2.499999375018908e-08,-0.2499999624993843,-2.499999375018907e-08,24.99999375018908,2.499999624993843e-10,24.99999375018907,-0.2500000124993718,-75.00000374981155,0.2500000124993718,0,-2.499999375018908e-08,-0.2499999624993843,-2.499999375018907e-08,0,0,0,2.499999375018908e-08,0.2499999624993843,2.499999375018907e-08,24.99999375018908,2.499999624993843e-10,24.99999375018907
7.000000001400622,99.99999750000063,75.00000375006157,99.99999750000063,-2.499999375018907e-06,-24.99999624993844,-2.499999375018906e-06,-1.105062344045112e-17,0,0.2500000124993719,300,75.00000374981157,2.499999375018907e-08,0.2499999624993844,2.499999375018906e-08,1000000000,1e-09,1000000000,24.99999375018907,2.499999624993844e-10,24.99999375018906,90,0.9,60,3,1,1,1,1,2,2,1,2,1,1,2,-2.499999375018907e-08,-0.2499999624993844,-2.499999375018906e-08,2.499999375018907e-08,0.2499999624993844,2.499999375018906e-08,-75.00000374981157,-75.00000374981157,-75.00000374981157,-2.499999375018907e-08,-0.2499999624993844,-2.499999375018906e-08,24.99999375018907,2.499999624993844e-10,24.99999375018906,-0.2500000124993719,-75.00000374981157,0.2500000124993719,0,-2.499999375018907e-08,-0.2499999624993844,-2.499999375018906e-08,0,0,0,2.499999375018907e-08,0.2499999624993844,2.499999375018906e-08,24.99999375018907,2.499999624993844e-10,24.99999375018906
7.000000001400622,99.999990000016,99.99998999174213,99.999990000016,-9.999984000025601e-06,-9.999983999198214e-06,-9.999984000025601e-06,0,0,2.999995199924942e-07,500,0.0001499997599836433,9.999984000025601e-08,9.999983999198214e-08,9.999984000025601e-08,1000000000,1000000000,1000000000,99.99984000025601,99.99983999198214,99.99984000025601,90,0.9,100,3,1,1,1,1,2,1,1,2,1,1,1,-9.999984000025601e-08,-9.999983999198214e-08,-9.999984000025601e-08,9.999984000025601e-08,9.999983999198214e-08,9.999984000025601e-08,-0.0001499997599836433,-0.0001499997599836433,-0.0001499997599836433,-9.999984000025601e-08,-9.999983999198214e-08,-9.999984000025601e-08,99.99984000025601,99.99983999198214,99.99984000025601,-2.999995199924942e-07,-0.0001499997599836433,2.999995199924942e-07,0,-9.999984000025601e-08,-9.999983999198214e-08,-9.999984000025601e-08,0,0,0,9.999984000025601e-08,9.999983999198214e-08,9.999984000025601e-08,99.99984000025601,99.99983999198214,99.99984000025601
7.1,99.999990000016,99.999990000016,99.999990000016,-9.999984000025599e-06,-9.999984000025599e-06,-9.999984000025599e-06,2.646977960169689e-23,0,2.99999520000768e-07,500,0.0001499997599978542,9.9999840000256e-08,9.9999840000256e-08,9.9999840000256e-08,1000000000,1000000000,1000000000,99.999840000256,99.999840000256,99.999840000256,90,0.9,100,3,1,1,1,1,2,1,1,2,1,1,1,-9.9999840000256e-08,-9.9999840000256e-08,-9.9999840000256e-08,9.9999840000256e-08,9.9999840000256e-08,9.9999840000256e-08,-0.0001499997599978542,-0.0001499997599978542,-0.0001499997599978542,-9.9999840000256e-08,-9.9999840000256e-08,-9.9999840000256e-08,99.999840000256,99.999840000256,99.999840000256,-2.99999520000768e-07,-0.0001499997599978542,2.99999520000768e-07,0,-9.9999840000256e-08,-9.9999840000256e-08,-9.9999840000256e-08,0,0,0,9.9999840000256e-08,9.9999840000256e-08,9.9999840000256e-08,99.999840000256,99.999840000256,99.999840000256
7.2,99.999990000016,99.999990000016,99.999990000016,-9.999984000025599e-06,-9.999984000025599e-06,-9.999984000025599e-06,2.646977960169689e-23,0,2.99999520000768e-07,500,0.0001499997599978542,9.9999840000256e-08,9.9999840000256e-08,9.9999840000256e-08,1000000000,1000000000,1000000000,99.999840000256,99.999840000256,99.999840000256,90,0.9,100,3,1,1,1,1,2,1,1,2,1,1,1,-9.9999840000256e-08,-9.9999840000256e-08,-9.9999840000256e-08,9.9999840000256e-08,9.9999840000256e-08,9.9999840000256e-08,-0.0001499997599978542,-0.0001499997599978542,-0.0001499997599978542,-9.9999840000256e-08,-9.9999840000256e-08,-9.9999840000256e-08,99.999840000256,99.999840000256,99.999840000256,-2.99999520000768e-07,-0.0001499997599978542,2.99999520000768e-07,0,-9.9999840000256e-08,-9.9999840000256e-08,-9.9999840000256e-08,0,0,0,9.9999840000256e-08,9.9999840000256e-08,9.9999840000256e-08,99.999840000256,99.999840000256,99.999840000256
7.3,99.999990000016,99.999990000016,99.999990000016,-9.999984000025599e-06,-9.999984000025599e-06,-9.999984000025599e-06,2.646977960169689e-23,0,2.99999520000768e-07,500,0.0001499997599978542,9.9999840000256e-08,9.9999840000256e-08,9.9999840000256e-08,1000000000,1000000000,1000000000,99.999840000256,99.999840000256,99.999840000256,90,0.9,100,3,1,1,1,1,2,1,1,2,1,1,1,-9.9999840000256e-08,-9.9999840000256e-08,-9.9999840000256e-08,9.9999840000256e-08,9.9999840000256e-08,9.9999840000256e-08,-0.0001499997599978542,-0.0001499997599978542,-0.0001499997599978542,-9.9999840000256e-08,-9.9999840000256e-08,-9.9999840000256e-08,99.999840000256,99.999840000256,99.999840000256,-2.99999520000768e-07,-0.0001499997599978542,2.99999520000768e-07,0,-9.9999840000256e-08,-9.9999840000256e-08,-9.9999840000256e-08,0,0,0,9.9999840000256e-08,9.9999840000256e-08,9.9999840000256e-08,99.999840000256,99.999840000256,99.999840000256
7.4,99.999990000016,99.999990000016,99.999990000016,-9.999984000025599e-06,-9.999984000025599e-06,-9.999984000025599e-06,2.646977960169689e-23,0,2.99999520000768e-07,500,0.0001499997599978542,9.9999840000256e-08,9.9999840000256e-08,9.9999840000256e-08,1000000000,1000000000,1000000000,99.999840000256,99.999840000256,99.999840000256,90,0.9,100,3,1,1,1,1,2,1,1,2,1,1,1,-9.9999840000256e-08,-9.9999840000256e-08,-9.9999840000256e-08,9.9999840000256e-08,9.9999840000256e-08,9.9999840000256e-08,-0.0001499997599978542,-0.0001499997599978542,-0.0001499997599978542,-9.9999840000256e-08,-9.9999840000256e-08,-9.9999840000256e-08,99.999840000256,99.999840000256,99.999840000256,-2.99999520000768e-07,-0.0001499997599978542,2.99999520000768e-07,0,-9.9999840000256e-08,-9.9999840000256e-08,-9.9999840000256e-08,0,0,0,9.9999840000256e-08,9.9999840000256e-08,9.9999840000256e-08,99.999840000256,99.999840000256,99.999840000256
7.5,99.999990000016,99.999990000016,99.999990000016,-9.999984000025599e-06,-9.999984000025599e-06,-9.999984000025599e-06,2.646977960169689e-23,0,2.99999520000768e-07,500,0.0001499997599978542,9.9999840000256e-08,9.9999840000256e-08,9.9999840000256e-08,1000000000,1000000000,1000000000,99.999840000256,99.999840000256,99.999840000256,90,0.9,100,3,1,1,1,1,2,1,1,2,1,1,1,-9.9999840000256e-08,-9.9999840000256e-08,-9.9999840000256e-08,9.9999840000256e-08,9.9999840000256e-08,9.9999840000256e-08,-0.0001499997599978542,-0.0001499997599978542,-0.0001499997599978542,-9.9999840000256e-08,-9.9999840000256e-08,-9.9999840000256e-08,99.999840000256,99.999840000256,99.999840000256,-2.99999520000768e-07,-0.0001499997599978542,2.99999520000768e-07,0,-9.9999840000256e-08,-9.9999840000256e-08,-9.9999840000256e-08,0,0,0,9.9999840000256e-08,9.9999840000256e-08,9.9999840000256e-08,99.999840000256,99.999840000256,99.999840000256
7.6,99.999990000016,99.999990000016,99.999990000016,-9.999984000025599e-06,-9.999984000025599e-06,-9.999984000025599e-06,2.646977960169689e-23,0,2.99999520000768e-07,500,0.0001499997599978542,9.9999840000256e-08,9.9999840000256e-08,9.9999840000256e-08,1000000000,1000000000,1000000000,99.999840000256,99.999840000256,99.999840000256,90,0.9,100,3,1,1,1,1,2,1,1,2,1,1,1,-9.9999840000256e-08,-9.9999840000256e-08,-9.9999840000256e-08,9.9999840000256e-08,9.9999840000256e-08,9.9999840000256e-08,-0.0001499997599978542,-0.0001499997599978542,-0.0001499997599978542,-9.9999840000256e-08,-9.9999840000256e-08,-9.9999840000256e-08,99.999840000256,99.999840000256,99.999840000256,-2.99999520000768e-07,-0.0001499997599978542,2.99999520000768e-07,0,-9.9999840000256e-08,-9.9999840000256e-08,-9.9999840000256e-08,0,0,0,9.9999840000256e-08,9.9999840000256e-08,9.9999840000256e-08,99.999840000256,99.999840000256,99.999840000256
7.7,99.999990000016,99.999990000016,99.999990000016,-9.999984000025599e-06,-9.999984000025599e-06,-9.999984000025599e-06,2.646977960169689e-23,0,2.99999520000768e-07,500,0.0001499997599978542,9.9999840000256e-08,9.9999840000256e-08,9.9999840000256e-08,1000000000,1000000000,1000000000,99.999840000256,99.999840000256,99.999840000256,90,0.9,100,3,1,1,1,1,2,1,1,2,1,1,1,-9.9999840000256e-08,-9.9999840000256e-08,-9.9999840000256e-08,9.9999840000256e-08,9.9999840000256e-08,9.9999840000256e-08,-0.0001499997599978542,-0.0001499997599978542,-0.0001499997599978542,-9.9999840000256e-08,-9.9999840000256e-08,-9.9999840000256e-08,99.999840000256,99.999840000256,99.999840000256,-2.99999520000768e-07,-0.0001499997599978542,2.99999520000768e-07,0,-9.9999840000256e-08,-9.9999840000256e-08,-9.9999840000256e-08,0,0,0,9.9999840000256e-08,9.9999840000256e-08,9.9999840000256e-08,99.999840000256,99.999840000256,99.999840000256
7.8,99.999990000016,99.999990000016,99.999990000016,-9.999984000025599e-06,-9.999984000025599e-06,-9.999984000025599e-06,2.646977960169689e-23,0,2.99999520000768e-07,500,0.0001499997599978542,9.9999840000256e-08,9.9999840000256e-08,9.9999840000256e-08,1000000000,1000000000,1000000000,99.999840000256,99.999840000256,99.999840000256,90,0.9,100,3,1,1,1,1,2,1,1,2,1,1,1,-9.9999840000256e-08,-9.9999840000256e-08,-9.9999840000256e-08,9.9999840000256e-08,9.9999840000256e-08,9.9999840000256e-08,-0.0001499997599978542,-0.0001499997599978542,-0.0001499997599978542,-9.9999840000256e-08,-9.9999840000256e-08,-9.9999840000256e-08,99.999840000256,99.999840000256,99.999840000256,-2.99999520000768e-07,-0.0001499997599978542,2.99999520000768e-07,0,-9.9999840000256e-08,-9.9999840000256e-08,-9.9999840000256e-08,0,0,0,9.9999840000256e-08,9.9999840000256e-08,9.9999840000256e-08,99.999840000256,99.999840000256,99.999840000256
7.9,99.999990000016,99.999990000016,99.999990000016,-9.999984000025599e-06,-9.999984000025599e-06,-9.999984000025599e-06,2.646977960169689e-23,0,2.99999520000768e-07,500,0.0001499997599978542,9.9999840000256e-08,9.9999840000256e-08,9.9999840000256e-08,1000000000,1000000000,1000000000,99.999840000256,99.999840000256,99.999840000256,90,0.9,100,3,1,1,1,1,2,1,1,2,1,1,1,-9.9999840000256e-08,-9.9999840000256e-08,-9.9999840000256e-08,9.9999840000256e-08,9.9999840000256e-08,9.9999840000256e-08,-0.0001499997599978542,-0.0001499997599978542,-0.0001499997599978542,-9.9999840000256e-08,-9.9999840000256e-08,-9.9999840000256e-08,99.999840000256,99.999840000256,99.999840000256,-2.99999520000768e-07,-0.0001499997599978542,2.99999520000768e-07,0,-9.9999840000256e-08,-9.9999840000256e-08,-9.9999840000256e-08,0,0,0,9.9999840000256e-08,9.9999840000256e-08,9.9999840000256e-08,99.999840000256,99.999840000256,99.999840000256
8,99.999990000016,99.999990000016,99.999990000016,-9.999984000025599e-06,-9.999984000025599e-06,-9.999984000025599e-06,2.646977960169689e-23,0,2.99999520000768e-07,500,0.0001499997599978542,9.9999840000256e-08,9.9999840000256e-08,9.9999840000256e-08,1000000000,1000000000,1000000000,99.999840000256,99.999840000256,99.999840000256,90,0.9,100,3,1,1,1,1,2,1,1,2,1,1,1,-9.9999840000256e-08,-9.9999840000256e-08,-9.9999840000256e-08,9.9999840000256e-08,9.9999840000256e-08,9.9999840000256e-08,-0.0001499997599978542,-0.0001499997599978542,-0.0001499997599978542,-9.9999840000256e-08,-9.9999840000256e-08,-9.9999840000256e-08,99.999840000256,99.999840000256,99.999840000256,-2.99999520000768e-07,-0.0001499997599978542,2.99999520000768e-07,0,-9.9999840000256e-08,-9.9999840000256e-08,-9.9999840000256e-08,0,0,0,9.9999840000256e-08,9.9999840000256e-08,9.9999840000256e-08,99.999840000256,99.999840000256,99.999840000256
8.000000001600711,99.999990000016,99.999990000016,99.999990000016,-9.999984000025599e-06,-9.999984000025599e-06,-9.999984000025599e-06,2.646977960169689e-23,0,2.99999520000768e-07,500,0.0001499997599978542,9.9999840000256e-08,9.9999840000256e-08,9.9999840000256e-08,1000000000,1000000000,1000000000,99.999840000256,99.999840000256,99.999840000256,90,0.9,100,3,1,1,1,1,2,1,1,2,1,1,1,-9.9999840000256e-08,-9.9999840000256e-08,-9.9999840000256e-08,9.9999840000256e-08,9.9999840000256e-08,9.9999840000256e-08,-0.0001499997599978542,-0.0001499997599978542,-0.0001499997599978542,-9.9999840000256e-08,-9.9999840000256e-08,-9.9999840000256e-08,99.999840000256,99.999840000256,99.999840000256,-2.99999520000768e-07,-0.0001499997599978542,2.99999520000768e-07,0,-9.9999840000256e-08,-9.9999840000256e-08,-9.9999840000256e-08,0,0,0,9.9999840000256e-08,9.9999840000256e-08,9.9999840000256e-08,99.999840000256,99.999840000256,99.999840000256
8.000000001600711,99.99999000001525,99.99999000001525,99.99999000001525,-9.999984750023257e-06,-9.999984750023257e-06,-9.999984750023257e-06,-2.646977960169689e-23,0,2.999995425006977e-07,475,0.0001424997826831031,9.999984750023256e-08,9.999984750023256e-08,9.999984750023256e-08,1000000000,1000000000,1000000000,99.99984750023256,99.99984750023256,99.99984750023256,90,0.9,95,3,1,1,1,1,2,1,1,2,1,1,1,-9.999984750023256e-08,-9.999984750023256e-08,-9.999984750023256e-08,9.999984750023256e-08,9.999984750023256e-08,9.999984750023256e-08,-0.0001424997826831031,-0.0001424997826831031,-0.0001424997826831031,-9.999984750023256e-08,-9.999984750023256e-08,-9.999984750023256e-08,99.99984750023256,99.99984750023256,99.99984750023256,-2.999995425006977e-07,-0.0001424997826831031,2.999995425006977e-07,0,-9.999984750023256e-08,-9.999984750023256e-08,-9.999984750023256e-08,0,0,0,9.999984750023256e-08,9.999984750023256e-08,9.999984750023256e-08,99.99984750023256,99.99984750023256,99.99984750023256
8.1,99.99999000001525,99.99999000001525,99.99999000001525,-9.999984750023257e-06,-9.999984750023257e-06,-9.999984750023257e-06,-2.646977960169689e-23,0,2.999995425006977e-07,475,0.0001424997826831031,9.999984750023256e-08,9.999984750023256e-08,9.999984750023256e-08,1000000000,1000000000,1000000000,99.99984750023256,99.99984750023256,99.99984750023256,90,0.9,95,3,1,1,1,1,2,1,1,2,1,1,1,-9.999984750023256e-08,-9.999984750023256e-08,-9.999984750023256e-08,9.999984750023256e-08,9.999984750023256e-08,9.999984750023256e-08,-0.0001424997826831031,-0.0001424997826831031,-0.0001424997826831031,-9.999984750023256e-08,-9.999984750023256e-08,-9.999984750023256e-08,99.99984750023256,99.99984750023256,99.99984750023256,-2.999995425006977e-07,-0.0001424997826831031,2.999995425006977e-07,0,-9.999984750023256e-08,-9.999984750023256e-08,-9.999984750023256e-08,0,0,0,9.999984750023256e-08,9.999984750023256e-08,9.999984750023256e-08,99.99984750023256,99.99984750023256,99.99984750023256
8.199999999999999,99.99999000001525,99.99999000001525,99.99999000001525,-9.999984750023257e-06,-9.999984750023257e-06,-9.999984750023257e-06,-2.646977960169689e-23,0,2.999995425006977e-07,475,0.0001424997826831031,9.999984750023256e-08,9.999984750023256e-08,9.999984750023256e-08,1000000000,1000000000,1000000000,99.99984750023256,99.99984750023256,99.99984750023256,90,0.9,95,3,1,1,1,1,2,1,1,2,1,1,1,-9.999984750023256e-08,-9.999984750023256e-08,-9.999984750023256e-08,9.999984750023256e-08,9.999984750023256e-08,9.999984750023256e-08,-0.0001424997826831031,-0.0001424997826831031,-0.0001424997826831031,-9.999984750023256e-08,-9.999984750023256e-08,-9.999984750023256e-08,99.99984750023256,99.99984750023256,99.99984750023256,-2.999995425006977e-07,-0.0001424997826831031,2.999995425006977e-07,0,-9.999984750023256e-08,-9.999984750023256e-08,-9.999984750023256e-08,0,0,0,9.999984750023256e-08,9.999984750023256e-08,9.999984750023256e-08,99.99984750023256,99.99984750023256,99.99984750023256
8.300000000000001,99.99999000001525,99.99999000001525,99.99999000001525,-9.999984750023257e-06,-9.999984750023257e-06,-9.999984750023257e-06,-2.646977960169689e-23,0,2.999995425006977e-07,475,0.0001424997826831031,9.999984750023256e-08,9.999984750023256e-08,9.999984750023256e-08,1000000000,1000000000,1000000000,99.99984750023256,99.99984750023256,99.99984750023256,90,0.9,95,3,1,1,1,1,2,1,1,2,1,1,1,-9.999984750023256e-08,-9.999984750023256e-08,-9.999984750023256e-08,9.999984750023256e-08,9.999984750023256e-08,9.999984750023256e-08,-0.0001424997826831031,-0.0001424997826831031,-0.0001424997826831031,-9.999984750023256e-08,-9.999984750023256e-08,-9.999984750023256e-08,99.99984750023256,99.99984750023256,99.99984750023256,-2.999995425006977e-07,-0.0001424997826831031,2.999995425006977e-07,0,-9.999984750023256e-08,-9.999984750023256e-08,-9.999984750023256e-08,0,0,0,9.999984750023256e-08,9.999984750023256e-08,9.999984750023256e-08,99.99984750023256,99.99984750023256,99.99984750023256
8.4,99.99999000001525,99.99999000001525,99.99999000001525,-9.999984750023257e-06,-9.999984750023257e-06,-9.999984750023257e-06,-2.646977960169689e-23,0,2.999995425006977e-07,475,0.0001424997826831031,9.999984750023256e-08,9.999984750023256e-08,9.999984750023256e-08,1000000000,1000000000,1000000000,99.99984750023256,99.99984750023256,99.99984750023256,90,0.9,95,3,1,1,1,1,2,1,1,2,1,1,1,-9.999984750023256e-08,-9.999984750023256e-08,-9.999984750023256e-08,9.999984750023256e-08,9.999984750023256e-08,9.999984750023256e-08,-0.0001424997826831031,-0.0001424997826831031,-0.0001424997826831031,-9.999984750023256e-08,-9.999984750023256e-08,-9.999984750023256e-08,99.99984750023256,99.99984750023256,99.99984750023256,-2.999995425006977e-07,-0.0001424997826831031,2.999995425006977e-07,0,-9.999984750023256e-08,-9.999984750023256e-08,-9.999984750023256e-08,0,0,0,9.999984750023256e-08,9.999984750023256e-08,9.999984750023256e-08,99.99984750023256,99.99984750023256,99.99984750023256
8.5,99.99999000001525,99.99999000001525,99.99999000001525,-9.999984750023257e-06,-9.999984750023257e-06,-9.999984750023257e-06,-2.646977960169689e-23,0,2.999995425006977e-07,475,0.0001424997826831031,9.999984750023256e-08,9.999984750023256e-08,9.999984750023256e-08,1000000000,1000000000,1000000000,99.99984750023256,99.99984750023256,99.99984750023256,90,0.9,95,3,1,1,1,1,2,1,1,2,1,1,1,-9.999984750023256e-08,-9.999984750023256e-08,-9.999984750023256e-08,9.999984750023256e-08,9.999984750023256e-08,9.999984750023256e-08,-0.0001424997826831031,-0.0001424997826831031,-0.0001424997826831031,-9.999984750023256e-08,-9.999984750023256e-08,-9.999984750023256e-08,99.99984750023256,99.99984750023256,99.99984750023256,-2.999995425006977e-07,-0.0001424997826831031,2.999995425006977e-07,0,-9.999984750023256e-08,-9.999984750023256e-08,-9.999984750023256e-08,0,0,0,9.999984750023256e-08,9.999984750023256e-08,9.999984750023256e-08,99.99984750023256,99.99984750023256,99.99984750023256
8.6,99.99999000001525,99.99999000001525,99.99999000001525,-9.999984750023257e-06,-9.999984750023257e-06,-9.999984750023257e-06,-2.646977960169689e-23,0,2.999995425006977e-07,475,0.0001424997826831031,9.999984750023256e-08,9.999984750023256e-08,9.999984750023256e-08,1000000000,1000000000,1000000000,99.99984750023256,99.99984750023256,99.99984750023256,90,0.9,95,3,1,1,1,1,2,1,1,2,1,1,1,-9.999984750023256e-08,-9.999984750023256e-08,-9.999984750023256e-08,9.999984750023256e-08,9.999984750023256e-08,9.999984750023256e-08,-0.0001424997826831031,-0.0001424997826831031,-0.0001424997826831031,-9.999984750023256e-08,-9.999984750023256e-08,-9.999984750023256e-08,99.99984750023256,99.99984750023256,99.99984750023256,-2.999995425006977e-07,-0.0001424997826831031,2.999995425006977e-07,0,-9.999984750023256e-08,-9.999984750023256e-08,-9.999984750023256e-08,0,0,0,9.999984750023256e-08,9.999984750023256e-08,9.999984750023256e-08,99.99984750023256,99.99984750023256,99.99984750023256
8.699999999999999,99.99999000001525,99.99999000001525,99.99999000001525,-9.999984750023257e-06,-9.999984750023257e-06,-9.999984750023257e-06,-2.646977960169689e-23,0,2.999995425006977e-07,475,0.0001424997826831031,9.999984750023256e-08,9.999984750023256e-08,9.999984750023256e-08,1000000000,1000000000,1000000000,99.99984750023256,99.99984750023256,99.99984750023256,90,0.9,95,3,1,1,1,1,2,1,1,2,1,1,1,-9.999984750023256e-08,-9.999984750023256e-08,-9.999984750023256e-08,9.999984750023256e-08,9.999984750023256e-08,9.999984750023256e-08,-0.0001424997826831031,-0.0001424997826831031,-0.0001424997826831031,-9.999984750023256e-08,-9.999984750023256e-08,-9.999984750023256e-08,99.99984750023256,99.99984750023256,99.99984750023256,-2.999995425006977e-07,-0.0001424997826831031,2.999995425006977e-07,0,-9.999984750023256e-08,-9.999984750023256e-08,-9.999984750023256e-08,0,0,0,9.999984750023256e-08,9.999984750023256e-08,9.999984750023256e-08,99.99984750023256,99.99984750023256,99.99984750023256
8.800000000000001,99.99999000001525,99.99999000001525,99.99999000001525,-9.999984750023257e-06,-9.999984750023257e-06,-9.999984750023257e-06,-2.646977960169689e-23,0,2.999995425006977e-07,475,0.0001424997826831031,9.999984750023256e-08,9.999984750023256e-08,9.999984750023256e-08,1000000000,1000000000,1000000000,99.99984750023256,99.99984750023256,99.99984750023256,90,0.9,95,3,1,1,1,1,2,1,1,2,1,1,1,-9.999984750023256e-08,-9.999984750023256e-08,-9.999984750023256e-08,9.999984750023256e-08,9.999984750023256e-08,9.999984750023256e-08,-0.0001424997826831031,-0.0001424997826831031,-0.0001424997826831031,-9.999984750023256e-08,-9.999984750023256e-08,-9.999984750023256e-08,99.99984750023256,99.99984750023256,99.99984750023256,-2.999995425006977e-07,-0.0001424997826831031,2.999995425006977e-07,0,-9.999984750023256e-08,-9.999984750023256e-08,-9.999984750023256e-08,0,0,0,9.999984750023256e-08,9.999984750023256e-08,9.999984750023256e-08,99.99984750023256,99.99984750023256,99.99984750023256
8.9,99.99999000001525,99.99999000001525,99.99999000001525,-9.999984750023257e-06,-9.999984750023257e-06,-9.999984750023257e-06,-2.646977960169689e-23,0,2.999995425006977e-07,475,0.0001424997826831031,9.999984750023256e-08,9.999984750023256e-08,9.999984750023256e-08,1000000000,1000000000,1000000000,99.99984750023256,99.99984750023256,99.99984750023256,90,0.9,95,3,1,1,1,1,2,1,1,2,1,1,1,-9.999984750023256e-08,-9.999984750023256e-08,-9.999984750023256e-08,9.999984750023256e-08,9.999984750023256e-08,9.999984750023256e-08,-0.0001424997826831031,-0.0001424997826831031,-0.0001424997826831031,-9.999984750023256e-08,-9.999984750023256e-08,-9.999984750023256e-08,99.99984750023256,99.99984750023256,99.99984750023256,-2.999995425006977e-07,-0.0001424997826831031,2.999995425006977e-07,0,-9.999984750023256e-08,-9.999984750023256e-08,-9.999984750023256e-08,0,0,0,9.999984750023256e-08,9.999984750023256e-08,9.999984750023256e-08,99.99984750023256,99.99984750023256,99.99984750023256
9,99.99999000001525,99.99999000001525,99.99999000001525,-9.999984750023257e-06,-9.999984750023257e-06,-9.999984750023257e-06,-2.646977960169689e-23,0,2.999995425006977e-07,475,0.0001424997826831031,9.999984750023256e-08,9.999984750023256e-08,9.999984750023256e-08,1000000000,1000000000,1000000000,99.99984750023256,99.99984750023256,99.99984750023256,90,0.9,95,3,1,1,1,1,2,1,1,2,1,1,1,-9.999984750023256e-08,-9.999984750023256e-08,-9.999984750023256e-08,9.999984750023256e-08,9.999984750023256e-08,9.999984750023256e-08,-0.0001424997826831031,-0.0001424997826831031,-0.0001424997826831031,-9.999984750023256e-08,-9.999984750023256e-08,-9.999984750023256e-08,99.99984750023256,99.99984750023256,99.99984750023256,-2.999995425006977e-07,-0.0001424997826831031,2.999995425006977e-07,0,-9.999984750023256e-08,-9.999984750023256e-08,-9.999984750023256e-08,0,0,0,9.999984750023256e-08,9.999984750023256e-08,9.999984750023256e-08,99.99984750023256,99.99984750023256,99.99984750023256
9.000000001800071,99.99999000001525,99.99999000001525,99.99999000001525,-9.999984750023257e-06,-9.999984750023257e-06,-9.999984750023257e-06,-2.646977960169689e-23,0,2.999995425006977e-07,475,0.0001424997826831031,9.999984750023256e-08,9.999984750023256e-08,9.999984750023256e-08,1000000000,1000000000,1000000000,99.99984750023256,99.99984750023256,99.99984750023256,90,0.9,95,3,1,1,1,1,2,1,1,2,1,1,1,-9.999984750023256e-08,-9.999984750023256e-08,-9.999984750023256e-08,9.999984750023256e-08,9.999984750023256e-08,9.999984750023256e-08,-0.0001424997826831031,-0.0001424997826831031,-0.0001424997826831031,-9.999984750023256e-08,-9.999984750023256e-08,-9.999984750023256e-08,99.99984750023256,99.99984750023256,99.99984750023256,-2.999995425006977e-07,-0.0001424997826831031,2.999995425006977e-07,0,-9.999984750023256e-08,-9.999984750023256e-08,-9.999984750023256e-08,0,0,0,9.999984750023256e-08,9.999984750023256e-08,9.999984750023256e-08,99.99984750023256,99.99984750023256,99.99984750023256
9.000000001800071,99.99999692307766,69.23077349121792,99.99999692307766,-3.076922343216744e-06,-30.76922650878208,-3.076922343216744e-06,-2.949249608331266e-17,0,0.3076923266262677,225,69.23077349091022,3.076922343216744e-08,0.3076922650878208,3.076922343216744e-08,1000000000,1e-09,1000000000,30.76922343216744,3.076922650878208e-10,30.76922343216744,90,0.9,45,3,1,1,1,1,2,2,1,2,1,1,2,-3.076922343216744e-08,-0.3076922650878208,-3.076922343216744e-08,3.076922343216744e-08,0.3076922650878208,3.076922343216744e-08,-69.23077349091022,-69.23077349091022,-69.23077349091022,-3.076922343216744e-08,-0.3076922650878208,-3.076922343216744e-08,30.76922343216744,3.076922650878208e-10,30.76922343216744,-0.3076923266262677,-69.23077349091022,0.3076923266262677,0,-3.076922343216744e-08,-0.3076922650878208,-3.076922343216744e-08,0,0,0,3.076922343216744e-08,0.3076922650878208,3.076922343216744e-08,30.76922343216744,3.076922650878208e-10,30.76922343216744
9.1,99.99999692307765,69.23077349121792,99.99999692307766,-3.076922343216743e-06,-30.76922650878208,-3.076922343216743e-06,-2.949250931820246e-17,0,0.3076923266262677,225,69.23077349091022,3.076922343216743e-08,0.3076922650878208,3.076922343216743e-08,1000000000,1e-09,1000000000,30.76922343216743,3.076922650878208e-10,30.76922343216743,90,0.9,45,3,1,1,1,1,2,2,1,2,1,1,2,-3.076922343216743e-08,-0.3076922650878208,-3.076922343216743e-08,3.076922343216743e-08,0.3076922650878208,3.076922343216743e-08,-69.23077349091022,-69.23077349091022,-69.23077349091022,-3.076922343216743e-08,-0.3076922650878208,-3.076922343216743e-08,30.76922343216743,3.076922650878208e-10,30.76922343216743,-0.3076923266262677,-69.23077349091022,0.3076923266262677,0,-3.076922343216743e-08,-0.3076922650878208,-3.076922343216743e-08,0,0,0,3.076922343216743e-08,0.3076922650878208,3.076922343216743e-08,30.76922343216743,3.076922650878208e-10,30.76922343216743
9.199999999999999,99.99999692307767,69.23077349121792,99.99999692307766,-3.076922343216744e-06,-30.76922650878208,-3.076922343216743e-06,-2.949249608331266e-17,0,0.3076923266262677,225,69.23077349091022,3.076922343216744e-08,0.3076922650878208,3.076922343216743e-08,1000000000,1e-09,1000000000,30.76922343216744,3.076922650878208e-10,30.76922343216743,90,0.9,45,3,1,1,1,1,2,2,1,2,1,1,2,-3.076922343216744e-08,-0.3076922650878208,-3.076922343216743e-08,3.076922343216744e-08,0.3076922650878208,3.076922343216743e-08,-69.23077349091022,-69.23077349091022,-69.23077349091022,-3.076922343216744e-08,-0.3076922650878208,-3.076922343216743e-08,30.76922343216744,3.076922650878208e-10,30.76922343216743,-0.3076923266262677,-69.23077349091022,0.3076923266262677,0,-3.076922343216744e-08,-0.3076922650878208,-3.076922343216743e-08,0,0,0,3.076922343216744e-08,0.3076922650878208,3.076922343216743e-08,30.76922343216744,3.076922650878208e-10,30.76922343216743
9.300000000000001,99.99999692307765,69.23077349121792,99.99999692307766,-3.076922343216743e-06,-30.76922650878208,-3.076922343216743e-06,-2.949250931820246e-17,0,0.3076923266262677,225,69.23077349091022,3.076922343216743e-08,0.3076922650878208,3.076922343216743e-08,1000000000,1e-09,1000000000,30.76922343216743,3.076922650878208e-10,30.76922343216743,90,0.9,45,3,1,1,1,1,2,2,1,2,1,1,2,-3.076922343216743e-08,-0.3076922650878208,-3.076922343216743e-08,3.076922343216743e-08,0.3076922650878208,3.076922343216743e-08,-69.23077349091022,-69.23077349091022,-69.23077349091022,-3.076922343216743e-08,-0.3076922650878208,-3.076922343216743e-08,30.76922343216743,3.076922650878208e-10,30.76922343216743,-0.3076923266262677,-69.23077349091022,0.3076923266262677,0,-3.076922343216743e-08,-0.3076922650878208,-3.076922343216743e-08,0,0,0,3.076922343216743e-08,0.3076922650878208,3.076922343216743e-08,30.76922343216743,3.076922650878208e-10,30.76922343216743
9.4,99.99999692307767,69.23077349121792,99.99999692307766,-3.076922343216744e-06,-30.76922650878208,-3.076922343216743e-06,-2.949249608331266e-17,0,0.3076923266262677,225,69.23077349091022,3.076922343216744e-08,0.3076922650878208,3.076922343216743e-08,1000000000,1e-09,1000000000,30.76922343216744,3.076922650878208e-10,30.76922343216743,90,0.9,45,3,1,1,1,1,2,2,1,2,1,1,2,-3.076922343216744e-08,-0.3076922650878208,-3.076922343216743e-08,3.076922343216744e-08,0.3076922650878208,3.076922343216743e-08,-69.23077349091022,-69.23077349091022,-69.23077349091022,-3.076922343216744e-08,-0.3076922650878208,-3.076922343216743e-08,30.76922343216744,3.076922650878208e-10,30.76922343216743,-0.3076923266262677,-69.23077349091022,0.3076923266262677,0,-3.076922343216744e-08,-0.3076922650878208,-3.076922343216743e-08,0,0,0,3.076922343216744e-08,0.3076922650878208,3.076922343216743e-08,30.76922343216744,3.076922650878208e-10,30.76922343216743
9.5,99.99999692307765,69.23077349121792,99.99999692307766,-3.076922343216743e-06,-30.76922650878208,-3.076922343216743e-06,-2.949250931820246e-17,0,0.3076923266262677,225,69.23077349091022,3.076922343216743e-08,0.3076922650878208,3.076922343216743e-08,1000000000,1e-09,1000000000,30.76922343216743,3.076922650878208e-10,30.76922343216743,90,0.9,45,3,1,1,1,1,2,2,1,2,1,1,2,-3.076922343216743e-08,-0.3076922650878208,-3.076922343216743e-08,3.076922343216743e-08,0.3076922650878208,3.076922343216743e-08,-69.23077349091022,-69.23077349091022,-69.23077349091022,-3.076922343216743e-08,-0.3076922650878208,-3.076922343216743e-08,30.76922343216743,3.076922650878208e-10,30.76922343216743,-0.3076923266262677,-69.23077349091022,0.3076923266262677,0,-3.076922343216743e-08,-0.3076922650878208,-3.076922343216743e-08,0,0,0,3.076922343216743e-08,0.3076922650878208,3.076922343216743e-08,30.76922343216743,3.076922650878208e-10,30.76922343216743
9.6,99.99999692307767,69.23077349121792,99.99999692307766,-3.076922343216744e-06,-30.76922650878208,-3.076922343216743e-06,-2.949249608331266e-17,0,0.3076923266262677,225,69.23077349091022,3.076922343216744e-08,0.3076922650878208,3.076922343216743e-08,1000000000,1e-09,1000000000,30.76922343216744,3.076922650878208e-10,30.76922343216743,90,0.9,45,3,1,1,1,1,2,2,1,2,1,1,2,-3.076922343216744e-08,-0.3076922650878208,-3.076922343216743e-08,3.076922343216744e-08,0.3076922650878208,3.076922343216743e-08,-69.23077349091022,-69.23077349091022,-69.23077349091022,-3.076922343216744e-08,-0.3076922650878208,-3.076922343216743e-08,30.76922343216744,3.076922650878208e-10,30.76922343216743,-0.3076923266262677,-69.23077349091022,0.3076923266262677,0,-3.076922343216744e-08,-0.3076922650878208,-3.076922343216743e-08,0,0,0,3.076922343216744e-08,0.3076922650878208,3.076922343216743e-08,30.76922343216744,3.076922650878208e-10,30.76922343216743
9.699999999999999,99.99999692307765,69.23077349121792,99.99999692307766,-3.076922343216743e-06,-30.76922650878208,-3.076922343216743e-06,-2.949250931820246e-17,0,0.3076923266262677,225,69.23077349091022,3.076922343216743e-08,0.3076922650878208,3.076922343216743e-08,1000000000,1e-09,1000000000,30.76922343216743,3.076922650878208e-10,30.76922343216743,90,0.9,45,3,1,1,1,1,2,2,1,2,1,1,2,-3.076922343216743e-08,-0.3076922650878208,-3.076922343216743e-08,3.076922343216743e-08,0.3076922650878208,3.076922343216743e-08,-69.23077349091022,-69.23077349091022,-69.23077349091022,-3.076922343216743e-08,-0.3076922650878208,-3.076922343216743e-08,30.76922343216743,3.076922650878208e-10,30.76922343216743,-0.3076923266262677,-69.23077349091022,0.3076923266262677,0,-3.076922343216743e-08,-0.3076922650878208,-3.076922343216743e-08,0,0,0,3.076922343216743e-08,0.3076922650878208,3.076922343216743e-08,30.76922343216743,3.076922650878208e-10,30.76922343216743
9.800000000000001,99.99999692307767,69.23077349121792,99.99999692307766,-3.076922343216744e-06,-30.76922650878208,-3.076922343216743e-06,-2.949249608331266e-17,0,0.3076923266262677,225,69.23077349091022,3.076922343216744e-08,0.3076922650878208,3.076922343216743e-08,1000000000,1e-09,1000000000,30.76922343216744,3.076922650878208e-10,30.76922343216743,90,0.9,45,3,1,1,1,1,2,2,1,2,1,1,2,-3.076922343216744e-08,-0.3076922650878208,-3.076922343216743e-08,3.076922343216744e-08,0.3076922650878208,3.076922343216743e-08,-69.23077349091022,-69.23077349091022,-69.23077349091022,-3.076922343216744e-08,-0.3076922650878208,-3.076922343216743e-08,30.76922343216744,3.076922650878208e-10,30.76922343216743,-0.3076923266262677,-69.23077349091022,0.3076923266262677,0,-3.076922343216744e-08,-0.3076922650878208,-3.076922343216743e-08,0,0,0,3.076922343216744e-08,0.3076922650878208,3.076922343216743e-08,30.76922343216744,3.076922650878208e-10,30.76922343216743
9.9,99.99999692307765,69.23077349121792,99.99999692307766,-3.076922343216743e-06,-30.76922650878208,-3.076922343216743e-06,-2.949250931820246e-17,0,0.3076923266262677,225,69.23077349091022,3.076922343216743e-08,0.3076922650878208,3.076922343216743e-08,1000000000,1e-09,1000000000,30.76922343216743,3.076922650878208e-10,30.76922343216743,90,0.9,45,3,1,1,1,1,2,2,1,2,1,1,2,-3.076922343216743e-08,-0.3076922650878208,-3.076922343216743e-08,3.076922343216743e-08,0.3076922650878208,3.076922343216743e-08,-69.23077349091022,-69.23077349091022,-69.23077349091022,-3.076922343216743e-08,-0.3076922650878208,-3.076922343216743e-08,30.76922343216743,3.076922650878208e-10,30.76922343216743,-0.3076923266262677,-69.23077349091022,0.3076923266262677,0,-3.076922343216743e-08,-0.3076922650878208,-3.076922343216743e-08,0,0,0,3.076922343216743e-08,0.3076922650878208,3.076922343216743e-08,30.76922343216743,3.076922650878208e-10,30.76922343216743
10,99.99999692307767,69.23077349121792,99.99999692307766,-3.076922343216744e-06,-30.76922650878208,-3.076922343216743e-06,-2.949249608331266e-17,0,0.3076923266262677,225,69.23077349091022,3.076922343216744e-08,0.3076922650878208,3.076922343216743e-08,1000000000,1e-09,1000000000,30.76922343216744,3.076922650878208e-10,30.76922343216743,90,0.9,45,3,1,1,1,1,2,2,1,2,1,1,2,-3.076922343216744e-08,-0.3076922650878208,-3.076922343216743e-08,3.076922343216744e-08,0.3076922650878208,3.076922343216743e-08,-69.23077349091022,-69.23077349091022,-69.23077349091022,-3.076922343216744e-08,-0.3076922650878208,-3.076922343216743e-08,30.76922343216744,3.076922650878208e-10,30.76922343216743,-0.3076923266262677,-69.23077349091022,0.3076923266262677,0,-3.076922343216744e-08,-0.3076922650878208,-3.076922343216743e-08,0,0,0,3.076922343216744e-08,0.3076922650878208,3.076922343216743e-08,30.76922343216744,3.076922650878208e-10,30.76922343216743
10.00000000200016,99.99999692307765,69.23077349121792,99.99999692307766,-3.076922343216743e-06,-30.76922650878208,-3.076922343216743e-06,-2.949250931820246e-17,0,0.3076923266262677,225,69.23077349091022,3.076922343216743e-08,0.3076922650878208,3.076922343216743e-08,1000000000,1e-09,1000000000,30.76922343216743,3.076922650878208e-10,30.76922343216743,90,0.9,45,3,1,1,1,1,2,2,1,2,1,1,2,-3.076922343216743e-08,-0.3076922650878208,-3.076922343216743e-08,3.076922343216743e-08,0.3076922650878208,3.076922343216743e-08,-69.23077349091022,-69.23077349091022,-69.23077349091022,-3.076922343216743e-08,-0.3076922650878208,-3.076922343216743e-08,30.76922343216743,3.076922650878208e-10,30.76922343216743,-0.3076923266262677,-69.23077349091022,0.3076923266262677,0,-3.076922343216743e-08,-0.3076922650878208,-3.076922343216743e-08,0,0,0,3.076922343216743e-08,0.3076922650878208,3.076922343216743e-08,30.76922343216743,3.076922650878208e-10,30.76922343216743
10.00000000200016,99.99999800000029,80.00000080003989,80.00000080003989,-1.99999972001604e-06,-19.99999919996011,-19.99999919996011,-1.375492170834828e-17,0,0.4000000039991994,200,80.00000079983988,1.99999972001604e-08,0.1999999919996011,0.1999999919996011,1000000000,1e-09,1e-09,19.9999972001604,1.999999919996011e-10,1.999999919996011e-10,90,0.9,40,3,1,1,1,1,2,2,2,2,1,1,3,-1.99999972001604e-08,-0.1999999919996011,-0.1999999919996011,1.99999972001604e-08,0.1999999919996011,0.1999999919996011,-80.00000079983988,-80.00000079983988,-80.00000079983988,-1.99999972001604e-08,-0.1999999919996011,-0.1999999919996011,19.9999972001604,1.999999919996011e-10,1.999999919996011e-10,-0.4000000039991994,-80.00000079983988,0.4000000039991994,0,-1.99999972001604e-08,-0.1999999919996011,-0.1999999919996011,0,0,0,1.99999972001604e-08,0.1999999919996011,0.1999999919996011,19.9999972001604,1.999999919996011e-10,1.999999919996011e-10
10.1,99.99999800000026,80.00000080003989,80.00000080003989,-1.999999720016039e-06,-19.99999919996011,-19.99999919996011,-1.375493494323808e-17,0,0.4000000039991994,200,80.00000079983988,1.999999720016039e-08,0.1999999919996011,0.1999999919996011,1000000000,1e-09,1e-09,19.99999720016039,1.999999919996011e-10,1.999999919996011e-10,90,0.9,40,3,1,1,1,1,2,2,2,2,1,1,3,-1.999999720016039e-08,-0.1999999919996011,-0.1999999919996011,1.999999720016039e-08,0.1999999919996011,0.1999999919996011,-80.00000079983988,-80.00000079983988,-80.00000079983988,-1.999999720016039e-08,-0.1999999919996011,-0.1999999919996011,19.99999720016039,1.999999919996011e-10,1.999999919996011e-10,-0.4000000039991994,-80.00000079983988,0.4000000039991994,0,-1.999999720016039e-08,-0.1999999919996011,-0.1999999919996011,0,0,0,1.999999720016039e-08,0.1999999919996011,0.1999999919996011,19.99999720016039,1.999999919996011e-10,1.999999919996011e-10
10.2,99.99999800000029,80.00000080003989,80.00000080003989,-1.99999972001604e-06,-19.99999919996011,-19.99999919996011,-1.375492170834828e-17,0,0.4000000039991994,200,80.00000079983988,1.99999972001604e-08,0.1999999919996011,0.1999999919996011,1000000000,1e-09,1e-09,19.9999972001604,1.999999919996011e-10,1.999999919996011e-10,90,0.9,40,3,1,1,1,1,2,2,2,2,1,1,3,-1.99999972001604e-08,-0.1999999919996011,-0.1999999919996011,1.99999972001604e-08,0.1999999919996011,0.1999999919996011,-80.00000079983988,-80.00000079983988,-80.00000079983988,-1.99999972001604e-08,-0.1999999919996011,-0.1999999919996011,19.9999972001604,1.999999919996011e-10,1.999999919996011e-10,-0.4000000039991994,-80.00000079983988,0.4000000039991994,0,-1.99999972001604e-08,-0.1999999919996011,-0.1999999919996011,0,0,0,1.99999972001604e-08,0.1999999919996011,0.1999999919996011,19.9999972001604,1.999999919996011e-10,1.999999919996011e-10
10.3,99.99999800000026,80.00000080003989,80.00000080003989,-1.999999720016039e-06,-19.99999919996011,-19.99999919996011,-1.375493494323808e-17,0,0.4000000039991994,200,80.00000079983988,1.999999720016039e-08,0.1999999919996011,0.1999999919996011,1000000000,1e-09,1e-09,19.99999720016039,1.999999919996011e-10,1.999999919996011e-10,90,0.9,40,3,1,1,1,1,2,2,2,2,1,1,3,-1.999999720016039e-08,-0.1999999919996011,-0.1999999919996011,1.999999720016039e-08,0.1999999919996011,0.1999999919996011,-80.00000079983988,-80.00000079983988,-80.00000079983988,-1.999999720016039e-08,-0.1999999919996011,-0.1999999919996011,19.99999720016039,1.999999919996011e-10,1.999999919996011e-10,-0.4000000039991994,-80.00000079983988,0.4000000039991994,0,-1.999999720016039e-08,-0.1999999919996011,-0.1999999919996011,0,0,0,1.999999720016039e-08,0.1999999919996011,0.1999999919996011,19.99999720016039,1.999999919996011e-10,1.999999919996011e-10
10.4,99.99999800000029,80.00000080003989,80.00000080003989,-1.99999972001604e-06,-19.99999919996011,-19.99999919996011,-1.375492170834828e-17,0,0.4000000039991994,200,80.00000079983988,1.99999972001604e-08,0.1999999919996011,0.1999999919996011,1000000000,1e-09,1e-09,19.9999972001604,1.999999919996011e-10,1.999999919996011e-10,90,0.9,40,3,1,1,1,1,2,2,2,2,1,1,3,-1.99999972001604e-08,-0.1999999919996011,-0.1999999919996011,1.99999972001604e-08,0.1999999919996011,0.1999999919996011,-80.00000079983988,-80.00000079983988,-80.00000079983988,-1.99999972001604e-08,-0.1999999919996011,-0.1999999919996011,19.9999972001604,1.999999919996011e-10,1.999999919996011e-10,-0.4000000039991994,-80.00000079983988,0.4000000039991994,0,-1.99999972001604e-08,-0.1999999919996011,-0.1999999919996011,0,0,0,1.99999972001604e-08,0.1999999919996011,0.1999999919996011,19.9999972001604,1.999999919996011e-10,1.999999919996011e-10
10.5,99.99999800000026,80.00000080003989,80.00000080003989,-1.999999720016039e-06,-19.99999919996011,-19.99999919996011,-1.375493494323808e-17,0,0.4000000039991994,200,80.00000079983988,1.999999720016039e-08,0.1999999919996011,0.1999999919996011,1000000000,1e-09,1e-09,19.99999720016039,1.999999919996011e-10,1.999999919996011e-10,90,0.9,40,3,1,1,1,1,2,2,2,2,1,1,3,-1.999999720016039e-08,-0.1999999919996011,-0.1999999919996011,1.999999720016039e-08,0.1999999919996011,0.1999999919996011,-80.00000079983988,-80.00000079983988,-80.00000079983988,-1.999999720016039e-08,-0.1999999919996011,-0.1999999919996011,19.99999720016039,1.999999919996011e-10,1.999999919996011e-10,-0.4000000039991994,-80.00000079983988,0.4000000039991994,0,-1.999999720016039e-08,-0.1999999919996011,-0.1999999919996011,0,0,0,1.999999720016039e-08,0.1999999919996011,0.1999999919996011,19.99999720016039,1.999999919996011e-10,1.999999919996011e-10
10.6,99.99999800000029,80.00000080003989,80.00000080003989,-1.99999972001604e-06,-19.99999919996011,-19.99999919996011,-1.375492170834828e-17,0,0.4000000039991994,200,80.00000079983988,1.99999972001604e-08,0.1999999919996011,0.1999999919996011,1000000000,1e-09,1e-09,19.9999972001604,1.999999919996011e-10,1.999999919996011e-10,90,0.9,40,3,1,1,1,1,2,2,2,2,1,1,3,-1.99999972001604e-08,-0.1999999919996011,-0.1999999919996011,1.99999972001604e-08,0.1999999919996011,0.1999999919996011,-80.00000079983988,-80.00000079983988,-80.00000079983988,-1.99999972001604e-08,-0.1999999919996011,-0.1999999919996011,19.9999972001604,1.999999919996011e-10,1.999999919996011e-10,-0.4000000039991994,-80.00000079983988,0.4000000039991994,0,-1.99999972001604e-08,-0.1999999919996011,-0.1999999919996011,0,0,0,1.99999972001604e-08,0.1999999919996011,0.1999999919996011,19.9999972001604,1.999999919996011e-10,1.999999919996011e-10
10.7,99.99999800000026,80.00000080003989,80.00000080003989,-1.999999720016039e-06,-19.99999919996011,-19.99999919996011,-1.375493494323808e-17,0,0.4000000039991994,200,80.00000079983988,1.999999720016039e-08,0.1999999919996011,0.1999999919996011,1000000000,1e-09,1e-09,19.99999720016039,1.999999919996011e-10,1.999999919996011e-10,90,0.9,40,3,1,1,1,1,2,2,2,2,1,1,3,-1.999999720016039e-08,-0.1999999919996011,-0.1999999919996011,1.999999720016039e-08,0.1999999919996011,0.1999999919996011,-80.00000079983988,-80.00000079983988,-80.00000079983988,-1.999999720016039e-08,-0.1999999919996011,-0.1999999919996011,19.99999720016039,1.999999919996011e-10,1.999999919996011e-10,-0.4000000039991994,-80.00000079983988,0.4000000039991994,0,-1.999999720016039e-08,-0.1999999919996011,-0.1999999919996011,0,0,0,1.999999720016039e-08,0.1999999919996011,0.1999999919996011,19.99999720016039,1.999999919996011e-10,1.999999919996011e-10
10.8,99.99999800000029,80.00000080003989,80.00000080003989,-1.99999972001604e-06,-19.99999919996011,-19.99999919996011,-1.375492170834828e-17,0,0.4000000039991994,200,80.00000079983988,1.99999972001604e-08,0.1999999919996011,0.1999999919996011,1000000000,1e-09,1e-09,19.9999972001604,1.999999919996011e-10,1.999999919996011e-10,90,0.9,40,3,1,1,1,1,2,2,2,2,1,1,3,-1.99999972001604e-08,-0.1999999919996011,-0.1999999919996011,1.99999972001604e-08,0.1999999919996011,0.1999999919996011,-80.00000079983988,-80.00000079983988,-80.00000079983988,-1.99999972001604e-08,-0.1999999919996011,-0.1999999919996011,19.9999972001604,1.999999919996011e-10,1.999999919996011e-10,-0.4000000039991994,-80.00000079983988,0.4000000039991994,0,-1.99999972001604e-08,-0.1999999919996011,-0.1999999919996011,0,0,0,1.99999972001604e-08,0.1999999919996011,0.1999999919996011,19.9999972001604,1.999999919996011e-10,1.999999919996011e-10
10.9,99.99999800000026,80.00000080003989,80.00000080003989,-1.999999720016039e-06,-19.99999919996011,-19.99999919996011,-1.375493494323808e-17,0,0.4000000039991994,200,80.00000079983988,1.999999720016039e-08,0.1999999919996011,0.1999999919996011,1000000000,1e-09,1e-09,19.99999720016039,1.999999919996011e-10,1.999999919996011e-10,90,0.9,40,3,1,1,1,1,2,2,2,2,1,1,3,-1.999999720016039e-08,-0.1999999919996011,-0.1999999919996011,1.999999720016039e-08,0.1999999919996011,0.1999999919996011,-80.00000079983988,-80.00000079983988,-80.00000079983988,-1.999999720016039e-08,-0.1999999919996011,-0.1999999919996011,19.99999720016039,1.999999919996011e-10,1.999999919996011e-10,-0.4000000039991994,-80.00000079983988,0.4000000039991994,0,-1.999999720016039e-08,-0.1999999919996011,-0.1999999919996011,0,0,0,1.999999720016039e-08,0.1999999919996011,0.1999999919996011,19.99999720016039,1.999999919996011e-10,1.999999919996011e-10
11,99.99999800000029,80.00000080003989,80.00000080003989,-1.99999972001604e-06,-19.99999919996011,-19.99999919996011,-1.375492170834828e-17,0,0.4000000039991994,200,80.00000079983988,1.99999972001604e-08,0.1999999919996011,0.1999999919996011,1000000000,1e-09,1e-09,19.9999972001604,1.999999919996011e-10,1.999999919996011e-10,90,0.9,40,3,1,1,1,1,2,2,2,2,1,1,3,-1.99999972001604e-08,-0.1999999919996011,-0.1999999919996011,1.99999972001604e-08,0.1999999919996011,0.1999999919996011,-80.00000079983988,-80.00000079983988,-80.00000079983988,-1.99999972001604e-08,-0.1999999919996011,-0.1999999919996011,19.9999972001604,1.999999919996011e-10,1.999999919996011e-10,-0.4000000039991994,-80.00000079983988,0.4000000039991994,0,-1.99999972001604e-08,-0.1999999919996011,-0.1999999919996011,0,0,0,1.99999972001604e-08,0.1999999919996011,0.1999999919996011,19.9999972001604,1.999999919996011e-10,1.999999919996011e-10
11.00000000220025,99.99999800000026,80.00000080003989,80.00000080003989,-1.999999720016039e-06,-19.99999919996011,-19.99999919996011,-1.375493494323808e-17,0,0.4000000039991994,200,80.00000079983988,1.999999720016039e-08,0.1999999919996011,0.1999999919996011,1000000000,1e-09,1e-09,19.99999720016039,1.999999919996011e-10,1.999999919996011e-10,90,0.9,40,3,1,1,1,1,2,2,2,2,1,1,3,-1.999999720016039e-08,-0.1999999919996011,-0.1999999919996011,1.999999720016039e-08,0.1999999919996011,0.1999999919996011,-80.00000079983988,-80.00000079983988,-80.00000079983988,-1.999999720016039e-08,-0.1999999919996011,-0.1999999919996011,19.99999720016039,1.999999919996011e-10,1.999999919996011e-10,-0.4000000039991994,-80.00000079983988,0.4000000039991994,0,-1.999999720016039e-08,-0.1999999919996011,-0.1999999919996011,0,0,0,1.999999720016039e-08,0.1999999919996011,0.1999999919996011,19.99999720016039,1.999999919996011e-10,1.999999919996011e-10
11.00000000220025,99.99999750000035,75.00000093756238,75.00000093756238,-2.499999656268796e-06,-24.99999906243762,-24.99999906243762,1.753823738065147e-17,0,0.5000000062487491,150,75.00000093731238,2.499999656268796e-08,0.2499999906243763,0.2499999906243763,1000000000,1e-09,1e-09,24.99999656268796,2.499999906243763e-10,2.499999906243763e-10,90,0.9,30,3,1,1,1,1,2,2,2,2,1,1,3,-2.499999656268796e-08,-0.2499999906243763,-0.2499999906243763,2.499999656268796e-08,0.2499999906243763,0.2499999906243763,-75.00000093731238,-75.00000093731238,-75.00000093731238,-2.499999656268796e-08,-0.2499999906243763,-0.2499999906243763,24.99999656268796,2.499999906243763e-10,2.499999906243763e-10,-0.5000000062487491,-75.00000093731238,0.5000000062487491,0,-2.499999656268796e-08,-0.2499999906243763,-0.2499999906243763,0,0,0,2.499999656268796e-08,0.2499999906243763,0.2499999906243763,24.99999656268796,2.499999906243763e-10,2.499999906243763e-10
11.1,99.99999750000035,75.00000093756238,75.00000093756238,-2.499999656268797e-06,-24.99999906243763,-24.99999906243763,4.529381630500283e-17,0,0.5000000062487491,150,75.00000093731238,2.499999656268797e-08,0.2499999906243763,0.2499999906243763,1000000000,1e-09,1e-09,24.99999656268797,2.499999906243763e-10,2.499999906243763e-10,90,0.9,30,3,1,1,1,1,2,2,2,2,1,1,3,-2.499999656268797e-08,-0.2499999906243763,-0.2499999906243763,2.499999656268797e-08,0.2499999906243763,0.2499999906243763,-75.00000093731238,-75.00000093731238,-75.00000093731238,-2.499999656268797e-08,-0.2499999906243763,-0.2499999906243763,24.99999656268797,2.499999906243763e-10,2.499999906243763e-10,-0.5000000062487491,-75.00000093731238,0.5000000062487491,0,-2.499999656268797e-08,-0.2499999906243763,-0.2499999906243763,0,0,0,2.499999656268797e-08,0.2499999906243763,0.2499999906243763,24.99999656268797,2.499999906243763e-10,2.499999906243763e-10
11.2,99.99999750000033,75.00000093756236,75.00000093756236,-2.499999656268797e-06,-24.99999906243763,-24.99999906243763,-3.797290723316146e-17,0,0.5000000062487492,150,75.00000093731236,2.499999656268797e-08,0.2499999906243763,0.2499999906243763,1000000000,1e-09,1e-09,24.99999656268797,2.499999906243763e-10,2.499999906243763e-10,90,0.9,30,3,1,1,1,1,2,2,2,2,1,1,3,-2.499999656268797e-08,-0.2499999906243763,-0.2499999906243763,2.499999656268797e-08,0.2499999906243763,0.2499999906243763,-75.00000093731236,-75.00000093731236,-75.00000093731236,-2.499999656268797e-08,-0.2499999906243763,-0.2499999906243763,24.99999656268797,2.499999906243763e-10,2.499999906243763e-10,-0.5000000062487492,-75.00000093731236,0.5000000062487492,0,-2.499999656268797e-08,-0.2499999906243763,-0.2499999906243763,0,0,0,2.499999656268797e-08,0.2499999906243763,0.2499999906243763,24.99999656268797,2.499999906243763e-10,2.499999906243763e-10
11.3,99.99999750000036,75.00000093756238,75.00000093756238,-2.499999656268798e-06,-24.99999906243763,-24.99999906243763,4.529382953989263e-17,0,0.5000000062487491,150,75.00000093731238,2.499999656268798e-08,0.2499999906243763,0.2499999906243763,1000000000,1e-09,1e-09,24.99999656268798,2.499999906243763e-10,2.499999906243763e-10,90,0.9,30,3,1,1,1,1,2,2,2,2,1,1,3,-2.499999656268798e-08,-0.2499999906243763,-0.2499999906243763,2.499999656268798e-08,0.2499999906243763,0.2499999906243763,-75.00000093731238,-75.00000093731238,-75.00000093731238,-2.499999656268798e-08,-0.2499999906243763,-0.2499999906243763,24.99999656268798,2.499999906243763e-10,2.499999906243763e-10,-0.5000000062487491,-75.00000093731238,0.5000000062487491,0,-2.499999656268798e-08,-0.2499999906243763,-0.2499999906243763,0,0,0,2.499999656268798e-08,0.2499999906243763,0.2499999906243763,24.99999656268798,2.499999906243763e-10,2.499999906243763e-10
11.4,99.99999750000033,75.00000093756236,75.00000093756236,-2.499999656268797e-06,-24.99999906243763,-24.99999906243763,-3.797290723316146e-17,0,0.5000000062487492,150,75.00000093731236,2.499999656268797e-08,0.2499999906243763,0.2499999906243763,1000000000,1e-09,1e-09,24.99999656268797,2.499999906243763e-10,2.499999906243763e-10,90,0.9,30,3,1,1,1,1,2,2,2,2,1,1,3,-2.499999656268797e-08,-0.2499999906243763,-0.2499999906243763,2.499999656268797e-08,0.2499999906243763,0.2499999906243763,-75.00000093731236,-75.00000093731236,-75.00000093731236,-2.499999656268797e-08,-0.2499999906243763,-0.2499999906243763,24.99999656268797,2.499999906243763e-10,2.499999906243763e-10,-0.5000000062487492,-75.00000093731236,0.5000000062487492,0,-2.499999656268797e-08,-0.2499999906243763,-0.2499999906243763,0,0,0,2.499999656268797e-08,0.2499999906243763,0.2499999906243763,24.99999656268797,2.499999906243763e-10,2.499999906243763e-10
11.5,99.99999750000036,75.00000093756238,75.00000093756238,-2.499999656268798e-06,-24.99999906243763,-24.99999906243763,4.529382953989263e-17,0,0.5000000062487491,150,75.00000093731238,2.499999656268798e-08,0.2499999906243763,0.2499999906243763,1000000000,1e-09,1e-09,24.99999656268798,2.499999906243763e-10,2.499999906243763e-10,90,0.9,30,3,1,1,1,1,2,2,2,2,1,1,3,-2.499999656268798e-08,-0.2499999906243763,-0.2499999906243763,2.499999656268798e-08,0.2499999906243763,0.2499999906243763,-75.00000093731238,-75.00000093731238,-75.00000093731238,-2.499999656268798e-08,-0.2499999906243763,-0.2499999906243763,24.99999656268798,2.499999906243763e-10,2.499999906243763e-10,-0.5000000062487491,-75.00000093731238,0.5000000062487491,0,-2.499999656268798e-08,-0.2499999906243763,-0.2499999906243763,0,0,0,2.499999656268798e-08,0.2499999906243763,0.2499999906243763,24.99999656268798,2.499999906243763e-10,2.499999906243763e-10
11.6,99.99999750000033,75.00000093756236,75.00000093756236,-2.499999656268797e-06,-24.99999906243763,-24.99999906243763,-3.797290723316146e-17,0,0.5000000062487492,150,75.00000093731236,2.499999656268797e-08,0.2499999906243763,0.2499999906243763,1000000000,1e-09,1e-09,24.99999656268797,2.499999906243763e-10,2.499999906243763e-10,90,0.9,30,3,1,1,1,1,2,2,2,2,1,1,3,-2.499999656268797e-08,-0.2499999906243763,-0.2499999906243763,2.499999656268797e-08,0.2499999906243763,0.2499999906243763,-75.00000093731236,-75.00000093731236,-75.00000093731236,-2.499999656268797e-08,-0.2499999906243763,-0.2499999906243763,24.99999656268797,2.499999906243763e-10,2.499999906243763e-10,-0.5000000062487492,-75.00000093731236,0.5000000062487492,0,-2.499999656268797e-08,-0.2499999906243763,-0.2499999906243763,0,0,0,2.499999656268797e-08,0.2499999906243763,0.2499999906243763,24.99999656268797,2.499999906243763e-10,2.499999906243763e-10
11.7,99.99999750000036,75.00000093756238,75.00000093756238,-2.499999656268798e-06,-24.99999906243763,-24.99999906243763,4.529382953989263e-17,0,0.5000000062487491,150,75.00000093731238,2.499999656268798e-08,0.2499999906243763,0.2499999906243763,1000000000,1e-09,1e-09,24.99999656268798,2.499999906243763e-10,2.499999906243763e-10,90,0.9,30,3,1,1,1,1,2,2,2,2,1,1,3,-2.499999656268798e-08,-0.2499999906243763,-0.2499999906243763,2.499999656268798e-08,0.2499999906243763,0.2499999906243763,-75.00000093731238,-75.00000093731238,-75.00000093731238,-2.499999656268798e-08,-0.2499999906243763,-0.2499999906243763,24.99999656268798,2.499999906243763e-10,2.499999906243763e-10,-0.5000000062487491,-75.00000093731238,0.5000000062487491,0,-2.499999656268798e-08,-0.2499999906243763,-0.2499999906243763,0,0,0,2.499999656268798e-08,0.2499999906243763,0.2499999906243763,24.99999656268798,2.499999906243763e-10,2.499999906243763e-10
11.8,99.99999750000033,75.00000093756236,75.00000093756236,-2.499999656268797e-06,-24.99999906243763,-24.99999906243763,-3.797290723316146e-17,0,0.5000000062487492,150,75.00000093731236,2.499999656268797e-08,0.2499999906243763,0.2499999906243763,1000000000,1e-09,1e-09,24.99999656268797,2.499999906243763e-10,2.499999906243763e-10,90,0.9,30,3,1,1,1,1,2,2,2,2,1,1,3,-2.499999656268797e-08,-0.2499999906243763,-0.2499999906243763,2.499999656268797e-08,0.2499999906243763,0.2499999906243763,-75.00000093731236,-75.00000093731236,-75.00000093731236,-2.499999656268797e-08,-0.2499999906243763,-0.2499999906243763,24.99999656268797,2.499999906243763e-10,2.499999906243763e-10,-0.5000000062487492,-75.00000093731236,0.5000000062487492,0,-2.499999656268797e-08,-0.2499999906243763,-0.2499999906243763,0,0,0,2.499999656268797e-08,0.2499999906243763,0.2499999906243763,24.99999656268797,2.499999906243763e-10,2.499999906243763e-10
11.9,99.99999750000036,75.00000093756238,75.00000093756238,-2.499999656268798e-06,-24.99999906243763,-24.99999906243763,4.529382953989263e-17,0,0.5000000062487491,150,75.00000093731238,2.499999656268798e-08,0.2499999906243763,0.2499999906243763,1000000000,1e-09,1e-09,24.99999656268798,2.499999906243763e-10,2.499999906243763e-10,90,0.9,30,3,1,1,1,1,2,2,2,2,1,1,3,-2.499999656268798e-08,-0.2499999906243763,-0.2499999906243763,2.499999656268798e-08,0.2499999906243763,0.2499999906243763,-75.00000093731238,-75.00000093731238,-75.00000093731238,-2.499999656268798e-08,-0.2499999906243763,-0.2499999906243763,24.99999656268798,2.499999906243763e-10,2.499999906243763e-10,-0.5000000062487491,-75.00000093731238,0.5000000062487491,0,-2.499999656268798e-08,-0.2499999906243763,-0.2499999906243763,0,0,0,2.499999656268798e-08,0.2499999906243763,0.2499999906243763,24.99999656268798,2.499999906243763e-10,2.499999906243763e-10
12,99.99999750000033,75.00000093756236,75.00000093756236,-2.499999656268797e-06,-24.99999906243763,-24.99999906243763,-3.797290723316146e-17,0,0.5000000062487492,150,75.00000093731236,2.499999656268797e-08,0.2499999906243763,0.2499999906243763,1000000000,1e-09,1e-09,24.99999656268797,2.499999906243763e-10,2.499999906243763e-10,90,0.9,30,3,1,1,1,1,2,2,2,2,1,1,3,-2.499999656268797e-08,-0.2499999906243763,-0.2499999906243763,2.499999656268797e-08,0.2499999906243763,0.2499999906243763,-75.00000093731236,-75.00000093731236,-75.00000093731236,-2.499999656268797e-08,-0.2499999906243763,-0.2499999906243763,24.99999656268797,2.499999906243763e-10,2.499999906243763e-10,-0.5000000062487492,-75.00000093731236,0.5000000062487492,0,-2.499999656268797e-08,-0.2499999906243763,-0.2499999906243763,0,0,0,2.499999656268797e-08,0.2499999906243763,0.2499999906243763,24.99999656268797,2.499999906243763e-10,2.499999906243763e-10
12.00000000240034,99.99999750000036,75.00000093756238,75.00000093756238,-2.499999656268798e-06,-24.99999906243763,-24.99999906243763,4.529382953989263e-17,0,0.5000000062487491,150,75.00000093731238,2.499999656268798e-08,0.2499999906243763,0.2499999906243763,1000000000,1e-09,1e-09,24.99999656268798,2.499999906243763e-10,2.499999906243763e-10,90,0.9,30,3,1,1,1,1,2,2,2,2,1,1,3,-2.499999656268798e-08,-0.2499999906243763,-0.2499999906243763,2.499999656268798e-08,0.2499999906243763,0.2499999906243763,-75.00000093731238,-75.00000093731238,-75.00000093731238,-2.499999656268798e-08,-0.2499999906243763,-0.2499999906243763,24.99999656268798,2.499999906243763e-10,2.499999906243763e-10,-0.5000000062487491,-75.00000093731238,0.5000000062487491,0,-2.499999656268798e-08,-0.2499999906243763,-0.2499999906243763,0,0,0,2.499999656268798e-08,0.2499999906243763,0.2499999906243763,24.99999656268798,2.499999906243763e-10,2.499999906243763e-10
12.00000000240034,99.99999583333388,58.33333454878456,58.33333454878456,-4.166666128496599e-06,-41.66666545121544,-41.66666545121544,5.256805584668396e-17,0,0.8333333506909699,70,58.33333454836789,4.166666128496598e-08,0.4166666545121543,0.4166666545121543,1000000000,1e-09,1e-09,41.66666128496598,4.166666545121544e-10,4.166666545121544e-10,90,0.9,14,3,1,1,1,1,2,2,2,2,1,1,3,-4.166666128496598e-08,-0.4166666545121543,-0.4166666545121543,4.166666128496598e-08,0.4166666545121543,0.4166666545121543,-58.33333454836789,-58.33333454836789,-58.33333454836789,-4.166666128496598e-08,-0.4166666545121543,-0.4166666545121543,41.66666128496598,4.166666545121544e-10,4.166666545121544e-10,-0.8333333506909699,-58.33333454836789,0.8333333506909699,0,-4.166666128496598e-08,-0.4166666545121543,-0.4166666545121543,0,0,0,4.166666128496598e-08,0.4166666545121543,0.4166666545121543,41.66666128496598,4.166666545121544e-10,4.166666545121544e-10
12.1,99.99999583333386,58.33333454878456,58.33333454878456,-4.166666128496597e-06,-41.66666545121544,-41.66666545121544,5.256804261179415e-17,0,0.8333333506909699,70,58.33333454836789,4.166666128496597e-08,0.4166666545121543,0.4166666545121543,1000000000,1e-09,1e-09,41.66666128496597,4.166666545121544e-10,4.166666545121544e-10,90,0.9,14,3,1,1,1,1,2,2,2,2,1,1,3,-4.166666128496597e-08,-0.4166666545121543,-0.4166666545121543,4.166666128496597e-08,0.4166666545121543,0.4166666545121543,-58.33333454836789,-58.33333454836789,-58.33333454836789,-4.166666128496597e-08,-0.4166666545121543,-0.4166666545121543,41.66666128496597,4.166666545121544e-10,4.166666545121544e-10,-0.8333333506909699,-58.33333454836789,0.8333333506909699,0,-4.166666128496597e-08,-0.4166666545121543,-0.4166666545121543,0,0,0,4.166666128496597e-08,0.4166666545121543,0.4166666545121543,41.66666128496597,4.166666545121544e-10,4.166666545121544e-10
12.2,99.99999583333388,58.33333454878456,58.33333454878456,-4.166666128496599e-06,-41.66666545121544,-41.66666545121544,5.256805584668396e-17,0,0.8333333506909699,70,58.33333454836789,4.166666128496598e-08,0.4166666545121543,0.4166666545121543,1000000000,1e-09,1e-09,41.66666128496598,4.166666545121544e-10,4.166666545121544e-10,90,0.9,14,3,1,1,1,1,2,2,2,2,1,1,3,-4.166666128496598e-08,-0.4166666545121543,-0.4166666545121543,4.166666128496598e-08,0.4166666545121543,0.4166666545121543,-58.33333454836789,-58.33333454836789,-58.33333454836789,-4.166666128496598e-08,-0.4166666545121543,-0.4166666545121543,41.66666128496598,4.166666545121544e-10,4.166666545121544e-10,-0.8333333506909699,-58.33333454836789,0.8333333506909699,0,-4.166666128496598e-08,-0.4166666545121543,-0.4166666545121543,0,0,0,4.166666128496598e-08,0.4166666545121543,0.4166666545121543,41.66666128496598,4.166666545121544e-10,4.166666545121544e-10
12.3,99.99999583333386,58.33333454878456,58.33333454878456,-4.166666128496597e-06,-41.66666545121544,-41.66666545121544,5.256804261179415e-17,0,0.8333333506909699,70,58.33333454836789,4.166666128496597e-08,0.4166666545121543,0.4166666545121543,1000000000,1e-09,1e-09,41.66666128496597,4.166666545121544e-10,4.166666545121544e-10,90,0.9,14,3,1,1,1,1,2,2,2,2,1,1,3,-4.166666128496597e-08,-0.4166666545121543,-0.4166666545121543,4.166666128496597e-08,0.4166666545121543,0.4166666545121543,-58.33333454836789,-58.33333454836789,-58.33333454836789,-4.166666128496597e-08,-0.4166666545121543,-0.4166666545121543,41.66666128496597,4.166666545121544e-10,4.166666545121544e-10,-0.8333333506909699,-58.33333454836789,0.8333333506909699,0,-4.166666128496597e-08,-0.4166666545121543,-0.4166666545121543,0,0,0,4.166666128496597e-08,0.4166666545121543,0.4166666545121543,41.66666128496597,4.166666545121544e-10,4.166666545121544e-10
12.4,99.99999583333388,58.33333454878456,58.33333454878456,-4.166666128496599e-06,-41.66666545121544,-41.66666545121544,5.256805584668396e-17,0,0.8333333506909699,70,58.33333454836789,4.166666128496598e-08,0.4166666545121543,0.4166666545121543,1000000000,1e-09,1e-09,41.66666128496598,4.166666545121544e-10,4.166666545121544e-10,90,0.9,14,3,1,1,1,1,2,2,2,2,1,1,3,-4.166666128496598e-08,-0.4166666545121543,-0.4166666545121543,4.166666128496598e-08,0.4166666545121543,0.4166666545121543,-58.33333454836789,-58.33333454836789,-58.33333454836789,-4.166666128496598e-08,-0.4166666545121543,-0.4166666545121543,41.66666128496598,4.166666545121544e-10,4.166666545121544e-10,-0.8333333506909699,-58.33333454836789,0.8333333506909699,0,-4.166666128496598e-08,-0.4166666545121543,-0.4166666545121543,0,0,0,4.166666128496598e-08,0.4166666545121543,0.4166666545121543,41.66666128496598,4.166666545121544e-10,4.166666545121544e-10
12.5,99.99999583333386,58.33333454878456,58.33333454878456,-4.166666128496597e-06,-41.66666545121544,-41.66666545121544,5.256804261179415e-17,0,0.8333333506909699,70,58.33333454836789,4.166666128496597e-08,0.4166666545121543,0.4166666545121543,1000000000,1e-09,1e-09,41.66666128496597,4.166666545121544e-10,4.166666545121544e-10,90,0.9,14,3,1,1,1,1,2,2,2,2,1,1,3,-4.166666128496597e-08,-0.4166666545121543,-0.4166666545121543,4.166666128496597e-08,0.4166666545121543,0.4166666545121543,-58.33333454836789,-58.33333454836789,-58.33333454836789,-4.166666128496597e-08,-0.4166666545121543,-0.4166666545121543,41.66666128496597,4.166666545121544e-10,4.166666545121544e-10,-0.8333333506909699,-58.33333454836789,0.8333333506909699,0,-4.166666128496597e-08,-0.4166666545121543,-0.4166666545121543,0,0,0,4.166666128496597e-08,0.4166666545121543,0.4166666545121543,41.66666128496597,4.166666545121544e-10,4.166666545121544e-10
12.6,99.99999583333388,58.33333454878456,58.33333454878456,-4.166666128496599e-06,-41.66666545121544,-41.66666545121544,5.256805584668396e-17,0,0.8333333506909699,70,58.33333454836789,4.166666128496598e-08,0.4166666545121543,0.4166666545121543,1000000000,1e-09,1e-09,41.66666128496598,4.166666545121544e-10,4.166666545121544e-10,90,0.9,14,3,1,1,1,1,2,2,2,2,1,1,3,-4.166666128496598e-08,-0.4166666545121543,-0.4166666545121543,4.166666128496598e-08,0.4166666545121543,0.4166666545121543,-58.33333454836789,-58.33333454836789,-58.33333454836789,-4.166666128496598e-08,-0.4166666545121543,-0.4166666545121543,41.66666128496598,4.166666545121544e-10,4.166666545121544e-10,-0.8333333506909699,-58.33333454836789,0.8333333506909699,0,-4.166666128496598e-08,-0.4166666545121543,-0.4166666545121543,0,0,0,4.166666128496598e-08,0.4166666545121543,0.4166666545121543,41.66666128496598,4.166666545121544e-10,4.166666545121544e-10
12.7,99.99999583333386,58.33333454878456,58.33333454878456,-4.166666128496597e-06,-41.66666545121544,-41.66666545121544,5.256804261179415e-17,0,0.8333333506909699,70,58.33333454836789,4.166666128496597e-08,0.4166666545121543,0.4166666545121543,1000000000,1e-09,1e-09,41.66666128496597,4.166666545121544e-10,4.166666545121544e-10,90,0.9,14,3,1,1,1,1,2,2,2,2,1,1,3,-4.166666128496597e-08,-0.4166666545121543,-0.4166666545121543,4.166666128496597e-08,0.4166666545121543,0.4166666545121543,-58.33333454836789,-58.33333454836789,-58.33333454836789,-4.166666128496597e-08,-0.4166666545121543,-0.4166666545121543,41.66666128496597,4.166666545121544e-10,4.166666545121544e-10,-0.8333333506909699,-58.33333454836789,0.8333333506909699,0,-4.166666128496597e-08,-0.4166666545121543,-0.4166666545121543,0,0,0,4.166666128496597e-08,0.4166666545121543,0.4166666545121543,41.66666128496597,4.166666545121544e-10,4.166666545121544e-10
12.8,99.99999583333388,58.33333454878456,58.33333454878456,-4.166666128496599e-06,-41.66666545121544,-41.66666545121544,5.256805584668396e-17,0,0.8333333506909699,70,58.33333454836789,4.166666128496598e-08,0.4166666545121543,0.4166666545121543,1000000000,1e-09,1e-09,41.66666128496598,4.166666545121544e-10,4.166666545121544e-10,90,0.9,14,3,1,1,1,1,2,2,2,2,1,1,3,-4.166666128496598e-08,-0.4166666545121543,-0.4166666545121543,4.166666128496598e-08,0.4166666545121543,0.4166666545121543,-58.33333454836789,-58.33333454836789,-58.33333454836789,-4.166666128496598e-08,-0.4166666545121543,-0.4166666545121543,41.66666128496598,4.166666545121544e-10,4.166666545121544e-10,-0.8333333506909699,-58.33333454836789,0.8333333506909699,0,-4.166666128496598e-08,-0.4166666545121543,-0.4166666545121543,0,0,0,4.166666128496598e-08,0.4166666545121543,0.4166666545121543,41.66666128496598,4.166666545121544e-10,4.166666545121544e-10
12.9,99.99999583333386,58.33333454878456,58.33333454878456,-4.166666128496597e-06,-41.66666545121544,-41.66666545121544,5.256804261179415e-17,0,0.8333333506909699,70,58.33333454836789,4.166666128496597e-08,0.4166666545121543,0.4166666545121543,1000000000,1e-09,1e-09,41.66666128496597,4.166666545121544e-10,4.166666545121544e-10,90,0.9,14,3,1,1,1,1,2,2,2,2,1,1,3,-4.166666128496597e-08,-0.4166666545121543,-0.4166666545121543,4.166666128496597e-08,0.4166666545121543,0.4166666545121543,-58.33333454836789,-58.33333454836789,-58.33333454836789,-4.166666128496597e-08,-0.4166666545121543,-0.4166666545121543,41.66666128496597,4.166666545121544e-10,4.166666545121544e-10,-0.8333333506909699,-58.33333454836789,0.8333333506909699,0,-4.166666128496597e-08,-0.4166666545121543,-0.4166666545121543,0,0,0,4.166666128496597e-08,0.4166666545121543,0.4166666545121543,41.66666128496597,4.166666545121544e-10,4.166666545121544e-10
13,99.99999583333388,58.33333454878456,58.33333454878456,-4.166666128496599e-06,-41.66666545121544,-41.66666545121544,5.256805584668396e-17,0,0.8333333506909699,70,58.33333454836789,4.166666128496598e-08,0.4166666545121543,0.4166666545121543,1000000000,1e-09,1e-09,41.66666128496598,4.166666545121544e-10,4.166666545121544e-10,90,0.9,14,3,1,1,1,1,2,2,2,2,1,1,3,-4.166666128496598e-08,-0.4166666545121543,-0.4166666545121543,4.166666128496598e-08,0.4166666545121543,0.4166666545121543,-58.33333454836789,-58.33333454836789,-58.33333454836789,-4.166666128496598e-08,-0.4166666545121543,-0.4166666545121543,41.66666128496598,4.166666545121544e-10,4.166666545121544e-10,-0.8333333506909699,-58.33333454836789,0.8333333506909699,0,-4.166666128496598e-08,-0.4166666545121543,-0.4166666545121543,0,0,0,4.166666128496598e-08,0.4166666545121543,0.4166666545121543,41.66666128496598,4.166666545121544e-10,4.166666545121544e-10
13.00000000260043,99.99999583333386,58.33333454878456,58.33333454878456,-4.166666128496597e-06,-41.66666545121544,-41.66666545121544,5.256804261179415e-17,0,0.8333333506909699,70,58.33333454836789,4.166666128496597e-08,0.4166666545121543,0.4166666545121543,1000000000,1e-09,1e-09,41.66666128496597,4.166666545121544e-10,4.166666545121544e-10,90,0.9,14,3,1,1,1,1,2,2,2,2,1,1,3,-4.166666128496597e-08,-0.4166666545121543,-0.4166666545121543,4.166666128496597e-08,0.4166666545121543,0.4166666545121543,-58.33333454836789,-58.33333454836789,-58.33333454836789,-4.166666128496597e-08,-0.4166666545121543,-0.4166666545121543,41.66666128496597,4.166666545121544e-10,4.166666545121544e-10,-0.8333333506909699,-58.33333454836789,0.8333333506909699,0,-4.166666128496597e-08,-0.4166666545121543,-0.4166666545121543,0,0,0,4.166666128496597e-08,0.4166666545121543,0.4166666545121543,41.66666128496597,4.166666545121544e-10,4.166666545121544e-10
13.00000000260043,99.99999000574699,99.99999000001554,99.99999000001554,-9.999984452187242e-06,-9.999984451614097e-06,-9.999984451614097e-06,0,0,2.999995335541544e-07,485,0.0001454838745758025,9.999984452187242e-08,9.999984451614097e-08,9.999984451614097e-08,1000000000,1000000000,1000000000,99.99984452187242,99.99984451614097,99.99984451614097,90,0.9,97,3,1,1,1,1,2,1,1,2,1,1,1,-9.999984452187242e-08,-9.999984451614097e-08,-9.999984451614097e-08,9.999984452187242e-08,9.999984451614097e-08,9.999984451614097e-08,-0.0001454838745758025,-0.0001454838745758025,-0.0001454838745758025,-9.999984452187242e-08,-9.999984451614097e-08,-9.999984451614097e-08,99.99984452187242,99.99984451614097,99.99984451614097,-2.999995335541544e-07,-0.0001454838745758025,2.999995335541544e-07,0,-9.999984452187242e-08,-9.999984451614097e-08,-9.999984451614097e-08,0,0,0,9.999984452187242e-08,9.999984451614097e-08,9.999984451614097e-08,99.99984452187242,99.99984451614097,99.99984451614097
13.1,99.99999000001554,99.99999000001554,99.99999000001554,-9.99998445002418e-06,-9.99998445002418e-06,-9.99998445002418e-06,-2.646977960169689e-23,0,2.999995335007254e-07,485,0.0001454997737369013,9.99998445002418e-08,9.99998445002418e-08,9.99998445002418e-08,1000000000,1000000000,1000000000,99.99984450024181,99.99984450024181,99.99984450024181,90,0.9,97,3,1,1,1,1,2,1,1,2,1,1,1,-9.99998445002418e-08,-9.99998445002418e-08,-9.99998445002418e-08,9.99998445002418e-08,9.99998445002418e-08,9.99998445002418e-08,-0.0001454997737369013,-0.0001454997737369013,-0.0001454997737369013,-9.99998445002418e-08,-9.99998445002418e-08,-9.99998445002418e-08,99.99984450024181,99.99984450024181,99.99984450024181,-2.999995335007254e-07,-0.0001454997737369013,2.999995335007254e-07,0,-9.99998445002418e-08,-9.99998445002418e-08,-9.99998445002418e-08,0,0,0,9.99998445002418e-08,9.99998445002418e-08,9.99998445002418e-08,99.99984450024181,99.99984450024181,99.99984450024181
13.2,99.99999000001554,99.99999000001554,99.99999000001554,-9.999984450024179e-06,-9.999984450024179e-06,-9.999984450024179e-06,0,0,2.999995335007254e-07,485,0.0001454997737511121,9.999984450024179e-08,9.999984450024179e-08,9.999984450024179e-08,1000000000,1000000000,1000000000,99.99984450024179,99.99984450024179,99.99984450024179,90,0.9,97,3,1,1,1,1,2,1,1,2,1,1,1,-9.999984450024179e-08,-9.999984450024179e-08,-9.999984450024179e-08,9.999984450024179e-08,9.999984450024179e-08,9.999984450024179e-08,-0.0001454997737511121,-0.0001454997737511121,-0.0001454997737511121,-9.999984450024179e-08,-9.999984450024179e-08,-9.999984450024179e-08,99.99984450024179,99.99984450024179,99.99984450024179,-2.999995335007254e-07,-0.0001454997737511121,2.999995335007254e-07,0,-9.999984450024179e-08,-9.999984450024179e-08,-9.999984450024179e-08,0,0,0,9.999984450024179e-08,9.999984450024179e-08,9.999984450024179e-08,99.99984450024179,99.99984450024179,99.99984450024179
13.3,99.99999000001554,99.99999000001554,99.99999000001554,-9.999984450024179e-06,-9.999984450024179e-06,-9.999984450024179e-06,0,0,2.999995335007254e-07,485,0.0001454997737511121,9.999984450024179e-08,9.999984450024179e-08,9.999984450024179e-08,1000000000,1000000000,1000000000,99.99984450024179,99.99984450024179,99.99984450024179,90,0.9,97,3,1,1,1,1,2,1,1,2,1,1,1,-9.999984450024179e-08,-9.999984450024179e-08,-9.999984450024179e-08,9.999984450024179e-08,9.999984450024179e-08,9.999984450024179e-08,-0.0001454997737511121,-0.0001454997737511121,-0.0001454997737511121,-9.999984450024179e-08,-9.999984450024179e-08,-9.999984450024179e-08,99.99984450024179,99.99984450024179,99.99984450024179,-2.999995335007254e-07,-0.0001454997737511121,2.999995335007254e-07,0,-9.999984450024179e-08,-9.999984450024179e-08,-9.999984450024179e-08,0,0,0,9.999984450024179e-08,9.999984450024179e-08,9.999984450024179e-08,99.99984450024179,99.99984450024179,99.99984450024179
13.4,99.99999000001554,99.99999000001554,99.99999000001554,-9.999984450024179e-06,-9.999984450024179e-06,-9.999984450024179e-06,0,0,2.999995335007254e-07,485,0.0001454997737511121,9.999984450024179e-08,9.999984450024179e-08,9.999984450024179e-08,1000000000,1000000000,1000000000,99.99984450024179,99.99984450024179,99.99984450024179,90,0.9,97,3,1,1,1,1,2,1,1,2,1,1,1,-9.999984450024179e-08,-9.999984450024179e-08,-9.999984450024179e-08,9.999984450024179e-08,9.999984450024179e-08,9.999984450024179e-08,-0.0001454997737511121,-0.0001454997737511121,-0.0001454997737511121,-9.999984450024179e-08,-9.999984450024179e-08,-9.999984450024179e-08,99.99984450024179,99.99984450024179,99.99984450024179,-2.999995335007254e-07,-0.0001454997737511121,2.999995335007254e-07,0,-9.999984450024179e-08,-9.999984450024179e-08,-9.999984450024179e-08,0,0,0,9.999984450024179e-08,9.999984450024179e-08,9.999984450024179e-08,99.99984450024179,99.99984450024179,99.99984450024179
13.5,99.99999000001554,99.99999000001554,99.99999000001554,-9.999984450024179e-06,-9.999984450024179e-06,-9.999984450024179e-06,0,0,2.999995335007254e-07,485,0.0001454997737511121,9.999984450024179e-08,9.999984450024179e-08,9.999984450024179e-08,1000000000,1000000000,1000000000,99.99984450024179,99.99984450024179,99.99984450024179,90,0.9,97,3,1,1,1,1,2,1,1,2,1,1,1,-9.999984450024179e-08,-9.999984450024179e-08,-9.999984450024179e-08,9.999984450024179e-08,9.999984450024179e-08,9.999984450024179e-08,-0.0001454997737511121,-0.0001454997737511121,-0.0001454997737511121,-9.999984450024179e-08,-9.999984450024179e-08,-9.999984450024179e-08,99.99984450024179,99.99984450024179,99.99984450024179,-2.999995335007254e-07,-0.0001454997737511121,2.999995335007254e-07,0,-9.999984450024179e-08,-9.999984450024179e-08,-9.999984450024179e-08,0,0,0,9.999984450024179e-08,9.999984450024179e-08,9.999984450024179e-08,99.99984450024179,99.99984450024179,99.99984450024179
13.6,99.99999000001554,99.99999000001554,99.99999000001554,-9.999984450024179e-06,-9.999984450024179e-06,-9.999984450024179e-06,0,0,2.999995335007254e-07,485,0.0001454997737511121,9.999984450024179e-08,9.999984450024179e-08,9.999984450024179e-08,1000000000,1000000000,1000000000,99.99984450024179,99.99984450024179,99.99984450024179,90,0.9,97,3,1,1,1,1,2,1,1,2,1,1,1,-9.999984450024179e-08,-9.999984450024179e-08,-9.999984450024179e-08,9.999984450024179e-08,9.999984450024179e-08,9.999984450024179e-08,-0.0001454997737511121,-0.0001454997737511121,-0.0001454997737511121,-9.999984450024179e-08,-9.999984450024179e-08,-9.999984450024179e-08,99.99984450024179,99.99984450024179,99.99984450024179,-2.999995335007254e-07,-0.0001454997737511121,2.999995335007254e-07,0,-9.999984450024179e-08,-9.999984450024179e-08,-9.999984450024179e-08,0,0,0,9.999984450024179e-08,9.999984450024179e-08,9.999984450024179e-08,99.99984450024179,99.99984450024179,99.99984450024179
13.7,99.99999000001554,99.99999000001554,99.99999000001554,-9.999984450024179e-06,-9.999984450024179e-06,-9.999984450024179e-06,0,0,2.999995335007254e-07,485,0.0001454997737511121,9.999984450024179e-08,9.999984450024179e-08,9.999984450024179e-08,1000000000,1000000000,1000000000,99.99984450024179,99.99984450024179,99.99984450024179,90,0.9,97,3,1,1,1,1,2,1,1,2,1,1,1,-9.999984450024179e-08,-9.999984450024179e-08,-9.999984450024179e-08,9.999984450024179e-08,9.999984450024179e-08,9.999984450024179e-08,-0.0001454997737511121,-0.0001454997737511121,-0.0001454997737511121,-9.999984450024179e-08,-9.999984450024179e-08,-9.999984450024179e-08,99.99984450024179,99.99984450024179,99.99984450024179,-2.999995335007254e-07,-0.0001454997737511121,2.999995335007254e-07,0,-9.999984450024179e-08,-9.999984450024179e-08,-9.999984450024179e-08,0,0,0,9.999984450024179e-08,9.999984450024179e-08,9.999984450024179e-08,99.99984450024179,99.99984450024179,99.99984450024179
13.8,99.99999000001554,99.99999000001554,99.99999000001554,-9.999984450024179e-06,-9.999984450024179e-06,-9.999984450024179e-06,0,0,2.999995335007254e-07,485,0.0001454997737511121,9.999984450024179e-08,9.999984450024179e-08,9.999984450024179e-08,1000000000,1000000000,1000000000,99.99984450024179,99.99984450024179,99.99984450024179,90,0.9,97,3,1,1,1,1,2,1,1,2,1,1,1,-9.999984450024179e-08,-9.999984450024179e-08,-9.999984450024179e-08,9.999984450024179e-08,9.999984450024179e-08,9.999984450024179e-08,-0.0001454997737511121,-0.0001454997737511121,-0.0001454997737511121,-9.999984450024179e-08,-9.999984450024179e-08,-9.999984450024179e-08,99.99984450024179,99.99984450024179,99.99984450024179,-2.999995335007254e-07,-0.0001454997737511121,2.999995335007254e-07,0,-9.999984450024179e-08,-9.999984450024179e-08,-9.999984450024179e-08,0,0,0,9.999984450024179e-08,9.999984450024179e-08,9.999984450024179e-08,99.99984450024179,99.99984450024179,99.99984450024179
13.9,99.99999000001554,99.99999000001554,99.99999000001554,-9.999984450024179e-06,-9.999984450024179e-06,-9.999984450024179e-06,0,0,2.999995335007254e-07,485,0.0001454997737511121,9.999984450024179e-08,9.999984450024179e-08,9.999984450024179e-08,1000000000,1000000000,1000000000,99.99984450024179,99.99984450024179,99.99984450024179,90,0.9,97,3,1,1,1,1,2,1,1,2,1,1,1,-9.999984450024179e-08,-9.999984450024179e-08,-9.999984450024179e-08,9.999984450024179e-08,9.999984450024179e-08,9.999984450024179e-08,-0.0001454997737511121,-0.0001454997737511121,-0.0001454997737511121,-9.999984450024179e-08,-9.999984450024179e-08,-9.999984450024179e-08,99.99984450024179,99.99984450024179,99.99984450024179,-2.999995335007254e-07,-0.0001454997737511121,2.999995335007254e-07,0,-9.999984450024179e-08,-9.999984450024179e-08,-9.999984450024179e-08,0,0,0,9.999984450024179e-08,9.999984450024179e-08,9.999984450024179e-08,99.99984450024179,99.99984450024179,99.99984450024179
14,99.99999000001554,99.99999000001554,99.99999000001554,-9.999984450024179e-06,-9.999984450024179e-06,-9.999984450024179e-06,0,0,2.999995335007254e-07,485,0.0001454997737511121,9.999984450024179e-08,9.999984450024179e-08,9.999984450024179e-08,1000000000,1000000000,1000000000,99.99984450024179,99.99984450024179,99.99984450024179,90,0.9,97,3,1,1,1,1,2,1,1,2,1,1,1,-9.999984450024179e-08,-9.999984450024179e-08,-9.999984450024179e-08,9.999984450024179e-08,9.999984450024179e-08,9.999984450024179e-08,-0.0001454997737511121,-0.0001454997737511121,-0.0001454997737511121,-9.999984450024179e-08,-9.999984450024179e-08,-9.999984450024179e-08,99.99984450024179,99.99984450024179,99.99984450024179,-2.999995335007254e-07,-0.0001454997737511121,2.999995335007254e-07,0,-9.999984450024179e-08,-9.999984450024179e-08,-9.999984450024179e-08,0,0,0,9.999984450024179e-08,9.999984450024179e-08,9.999984450024179e-08,99.99984450024179,99.99984450024179,99.99984450024179
14.00000000280052,99.99999000001554,99.99999000001554,99.99999000001554,-9.999984450024179e-06,-9.999984450024179e-06,-9.999984450024179e-06,0,0,2.999995335007254e-07,485,0.0001454997737511121,9.999984450024179e-08,9.999984450024179e-08,9.999984450024179e-08,1000000000,1000000000,1000000000,99.99984450024179,99.99984450024179,99.99984450024179,90,0.9,97,3,1,1,1,1,2,1,1,2,1,1,1,-9.999984450024179e-08,-9.999984450024179e-08,-9.999984450024179e-08,9.999984450024179e-08,9.999984450024179e-08,9.999984450024179e-08,-0.0001454997737511121,-0.0001454997737511121,-0.0001454997737511121,-9.999984450024179e-08,-9.999984450024179e-08,-9.999984450024179e-08,99.99984450024179,99.99984450024179,99.99984450024179,-2.999995335007254e-07,-0.0001454997737511121,2.999995335007254e-07,0,-9.999984450024179e-08,-9.999984450024179e-08,-9.999984450024179e-08,0,0,0,9.999984450024179e-08,9.999984450024179e-08,9.999984450024179e-08,99.99984450024179,99.99984450024179,99.99984450024179
14.00000000280052,99.99999772727332,77.27273078517474,99.99999772727331,-2.272726694232585e-06,-22.72726921482527,-2.272726694232585e-06,2.558330668283606e-17,0,0.2272727376027866,340,77.27273078494747,2.272726694232585e-08,0.2272726921482527,2.272726694232585e-08,1000000000,1e-09,1000000000,22.72726694232585,2.272726921482527e-10,22.72726694232585,90,0.9,68,3,1,1,1,1,2,2,1,2,1,1,2,-2.272726694232585e-08,-0.2272726921482527,-2.272726694232585e-08,2.272726694232585e-08,0.2272726921482527,2.272726694232585e-08,-77.27273078494747,-77.27273078494747,-77.27273078494747,-2.272726694232585e-08,-0.2272726921482527,-2.272726694232585e-08,22.72726694232585,2.272726921482527e-10,22.72726694232585,-0.2272727376027866,-77.27273078494747,0.2272727376027866,0,-2.272726694232585e-08,-0.2272726921482527,-2.272726694232585e-08,0,0,0,2.272726694232585e-08,0.2272726921482527,2.272726694232585e-08,22.72726694232585,2.272726921482527e-10,22.72726694232585
14.1,99.9999977272733,77.27273078517472,99.99999772727331,-2.272726694232585e-06,-22.72726921482527,-2.272726694232587e-06,2.558332653517076e-17,0,0.2272727376027866,340,77.27273078494744,2.272726694232585e-08,0.2272726921482527,2.272726694232587e-08,1000000000,1e-09,1000000000,22.72726694232585,2.272726921482527e-10,22.72726694232587,90,0.9,68,3,1,1,1,1,2,2,1,2,1,1,2,-2.272726694232585e-08,-0.2272726921482527,-2.272726694232587e-08,2.272726694232585e-08,0.2272726921482527,2.272726694232587e-08,-77.27273078494744,-77.27273078494744,-77.27273078494744,-2.272726694232585e-08,-0.2272726921482527,-2.272726694232587e-08,22.72726694232585,2.272726921482527e-10,22.72726694232587,-0.2272727376027866,-77.27273078494744,0.2272727376027866,0,-2.272726694232585e-08,-0.2272726921482527,-2.272726694232587e-08,0,0,0,2.272726694232585e-08,0.2272726921482527,2.272726694232587e-08,22.72726694232585,2.272726921482527e-10,22.72726694232587
14.2,99.99999772727331,77.27273078517473,99.99999772727331,-2.272726694232585e-06,-22.72726921482528,-2.272726694232585e-06,2.558331991772586e-17,0,0.2272727376027866,340,77.27273078494746,2.272726694232586e-08,0.2272726921482528,2.272726694232586e-08,1000000000,1e-09,1000000000,22.72726694232585,2.272726921482528e-10,22.72726694232585,90,0.9,68,3,1,1,1,1,2,2,1,2,1,1,2,-2.272726694232586e-08,-0.2272726921482528,-2.272726694232586e-08,2.272726694232586e-08,0.2272726921482528,2.272726694232586e-08,-77.27273078494746,-77.27273078494746,-77.27273078494746,-2.272726694232586e-08,-0.2272726921482528,-2.272726694232586e-08,22.72726694232585,2.272726921482528e-10,22.72726694232585,-0.2272727376027866,-77.27273078494746,0.2272727376027866,0,-2.272726694232586e-08,-0.2272726921482528,-2.272726694232586e-08,0,0,0,2.272726694232586e-08,0.2272726921482528,2.272726694232586e-08,22.72726694232585,2.272726921482528e-10,22.72726694232585
14.3,99.99999772727331,77.27273078517473,99.99999772727331,-2.272726694232585e-06,-22.72726921482528,-2.272726694232585e-06,2.558331991772586e-17,0,0.2272727376027866,340,77.27273078494746,2.272726694232586e-08,0.2272726921482528,2.272726694232586e-08,1000000000,1e-09,1000000000,22.72726694232585,2.272726921482528e-10,22.72726694232585,90,0.9,68,3,1,1,1,1,2,2,1,2,1,1,2,-2.272726694232586e-08,-0.2272726921482528,-2.272726694232586e-08,2.272726694232586e-08,0.2272726921482528,2.272726694232586e-08,-77.27273078494746,-77.27273078494746,-77.27273078494746,-2.272726694232586e-08,-0.2272726921482528,-2.272726694232586e-08,22.72726694232585,2.272726921482528e-10,22.72726694232585,-0.2272727376027866,-77.27273078494746,0.2272727376027866,0,-2.272726694232586e-08,-0.2272726921482528,-2.272726694232586e-08,0,0,0,2.272726694232586e-08,0.2272726921482528,2.272726694232586e-08,22.72726694232585,2.272726921482528e-10,22.72726694232585
14.4,99.99999772727331,77.27273078517473,99.99999772727331,-2.272726694232585e-06,-22.72726921482528,-2.272726694232585e-06,2.558331991772586e-17,0,0.2272727376027866,340,77.27273078494746,2.272726694232586e-08,0.2272726921482528,2.272726694232586e-08,1000000000,1e-09,1000000000,22.72726694232585,2.272726921482528e-10,22.72726694232585,90,0.9,68,3,1,1,1,1,2,2,1,2,1,1,2,-2.272726694232586e-08,-0.2272726921482528,-2.272726694232586e-08,2.272726694232586e-08,0.2272726921482528,2.272726694232586e-08,-77.27273078494746,-77.27273078494746,-77.27273078494746,-2.272726694232586e-08,-0.2272726921482528,-2.272726694232586e-08,22.72726694232585,2.272726921482528e-10,22.72726694232585,-0.2272727376027866,-77.27273078494746,0.2272727376027866,0,-2.272726694232586e-08,-0.2272726921482528,-2.272726694232586e-08,0,0,0,2.272726694232586e-08,0.2272726921482528,2.272726694232586e-08,22.72726694232585,2.272726921482528e-10,22.72726694232585
14.5,99.99999772727331,77.27273078517473,99.99999772727331,-2.272726694232585e-06,-22.72726921482528,-2.272726694232585e-06,2.558331991772586e-17,0,0.2272727376027866,340,77.27273078494746,2.272726694232586e-08,0.2272726921482528,2.272726694232586e-08,1000000000,1e-09,1000000000,22.72726694232585,2.272726921482528e-10,22.72726694232585,90,0.9,68,3,1,1,1,1,2,2,1,2,1,1,2,-2.272726694232586e-08,-0.2272726921482528,-2.272726694232586e-08,2.272726694232586e-08,0.2272726921482528,2.272726694232586e-08,-77.27273078494746,-77.27273078494746,-77.27273078494746,-2.272726694232586e-08,-0.2272726921482528,-2.272726694232586e-08,22.72726694232585,2.272726921482528e-10,22.72726694232585,-0.2272727376027866,-77.27273078494746,0.2272727376027866,0,-2.272726694232586e-08,-0.2272726921482528,-2.272726694232586e-08,0,0,0,2.272726694232586e-08,0.2272726921482528,2.272726694232586e-08,22.72726694232585,2.272726921482528e-10,22.72726694232585
14.6,99.99999772727331,77.27273078517473,99.99999772727331,-2.272726694232585e-06,-22.72726921482528,-2.272726694232585e-06,2.558331991772586e-17,0,0.2272727376027866,340,77.27273078494746,2.272726694232586e-08,0.2272726921482528,2.272726694232586e-08,1000000000,1e-09,1000000000,22.72726694232585,2.272726921482528e-10,22.72726694232585,90,0.9,68,3,1,1,1,1,2,2,1,2,1,1,2,-2.272726694232586e-08,-0.2272726921482528,-2.272726694232586e-08,2.272726694232586e-08,0.2272726921482528,2.272726694232586e-08,-77.27273078494746,-77.27273078494746,-77.27273078494746,-2.272726694232586e-08,-0.2272726921482528,-2.272726694232586e-08,22.72726694232585,2.272726921482528e-10,22.72726694232585,-0.2272727376027866,-77.27273078494746,0.2272727376027866,0,-2.272726694232586e-08,-0.2272726921482528,-2.272726694232586e-08,0,0,0,2.272726694232586e-08,0.2272726921482528,2.272726694232586e-08,22.72726694232585,2.272726921482528e-10,22.72726694232585
14.7,99.99999772727331,77.27273078517473,99.99999772727331,-2.272726694232585e-06,-22.72726921482528,-2.272726694232585e-06,2.558331991772586e-17,0,0.2272727376027866,340,77.27273078494746,2.272726694232586e-08,0.2272726921482528,2.272726694232586e-08,1000000000,1e-09,1000000000,22.72726694232585,2.272726921482528e-10,22.72726694232585,90,0.9,68,3,1,1,1,1,2,2,1,2,1,1,2,-2.272726694232586e-08,-0.2272726921482528,-2.272726694232586e-08,2.272726694232586e-08,0.2272726921482528,2.272726694232586e-08,-77.27273078494746,-77.27273078494746,-77.27273078494746,-2.272726694232586e-08,-0.2272726921482528,-2.272726694232586e-08,22.72726694232585,2.272726921482528e-10,22.72726694232585,-0.2272727376027866,-77.27273078494746,0.2272727376027866,0,-2.272726694232586e-08,-0.2272726921482528,-2.272726694232586e-08,0,0,0,2.272726694232586e-08,0.2272726921482528,2.272726694232586e-08,22.72726694232585,2.272726921482528e-10,22.72726694232585
14.8,99.99999772727331,77.27273078517473,99.99999772727331,-2.272726694232585e-06,-22.72726921482528,-2.272726694232585e-06,2.558331991772586e-17,0,0.2272727376027866,340,77.27273078494746,2.272726694232586e-08,0.2272726921482528,2.272726694232586e-08,1000000000,1e-09,1000000000,22.72726694232585,2.272726921482528e-10,22.72726694232585,90,0.9,68,3,1,1,1,1,2,2,1,2,1,1,2,-2.272726694232586e-08,-0.2272726921482528,-2.272726694232586e-08,2.272726694232586e-08,0.2272726921482528,2.272726694232586e-08,-77.27273078494746,-77.27273078494746,-77.27273078494746,-2.272726694232586e-08,-0.2272726921482528,-2.272726694232586e-08,22.72726694232585,2.272726921482528e-10,22.72726694232585,-0.2272727376027866,-77.27273078494746,0.2272727376027866,0,-2.272726694232586e-08,-0.2272726921482528,-2.272726694232586e-08,0,0,0,2.272726694232586e-08,0.2272726921482528,2.272726694232586e-08,22.72726694232585,2.272726921482528e-10,22.72726694232585
14.9,99.99999772727331,77.27273078517473,99.99999772727331,-2.272726694232585e-06,-22.72726921482528,-2.272726694232585e-06,2.558331991772586e-17,0,0.2272727376027866,340,77.27273078494746,2.272726694232586e-08,0.2272726921482528,2.272726694232586e-08,1000000000,1e-09,1000000000,22.72726694232585,2.272726921482528e-10,22.72726694232585,90,0.9,68,3,1,1,1,1,2,2,1,2,1,1,2,-2.272726694232586e-08,-0.2272726921482528,-2.272726694232586e-08,2.272726694232586e-08,0.2272726921482528,2.272726694232586e-08,-77.27273078494746,-77.27273078494746,-77.27273078494746,-2.272726694232586e-08,-0.2272726921482528,-2.272726694232586e-08,22.72726694232585,2.272726921482528e-10,22.72726694232585,-0.2272727376027866,-77.27273078494746,0.2272727376027866,0,-2.272726694232586e-08,-0.2272726921482528,-2.272726694232586e-08,0,0,0,2.272726694232586e-08,0.2272726921482528,2.272726694232586e-08,22.72726694232585,2.272726921482528e-10,22.72726694232585
15,99.99999772727331,77.27273078517473,99.99999772727331,-2.272726694232585e-06,-22.72726921482528,-2.272726694232585e-06,2.558331991772586e-17,0,0.2272727376027866,340,77.27273078494746,2.272726694232586e-08,0.2272726921482528,2.272726694232586e-08,1000000000,1e-09,1000000000,22.72726694232585,2.272726921482528e-10,22.72726694232585,90,0.9,68,3,1,1,1,1,2,2,1,2,1,1,2,-2.272726694232586e-08,-0.2272726921482528,-2.272726694232586e-08,2.272726694232586e-08,0.2272726921482528,2.272726694232586e-08,-77.27273078494746,-77.27273078494746,-77.27273078494746,-2.272726694232586e-08,-0.2272726921482528,-2.272726694232586e-08,22.72726694232585,2.272726921482528e-10,22.72726694232585,-0.2272727376027866,-77.27273078494746,0.2272727376027866,0,-2.272726694232586e-08,-0.2272726921482528,-2.272726694232586e-08,0,0,0,2.272726694232586e-08,0.2272726921482528,2.272726694232586e-08,22.72726694232585,2.272726921482528e-10,22.72726694232585
15.0000000030006,99.99999772727331,77.27273078517473,99.99999772727331,-2.272726694232585e-06,-22.72726921482528,-2.272726694232585e-06,2.558331991772586e-17,0,0.2272727376027866,340,77.27273078494746,2.272726694232586e-08,0.2272726921482528,2.272726694232586e-08,1000000000,1e-09,1000000000,22.72726694232585,2.272726921482528e-10,22.72726694232585,90,0.9,68,3,1,1,1,1,2,2,1,2,1,1,2,-2.272726694232586e-08,-0.2272726921482528,-2.272726694232586e-08,2.272726694232586e-08,0.2272726921482528,2.272726694232586e-08,-77.27273078494746,-77.27273078494746,-77.27273078494746,-2.272726694232586e-08,-0.2272726921482528,-2.272726694232586e-08,22.72726694232585,2.272726921482528e-10,22.72726694232585,-0.2272727376027866,-77.27273078494746,0.2272727376027866,0,-2.272726694232586e-08,-0.2272726921482528,-2.272726694232586e-08,0,0,0,2.272726694232586e-08,0.2272726921482528,2.272726694232586e-08,22.72726694232585,2.272726921482528e-10,22.72726694232585
15.0000000030006,99.99999500000062,50.00000125024984,50.00000125024984,-4.999999375025079e-06,-49.99999874975016,-49.99999874975016,4.932867098413849e-17,0,1.000000024994997,50,50.00000124974984,4.999999375025079e-08,0.4999999874975016,0.4999999874975016,1000000000,1e-09,1e-09,49.99999375025079,4.999999874975016e-10,4.999999874975016e-10,90,0.9,10,3,1,1,1,1,2,2,2,2,1,1,3,-4.999999375025079e-08,-0.4999999874975016,-0.4999999874975016,4.999999375025079e-08,0.4999999874975016,0.4999999874975016,-50.00000124974984,-50.00000124974984,-50.00000124974984,-4.999999375025079e-08,-0.4999999874975016,-0.4999999874975016,49.99999375025079,4.999999874975016e-10,4.999999874975016e-10,-1.000000024994997,-50.00000124974984,1.000000024994997,0,-4.999999375025079e-08,-0.4999999874975016,-0.4999999874975016,0,0,0,4.999999375025079e-08,0.4999999874975016,0.4999999874975016,49.99999375025079,4.999999874975016e-10,4.999999874975016e-10
15.1,99.99999500000062,50.00000125024984,50.00000125024984,-4.999999375025078e-06,-49.99999874975016,-49.99999874975016,-6.182486864564238e-18,0,1.000000024994997,50,50.00000124974984,4.999999375025078e-08,0.4999999874975016,0.4999999874975016,1000000000,1e-09,1e-09,49.99999375025078,4.999999874975016e-10,4.999999874975016e-10,90,0.9,10,3,1,1,1,1,2,2,2,2,1,1,3,-4.999999375025078e-08,-0.4999999874975016,-0.4999999874975016,4.999999375025078e-08,0.4999999874975016,0.4999999874975016,-50.00000124974984,-50.00000124974984,-50.00000124974984,-4.999999375025078e-08,-0.4999999874975016,-0.4999999874975016,49.99999375025078,4.999999874975016e-10,4.999999874975016e-10,-1.000000024994997,-50.00000124974984,1.000000024994997,0,-4.999999375025078e-08,-0.4999999874975016,-0.4999999874975016,0,0,0,4.999999375025078e-08,0.4999999874975016,0.4999999874975016,49.99999375025078,4.999999874975016e-10,4.999999874975016e-10
15.2,99.99999500000061,50.00000125024984,50.00000125024984,-4.999999375025078e-06,-49.99999874975016,-49.99999874975016,4.932865774924869e-17,0,1.000000024994997,50,50.00000124974984,4.999999375025078e-08,0.4999999874975015,0.4999999874975015,1000000000,1e-09,1e-09,49.99999375025077,4.999999874975015e-10,4.999999874975015e-10,90,0.9,10,3,1,1,1,1,2,2,2,2,1,1,3,-4.999999375025078e-08,-0.4999999874975015,-0.4999999874975015,4.999999375025078e-08,0.4999999874975015,0.4999999874975015,-50.00000124974984,-50.00000124974984,-50.00000124974984,-4.999999375025078e-08,-0.4999999874975015,-0.4999999874975015,49.99999375025077,4.999999874975015e-10,4.999999874975015e-10,-1.000000024994997,-50.00000124974984,1.000000024994997,0,-4.999999375025078e-08,-0.4999999874975015,-0.4999999874975015,0,0,0,4.999999375025078e-08,0.4999999874975015,0.4999999874975015,49.99999375025077,4.999999874975015e-10,4.999999874975015e-10
15.3,99.99999500000064,50.00000125024984,50.00000125024984,-4.999999375025079e-06,-49.99999874975016,-49.99999874975016,-6.182473629674437e-18,0,1.000000024994997,50,50.00000124974984,4.99999937502508e-08,0.4999999874975016,0.4999999874975016,1000000000,1e-09,1e-09,49.99999375025079,4.999999874975016e-10,4.999999874975016e-10,90,0.9,10,3,1,1,1,1,2,2,2,2,1,1,3,-4.99999937502508e-08,-0.4999999874975016,-0.4999999874975016,4.99999937502508e-08,0.4999999874975016,0.4999999874975016,-50.00000124974984,-50.00000124974984,-50.00000124974984,-4.99999937502508e-08,-0.4999999874975016,-0.4999999874975016,49.99999375025079,4.999999874975016e-10,4.999999874975016e-10,-1.000000024994997,-50.00000124974984,1.000000024994997,0,-4.99999937502508e-08,-0.4999999874975016,-0.4999999874975016,0,0,0,4.99999937502508e-08,0.4999999874975016,0.4999999874975016,49.99999375025079,4.999999874975016e-10,4.999999874975016e-10
15.4,99.99999500000061,50.00000125024984,50.00000125024984,-4.999999375025078e-06,-49.99999874975016,-49.99999874975016,4.932865774924869e-17,0,1.000000024994997,50,50.00000124974984,4.999999375025078e-08,0.4999999874975015,0.4999999874975015,1000000000,1e-09,1e-09,49.99999375025077,4.999999874975015e-10,4.999999874975015e-10,90,0.9,10,3,1,1,1,1,2,2,2,2,1,1,3,-4.999999375025078e-08,-0.4999999874975015,-0.4999999874975015,4.999999375025078e-08,0.4999999874975015,0.4999999874975015,-50.00000124974984,-50.00000124974984,-50.00000124974984,-4.999999375025078e-08,-0.4999999874975015,-0.4999999874975015,49.99999375025077,4.999999874975015e-10,4.999999874975015e-10,-1.000000024994997,-50.00000124974984,1.000000024994997,0,-4.999999375025078e-08,-0.4999999874975015,-0.4999999874975015,0,0,0,4.999999375025078e-08,0.4999999874975015,0.4999999874975015,49.99999375025077,4.999999874975015e-10,4.999999874975015e-10
15.5,99.99999500000064,50.00000125024984,50.00000125024984,-4.999999375025079e-06,-49.99999874975016,-49.99999874975016,-6.182473629674437e-18,0,1.000000024994997,50,50.00000124974984,4.99999937502508e-08,0.4999999874975016,0.4999999874975016,1000000000,1e-09,1e-09,49.99999375025079,4.999999874975016e-10,4.999999874975016e-10,90,0.9,10,3,1,1,1,1,2,2,2,2,1,1,3,-4.99999937502508e-08,-0.4999999874975016,-0.4999999874975016,4.99999937502508e-08,0.4999999874975016,0.4999999874975016,-50.00000124974984,-50.00000124974984,-50.00000124974984,-4.99999937502508e-08,-0.4999999874975016,-0.4999999874975016,49.99999375025079,4.999999874975016e-10,4.999999874975016e-10,-1.000000024994997,-50.00000124974984,1.000000024994997,0,-4.99999937502508e-08,-0.4999999874975016,-0.4999999874975016,0,0,0,4.99999937502508e-08,0.4999999874975016,0.4999999874975016,49.99999375025079,4.999999874975016e-10,4.999999874975016e-10
15.6,99.99999500000061,50.00000125024984,50.00000125024984,-4.999999375025078e-06,-49.99999874975016,-49.99999874975016,4.932865774924869e-17,0,1.000000024994997,50,50.00000124974984,4.999999375025078e-08,0.4999999874975015,0.4999999874975015,1000000000,1e-09,1e-09,49.99999375025077,4.999999874975015e-10,4.999999874975015e-10,90,0.9,10,3,1,1,1,1,2,2,2,2,1,1,3,-4.999999375025078e-08,-0.4999999874975015,-0.4999999874975015,4.999999375025078e-08,0.4999999874975015,0.4999999874975015,-50.00000124974984,-50.00000124974984,-50.00000124974984,-4.999999375025078e-08,-0.4999999874975015,-0.4999999874975015,49.99999375025077,4.999999874975015e-10,4.999999874975015e-10,-1.000000024994997,-50.00000124974984,1.000000024994997,0,-4.999999375025078e-08,-0.4999999874975015,-0.4999999874975015,0,0,0,4.999999375025078e-08,0.4999999874975015,0.4999999874975015,49.99999375025077,4.999999874975015e-10,4.999999874975015e-10
15.7,99.99999500000064,50.00000125024984,50.00000125024984,-4.999999375025079e-06,-49.99999874975016,-49.99999874975016,-6.182473629674437e-18,0,1.000000024994997,50,50.00000124974984,4.99999937502508e-08,0.4999999874975016,0.4999999874975016,1000000000,1e-09,1e-09,49.99999375025079,4.999999874975016e-10,4.999999874975016e-10,90,0.9,10,3,1,1,1,1,2,2,2,2,1,1,3,-4.99999937502508e-08,-0.4999999874975016,-0.4999999874975016,4.99999937502508e-08,0.4999999874975016,0.4999999874975016,-50.00000124974984,-50.00000124974984,-50.00000124974984,-4.99999937502508e-08,-0.4999999874975016,-0.4999999874975016,49.99999375025079,4.999999874975016e-10,4.999999874975016e-10,-1.000000024994997,-50.00000124974984,1.000000024994997,0,-4.99999937502508e-08,-0.4999999874975016,-0.4999999874975016,0,0,0,4.99999937502508e-08,0.4999999874975016,0.4999999874975016,49.99999375025079,4.999999874975016e-10,4.999999874975016e-10
15.8,99.99999500000061,50.00000125024984,50.00000125024984,-4.999999375025078e-06,-49.99999874975016,-49.99999874975016,4.932865774924869e-17,0,1.000000024994997,50,50.00000124974984,4.999999375025078e-08,0.4999999874975015,0.4999999874975015,1000000000,1e-09,1e-09,49.99999375025077,4.999999874975015e-10,4.999999874975015e-10,90,0.9,10,3,1,1,1,1,2,2,2,2,1,1,3,-4.999999375025078e-08,-0.4999999874975015,-0.4999999874975015,4.999999375025078e-08,0.4999999874975015,0.4999999874975015,-50.00000124974984,-50.00000124974984,-50.00000124974984,-4.999999375025078e-08,-0.4999999874975015,-0.4999999874975015,49.99999375025077,4.999999874975015e-10,4.999999874975015e-10,-1.000000024994997,-50.00000124974984,1.000000024994997,0,-4.999999375025078e-08,-0.4999999874975015,-0.4999999874975015,0,0,0,4.999999375025078e-08,0.4999999874975015,0.4999999874975015,49.99999375025077,4.999999874975015e-10,4.999999874975015e-10
15.9,99.99999500000064,50.00000125024984,50.00000125024984,-4.999999375025079e-06,-49.99999874975016,-49.99999874975016,-6.182473629674437e-18,0,1.000000024994997,50,50.00000124974984,4.99999937502508e-08,0.4999999874975016,0.4999999874975016,1000000000,1e-09,1e-09,49.99999375025079,4.999999874975016e-10,4.999999874975016e-10,90,0.9,10,3,1,1,1,1,2,2,2,2,1,1,3,-4.99999937502508e-08,-0.4999999874975016,-0.4999999874975016,4.99999937502508e-08,0.4999999874975016,0.4999999874975016,-50.00000124974984,-50.00000124974984,-50.00000124974984,-4.99999937502508e-08,-0.4999999874975016,-0.4999999874975016,49.99999375025079,4.999999874975016e-10,4.999999874975016e-10,-1.000000024994997,-50.00000124974984,1.000000024994997,0,-4.99999937502508e-08,-0.4999999874975016,-0.4999999874975016,0,0,0,4.99999937502508e-08,0.4999999874975016,0.4999999874975016,49.99999375025079,4.999999874975016e-10,4.999999874975016e-10
16,99.99999500000061,50.00000125024984,50.00000125024984,-4.999999375025078e-06,-49.99999874975016,-49.99999874975016,4.932865774924869e-17,0,1.000000024994997,50,50.00000124974984,4.999999375025078e-08,0.4999999874975015,0.4999999874975015,1000000000,1e-09,1e-09,49.99999375025077,4.999999874975015e-10,4.999999874975015e-10,90,0.9,10,3,1,1,1,1,2,2,2,2,1,1,3,-4.999999375025078e-08,-0.4999999874975015,-0.4999999874975015,4.999999375025078e-08,0.4999999874975015,0.4999999874975015,-50.00000124974984,-50.00000124974984,-50.00000124974984,-4.999999375025078e-08,-0.4999999874975015,-0.4999999874975015,49.99999375025077,4.999999874975015e-10,4.999999874975015e-10,-1.000000024994997,-50.00000124974984,1.000000024994997,0,-4.999999375025078e-08,-0.4999999874975015,-0.4999999874975015,0,0,0,4.999999375025078e-08,0.4999999874975015,0.4999999874975015,49.99999375025077,4.999999874975015e-10,4.999999874975015e-10
16.00000000320069,99.99999500000064,50.00000125024984,50.00000125024984,-4.999999375025079e-06,-49.99999874975016,-49.99999874975016,-6.182473629674437e-18,0,1.000000024994997,50,50.00000124974984,4.99999937502508e-08,0.4999999874975016,0.4999999874975016,1000000000,1e-09,1e-09,49.99999375025079,4.999999874975016e-10,4.999999874975016e-10,90,0.9,10,3,1,1,1,1,2,2,2,2,1,1,3,-4.99999937502508e-08,-0.4999999874975016,-0.4999999874975016,4.99999937502508e-08,0.4999999874975016,0.4999999874975016,-50.00000124974984,-50.00000124974984,-50.00000124974984,-4.99999937502508e-08,-0.4999999874975016,-0.4999999874975016,49.99999375025079,4.999999874975016e-10,4.999999874975016e-10,-1.000000024994997,-50.00000124974984,1.000000024994997,0,-4.99999937502508e-08,-0.4999999874975016,-0.4999999874975016,0,0,0,4.99999937502508e-08,0.4999999874975016,0.4999999874975016,49.99999375025079,4.999999874975016e-10,4.999999874975016e-10
16.00000000320069,99.99999740957699,74.35897818386736,99.99999743589808,-2.564101922596604e-06,-25.64102183478528,-2.564101925228712e-06,-2.632108561478435e-17,0,0.2564102696298913,290,74.35897818361096,2.564101922596604e-08,0.2564102183478528,2.564101925228712e-08,1000000000,1e-09,1000000000,25.64101922596604,2.564102183478528e-10,25.64101925228712,90,0.9,58,3,1,1,1,1,2,2,1,2,1,1,2,-2.564101922596604e-08,-0.2564102183478528,-2.564101925228712e-08,2.564101922596604e-08,0.2564102183478528,2.564101925228712e-08,-74.35897818361096,-74.35897818361096,-74.35897818361096,-2.564101922596604e-08,-0.2564102183478528,-2.564101925228712e-08,25.64101922596604,2.564102183478528e-10,25.64101925228712,-0.2564102696298913,-74.35897818361096,0.2564102696298913,0,-2.564101922596604e-08,-0.2564102183478528,-2.564101925228712e-08,0,0,0,2.564101922596604e-08,0.2564102183478528,2.564101925228712e-08,25.64101922596604,2.564102183478528e-10,25.64101925228712
16.1,99.99999743589805,74.35897817231988,99.99999743589807,-2.564101926383459e-06,-25.64102182768011,-2.564101926383459e-06,2.309492902459484e-17,0,0.2564102695588396,290,74.35897817206347,2.564101926383459e-08,0.256410218276801,2.564101926383459e-08,1000000000,1e-09,1000000000,25.64101926383459,2.564102182768011e-10,25.64101926383459,90,0.9,58,3,1,1,1,1,2,2,1,2,1,1,2,-2.564101926383459e-08,-0.256410218276801,-2.564101926383459e-08,2.564101926383459e-08,0.256410218276801,2.564101926383459e-08,-74.35897817206347,-74.35897817206347,-74.35897817206347,-2.564101926383459e-08,-0.256410218276801,-2.564101926383459e-08,25.64101926383459,2.564102182768011e-10,25.64101926383459,-0.2564102695588396,-74.35897817206347,0.2564102695588396,0,-2.564101926383459e-08,-0.256410218276801,-2.564101926383459e-08,0,0,0,2.564101926383459e-08,0.256410218276801,2.564101926383459e-08,25.64101926383459,2.564102182768011e-10,25.64101926383459
16.2,99.99999743589808,74.35897817231989,99.99999743589807,-2.564101926383459e-06,-25.64102182768011,-2.564101926383458e-06,2.309492240714994e-17,0,0.2564102695588396,290,74.35897817206349,2.564101926383459e-08,0.2564102182768011,2.564101926383458e-08,1000000000,1e-09,1000000000,25.64101926383459,2.564102182768011e-10,25.64101926383458,90,0.9,58,3,1,1,1,1,2,2,1,2,1,1,2,-2.564101926383459e-08,-0.2564102182768011,-2.564101926383458e-08,2.564101926383459e-08,0.2564102182768011,2.564101926383458e-08,-74.35897817206349,-74.35897817206349,-74.35897817206349,-2.564101926383459e-08,-0.2564102182768011,-2.564101926383458e-08,25.64101926383459,2.564102182768011e-10,25.64101926383458,-0.2564102695588396,-74.35897817206349,0.2564102695588396,0,-2.564101926383459e-08,-0.2564102182768011,-2.564101926383458e-08,0,0,0,2.564101926383459e-08,0.2564102182768011,2.564101926383458e-08,25.64101926383459,2.564102182768011e-10,25.64101926383458
16.3,99.99999743589807,74.35897817231989,99.99999743589807,-2.564101926383458e-06,-25.64102182768011,-2.564101926383458e-06,2.309490917226013e-17,0,0.2564102695588396,290,74.35897817206349,2.564101926383458e-08,0.2564102182768011,2.564101926383458e-08,1000000000,1e-09,1000000000,25.64101926383458,2.564102182768011e-10,25.64101926383458,90,0.9,58,3,1,1,1,1,2,2,1,2,1,1,2,-2.564101926383458e-08,-0.2564102182768011,-2.564101926383458e-08,2.564101926383458e-08,0.2564102182768011,2.564101926383458e-08,-74.35897817206349,-74.35897817206349,-74.35897817206349,-2.564101926383458e-08,-0.2564102182768011,-2.564101926383458e-08,25.64101926383458,2.564102182768011e-10,25.64101926383458,-0.2564102695588396,-74.35897817206349,0.2564102695588396,0,-2.564101926383458e-08,-0.2564102182768011,-2.564101926383458e-08,0,0,0,2.564101926383458e-08,0.2564102182768011,2.564101926383458e-08,25.64101926383458,2.564102182768011e-10,25.64101926383458
16.4,99.99999743589807,74.35897817231989,99.99999743589807,-2.564101926383458e-06,-25.64102182768011,-2.564101926383458e-06,2.309490917226013e-17,0,0.2564102695588396,290,74.35897817206349,2.564101926383458e-08,0.2564102182768011,2.564101926383458e-08,1000000000,1e-09,1000000000,25.64101926383458,2.564102182768011e-10,25.64101926383458,90,0.9,58,3,1,1,1,1,2,2,1,2,1,1,2,-2.564101926383458e-08,-0.2564102182768011,-2.564101926383458e-08,2.564101926383458e-08,0.2564102182768011,2.564101926383458e-08,-74.35897817206349,-74.35897817206349,-74.35897817206349,-2.564101926383458e-08,-0.2564102182768011,-2.564101926383458e-08,25.64101926383458,2.564102182768011e-10,25.64101926383458,-0.2564102695588396,-74.35897817206349,0.2564102695588396,0,-2.564101926383458e-08,-0.2564102182768011,-2.564101926383458e-08,0,0,0,2.564101926383458e-08,0.2564102182768011,2.564101926383458e-08,25.64101926383458,2.564102182768011e-10,25.64101926383458
16.5,99.99999743589807,74.35897817231989,99.99999743589807,-2.564101926383458e-06,-25.64102182768011,-2.564101926383458e-06,2.309490917226013e-17,0,0.2564102695588396,290,74.35897817206349,2.564101926383458e-08,0.2564102182768011,2.564101926383458e-08,1000000000,1e-09,1000000000,25.64101926383458,2.564102182768011e-10,25.64101926383458,90,0.9,58,3,1,1,1,1,2,2,1,2,1,1,2,-2.564101926383458e-08,-0.2564102182768011,-2.564101926383458e-08,2.564101926383458e-08,0.2564102182768011,2.564101926383458e-08,-74.35897817206349,-74.35897817206349,-74.35897817206349,-2.564101926383458e-08,-0.2564102182768011,-2.564101926383458e-08,25.64101926383458,2.564102182768011e-10,25.64101926383458,-0.2564102695588396,-74.35897817206349,0.2564102695588396,0,-2.564101926383458e-08,-0.2564102182768011,-2.564101926383458e-08,0,0,0,2.564101926383458e-08,0.2564102182768011,2.564101926383458e-08,25.64101926383458,2.564102182768011e-10,25.64101926383458
16.6,99.99999743589807,74.35897817231989,99.99999743589807,-2.564101926383458e-06,-25.64102182768011,-2.564101926383458e-06,2.309490917226013e-17,0,0.2564102695588396,290,74.35897817206349,2.564101926383458e-08,0.2564102182768011,2.564101926383458e-08,1000000000,1e-09,1000000000,25.64101926383458,2.564102182768011e-10,25.64101926383458,90,0.9,58,3,1,1,1,1,2,2,1,2,1,1,2,-2.564101926383458e-08,-0.2564102182768011,-2.564101926383458e-08,2.564101926383458e-08,0.2564102182768011,2.564101926383458e-08,-74.35897817206349,-74.35897817206349,-74.35897817206349,-2.564101926383458e-08,-0.2564102182768011,-2.564101926383458e-08,25.64101926383458,2.564102182768011e-10,25.64101926383458,-0.2564102695588396,-74.35897817206349,0.2564102695588396,0,-2.564101926383458e-08,-0.2564102182768011,-2.564101926383458e-08,0,0,0,2.564101926383458e-08,0.2564102182768011,2.564101926383458e-08,25.64101926383458,2.564102182768011e-10,25.64101926383458
16.7,99.99999743589807,74.35897817231989,99.99999743589807,-2.564101926383458e-06,-25.64102182768011,-2.564101926383458e-06,2.309490917226013e-17,0,0.2564102695588396,290,74.35897817206349,2.564101926383458e-08,0.2564102182768011,2.564101926383458e-08,1000000000,1e-09,1000000000,25.64101926383458,2.564102182768011e-10,25.64101926383458,90,0.9,58,3,1,1,1,1,2,2,1,2,1,1,2,-2.564101926383458e-08,-0.2564102182768011,-2.564101926383458e-08,2.564101926383458e-08,0.2564102182768011,2.564101926383458e-08,-74.35897817206349,-74.35897817206349,-74.35897817206349,-2.564101926383458e-08,-0.2564102182768011,-2.564101926383458e-08,25.64101926383458,2.564102182768011e-10,25.64101926383458,-0.2564102695588396,-74.35897817206349,0.2564102695588396,0,-2.564101926383458e-08,-0.2564102182768011,-2.564101926383458e-08,0,0,0,2.564101926383458e-08,0.2564102182768011,2.564101926383458e-08,25.64101926383458,2.564102182768011e-10,25.64101926383458
16.8,99.99999743589807,74.35897817231989,99.99999743589807,-2.564101926383458e-06,-25.64102182768011,-2.564101926383458e-06,2.309490917226013e-17,0,0.2564102695588396,290,74.35897817206349,2.564101926383458e-08,0.2564102182768011,2.564101926383458e-08,1000000000,1e-09,1000000000,25.64101926383458,2.564102182768011e-10,25.64101926383458,90,0.9,58,3,1,1,1,1,2,2,1,2,1,1,2,-2.564101926383458e-08,-0.2564102182768011,-2.564101926383458e-08,2.564101926383458e-08,0.2564102182768011,2.564101926383458e-08,-74.35897817206349,-74.35897817206349,-74.35897817206349,-2.564101926383458e-08,-0.2564102182768011,-2.564101926383458e-08,25.64101926383458,2.564102182768011e-10,25.64101926383458,-0.2564102695588396,-74.35897817206349,0.2564102695588396,0,-2.564101926383458e-08,-0.2564102182768011,-2.564101926383458e-08,0,0,0,2.564101926383458e-08,0.2564102182768011,2.564101926383458e-08,25.64101926383458,2.564102182768011e-10,25.64101926383458
16.9,99.99999743589807,74.35897817231989,99.99999743589807,-2.564101926383458e-06,-25.64102182768011,-2.564101926383458e-06,2.309490917226013e-17,0,0.2564102695588396,290,74.35897817206349,2.564101926383458e-08,0.2564102182768011,2.564101926383458e-08,1000000000,1e-09,1000000000,25.64101926383458,2.564102182768011e-10,25.64101926383458,90,0.9,58,3,1,1,1,1,2,2,1,2,1,1,2,-2.564101926383458e-08,-0.2564102182768011,-2.564101926383458e-08,2.564101926383458e-08,0.2564102182768011,2.564101926383458e-08,-74.35897817206349,-74.35897817206349,-74.35897817206349,-2.564101926383458e-08,-0.2564102182768011,-2.564101926383458e-08,25.64101926383458,2.564102182768011e-10,25.64101926383458,-0.2564102695588396,-74.35897817206349,0.2564102695588396,0,-2.564101926383458e-08,-0.2564102182768011,-2.564101926383458e-08,0,0,0,2.564101926383458e-08,0.2564102182768011,2.564101926383458e-08,25.64101926383458,2.564102182768011e-10,25.64101926383458
17,99.99999743589807,74.35897817231989,99.99999743589807,-2.564101926383458e-06,-25.64102182768011,-2.564101926383458e-06,2.309490917226013e-17,0,0.2564102695588396,290,74.35897817206349,2.564101926383458e-08,0.2564102182768011,2.564101926383458e-08,1000000000,1e-09,1000000000,25.64101926383458,2.564102182768011e-10,25.64101926383458,90,0.9,58,3,1,1,1,1,2,2,1,2,1,1,2,-2.564101926383458e-08,-0.2564102182768011,-2.564101926383458e-08,2.564101926383458e-08,0.2564102182768011,2.564101926383458e-08,-74.35897817206349,-74.35897817206349,-74.35897817206349,-2.564101926383458e-08,-0.2564102182768011,-2.564101926383458e-08,25.64101926383458,2.564102182768011e-10,25.64101926383458,-0.2564102695588396,-74.35897817206349,0.2564102695588396,0,-2.564101926383458e-08,-0.2564102182768011,-2.564101926383458e-08,0,0,0,2.564101926383458e-08,0.2564102182768011,2.564101926383458e-08,25.64101926383458,2.564102182768011e-10,25.64101926383458
17.00000000340005,99.99999743589807,74.35897817231989,99.99999743589807,-2.564101926383458e-06,-25.64102182768011,-2.564101926383458e-06,2.309490917226013e-17,0,0.2564102695588396,290,74.35897817206349,2.564101926383458e-08,0.2564102182768011,2.564101926383458e-08,1000000000,1e-09,1000000000,25.64101926383458,2.564102182768011e-10,25.64101926383458,90,0.9,58,3,1,1,1,1,2,2,1,2,1,1,2,-2.564101926383458e-08,-0.2564102182768011,-2.564101926383458e-08,2.564101926383458e-08,0.2564102182768011,2.564101926383458e-08,-74.35897817206349,-74.35897817206349,-74.35897817206349,-2.564101926383458e-08,-0.2564102182768011,-2.564101926383458e-08,25.64101926383458,2.564102182768011e-10,25.64101926383458,-0.2564102695588396,-74.35897817206349,0.2564102695588396,0,-2.564101926383458e-08,-0.2564102182768011,-2.564101926383458e-08,0,0,0,2.564101926383458e-08,0.2564102182768011,2.564101926383458e-08,25.64101926383458,2.564102182768011e-10,25.64101926383458
17.00000000340005,99.99999333333412,33.33333444488875,33.33333444488875,-6.666665888911203e-06,-66.66666555511127,-66.66666555511125,2.90969316969449e-17,0,1.333333377768884,25,33.33333444422208,6.666665888911204e-08,0.6666666555511127,0.6666666555511125,1000000000,1e-09,1e-09,66.66665888911204,6.666666555511127e-10,6.666666555511125e-10,90,0.9,5,3,1,1,1,1,2,2,2,2,1,1,3,-6.666665888911204e-08,-0.6666666555511127,-0.6666666555511125,6.666665888911204e-08,0.6666666555511127,0.6666666555511125,-33.33333444422208,-33.33333444422208,-33.33333444422208,-6.666665888911204e-08,-0.6666666555511127,-0.6666666555511125,66.66665888911204,6.666666555511127e-10,6.666666555511125e-10,-1.333333377768884,-33.33333444422208,1.333333377768884,0,-6.666665888911204e-08,-0.6666666555511127,-0.6666666555511125,0,0,0,6.666665888911204e-08,0.6666666555511127,0.6666666555511125,66.66665888911204,6.666666555511127e-10,6.666666555511125e-10
17.1,99.99999333333412,33.33333444488876,33.33333444488876,-6.666665888911202e-06,-66.66666555511125,-66.66666555511124,-8.192538400046055e-17,0,1.333333377768884,25,33.3333344442221,6.666665888911202e-08,0.6666666555511125,0.6666666555511124,1000000000,1e-09,1e-09,66.66665888911203,6.666666555511125e-10,6.666666555511124e-10,90,0.9,5,3,1,1,1,1,2,2,2,2,1,1,3,-6.666665888911202e-08,-0.6666666555511125,-0.6666666555511124,6.666665888911202e-08,0.6666666555511125,0.6666666555511124,-33.3333344442221,-33.3333344442221,-33.3333344442221,-6.666665888911202e-08,-0.6666666555511125,-0.6666666555511124,66.66665888911203,6.666666555511125e-10,6.666666555511124e-10,-1.333333377768884,-33.3333344442221,1.333333377768884,0,-6.666665888911202e-08,-0.6666666555511125,-0.6666666555511124,0,0,0,6.666665888911202e-08,0.6666666555511125,0.6666666555511124,66.66665888911203,6.666666555511125e-10,6.666666555511124e-10
17.2,99.99999333333412,33.33333444488876,33.33333444488876,-6.666665888911202e-06,-66.66666555511124,-66.66666555511124,2.90969184620551e-17,0,1.333333377768884,25,33.3333344442221,6.666665888911202e-08,0.6666666555511124,0.6666666555511124,1000000000,1e-09,1e-09,66.66665888911203,6.666666555511124e-10,6.666666555511124e-10,90,0.9,5,3,1,1,1,1,2,2,2,2,1,1,3,-6.666665888911202e-08,-0.6666666555511124,-0.6666666555511124,6.666665888911202e-08,0.6666666555511124,0.6666666555511124,-33.3333344442221,-33.3333344442221,-33.3333344442221,-6.666665888911202e-08,-0.6666666555511124,-0.6666666555511124,66.66665888911203,6.666666555511124e-10,6.666666555511124e-10,-1.333333377768884,-33.3333344442221,1.333333377768884,0,-6.666665888911202e-08,-0.6666666555511124,-0.6666666555511124,0,0,0,6.666665888911202e-08,0.6666666555511124,0.6666666555511124,66.66665888911203,6.666666555511124e-10,6.666666555511124e-10
17.3,99.99999333333412,33.33333444488876,33.33333444488876,-6.666665888911202e-06,-66.66666555511124,-66.66666555511124,2.90969184620551e-17,0,1.333333377768884,25,33.3333344442221,6.666665888911202e-08,0.6666666555511124,0.6666666555511124,1000000000,1e-09,1e-09,66.66665888911203,6.666666555511124e-10,6.666666555511124e-10,90,0.9,5,3,1,1,1,1,2,2,2,2,1,1,3,-6.666665888911202e-08,-0.6666666555511124,-0.6666666555511124,6.666665888911202e-08,0.6666666555511124,0.6666666555511124,-33.3333344442221,-33.3333344442221,-33.3333344442221,-6.666665888911202e-08,-0.6666666555511124,-0.6666666555511124,66.66665888911203,6.666666555511124e-10,6.666666555511124e-10,-1.333333377768884,-33.3333344442221,1.333333377768884,0,-6.666665888911202e-08,-0.6666666555511124,-0.6666666555511124,0,0,0,6.666665888911202e-08,0.6666666555511124,0.6666666555511124,66.66665888911203,6.666666555511124e-10,6.666666555511124e-10
17.4,99.99999333333412,33.33333444488876,33.33333444488876,-6.666665888911202e-06,-66.66666555511124,-66.66666555511124,2.90969184620551e-17,0,1.333333377768884,25,33.3333344442221,6.666665888911202e-08,0.6666666555511124,0.6666666555511124,1000000000,1e-09,1e-09,66.66665888911203,6.666666555511124e-10,6.666666555511124e-10,90,0.9,5,3,1,1,1,1,2,2,2,2,1,1,3,-6.666665888911202e-08,-0.6666666555511124,-0.6666666555511124,6.666665888911202e-08,0.6666666555511124,0.6666666555511124,-33.3333344442221,-33.3333344442221,-33.3333344442221,-6.666665888911202e-08,-0.6666666555511124,-0.6666666555511124,66.66665888911203,6.666666555511124e-10,6.666666555511124e-10,-1.333333377768884,-33.3333344442221,1.333333377768884,0,-6.666665888911202e-08,-0.6666666555511124,-0.6666666555511124,0,0,0,6.666665888911202e-08,0.6666666555511124,0.6666666555511124,66.66665888911203,6.666666555511124e-10,6.666666555511124e-10
17.5,99.99999333333412,33.33333444488876,33.33333444488876,-6.666665888911202e-06,-66.66666555511124,-66.66666555511124,2.90969184620551e-17,0,1.333333377768884,25,33.3333344442221,6.666665888911202e-08,0.6666666555511124,0.6666666555511124,1000000000,1e-09,1e-09,66.66665888911203,6.666666555511124e-10,6.666666555511124e-10,90,0.9,5,3,1,1,1,1,2,2,2,2,1,1,3,-6.666665888911202e-08,-0.6666666555511124,-0.6666666555511124,6.666665888911202e-08,0.6666666555511124,0.6666666555511124,-33.3333344442221,-33.3333344442221,-33.3333344442221,-6.666665888911202e-08,-0.6666666555511124,-0.6666666555511124,66.66665888911203,6.666666555511124e-10,6.666666555511124e-10,-1.333333377768884,-33.3333344442221,1.333333377768884,0,-6.666665888911202e-08,-0.6666666555511124,-0.6666666555511124,0,0,0,6.666665888911202e-08,0.6666666555511124,0.6666666555511124,66.66665888911203,6.666666555511124e-10,6.666666555511124e-10
17.6,99.99999333333412,33.33333444488876,33.33333444488876,-6.666665888911202e-06,-66.66666555511124,-66.66666555511124,2.90969184620551e-17,0,1.333333377768884,25,33.3333344442221,6.666665888911202e-08,0.6666666555511124,0.6666666555511124,1000000000,1e-09,1e-09,66.66665888911203,6.666666555511124e-10,6.666666555511124e-10,90,0.9,5,3,1,1,1,1,2,2,2,2,1,1,3,-6.666665888911202e-08,-0.6666666555511124,-0.6666666555511124,6.666665888911202e-08,0.6666666555511124,0.6666666555511124,-33.3333344442221,-33.3333344442221,-33.3333344442221,-6.666665888911202e-08,-0.6666666555511124,-0.6666666555511124,66.66665888911203,6.666666555511124e-10,6.666666555511124e-10,-1.333333377768884,-33.3333344442221,1.333333377768884,0,-6.666665888911202e-08,-0.6666666555511124,-0.6666666555511124,0,0,0,6.666665888911202e-08,0.6666666555511124,0.6666666555511124,66.66665888911203,6.666666555511124e-10,6.666666555511124e-10
17.7,99.99999333333412,33.33333444488876,33.33333444488876,-6.666665888911202e-06,-66.66666555511124,-66.66666555511124,2.90969184620551e-17,0,1.333333377768884,25,33.3333344442221,6.666665888911202e-08,0.6666666555511124,0.6666666555511124,1000000000,1e-09,1e-09,66.66665888911203,6.666666555511124e-10,6.666666555511124e-10,90,0.9,5,3,1,1,1,1,2,2,2,2,1,1,3,-6.666665888911202e-08,-0.6666666555511124,-0.6666666555511124,6.666665888911202e-08,0.6666666555511124,0.6666666555511124,-33.3333344442221,-33.3333344442221,-33.3333344442221,-6.666665888911202e-08,-0.6666666555511124,-0.6666666555511124,66.66665888911203,6.666666555511124e-10,6.666666555511124e-10,-1.333333377768884,-33.3333344442221,1.333333377768884,0,-6.666665888911202e-08,-0.6666666555511124,-0.6666666555511124,0,0,0,6.666665888911202e-08,0.6666666555511124,0.6666666555511124,66.66665888911203,6.666666555511124e-10,6.666666555511124e-10
17.8,99.99999333333412,33.33333444488876,33.33333444488876,-6.666665888911202e-06,-66.66666555511124,-66.66666555511124,2.90969184620551e-17,0,1.333333377768884,25,33.3333344442221,6.666665888911202e-08,0.6666666555511124,0.6666666555511124,1000000000,1e-09,1e-09,66.66665888911203,6.666666555511124e-10,6.666666555511124e-10,90,0.9,5,3,1,1,1,1,2,2,2,2,1,1,3,-6.666665888911202e-08,-0.6666666555511124,-0.6666666555511124,6.666665888911202e-08,0.6666666555511124,0.6666666555511124,-33.3333344442221,-33.3333344442221,-33.3333344442221,-6.666665888911202e-08,-0.6666666555511124,-0.6666666555511124,66.66665888911203,6.666666555511124e-10,6.666666555511124e-10,-1.333333377768884,-33.3333344442221,1.333333377768884,0,-6.666665888911202e-08,-0.6666666555511124,-0.6666666555511124,0,0,0,6.666665888911202e-08,0.6666666555511124,0.6666666555511124,66.66665888911203,6.666666555511124e-10,6.666666555511124e-10
17.9,99.99999333333412,33.33333444488876,33.33333444488876,-6.666665888911202e-06,-66.66666555511124,-66.66666555511124,2.90969184620551e-17,0,1.333333377768884,25,33.3333344442221,6.666665888911202e-08,0.6666666555511124,0.6666666555511124,1000000000,1e-09,1e-09,66.66665888911203,6.666666555511124e-10,6.666666555511124e-10,90,0.9,5,3,1,1,1,1,2,2,2,2,1,1,3,-6.666665888911202e-08,-0.6666666555511124,-0.6666666555511124,6.666665888911202e-08,0.6666666555511124,0.6666666555511124,-33.3333344442221,-33.3333344442221,-33.3333344442221,-6.666665888911202e-08,-0.6666666555511124,-0.6666666555511124,66.66665888911203,6.666666555511124e-10,6.666666555511124e-10,-1.333333377768884,-33.3333344442221,1.333333377768884,0,-6.666665888911202e-08,-0.6666666555511124,-0.6666666555511124,0,0,0,6.666665888911202e-08,0.6666666555511124,0.6666666555511124,66.66665888911203,6.666666555511124e-10,6.666666555511124e-10
18,99.99999333333412,33.33333444488876,33.33333444488876,-6.666665888911202e-06,-66.66666555511124,-66.66666555511124,2.90969184620551e-17,0,1.333333377768884,25,33.3333344442221,6.666665888911202e-08,0.6666666555511124,0.6666666555511124,1000000000,1e-09,1e-09,66.66665888911203,6.666666555511124e-10,6.666666555511124e-10,90,0.9,5,3,1,1,1,1,2,2,2,2,1,1,3,-6.666665888911202e-08,-0.6666666555511124,-0.6666666555511124,6.666665888911202e-08,0.6666666555511124,0.6666666555511124,-33.3333344442221,-33.3333344442221,-33.3333344442221,-6.666665888911202e-08,-0.6666666555511124,-0.6666666555511124,66.66665888911203,6.666666555511124e-10,6.666666555511124e-10,-1.333333377768884,-33.3333344442221,1.333333377768884,0,-6.666665888911202e-08,-0.6666666555511124,-0.6666666555511124,0,0,0,6.666665888911202e-08,0.6666666555511124,0.6666666555511124,66.66665888911203,6.666666555511124e-10,6.666666555511124e-10
18.00000000360014,99.99999333333412,33.33333444488876,33.33333444488876,-6.666665888911202e-06,-66.66666555511124,-66.66666555511124,2.90969184620551e-17,0,1.333333377768884,25,33.3333344442221,6.666665888911202e-08,0.6666666555511124,0.6666666555511124,1000000000,1e-09,1e-09,66.66665888911203,6.666666555511124e-10,6.666666555511124e-10,90,0.9,5,3,1,1,1,1,2,2,2,2,1,1,3,-6.666665888911202e-08,-0.6666666555511124,-0.6666666555511124,6.666665888911202e-08,0.6666666555511124,0.6666666555511124,-33.3333344442221,-33.3333344442221,-33.3333344442221,-6.666665888911202e-08,-0.6666666555511124,-0.6666666555511124,66.66665888911203,6.666666555511124e-10,6.666666555511124e-10,-1.333333377768884,-33.3333344442221,1.333333377768884,0,-6.666665888911202e-08,-0.6666666555511124,-0.6666666555511124,0,0,0,6.666665888911202e-08,0.6666666555511124,0.6666666555511124,66.66665888911203,6.666666555511124e-10,6.666666555511124e-10
18.00000000360014,99.99999800000029,80.00000080003989,80.00000080003989,-1.99999972001604e-06,-19.99999919996011,-19.99999919996011,-1.375492170834828e-17,0,0.4000000039991995,200,80.00000079983988,1.99999972001604e-08,0.1999999919996012,0.1999999919996012,1000000000,1e-09,1e-09,19.9999972001604,1.999999919996012e-10,1.999999919996012e-10,90,0.9,40,3,1,1,1,1,2,2,2,2,1,1,3,-1.99999972001604e-08,-0.1999999919996012,-0.1999999919996012,1.99999972001604e-08,0.1999999919996012,0.1999999919996012,-80.00000079983988,-80.00000079983988,-80.00000079983988,-1.99999972001604e-08,-0.1999999919996012,-0.1999999919996012,19.9999972001604,1.999999919996012e-10,1.999999919996012e-10,-0.4000000039991995,-80.00000079983988,0.4000000039991995,0,-1.99999972001604e-08,-0.1999999919996012,-0.1999999919996012,0,0,0,1.99999972001604e-08,0.1999999919996012,0.1999999919996012,19.9999972001604,1.999999919996012e-10,1.999999919996012e-10
18.1,99.99999800000026,80.00000080003989,80.00000080003989,-1.999999720016038e-06,-19.99999919996011,-19.99999919996011,-1.375494156068298e-17,0,0.4000000039991994,200,80.00000079983988,1.999999720016038e-08,0.1999999919996011,0.1999999919996011,1000000000,1e-09,1e-09,19.99999720016038,1.999999919996011e-10,1.999999919996011e-10,90,0.9,40,3,1,1,1,1,2,2,2,2,1,1,3,-1.999999720016038e-08,-0.1999999919996011,-0.1999999919996011,1.999999720016038e-08,0.1999999919996011,0.1999999919996011,-80.00000079983988,-80.00000079983988,-80.00000079983988,-1.999999720016038e-08,-0.1999999919996011,-0.1999999919996011,19.99999720016038,1.999999919996011e-10,1.999999919996011e-10,-0.4000000039991994,-80.00000079983988,0.4000000039991994,0,-1.999999720016038e-08,-0.1999999919996011,-0.1999999919996011,0,0,0,1.999999720016038e-08,0.1999999919996011,0.1999999919996011,19.99999720016038,1.999999919996011e-10,1.999999919996011e-10
18.2,99.99999800000028,80.00000080003989,80.00000080003989,-1.999999720016039e-06,-19.99999919996011,-19.99999919996011,-1.375492832579318e-17,0,0.4000000039991994,200,80.00000079983988,1.999999720016039e-08,0.1999999919996011,0.1999999919996011,1000000000,1e-09,1e-09,19.99999720016039,1.999999919996011e-10,1.999999919996011e-10,90,0.9,40,3,1,1,1,1,2,2,2,2,1,1,3,-1.999999720016039e-08,-0.1999999919996011,-0.1999999919996011,1.999999720016039e-08,0.1999999919996011,0.1999999919996011,-80.00000079983988,-80.00000079983988,-80.00000079983988,-1.999999720016039e-08,-0.1999999919996011,-0.1999999919996011,19.99999720016039,1.999999919996011e-10,1.999999919996011e-10,-0.4000000039991994,-80.00000079983988,0.4000000039991994,0,-1.999999720016039e-08,-0.1999999919996011,-0.1999999919996011,0,0,0,1.999999720016039e-08,0.1999999919996011,0.1999999919996011,19.99999720016039,1.999999919996011e-10,1.999999919996011e-10
18.3,99.99999800000028,80.00000080003989,80.00000080003989,-1.999999720016039e-06,-19.99999919996011,-19.99999919996011,-1.375492832579318e-17,0,0.4000000039991994,200,80.00000079983988,1.999999720016039e-08,0.1999999919996011,0.1999999919996011,1000000000,1e-09,1e-09,19.99999720016039,1.999999919996011e-10,1.999999919996011e-10,90,0.9,40,3,1,1,1,1,2,2,2,2,1,1,3,-1.999999720016039e-08,-0.1999999919996011,-0.1999999919996011,1.999999720016039e-08,0.1999999919996011,0.1999999919996011,-80.00000079983988,-80.00000079983988,-80.00000079983988,-1.999999720016039e-08,-0.1999999919996011,-0.1999999919996011,19.99999720016039,1.999999919996011e-10,1.999999919996011e-10,-0.4000000039991994,-80.00000079983988,0.4000000039991994,0,-1.999999720016039e-08,-0.1999999919996011,-0.1999999919996011,0,0,0,1.999999720016039e-08,0.1999999919996011,0.1999999919996011,19.99999720016039,1.999999919996011e-10,1.999999919996011e-10
18.4,99.99999800000028,80.00000080003989,80.00000080003989,-1.999999720016039e-06,-19.99999919996011,-19.99999919996011,-1.375492832579318e-17,0,0.4000000039991994,200,80.00000079983988,1.999999720016039e-08,0.1999999919996011,0.1999999919996011,1000000000,1e-09,1e-09,19.99999720016039,1.999999919996011e-10,1.999999919996011e-10,90,0.9,40,3,1,1,1,1,2,2,2,2,1,1,3,-1.999999720016039e-08,-0.1999999919996011,-0.1999999919996011,1.999999720016039e-08,0.1999999919996011,0.1999999919996011,-80.00000079983988,-80.00000079983988,-80.00000079983988,-1.999999720016039e-08,-0.1999999919996011,-0.1999999919996011,19.99999720016039,1.999999919996011e-10,1.999999919996011e-10,-0.4000000039991994,-80.00000079983988,0.4000000039991994,0,-1.999999720016039e-08,-0.1999999919996011,-0.1999999919996011,0,0,0,1.999999720016039e-08,0.1999999919996011,0.1999999919996011,19.99999720016039,1.999999919996011e-10,1.999999919996011e-10
18.5,99.99999800000028,80.00000080003989,80.00000080003989,-1.999999720016039e-06,-19.99999919996011,-19.99999919996011,-1.375492832579318e-17,0,0.4000000039991994,200,80.00000079983988,1.999999720016039e-08,0.1999999919996011,0.1999999919996011,1000000000,1e-09,1e-09,19.99999720016039,1.999999919996011e-10,1.999999919996011e-10,90,0.9,40,3,1,1,1,1,2,2,2,2,1,1,3,-1.999999720016039e-08,-0.1999999919996011,-0.1999999919996011,1.999999720016039e-08,0.1999999919996011,0.1999999919996011,-80.00000079983988,-80.00000079983988,-80.00000079983988,-1.999999720016039e-08,-0.1999999919996011,-0.1999999919996011,19.99999720016039,1.999999919996011e-10,1.999999919996011e-10,-0.4000000039991994,-80.00000079983988,0.4000000039991994,0,-1.999999720016039e-08,-0.1999999919996011,-0.1999999919996011,0,0,0,1.999999720016039e-08,0.1999999919996011,0.1999999919996011,19.99999720016039,1.999999919996011e-10,1.999999919996011e-10
18.6,99.99999800000028,80.00000080003989,80.00000080003989,-1.999999720016039e-06,-19.99999919996011,-19.99999919996011,-1.375492832579318e-17,0,0.4000000039991994,200,80.00000079983988,1.999999720016039e-08,0.1999999919996011,0.1999999919996011,1000000000,1e-09,1e-09,19.99999720016039,1.999999919996011e-10,1.999999919996011e-10,90,0.9,40,3,1,1,1,1,2,2,2,2,1,1,3,-1.999999720016039e-08,-0.1999999919996011,-0.1999999919996011,1.999999720016039e-08,0.1999999919996011,0.1999999919996011,-80.00000079983988,-80.00000079983988,-80.00000079983988,-1.999999720016039e-08,-0.1999999919996011,-0.1999999919996011,19.99999720016039,1.999999919996011e-10,1.999999919996011e-10,-0.4000000039991994,-80.00000079983988,0.4000000039991994,0,-1.999999720016039e-08,-0.1999999919996011,-0.1999999919996011,0,0,0,1.999999720016039e-08,0.1999999919996011,0.1999999919996011,19.99999720016039,1.999999919996011e-10,1.999999919996011e-10
18.7,99.99999800000028,80.00000080003989,80.00000080003989,-1.999999720016039e-06,-19.99999919996011,-19.99999919996011,-1.375492832579318e-17,0,0.4000000039991994,200,80.00000079983988,1.999999720016039e-08,0.1999999919996011,0.1999999919996011,1000000000,1e-09,1e-09,19.99999720016039,1.999999919996011e-10,1.999999919996011e-10,90,0.9,40,3,1,1,1,1,2,2,2,2,1,1,3,-1.999999720016039e-08,-0.1999999919996011,-0.1999999919996011,1.999999720016039e-08,0.1999999919996011,0.1999999919996011,-80.00000079983988,-80.00000079983988,-80.00000079983988,-1.999999720016039e-08,-0.1999999919996011,-0.1999999919996011,19.99999720016039,1.999999919996011e-10,1.999999919996011e-10,-0.4000000039991994,-80.00000079983988,0.4000000039991994,0,-1.999999720016039e-08,-0.1999999919996011,-0.1999999919996011,0,0,0,1.999999720016039e-08,0.1999999919996011,0.1999999919996011,19.99999720016039,1.999999919996011e-10,1.999999919996011e-10
18.8,99.99999800000028,80.00000080003989,80.00000080003989,-1.999999720016039e-06,-19.99999919996011,-19.99999919996011,-1.375492832579318e-17,0,0.4000000039991994,200,80.00000079983988,1.999999720016039e-08,0.1999999919996011,0.1999999919996011,1000000000,1e-09,1e-09,19.99999720016039,1.999999919996011e-10,1.999999919996011e-10,90,0.9,40,3,1,1,1,1,2,2,2,2,1,1,3,-1.999999720016039e-08,-0.1999999919996011,-0.1999999919996011,1.999999720016039e-08,0.1999999919996011,0.1999999919996011,-80.00000079983988,-80.00000079983988,-80.00000079983988,-1.999999720016039e-08,-0.1999999919996011,-0.1999999919996011,19.99999720016039,1.999999919996011e-10,1.999999919996011e-10,-0.4000000039991994,-80.00000079983988,0.4000000039991994,0,-1.999999720016039e-08,-0.1999999919996011,-0.1999999919996011,0,0,0,1.999999720016039e-08,0.1999999919996011,0.1999999919996011,19.99999720016039,1.999999919996011e-10,1.999999919996011e-10
18.9,99.99999800000028,80.00000080003989,80.00000080003989,-1.999999720016039e-06,-19.99999919996011,-19.99999919996011,-1.375492832579318e-17,0,0.4000000039991994,200,80.00000079983988,1.999999720016039e-08,0.1999999919996011,0.1999999919996011,1000000000,1e-09,1e-09,19.99999720016039,1.999999919996011e-10,1.999999919996011e-10,90,0.9,40,3,1,1,1,1,2,2,2,2,1,1,3,-1.999999720016039e-08,-0.1999999919996011,-0.1999999919996011,1.999999720016039e-08,0.1999999919996011,0.1999999919996011,-80.00000079983988,-80.00000079983988,-80.00000079983988,-1.999999720016039e-08,-0.1999999919996011,-0.1999999919996011,19.99999720016039,1.999999919996011e-10,1.999999919996011e-10,-0.4000000039991994,-80.00000079983988,0.4000000039991994,0,-1.999999720016039e-08,-0.1999999919996011,-0.1999999919996011,0,0,0,1.999999720016039e-08,0.1999999919996011,0.1999999919996011,19.99999720016039,1.999999919996011e-10,1.999999919996011e-10
19,99.99999800000028,80.00000080003989,80.00000080003989,-1.999999720016039e-06,-19.99999919996011,-19.99999919996011,-1.375492832579318e-17,0,0.4000000039991994,200,80.00000079983988,1.999999720016039e-08,0.1999999919996011,0.1999999919996011,1000000000,1e-09,1e-09,19.99999720016039,1.999999919996011e-10,1.999999919996011e-10,90,0.9,40,3,1,1,1,1,2,2,2,2,1,1,3,-1.999999720016039e-08,-0.1999999919996011,-0.1999999919996011,1.999999720016039e-08,0.1999999919996011,0.1999999919996011,-80.00000079983988,-80.00000079983988,-80.00000079983988,-1.999999720016039e-08,-0.1999999919996011,-0.1999999919996011,19.99999720016039,1.999999919996011e-10,1.999999919996011e-10,-0.4000000039991994,-80.00000079983988,0.4000000039991994,0,-1.999999720016039e-08,-0.1999999919996011,-0.1999999919996011,0,0,0,1.999999720016039e-08,0.1999999919996011,0.1999999919996011,19.99999720016039,1.999999919996011e-10,1.999999919996011e-10
19.00000000380023,99.99999800000028,80.00000080003989,80.00000080003989,-1.999999720016039e-06,-19.99999919996011,-19.99999919996011,-1.375492832579318e-17,0,0.4000000039991994,200,80.00000079983988,1.999999720016039e-08,0.1999999919996011,0.1999999919996011,1000000000,1e-09,1e-09,19.99999720016039,1.999999919996011e-10,1.999999919996011e-10,90,0.9,40,3,1,1,1,1,2,2,2,2,1,1,3,-1.999999720016039e-08,-0.1999999919996011,-0.1999999919996011,1.999999720016039e-08,0.1999999919996011,0.1999999919996011,-80.00000079983988,-80.00000079983988,-80.00000079983988,-1.999999720016039e-08,-0.1999999919996011,-0.1999999919996011,19.99999720016039,1.999999919996011e-10,1.999999919996011e-10,-0.4000000039991994,-80.00000079983988,0.4000000039991994,0,-1.999999720016039e-08,-0.1999999919996011,-0.1999999919996011,0,0,0,1.999999720016039e-08,0.1999999919996011,0.1999999919996011,19.99999720016039,1.999999919996011e-10,1.999999919996011e-10
19.00000000380023,99.99999523809585,52.38095362834451,52.38095362834451,-4.761904161022752e-06,-47.61904637165549,-47.61904637165549,1.144880171755454e-17,0,0.9523809750521514,55,52.38095362786832,4.761904161022752e-08,0.4761904637165549,0.4761904637165549,1000000000,1e-09,1e-09,47.61904161022753,4.761904637165549e-10,4.761904637165549e-10,90,0.9,11,3,1,1,1,1,2,2,2,2,1,1,3,-4.761904161022752e-08,-0.4761904637165549,-0.4761904637165549,4.761904161022752e-08,0.4761904637165549,0.4761904637165549,-52.38095362786832,-52.38095362786832,-52.38095362786832,-4.761904161022752e-08,-0.4761904637165549,-0.4761904637165549,47.61904161022753,4.761904637165549e-10,4.761904637165549e-10,-0.9523809750521514,-52.38095362786832,0.9523809750521514,0,-4.761904161022752e-08,-0.4761904637165549,-0.4761904637165549,0,0,0,4.761904161022752e-08,0.4761904637165549,0.4761904637165549,47.61904161022753,4.761904637165549e-10,4.761904637165549e-10
19.1,99.99999523809583,52.38095362834451,52.38095362834451,-4.761904161022751e-06,-47.61904637165549,-47.61904637165549,1.144878848266474e-17,0,0.9523809750521514,55,52.38095362786832,4.761904161022751e-08,0.4761904637165549,0.4761904637165549,1000000000,1e-09,1e-09,47.61904161022751,4.761904637165549e-10,4.761904637165549e-10,90,0.9,11,3,1,1,1,1,2,2,2,2,1,1,3,-4.761904161022751e-08,-0.4761904637165549,-0.4761904637165549,4.761904161022751e-08,0.4761904637165549,0.4761904637165549,-52.38095362786832,-52.38095362786832,-52.38095362786832,-4.761904161022751e-08,-0.4761904637165549,-0.4761904637165549,47.61904161022751,4.761904637165549e-10,4.761904637165549e-10,-0.9523809750521514,-52.38095362786832,0.9523809750521514,0,-4.761904161022751e-08,-0.4761904637165549,-0.4761904637165549,0,0,0,4.761904161022751e-08,0.4761904637165549,0.4761904637165549,47.61904161022751,4.761904637165549e-10,4.761904637165549e-10
19.2,99.99999523809583,52.38095362834451,52.38095362834451,-4.761904161022751e-06,-47.61904637165549,-47.61904637165549,1.144878848266474e-17,0,0.9523809750521514,55,52.38095362786832,4.761904161022751e-08,0.4761904637165549,0.4761904637165549,1000000000,1e-09,1e-09,47.61904161022751,4.761904637165549e-10,4.761904637165549e-10,90,0.9,11,3,1,1,1,1,2,2,2,2,1,1,3,-4.761904161022751e-08,-0.4761904637165549,-0.4761904637165549,4.761904161022751e-08,0.4761904637165549,0.4761904637165549,-52.38095362786832,-52.38095362786832,-52.38095362786832,-4.761904161022751e-08,-0.4761904637165549,-0.4761904637165549,47.61904161022751,4.761904637165549e-10,4.761904637165549e-10,-0.9523809750521514,-52.38095362786832,0.9523809750521514,0,-4.761904161022751e-08,-0.4761904637165549,-0.4761904637165549,0,0,0,4.761904161022751e-08,0.4761904637165549,0.4761904637165549,47.61904161022751,4.761904637165549e-10,4.761904637165549e-10
19.3,99.99999523809583,52.38095362834451,52.38095362834451,-4.761904161022751e-06,-47.61904637165549,-47.61904637165549,1.144878848266474e-17,0,0.9523809750521514,55,52.38095362786832,4.761904161022751e-08,0.4761904637165549,0.4761904637165549,1000000000,1e-09,1e-09,47.61904161022751,4.761904637165549e-10,4.761904637165549e-10,90,0.9,11,3,1,1,1,1,2,2,2,2,1,1,3,-4.761904161022751e-08,-0.4761904637165549,-0.4761904637165549,4.761904161022751e-08,0.4761904637165549,0.4761904637165549,-52.38095362786832,-52.38095362786832,-52.38095362786832,-4.761904161022751e-08,-0.4761904637165549,-0.4761904637165549,47.61904161022751,4.761904637165549e-10,4.761904637165549e-10,-0.9523809750521514,-52.38095362786832,0.9523809750521514,0,-4.761904161022751e-08,-0.4761904637165549,-0.4761904637165549,0,0,0,4.761904161022751e-08,0.4761904637165549,0.4761904637165549,47.61904161022751,4.761904637165549e-10,4.761904637165549e-10
19.4,99.99999523809583,52.38095362834451,52.38095362834451,-4.761904161022751e-06,-47.61904637165549,-47.61904637165549,1.144878848266474e-17,0,0.9523809750521514,55,52.38095362786832,4.761904161022751e-08,0.4761904637165549,0.4761904637165549,1000000000,1e-09,1e-09,47.61904161022751,4.761904637165549e-10,4.761904637165549e-10,90,0.9,11,3,1,1,1,1,2,2,2,2,1,1,3,-4.761904161022751e-08,-0.4761904637165549,-0.4761904637165549,4.761904161022751e-08,0.4761904637165549,0.4761904637165549,-52.38095362786832,-52.38095362786832,-52.38095362786832,-4.761904161022751e-08,-0.4761904637165549,-0.4761904637165549,47.61904161022751,4.761904637165549e-10,4.761904637165549e-10,-0.9523809750521514,-52.38095362786832,0.9523809750521514,0,-4.761904161022751e-08,-0.4761904637165549,-0.4761904637165549,0,0,0,4.761904161022751e-08,0.4761904637165549,0.4761904637165549,47.61904161022751,4.761904637165549e-10,4.761904637165549e-10
19.5,99.99999523809583,52.38095362834451,52.38095362834451,-4.761904161022751e-06,-47.61904637165549,-47.61904637165549,1.144878848266474e-17,0,0.9523809750521514,55,52.38095362786832,4.761904161022751e-08,0.4761904637165549,0.4761904637165549,1000000000,1e-09,1e-09,47.61904161022751,4.761904637165549e-10,4.761904637165549e-10,90,0.9,11,3,1,1,1,1,2,2,2,2,1,1,3,-4.761904161022751e-08,-0.4761904637165549,-0.4761904637165549,4.761904161022751e-08,0.4761904637165549,0.4761904637165549,-52.38095362786832,-52.38095362786832,-52.38095362786832,-4.761904161022751e-08,-0.4761904637165549,-0.4761904637165549,47.61904161022751,4.761904637165549e-10,4.761904637165549e-10,-0.9523809750521514,-52.38095362786832,0.9523809750521514,0,-4.761904161022751e-08,-0.4761904637165549,-0.4761904637165549,0,0,0,4.761904161022751e-08,0.4761904637165549,0.4761904637165549,47.61904161022751,4.761904637165549e-10,4.761904637165549e-10
19.6,99.99999523809583,52.38095362834451,52.38095362834451,-4.761904161022751e-06,-47.61904637165549,-47.61904637165549,1.144878848266474e-17,0,0.9523809750521514,55,52.38095362786832,4.761904161022751e-08,0.4761904637165549,0.4761904637165549,1000000000,1e-09,1e-09,47.61904161022751,4.761904637165549e-10,4.761904637165549e-10,90,0.9,11,3,1,1,1,1,2,2,2,2,1,1,3,-4.761904161022751e-08,-0.4761904637165549,-0.4761904637165549,4.761904161022751e-08,0.4761904637165549,0.4761904637165549,-52.38095362786832,-52.38095362786832,-52.38095362786832,-4.761904161022751e-08,-0.4761904637165549,-0.4761904637165549,47.61904161022751,4.761904637165549e-10,4.761904637165549e-10,-0.9523809750521514,-52.38095362786832,0.9523809750521514,0,-4.761904161022751e-08,-0.4761904637165549,-0.4761904637165549,0,0,0,4.761904161022751e-08,0.4761904637165549,0.4761904637165549,47.61904161022751,4.761904637165549e-10,4.761904637165549e-10
19.7,99.99999523809583,52.38095362834451,52.38095362834451,-4.761904161022751e-06,-47.61904637165549,-47.61904637165549,1.144878848266474e-17,0,0.9523809750521514,55,52.38095362786832,4.761904161022751e-08,0.4761904637165549,0.4761904637165549,1000000000,1e-09,1e-09,47.61904161022751,4.761904637165549e-10,4.761904637165549e-10,90,0.9,11,3,1,1,1,1,2,2,2,2,1,1,3,-4.761904161022751e-08,-0.4761904637165549,-0.4761904637165549,4.761904161022751e-08,0.4761904637165549,0.4761904637165549,-52.38095362786832,-52.38095362786832,-52.38095362786832,-4.761904161022751e-08,-0.4761904637165549,-0.4761904637165549,47.61904161022751,4.761904637165549e-10,4.761904637165549e-10,-0.9523809750521514,-52.38095362786832,0.9523809750521514,0,-4.761904161022751e-08,-0.4761904637165549,-0.4761904637165549,0,0,0,4.761904161022751e-08,0.4761904637165549,0.4761904637165549,47.61904161022751,4.761904637165549e-10,4.761904637165549e-10
19.8,99.99999523809583,52.38095362834451,52.38095362834451,-4.761904161022751e-06,-47.61904637165549,-47.61904637165549,1.144878848266474e-17,0,0.9523809750521514,55,52.38095362786832,4.761904161022751e-08,0.4761904637165549,0.4761904637165549,1000000000,1e-09,1e-09,47.61904161022751,4.761904637165549e-10,4.761904637165549e-10,90,0.9,11,3,1,1,1,1,2,2,2,2,1,1,3,-4.761904161022751e-08,-0.4761904637165549,-0.4761904637165549,4.761904161022751e-08,0.4761904637165549,0.4761904637165549,-52.38095362786832,-52.38095362786832,-52.38095362786832,-4.761904161022751e-08,-0.4761904637165549,-0.4761904637165549,47.61904161022751,4.761904637165549e-10,4.761904637165549e-10,-0.9523809750521514,-52.38095362786832,0.9523809750521514,0,-4.761904161022751e-08,-0.4761904637165549,-0.4761904637165549,0,0,0,4.761904161022751e-08,0.4761904637165549,0.4761904637165549,47.61904161022751,4.761904637165549e-10,4.761904637165549e-10
19.9,99.99999523809583,52.38095362834451,52.38095362834451,-4.761904161022751e-06,-47.61904637165549,-47.61904637165549,1.144878848266474e-17,0,0.9523809750521514,55,52.38095362786832,4.761904161022751e-08,0.4761904637165549,0.4761904637165549,1000000000,1e-09,1e-09,47.61904161022751,4.761904637165549e-10,4.761904637165549e-10,90,0.9,11,3,1,1,1,1,2,2,2,2,1,1,3,-4.761904161022751e-08,-0.4761904637165549,-0.4761904637165549,4.761904161022751e-08,0.4761904637165549,0.4761904637165549,-52.38095362786832,-52.38095362786832,-52.38095362786832,-4.761904161022751e-08,-0.4761904637165549,-0.4761904637165549,47.61904161022751,4.761904637165549e-10,4.761904637165549e-10,-0.9523809750521514,-52.38095362786832,0.9523809750521514,0,-4.761904161022751e-08,-0.4761904637165549,-0.4761904637165549,0,0,0,4.761904161022751e-08,0.4761904637165549,0.4761904637165549,47.61904161022751,4.761904637165549e-10,4.761904637165549e-10
20,99.99999523809583,52.38095362834451,52.38095362834451,-4.761904161022751e-06,-47.61904637165549,-47.61904637165549,1.144878848266474e-17,0,0.9523809750521514,55,52.38095362786832,4.761904161022751e-08,0.4761904637165549,0.4761904637165549,1000000000,1e-09,1e-09,47.61904161022751,4.761904637165549e-10,4.761904637165549e-10,90,0.9,11,3,1,1,1,1,2,2,2,2,1,1,3,-4.761904161022751e-08,-0.4761904637165549,-0.4761904637165549,4.761904161022751e-08,0.4761904637165549,0.4761904637165549,-52.38095362786832,-52.38095362786832,-52.38095362786832,-4.761904161022751e-08,-0.4761904637165549,-0.4761904637165549,47.61904161022751,4.761904637165549e-10,4.761904637165549e-10,-0.9523809750521514,-52.38095362786832,0.9523809750521514,0,-4.761904161022751e-08,-0.4761904637165549,-0.4761904637165549,0,0,0,4.761904161022751e-08,0.4761904637165549,0.4761904637165549,47.61904161022751,4.761904637165549e-10,4.761904637165549e-10
20.00000000400033,99.99999523809583,52.38095362834451,52.38095362834451,-4.761904161022751e-06,-47.61904637165549,-47.61904637165549,1.144878848266474e-17,0,0.9523809750521514,55,52.38095362786832,4.761904161022751e-08,0.4761904637165549,0.4761904637165549,1000000000,1e-09,1e-09,47.61904161022751,4.761904637165549e-10,4.761904637165549e-10,90,0.9,11,3,1,1,1,1,2,2,2,2,1,1,3,-4.761904161022751e-08,-0.4761904637165549,-0.4761904637165549,4.761904161022751e-08,0.4761904637165549,0.4761904637165549,-52.38095362786832,-52.38095362786832,-52.38095362786832,-4.761904161022751e-08,-0.4761904637165549,-0.4761904637165549,47.61904161022751,4.761904637165549e-10,4.761904637165549e-10,-0.9523809750521514,-52.38095362786832,0.9523809750521514,0,-4.761904161022751e-08,-0.4761904637165549,-0.4761904637165549,0,0,0,4.761904161022751e-08,0.4761904637165549,0.4761904637165549,47.61904161022751,4.761904637165549e-10,4.761904637165549e-10
20.00000000400033,99.99999786872795,78.49462697670175,99.99999784946291,-2.150537089224125e-06,-21.50537295575294,-2.150537087297621e-06,-8.490542457991349e-18,0,0.2150537725682712,365,78.4946269764867,2.150537089224125e-08,0.2150537295575294,2.150537087297621e-08,1000000000,1e-09,1000000000,21.50537089224125,2.150537295575294e-10,21.50537087297621,90,0.9,73,3,1,1,1,1,2,2,1,2,1,1,2,-2.150537089224125e-08,-0.2150537295575294,-2.150537087297621e-08,2.150537089224125e-08,0.2150537295575294,2.150537087297621e-08,-78.4946269764867,-78.4946269764867,-78.4946269764867,-2.150537089224125e-08,-0.2150537295575294,-2.150537087297621e-08,21.50537089224125,2.150537295575294e-10,21.50537087297621,-0.2150537725682712,-78.4946269764867,0.2150537725682712,0,-2.150537089224125e-08,-0.2150537295575294,-2.150537087297621e-08,0,0,0,2.150537089224125e-08,0.2150537295575294,2.150537087297621e-08,21.50537089224125,2.150537295575294e-10,21.50537087297621
20.1,99.99999784946291,78.4946270320722,99.99999784946291,-2.150537081760577e-06,-21.50537296792779,-2.150537081760577e-06,2.814167705578907e-19,0,0.2150537726900196,365,78.49462703185715,2.150537081760577e-08,0.2150537296792779,2.150537081760577e-08,1000000000,1e-09,1000000000,21.50537081760577,2.15053729679278e-10,21.50537081760577,90,0.9,73,3,1,1,1,1,2,2,1,2,1,1,2,-2.150537081760577e-08,-0.2150537296792779,-2.150537081760577e-08,2.150537081760577e-08,0.2150537296792779,2.150537081760577e-08,-78.49462703185715,-78.49462703185715,-78.49462703185715,-2.150537081760577e-08,-0.2150537296792779,-2.150537081760577e-08,21.50537081760577,2.15053729679278e-10,21.50537081760577,-0.2150537726900196,-78.49462703185715,0.2150537726900196,0,-2.150537081760577e-08,-0.2150537296792779,-2.150537081760577e-08,0,0,0,2.150537081760577e-08,0.2150537296792779,2.150537081760577e-08,21.50537081760577,2.15053729679278e-10,21.50537081760577
20.2,99.99999784946291,78.4946270320722,99.99999784946291,-2.150537081760577e-06,-21.50537296792779,-2.150537081760577e-06,2.814167705578907e-19,0,0.2150537726900196,365,78.49462703185715,2.150537081760577e-08,0.2150537296792779,2.150537081760577e-08,1000000000,1e-09,1000000000,21.50537081760577,2.15053729679278e-10,21.50537081760577,90,0.9,73,3,1,1,1,1,2,2,1,2,1,1,2,-2.150537081760577e-08,-0.2150537296792779,-2.150537081760577e-08,2.150537081760577e-08,0.2150537296792779,2.150537081760577e-08,-78.49462703185715,-78.49462703185715,-78.49462703185715,-2.150537081760577e-08,-0.2150537296792779,-2.150537081760577e-08,21.50537081760577,2.15053729679278e-10,21.50537081760577,-0.2150537726900196,-78.49462703185715,0.2150537726900196,0,-2.150537081760577e-08,-0.2150537296792779,-2.150537081760577e-08,0,0,0,2.150537081760577e-08,0.2150537296792779,2.150537081760577e-08,21.50537081760577,2.15053729679278e-10,21.50537081760577
20.3,99.99999784946291,78.4946270320722,99.99999784946291,-2.150537081760577e-06,-21.50537296792779,-2.150537081760577e-06,2.814167705578907e-19,0,0.2150537726900196,365,78.49462703185715,2.150537081760577e-08,0.2150537296792779,2.150537081760577e-08,1000000000,1e-09,1000000000,21.50537081760577,2.15053729679278e-10,21.50537081760577,90,0.9,73,3,1,1,1,1,2,2,1,2,1,1,2,-2.150537081760577e-08,-0.2150537296792779,-2.150537081760577e-08,2.150537081760577e-08,0.2150537296792779,2.150537081760577e-08,-78.49462703185715,-78.49462703185715,-78.49462703185715,-2.150537081760577e-08,-0.2150537296792779,-2.150537081760577e-08,21.50537081760577,2.15053729679278e-10,21.50537081760577,-0.2150537726900196,-78.49462703185715,0.2150537726900196,0,-2.150537081760577e-08,-0.2150537296792779,-2.150537081760577e-08,0,0,0,2.150537081760577e-08,0.2150537296792779,2.150537081760577e-08,21.50537081760577,2.15053729679278e-10,21.50537081760577
20.4,99.99999784946291,78.4946270320722,99.99999784946291,-2.150537081760577e-06,-21.50537296792779,-2.150537081760577e-06,2.814167705578907e-19,0,0.2150537726900196,365,78.49462703185715,2.150537081760577e-08,0.2150537296792779,2.150537081760577e-08,1000000000,1e-09,1000000000,21.50537081760577,2.15053729679278e-10,21.50537081760577,90,0.9,73,3,1,1,1,1,2,2,1,2,1,1,2,-2.150537081760577e-08,-0.2150537296792779,-2.150537081760577e-08,2.150537081760577e-08,0.2150537296792779,2.150537081760577e-08,-78.49462703185715,-78.49462703185715,-78.49462703185715,-2.150537081760577e-08,-0.2150537296792779,-2.150537081760577e-08,21.50537081760577,2.15053729679278e-10,21.50537081760577,-0.2150537726900196,-78.49462703185715,0.2150537726900196,0,-2.150537081760577e-08,-0.2150537296792779,-2.150537081760577e-08,0,0,0,2.150537081760577e-08,0.2150537296792779,2.150537081760577e-08,21.50537081760577,2.15053729679278e-10,21.50537081760577
20.5,99.99999784946291,78.4946270320722,99.99999784946291,-2.150537081760577e-06,-21.50537296792779,-2.150537081760577e-06,2.814167705578907e-19,0,0.2150537726900196,365,78.49462703185715,2.150537081760577e-08,0.2150537296792779,2.150537081760577e-08,1000000000,1e-09,1000000000,21.50537081760577,2.15053729679278e-10,21.50537081760577,90,0.9,73,3,1,1,1,1,2,2,1,2,1,1,2,-2.150537081760577e-08,-0.2150537296792779,-2.150537081760577e-08,2.150537081760577e-08,0.2150537296792779,2.150537081760577e-08,-78.49462703185715,-78.49462703185715,-78.49462703185715,-2.150537081760577e-08,-0.2150537296792779,-2.150537081760577e-08,21.50537081760577,2.15053729679278e-10,21.50537081760577,-0.2150537726900196,-78.49462703185715,0.2150537726900196,0,-2.150537081760577e-08,-0.2150537296792779,-2.150537081760577e-08,0,0,0,2.150537081760577e-08,0.2150537296792779,2.150537081760577e-08,21.50537081760577,2.15053729679278e-10,21.50537081760577
20.6,99.99999784946291,78.4946270320722,99.99999784946291,-2.150537081760577e-06,-21.50537296792779,-2.150537081760577e-06,2.814167705578907e-19,0,0.2150537726900196,365,78.49462703185715,2.150537081760577e-08,0.2150537296792779,2.150537081760577e-08,1000000000,1e-09,1000000000,21.50537081760577,2.15053729679278e-10,21.50537081760577,90,0.9,73,3,1,1,1,1,2,2,1,2,1,1,2,-2.150537081760577e-08,-0.2150537296792779,-2.150537081760577e-08,2.150537081760577e-08,0.2150537296792779,2.150537081760577e-08,-78.49462703185715,-78.49462703185715,-78.49462703185715,-2.150537081760577e-08,-0.2150537296792779,-2.150537081760577e-08,21.50537081760577,2.15053729679278e-10,21.50537081760577,-0.2150537726900196,-78.49462703185715,0.2150537726900196,0,-2.150537081760577e-08,-0.2150537296792779,-2.150537081760577e-08,0,0,0,2.150537081760577e-08,0.2150537296792779,2.150537081760577e-08,21.50537081760577,2.15053729679278e-10,21.50537081760577
20.7,99.99999784946291,78.4946270320722,99.99999784946291,-2.150537081760577e-06,-21.50537296792779,-2.150537081760577e-06,2.814167705578907e-19,0,0.2150537726900196,365,78.49462703185715,2.150537081760577e-08,0.2150537296792779,2.150537081760577e-08,1000000000,1e-09,1000000000,21.50537081760577,2.15053729679278e-10,21.50537081760577,90,0.9,73,3,1,1,1,1,2,2,1,2,1,1,2,-2.150537081760577e-08,-0.2150537296792779,-2.150537081760577e-08,2.150537081760577e-08,0.2150537296792779,2.150537081760577e-08,-78.49462703185715,-78.49462703185715,-78.49462703185715,-2.150537081760577e-08,-0.2150537296792779,-2.150537081760577e-08,21.50537081760577,2.15053729679278e-10,21.50537081760577,-0.2150537726900196,-78.49462703185715,0.2150537726900196,0,-2.150537081760577e-08,-0.2150537296792779,-2.150537081760577e-08,0,0,0,2.150537081760577e-08,0.2150537296792779,2.150537081760577e-08,21.50537081760577,2.15053729679278e-10,21.50537081760577
20.8,99.99999784946291,78.4946270320722,99.99999784946291,-2.150537081760577e-06,-21.50537296792779,-2.150537081760577e-06,2.814167705578907e-19,0,0.2150537726900196,365,78.49462703185715,2.150537081760577e-08,0.2150537296792779,2.150537081760577e-08,1000000000,1e-09,1000000000,21.50537081760577,2.15053729679278e-10,21.50537081760577,90,0.9,73,3,1,1,1,1,2,2,1,2,1,1,2,-2.150537081760577e-08,-0.2150537296792779,-2.150537081760577e-08,2.150537081760577e-08,0.2150537296792779,2.150537081760577e-08,-78.49462703185715,-78.49462703185715,-78.49462703185715,-2.150537081760577e-08,-0.2150537296792779,-2.150537081760577e-08,21.50537081760577,2.15053729679278e-10,21.50537081760577,-0.2150537726900196,-78.49462703185715,0.2150537726900196,0,-2.150537081760577e-08,-0.2150537296792779,-2.150537081760577e-08,0,0,0,2.150537081760577e-08,0.2150537296792779,2.150537081760577e-08,21.50537081760577,2.15053729679278e-10,21.50537081760577
20.9,99.99999784946291,78.4946270320722,99.99999784946291,-2.150537081760577e-06,-21.50537296792779,-2.150537081760577e-06,2.814167705578907e-19,0,0.2150537726900196,365,78.49462703185715,2.150537081760577e-08,0.2150537296792779,2.150537081760577e-08,1000000000,1e-09,1000000000,21.50537081760577,2.15053729679278e-10,21.50537081760577,90,0.9,73,3,1,1,1,1,2,2,1,2,1,1,2,-2.150537081760577e-08,-0.2150537296792779,-2.150537081760577e-08,2.150537081760577e-08,0.2150537296792779,2.150537081760577e-08,-78.49462703185715,-78.49462703185715,-78.49462703185715,-2.150537081760577e-08,-0.2150537296792779,-2.150537081760577e-08,21.50537081760577,2.15053729679278e-10,21.50537081760577,-0.2150537726900196,-78.49462703185715,0.2150537726900196,0,-2.150537081760577e-08,-0.2150537296792779,-2.150537081760577e-08,0,0,0,2.150537081760577e-08,0.2150537296792779,2.150537081760577e-08,21.50537081760577,2.15053729679278e-10,21.50537081760577
21,99.99999784946291,78.4946270320722,99.99999784946291,-2.150537081760577e-06,-21.50537296792779,-2.150537081760577e-06,2.814167705578907e-19,0,0.2150537726900196,365,78.49462703185715,2.150537081760577e-08,0.2150537296792779,2.150537081760577e-08,1000000000,1e-09,1000000000,21.50537081760577,2.15053729679278e-10,21.50537081760577,90,0.9,73,3,1,1,1,1,2,2,1,2,1,1,2,-2.150537081760577e-08,-0.2150537296792779,-2.150537081760577e-08,2.150537081760577e-08,0.2150537296792779,2.150537081760577e-08,-78.49462703185715,-78.49462703185715,-78.49462703185715,-2.150537081760577e-08,-0.2150537296792779,-2.150537081760577e-08,21.50537081760577,2.15053729679278e-10,21.50537081760577,-0.2150537726900196,-78.49462703185715,0.2150537726900196,0,-2.150537081760577e-08,-0.2150537296792779,-2.150537081760577e-08,0,0,0,2.150537081760577e-08,0.2150537296792779,2.150537081760577e-08,21.50537081760577,2.15053729679278e-10,21.50537081760577
21.00000000420041,99.99999784946291,78.4946270320722,99.99999784946291,-2.150537081760577e-06,-21.50537296792779,-2.150537081760577e-06,2.814167705578907e-19,0,0.2150537726900196,365,78.49462703185715,2.150537081760577e-08,0.2150537296792779,2.150537081760577e-08,1000000000,1e-09,1000000000,21.50537081760577,2.15053729679278e-10,21.50537081760577,90,0.9,73,3,1,1,1,1,2,2,1,2,1,1,2,-2.150537081760577e-08,-0.2150537296792779,-2.150537081760577e-08,2.150537081760577e-08,0.2150537296792779,2.150537081760577e-08,-78.49462703185715,-78.49462703185715,-78.49462703185715,-2.150537081760577e-08,-0.2150537296792779,-2.150537081760577e-08,21.50537081760577,2.15053729679278e-10,21.50537081760577,-0.2150537726900196,-78.49462703185715,0.2150537726900196,0,-2.150537081760577e-08,-0.2150537296792779,-2.150537081760577e-08,0,0,0,2.150537081760577e-08,0.2150537296792779,2.150537081760577e-08,21.50537081760577,2.15053729679278e-10,21.50537081760577
21.00000000420041,99.99999777777809,77.77777864202457,77.77777864202457,-2.222221913597573e-06,-22.22222135797543,-22.22222135797543,1.557105630021256e-17,0,0.4444444493817277,175,77.77777864180236,2.222221913597573e-08,0.2222222135797543,0.2222222135797543,1000000000,1e-09,1e-09,22.22221913597573,2.222222135797543e-10,2.222222135797543e-10,90,0.9,35,3,1,1,1,1,2,2,2,2,1,1,3,-2.222221913597573e-08,-0.2222222135797543,-0.2222222135797543,2.222221913597573e-08,0.2222222135797543,0.2222222135797543,-77.77777864180236,-77.77777864180236,-77.77777864180236,-2.222221913597573e-08,-0.2222222135797543,-0.2222222135797543,22.22221913597573,2.222222135797543e-10,2.222222135797543e-10,-0.4444444493817277,-77.77777864180236,0.4444444493817277,0,-2.222221913597573e-08,-0.2222222135797543,-0.2222222135797543,0,0,0,2.222221913597573e-08,0.2222222135797543,0.2222222135797543,22.22221913597573,2.222222135797543e-10,2.222222135797543e-10
21.1,99.99999777777809,77.77777864202457,77.77777864202457,-2.222221913597573e-06,-22.22222135797543,-22.22222135797543,1.557105630021256e-17,0,0.4444444493817277,175,77.77777864180236,2.222221913597573e-08,0.2222222135797543,0.2222222135797543,1000000000,1e-09,1e-09,22.22221913597573,2.222222135797543e-10,2.222222135797543e-10,90,0.9,35,3,1,1,1,1,2,2,2,2,1,1,3,-2.222221913597573e-08,-0.2222222135797543,-0.2222222135797543,2.222221913597573e-08,0.2222222135797543,0.2222222135797543,-77.77777864180236,-77.77777864180236,-77.77777864180236,-2.222221913597573e-08,-0.2222222135797543,-0.2222222135797543,22.22221913597573,2.222222135797543e-10,2.222222135797543e-10,-0.4444444493817277,-77.77777864180236,0.4444444493817277,0,-2.222221913597573e-08,-0.2222222135797543,-0.2222222135797543,0,0,0,2.222221913597573e-08,0.2222222135797543,0.2222222135797543,22.22221913597573,2.222222135797543e-10,2.222222135797543e-10
21.2,99.99999777777809,77.77777864202457,77.77777864202457,-2.222221913597573e-06,-22.22222135797543,-22.22222135797543,1.557105630021256e-17,0,0.4444444493817277,175,77.77777864180236,2.222221913597573e-08,0.2222222135797543,0.2222222135797543,1000000000,1e-09,1e-09,22.22221913597573,2.222222135797543e-10,2.222222135797543e-10,90,0.9,35,3,1,1,1,1,2,2,2,2,1,1,3,-2.222221913597573e-08,-0.2222222135797543,-0.2222222135797543,2.222221913597573e-08,0.2222222135797543,0.2222222135797543,-77.77777864180236,-77.77777864180236,-77.77777864180236,-2.222221913597573e-08,-0.2222222135797543,-0.2222222135797543,22.22221913597573,2.222222135797543e-10,2.222222135797543e-10,-0.4444444493817277,-77.77777864180236,0.4444444493817277,0,-2.222221913597573e-08,-0.2222222135797543,-0.2222222135797543,0,0,0,2.222221913597573e-08,0.2222222135797543,0.2222222135797543,22.22221913597573,2.222222135797543e-10,2.222222135797543e-10
21.3,99.99999777777809,77.77777864202457,77.77777864202457,-2.222221913597573e-06,-22.22222135797543,-22.22222135797543,1.557105630021256e-17,0,0.4444444493817277,175,77.77777864180236,2.222221913597573e-08,0.2222222135797543,0.2222222135797543,1000000000,1e-09,1e-09,22.22221913597573,2.222222135797543e-10,2.222222135797543e-10,90,0.9,35,3,1,1,1,1,2,2,2,2,1,1,3,-2.222221913597573e-08,-0.2222222135797543,-0.2222222135797543,2.222221913597573e-08,0.2222222135797543,0.2222222135797543,-77.77777864180236,-77.77777864180236,-77.77777864180236,-2.222221913597573e-08,-0.2222222135797543,-0.2222222135797543,22.22221913597573,2.222222135797543e-10,2.222222135797543e-10,-0.4444444493817277,-77.77777864180236,0.4444444493817277,0,-2.222221913597573e-08,-0.2222222135797543,-0.2222222135797543,0,0,0,2.222221913597573e-08,0.2222222135797543,0.2222222135797543,22.22221913597573,2.222222135797543e-10,2.222222135797543e-10
21.4,99.99999777777809,77.77777864202457,77.77777864202457,-2.222221913597573e-06,-22.22222135797543,-22.22222135797543,1.557105630021256e-17,0,0.4444444493817277,175,77.77777864180236,2.222221913597573e-08,0.2222222135797543,0.2222222135797543,1000000000,1e-09,1e-09,22.22221913597573,2.222222135797543e-10,2.222222135797543e-10,90,0.9,35,3,1,1,1,1,2,2,2,2,1,1,3,-2.222221913597573e-08,-0.2222222135797543,-0.2222222135797543,2.222221913597573e-08,0.2222222135797543,0.2222222135797543,-77.77777864180236,-77.77777864180236,-77.77777864180236,-2.222221913597573e-08,-0.2222222135797543,-0.2222222135797543,22.22221913597573,2.222222135797543e-10,2.222222135797543e-10,-0.4444444493817277,-77.77777864180236,0.4444444493817277,0,-2.222221913597573e-08,-0.2222222135797543,-0.2222222135797543,0,0,0,2.222221913597573e-08,0.2222222135797543,0.2222222135797543,22.22221913597573,2.222222135797543e-10,2.222222135797543e-10
21.5,99.99999777777809,77.77777864202457,77.77777864202457,-2.222221913597573e-06,-22.22222135797543,-22.22222135797543,1.557105630021256e-17,0,0.4444444493817277,175,77.77777864180236,2.222221913597573e-08,0.2222222135797543,0.2222222135797543,1000000000,1e-09,1e-09,22.22221913597573,2.222222135797543e-10,2.222222135797543e-10,90,0.9,35,3,1,1,1,1,2,2,2,2,1,1,3,-2.222221913597573e-08,-0.2222222135797543,-0.2222222135797543,2.222221913597573e-08,0.2222222135797543,0.2222222135797543,-77.77777864180236,-77.77777864180236,-77.77777864180236,-2.222221913597573e-08,-0.2222222135797543,-0.2222222135797543,22.22221913597573,2.222222135797543e-10,2.222222135797543e-10,-0.4444444493817277,-77.77777864180236,0.4444444493817277,0,-2.222221913597573e-08,-0.2222222135797543,-0.2222222135797543,0,0,0,2.222221913597573e-08,0.2222222135797543,0.2222222135797543,22.22221913597573,2.222222135797543e-10,2.222222135797543e-10
21.6,99.99999777777809,77.77777864202457,77.77777864202457,-2.222221913597573e-06,-22.22222135797543,-22.22222135797543,1.557105630021256e-17,0,0.4444444493817277,175,77.77777864180236,2.222221913597573e-08,0.2222222135797543,0.2222222135797543,1000000000,1e-09,1e-09,22.22221913597573,2.222222135797543e-10,2.222222135797543e-10,90,0.9,35,3,1,1,1,1,2,2,2,2,1,1,3,-2.222221913597573e-08,-0.2222222135797543,-0.2222222135797543,2.222221913597573e-08,0.2222222135797543,0.2222222135797543,-77.77777864180236,-77.77777864180236,-77.77777864180236,-2.222221913597573e-08,-0.2222222135797543,-0.2222222135797543,22.22221913597573,2.222222135797543e-10,2.222222135797543e-10,-0.4444444493817277,-77.77777864180236,0.4444444493817277,0,-2.222221913597573e-08,-0.2222222135797543,-0.2222222135797543,0,0,0,2.222221913597573e-08,0.2222222135797543,0.2222222135797543,22.22221913597573,2.222222135797543e-10,2.222222135797543e-10
21.7,99.99999777777809,77.77777864202457,77.77777864202457,-2.222221913597573e-06,-22.22222135797543,-22.22222135797543,1.557105630021256e-17,0,0.4444444493817277,175,77.77777864180236,2.222221913597573e-08,0.2222222135797543,0.2222222135797543,1000000000,1e-09,1e-09,22.22221913597573,2.222222135797543e-10,2.222222135797543e-10,90,0.9,35,3,1,1,1,1,2,2,2,2,1,1,3,-2.222221913597573e-08,-0.2222222135797543,-0.2222222135797543,2.222221913597573e-08,0.2222222135797543,0.2222222135797543,-77.77777864180236,-77.77777864180236,-77.77777864180236,-2.222221913597573e-08,-0.2222222135797543,-0.2222222135797543,22.22221913597573,2.222222135797543e-10,2.222222135797543e-10,-0.4444444493817277,-77.77777864180236,0.4444444493817277,0,-2.222221913597573e-08,-0.2222222135797543,-0.2222222135797543,0,0,0,2.222221913597573e-08,0.2222222135797543,0.2222222135797543,22.22221913597573,2.222222135797543e-10,2.222222135797543e-10
21.8,99.99999777777809,77.77777864202457,77.77777864202457,-2.222221913597573e-06,-22.22222135797543,-22.22222135797543,1.557105630021256e-17,0,0.4444444493817277,175,77.77777864180236,2.222221913597573e-08,0.2222222135797543,0.2222222135797543,1000000000,1e-09,1e-09,22.22221913597573,2.222222135797543e-10,2.222222135797543e-10,90,0.9,35,3,1,1,1,1,2,2,2,2,1,1,3,-2.222221913597573e-08,-0.2222222135797543,-0.2222222135797543,2.222221913597573e-08,0.2222222135797543,0.2222222135797543,-77.77777864180236,-77.77777864180236,-77.77777864180236,-2.222221913597573e-08,-0.2222222135797543,-0.2222222135797543,22.22221913597573,2.222222135797543e-10,2.222222135797543e-10,-0.4444444493817277,-77.77777864180236,0.4444444493817277,0,-2.222221913597573e-08,-0.2222222135797543,-0.2222222135797543,0,0,0,2.222221913597573e-08,0.2222222135797543,0.2222222135797543,22.22221913597573,2.222222135797543e-10,2.222222135797543e-10
21.9,99.99999777777809,77.77777864202457,77.77777864202457,-2.222221913597573e-06,-22.22222135797543,-22.22222135797543,1.557105630021256e-17,0,0.4444444493817277,175,77.77777864180236,2.222221913597573e-08,0.2222222135797543,0.2222222135797543,1000000000,1e-09,1e-09,22.22221913597573,2.222222135797543e-10,2.222222135797543e-10,90,0.9,35,3,1,1,1,1,2,2,2,2,1,1,3,-2.222221913597573e-08,-0.2222222135797543,-0.2222222135797543,2.222221913597573e-08,0.2222222135797543,0.2222222135797543,-77.77777864180236,-77.77777864180236,-77.77777864180236,-2.222221913597573e-08,-0.2222222135797543,-0.2222222135797543,22.22221913597573,2.222222135797543e-10,2.222222135797543e-10,-0.4444444493817277,-77.77777864180236,0.4444444493817277,0,-2.222221913597573e-08,-0.2222222135797543,-0.2222222135797543,0,0,0,2.222221913597573e-08,0.2222222135797543,0.2222222135797543,22.22221913597573,2.222222135797543e-10,2.222222135797543e-10
22,99.99999777777809,77.77777864202457,77.77777864202457,-2.222221913597573e-06,-22.22222135797543,-22.22222135797543,1.557105630021256e-17,0,0.4444444493817277,175,77.77777864180236,2.222221913597573e-08,0.2222222135797543,0.2222222135797543,1000000000,1e-09,1e-09,22.22221913597573,2.222222135797543e-10,2.222222135797543e-10,90,0.9,35,3,1,1,1,1,2,2,2,2,1,1,3,-2.222221913597573e-08,-0.2222222135797543,-0.2222222135797543,2.222221913597573e-08,0.2222222135797543,0.2222222135797543,-77.77777864180236,-77.77777864180236,-77.77777864180236,-2.222221913597573e-08,-0.2222222135797543,-0.2222222135797543,22.22221913597573,2.222222135797543e-10,2.222222135797543e-10,-0.4444444493817277,-77.77777864180236,0.4444444493817277,0,-2.222221913597573e-08,-0.2222222135797543,-0.2222222135797543,0,0,0,2.222221913597573e-08,0.2222222135797543,0.2222222135797543,22.22221913597573,2.222222135797543e-10,2.222222135797543e-10
22.0000000044005,99.99999777777809,77.77777864202457,77.77777864202457,-2.222221913597573e-06,-22.22222135797543,-22.22222135797543,1.557105630021256e-17,0,0.4444444493817277,175,77.77777864180236,2.222221913597573e-08,0.2222222135797543,0.2222222135797543,1000000000,1e-09,1e-09,22.22221913597573,2.222222135797543e-10,2.222222135797543e-10,90,0.9,35,3,1,1,1,1,2,2,2,2,1,1,3,-2.222221913597573e-08,-0.2222222135797543,-0.2222222135797543,2.222221913597573e-08,0.2222222135797543,0.2222222135797543,-77.77777864180236,-77.77777864180236,-77.77777864180236,-2.222221913597573e-08,-0.2222222135797543,-0.2222222135797543,22.22221913597573,2.222222135797543e-10,2.222222135797543e-10,-0.4444444493817277,-77.77777864180236,0.4444444493817277,0,-2.222221913597573e-08,-0.2222222135797543,-0.2222222135797543,0,0,0,2.222221913597573e-08,0.2222222135797543,0.2222222135797543,22.22221913597573,2.222222135797543e-10,2.222222135797543e-10
22.0000000044005,99.9999899610609,99.99999000001479,99.99999000001479,-9.999985199894808e-06,-9.999985203790196e-06,-9.999985203790196e-06,0,0,2.99999556074752e-07,460,0.0001379621128307917,9.999985199894808e-08,9.999985203790196e-08,9.999985203790196e-08,1000000000,1000000000,1000000000,99.99985199894807,99.99985203790196,99.99985203790196,90,0.9,92,3,1,1,1,1,2,1,1,2,1,1,1,-9.999985199894808e-08,-9.999985203790196e-08,-9.999985203790196e-08,9.999985199894808e-08,9.999985203790196e-08,9.999985203790196e-08,-0.0001379621128307917,-0.0001379621128307917,-0.0001379621128307917,-9.999985199894808e-08,-9.999985203790196e-08,-9.999985203790196e-08,99.99985199894807,99.99985203790196,99.99985203790196,-2.99999556074752e-07,-0.0001379621128307917,2.99999556074752e-07,0,-9.999985199894808e-08,-9.999985203790196e-08,-9.999985203790196e-08,0,0,0,9.999985199894808e-08,9.999985203790196e-08,9.999985203790196e-08,99.99985199894807,99.99985203790196,99.99985203790196
22.1,99.99999000001482,99.9999900000148,99.9999900000148,-9.999985200021906e-06,-9.999985200021904e-06,-9.999985200021904e-06,-1.323488980084844e-23,0,2.999995560006572e-07,460,0.0001379997957684509,9.999985200021905e-08,9.999985200021904e-08,9.999985200021904e-08,1000000000,1000000000,1000000000,99.99985200021905,99.99985200021904,99.99985200021904,90,0.9,92,3,1,1,1,1,2,1,1,2,1,1,1,-9.999985200021905e-08,-9.999985200021904e-08,-9.999985200021904e-08,9.999985200021905e-08,9.999985200021904e-08,9.999985200021904e-08,-0.0001379997957684509,-0.0001379997957684509,-0.0001379997957684509,-9.999985200021905e-08,-9.999985200021904e-08,-9.999985200021904e-08,99.99985200021905,99.99985200021904,99.99985200021904,-2.999995560006572e-07,-0.0001379997957684509,2.999995560006572e-07,0,-9.999985200021905e-08,-9.999985200021904e-08,-9.999985200021904e-08,0,0,0,9.999985200021905e-08,9.999985200021904e-08,9.999985200021904e-08,99.99985200021905,99.99985200021904,99.99985200021904
22.2,99.9999900000148,99.9999900000148,99.9999900000148,-9.999985200021906e-06,-9.999985200021906e-06,-9.999985200021906e-06,0,0,2.999995560006572e-07,460,0.00013799979575424,9.999985200021905e-08,9.999985200021905e-08,9.999985200021905e-08,1000000000,1000000000,1000000000,99.99985200021905,99.99985200021905,99.99985200021905,90,0.9,92,3,1,1,1,1,2,1,1,2,1,1,1,-9.999985200021905e-08,-9.999985200021905e-08,-9.999985200021905e-08,9.999985200021905e-08,9.999985200021905e-08,9.999985200021905e-08,-0.00013799979575424,-0.00013799979575424,-0.00013799979575424,-9.999985200021905e-08,-9.999985200021905e-08,-9.999985200021905e-08,99.99985200021905,99.99985200021905,99.99985200021905,-2.999995560006572e-07,-0.00013799979575424,2.999995560006572e-07,0,-9.999985200021905e-08,-9.999985200021905e-08,-9.999985200021905e-08,0,0,0,9.999985200021905e-08,9.999985200021905e-08,9.999985200021905e-08,99.99985200021905,99.99985200021905,99.99985200021905
22.3,99.9999900000148,99.9999900000148,99.9999900000148,-9.999985200021906e-06,-9.999985200021906e-06,-9.999985200021906e-06,0,0,2.999995560006572e-07,460,0.00013799979575424,9.999985200021905e-08,9.999985200021905e-08,9.999985200021905e-08,1000000000,1000000000,1000000000,99.99985200021905,99.99985200021905,99.99985200021905,90,0.9,92,3,1,1,1,1,2,1,1,2,1,1,1,-9.999985200021905e-08,-9.999985200021905e-08,-9.999985200021905e-08,9.999985200021905e-08,9.999985200021905e-08,9.999985200021905e-08,-0.00013799979575424,-0.00013799979575424,-0.00013799979575424,-9.999985200021905e-08,-9.999985200021905e-08,-9.999985200021905e-08,99.99985200021905,99.99985200021905,99.99985200021905,-2.999995560006572e-07,-0.00013799979575424,2.999995560006572e-07,0,-9.999985200021905e-08,-9.999985200021905e-08,-9.999985200021905e-08,0,0,0,9.999985200021905e-08,9.999985200021905e-08,9.999985200021905e-08,99.99985200021905,99.99985200021905,99.99985200021905
22.4,99.9999900000148,99.9999900000148,99.9999900000148,-9.999985200021906e-06,-9.999985200021906e-06,-9.999985200021906e-06,0,0,2.999995560006572e-07,460,0.00013799979575424,9.999985200021905e-08,9.999985200021905e-08,9.999985200021905e-08,1000000000,1000000000,1000000000,99.99985200021905,99.99985200021905,99.99985200021905,90,0.9,92,3,1,1,1,1,2,1,1,2,1,1,1,-9.999985200021905e-08,-9.999985200021905e-08,-9.999985200021905e-08,9.999985200021905e-08,9.999985200021905e-08,9.999985200021905e-08,-0.00013799979575424,-0.00013799979575424,-0.00013799979575424,-9.999985200021905e-08,-9.999985200021905e-08,-9.999985200021905e-08,99.99985200021905,99.99985200021905,99.99985200021905,-2.999995560006572e-07,-0.00013799979575424,2.999995560006572e-07,0,-9.999985200021905e-08,-9.999985200021905e-08,-9.999985200021905e-08,0,0,0,9.999985200021905e-08,9.999985200021905e-08,9.999985200021905e-08,99.99985200021905,99.99985200021905,99.99985200021905
22.5,99.9999900000148,99.9999900000148,99.9999900000148,-9.999985200021906e-06,-9.999985200021906e-06,-9.999985200021906e-06,0,0,2.999995560006572e-07,460,0.00013799979575424,9.999985200021905e-08,9.999985200021905e-08,9.999985200021905e-08,1000000000,1000000000,1000000000,99.99985200021905,99.99985200021905,99.99985200021905,90,0.9,92,3,1,1,1,1,2,1,1,2,1,1,1,-9.999985200021905e-08,-9.999985200021905e-08,-9.999985200021905e-08,9.999985200021905e-08,9.999985200021905e-08,9.999985200021905e-08,-0.00013799979575424,-0.00013799979575424,-0.00013799979575424,-9.999985200021905e-08,-9.999985200021905e-08,-9.999985200021905e-08,99.99985200021905,99.99985200021905,99.99985200021905,-2.999995560006572e-07,-0.00013799979575424,2.999995560006572e-07,0,-9.999985200021905e-08,-9.999985200021905e-08,-9.999985200021905e-08,0,0,0,9.999985200021905e-08,9.999985200021905e-08,9.999985200021905e-08,99.99985200021905,99.99985200021905,99.99985200021905
22.6,99.9999900000148,99.9999900000148,99.9999900000148,-9.999985200021906e-06,-9.999985200021906e-06,-9.999985200021906e-06,0,0,2.999995560006572e-07,460,0.00013799979575424,9.999985200021905e-08,9.999985200021905e-08,9.999985200021905e-08,1000000000,1000000000,1000000000,99.99985200021905,99.99985200021905,99.99985200021905,90,0.9,92,3,1,1,1,1,2,1,1,2,1,1,1,-9.999985200021905e-08,-9.999985200021905e-08,-9.999985200021905e-08,9.999985200021905e-08,9.999985200021905e-08,9.999985200021905e-08,-0.00013799979575424,-0.00013799979575424,-0.00013799979575424,-9.999985200021905e-08,-9.999985200021905e-08,-9.999985200021905e-08,99.99985200021905,99.99985200021905,99.99985200021905,-2.999995560006572e-07,-0.00013799979575424,2.999995560006572e-07,0,-9.999985200021905e-08,-9.999985200021905e-08,-9.999985200021905e-08,0,0,0,9.999985200021905e-08,9.999985200021905e-08,9.999985200021905e-08,99.99985200021905,99.99985200021905,99.99985200021905
22.7,99.9999900000148,99.9999900000148,99.9999900000148,-9.999985200021906e-06,-9.999985200021906e-06,-9.999985200021906e-06,0,0,2.999995560006572e-07,460,0.00013799979575424,9.999985200021905e-08,9.999985200021905e-08,9.999985200021905e-08,1000000000,1000000000,1000000000,99.99985200021905,99.99985200021905,99.99985200021905,90,0.9,92,3,1,1,1,1,2,1,1,2,1,1,1,-9.999985200021905e-08,-9.999985200021905e-08,-9.999985200021905e-08,9.999985200021905e-08,9.999985200021905e-08,9.999985200021905e-08,-0.00013799979575424,-0.00013799979575424,-0.00013799979575424,-9.999985200021905e-08,-9.999985200021905e-08,-9.999985200021905e-08,99.99985200021905,99.99985200021905,99.99985200021905,-2.999995560006572e-07,-0.00013799979575424,2.999995560006572e-07,0,-9.999985200021905e-08,-9.999985200021905e-08,-9.999985200021905e-08,0,0,0,9.999985200021905e-08,9.999985200021905e-08,9.999985200021905e-08,99.99985200021905,99.99985200021905,99.99985200021905
22.8,99.9999900000148,99.9999900000148,99.9999900000148,-9.999985200021906e-06,-9.999985200021906e-06,-9.999985200021906e-06,0,0,2.999995560006572e-07,460,0.00013799979575424,9.999985200021905e-08,9.999985200021905e-08,9.999985200021905e-08,1000000000,1000000000,1000000000,99.99985200021905,99.99985200021905,99.99985200021905,90,0.9,92,3,1,1,1,1,2,1,1,2,1,1,1,-9.999985200021905e-08,-9.999985200021905e-08,-9.999985200021905e-08,9.999985200021905e-08,9.999985200021905e-08,9.999985200021905e-08,-0.00013799979575424,-0.00013799979575424,-0.00013799979575424,-9.999985200021905e-08,-9.999985200021905e-08,-9.999985200021905e-08,99.99985200021905,99.99985200021905,99.99985200021905,-2.999995560006572e-07,-0.00013799979575424,2.999995560006572e-07,0,-9.999985200021905e-08,-9.999985200021905e-08,-9.999985200021905e-08,0,0,0,9.999985200021905e-08,9.999985200021905e-08,9.999985200021905e-08,99.99985200021905,99.99985200021905,99.99985200021905
22.9,99.9999900000148,99.9999900000148,99.9999900000148,-9.999985200021906e-06,-9.999985200021906e-06,-9.999985200021906e-06,0,0,2.999995560006572e-07,460,0.00013799979575424,9.999985200021905e-08,9.999985200021905e-08,9.999985200021905e-08,1000000000,1000000000,1000000000,99.99985200021905,99.99985200021905,99.99985200021905,90,0.9,92,3,1,1,1,1,2,1,1,2,1,1,1,-9.999985200021905e-08,-9.999985200021905e-08,-9.999985200021905e-08,9.999985200021905e-08,9.999985200021905e-08,9.999985200021905e-08,-0.00013799979575424,-0.00013799979575424,-0.00013799979575424,-9.999985200021905e-08,-9.999985200021905e-08,-9.999985200021905e-08,99.99985200021905,99.99985200021905,99.99985200021905,-2.999995560006572e-07,-0.00013799979575424,2.999995560006572e-07,0,-9.999985200021905e-08,-9.999985200021905e-08,-9.999985200021905e-08,0,0,0,9.999985200021905e-08,9.999985200021905e-08,9.999985200021905e-08,99.99985200021905,99.99985200021905,99.99985200021905
23,99.9999900000148,99.9999900000148,99.9999900000148,-9.999985200021906e-06,-9.999985200021906e-06,-9.999985200021906e-06,0,0,2.999995560006572e-07,460,0.00013799979575424,9.999985200021905e-08,9.999985200021905e-08,9.999985200021905e-08,1000000000,1000000000,1000000000,99.99985200021905,99.99985200021905,99.99985200021905,90,0.9,92,3,1,1,1,1,2,1,1,2,1,1,1,-9.999985200021905e-08,-9.999985200021905e-08,-9.999985200021905e-08,9.999985200021905e-08,9.999985200021905e-08,9.999985200021905e-08,-0.00013799979575424,-0.00013799979575424,-0.00013799979575424,-9.999985200021905e-08,-9.999985200021905e-08,-9.999985200021905e-08,99.99985200021905,99.99985200021905,99.99985200021905,-2.999995560006572e-07,-0.00013799979575424,2.999995560006572e-07,0,-9.999985200021905e-08,-9.999985200021905e-08,-9.999985200021905e-08,0,0,0,9.999985200021905e-08,9.999985200021905e-08,9.999985200021905e-08,99.99985200021905,99.99985200021905,99.99985200021905
23.00000000460059,99.9999900000148,99.9999900000148,99.9999900000148,-9.999985200021906e-06,-9.999985200021906e-06,-9.999985200021906e-06,0,0,2.999995560006572e-07,460,0.00013799979575424,9.999985200021905e-08,9.999985200021905e-08,9.999985200021905e-08,1000000000,1000000000,1000000000,99.99985200021905,99.99985200021905,99.99985200021905,90,0.9,92,3,1,1,1,1,2,1,1,2,1,1,1,-9.999985200021905e-08,-9.999985200021905e-08,-9.999985200021905e-08,9.999985200021905e-08,9.999985200021905e-08,9.999985200021905e-08,-0.00013799979575424,-0.00013799979575424,-0.00013799979575424,-9.999985200021905e-08,-9.999985200021905e-08,-9.999985200021905e-08,99.99985200021905,99.99985200021905,99.99985200021905,-2.999995560006572e-07,-0.00013799979575424,2.999995560006572e-07,0,-9.999985200021905e-08,-9.999985200021905e-08,-9.999985200021905e-08,0,0,0,9.999985200021905e-08,9.999985200021905e-08,9.999985200021905e-08,99.99985200021905,99.99985200021905,99.99985200021905
23.00000000460059,99.99999803921597,80.39215765094184,80.39215765094184,-1.960784038847021e-06,-19.60784234905817,-19.60784234905817,-1.841758000263209e-17,0,0.3921568665890037,205,80.39215765074576,1.960784038847021e-08,0.1960784234905817,0.1960784234905817,1000000000,1e-09,1e-09,19.60784038847021,1.960784234905817e-10,1.960784234905817e-10,90,0.9,41,3,1,1,1,1,2,2,2,2,1,1,3,-1.960784038847021e-08,-0.1960784234905817,-0.1960784234905817,1.960784038847021e-08,0.1960784234905817,0.1960784234905817,-80.39215765074576,-80.39215765074576,-80.39215765074576,-1.960784038847021e-08,-0.1960784234905817,-0.1960784234905817,19.60784038847021,1.960784234905817e-10,1.960784234905817e-10,-0.3921568665890037,-80.39215765074576,0.3921568665890037,0,-1.960784038847021e-08,-0.1960784234905817,-0.1960784234905817,0,0,0,1.960784038847021e-08,0.1960784234905817,0.1960784234905817,19.60784038847021,1.960784234905817e-10,1.960784234905817e-10
23.1,99.99999803921597,80.39215765094184,80.39215765094184,-1.960784038847021e-06,-19.60784234905817,-19.60784234905817,-1.841758000263209e-17,0,0.3921568665890037,205,80.39215765074576,1.960784038847021e-08,0.1960784234905817,0.1960784234905817,1000000000,1e-09,1e-09,19.60784038847021,1.960784234905817e-10,1.960784234905817e-10,90,0.9,41,3,1,1,1,1,2,2,2,2,1,1,3,-1.960784038847021e-08,-0.1960784234905817,-0.1960784234905817,1.960784038847021e-08,0.1960784234905817,0.1960784234905817,-80.39215765074576,-80.39215765074576,-80.39215765074576,-1.960784038847021e-08,-0.1960784234905817,-0.1960784234905817,19.60784038847021,1.960784234905817e-10,1.960784234905817e-10,-0.3921568665890037,-80.39215765074576,0.3921568665890037,0,-1.960784038847021e-08,-0.1960784234905817,-0.1960784234905817,0,0,0,1.960784038847021e-08,0.1960784234905817,0.1960784234905817,19.60784038847021,1.960784234905817e-10,1.960784234905817e-10
23.2,99.99999803921597,80.39215765094184,80.39215765094184,-1.960784038847021e-06,-19.60784234905817,-19.60784234905817,-1.841758000263209e-17,0,0.3921568665890037,205,80.39215765074576,1.960784038847021e-08,0.1960784234905817,0.1960784234905817,1000000000,1e-09,1e-09,19.60784038847021,1.960784234905817e-10,1.960784234905817e-10,90,0.9,41,3,1,1,1,1,2,2,2,2,1,1,3,-1.960784038847021e-08,-0.1960784234905817,-0.1960784234905817,1.960784038847021e-08,0.1960784234905817,0.1960784234905817,-80.39215765074576,-80.39215765074576,-80.39215765074576,-1.960784038847021e-08,-0.1960784234905817,-0.1960784234905817,19.60784038847021,1.960784234905817e-10,1.960784234905817e-10,-0.3921568665890037,-80.39215765074576,0.3921568665890037,0,-1.960784038847021e-08,-0.1960784234905817,-0.1960784234905817,0,0,0,1.960784038847021e-08,0.1960784234905817,0.1960784234905817,19.60784038847021,1.960784234905817e-10,1.960784234905817e-10
23.3,99.99999803921597,80.39215765094184,80.39215765094184,-1.960784038847021e-06,-19.60784234905817,-19.60784234905817,-1.841758000263209e-17,0,0.3921568665890037,205,80.39215765074576,1.960784038847021e-08,0.1960784234905817,0.1960784234905817,1000000000,1e-09,1e-09,19.60784038847021,1.960784234905817e-10,1.960784234905817e-10,90,0.9,41,3,1,1,1,1,2,2,2,2,1,1,3,-1.960784038847021e-08,-0.1960784234905817,-0.1960784234905817,1.960784038847021e-08,0.1960784234905817,0.1960784234905817,-80.39215765074576,-80.39215765074576,-80.39215765074576,-1.960784038847021e-08,-0.1960784234905817,-0.1960784234905817,19.60784038847021,1.960784234905817e-10,1.960784234905817e-10,-0.3921568665890037,-80.39215765074576,0.3921568665890037,0,-1.960784038847021e-08,-0.1960784234905817,-0.1960784234905817,0,0,0,1.960784038847021e-08,0.1960784234905817,0.1960784234905817,19.60784038847021,1.960784234905817e-10,1.960784234905817e-10
23.4,99.99999803921597,80.39215765094184,80.39215765094184,-1.960784038847021e-06,-19.60784234905817,-19.60784234905817,-1.841758000263209e-17,0,0.3921568665890037,205,80.39215765074576,1.960784038847021e-08,0.1960784234905817,0.1960784234905817,1000000000,1e-09,1e-09,19.60784038847021,1.960784234905817e-10,1.960784234905817e-10,90,0.9,41,3,1,1,1,1,2,2,2,2,1,1,3,-1.960784038847021e-08,-0.1960784234905817,-0.1960784234905817,1.960784038847021e-08,0.1960784234905817,0.1960784234905817,-80.39215765074576,-80.39215765074576,-80.39215765074576,-1.960784038847021e-08,-0.1960784234905817,-0.1960784234905817,19.60784038847021,1.960784234905817e-10,1.960784234905817e-10,-0.3921568665890037,-80.39215765074576,0.3921568665890037,0,-1.960784038847021e-08,-0.1960784234905817,-0.1960784234905817,0,0,0,1.960784038847021e-08,0.1960784234905817,0.1960784234905817,19.60784038847021,1.960784234905817e-10,1.960784234905817e-10
23.5,99.99999803921597,80.39215765094184,80.39215765094184,-1.960784038847021e-06,-19.60784234905817,-19.60784234905817,-1.841758000263209e-17,0,0.3921568665890037,205,80.39215765074576,1.960784038847021e-08,0.1960784234905817,0.1960784234905817,1000000000,1e-09,1e-09,19.60784038847021,1.960784234905817e-10,1.960784234905817e-10,90,0.9,41,3,1,1,1,1,2,2,2,2,1,1,3,-1.960784038847021e-08,-0.1960784234905817,-0.1960784234905817,1.960784038847021e-08,0.1960784234905817,0.1960784234905817,-80.39215765074576,-80.39215765074576,-80.39215765074576,-1.960784038847021e-08,-0.1960784234905817,-0.1960784234905817,19.60784038847021,1.960784234905817e-10,1.960784234905817e-10,-0.3921568665890037,-80.39215765074576,0.3921568665890037,0,-1.960784038847021e-08,-0.1960784234905817,-0.1960784234905817,0,0,0,1.960784038847021e-08,0.1960784234905817,0.1960784234905817,19.60784038847021,1.960784234905817e-10,1.960784234905817e-10
23.6,99.99999803921597,80.39215765094184,80.39215765094184,-1.960784038847021e-06,-19.60784234905817,-19.60784234905817,-1.841758000263209e-17,0,0.3921568665890037,205,80.39215765074576,1.960784038847021e-08,0.1960784234905817,0.1960784234905817,1000000000,1e-09,1e-09,19.60784038847021,1.960784234905817e-10,1.960784234905817e-10,90,0.9,41,3,1,1,1,1,2,2,2,2,1,1,3,-1.960784038847021e-08,-0.1960784234905817,-0.1960784234905817,1.960784038847021e-08,0.1960784234905817,0.1960784234905817,-80.39215765074576,-80.39215765074576,-80.39215765074576,-1.960784038847021e-08,-0.1960784234905817,-0.1960784234905817,19.60784038847021,1.960784234905817e-10,1.960784234905817e-10,-0.3921568665890037,-80.39215765074576,0.3921568665890037,0,-1.960784038847021e-08,-0.1960784234905817,-0.1960784234905817,0,0,0,1.960784038847021e-08,0.1960784234905817,0.1960784234905817,19.60784038847021,1.960784234905817e-10,1.960784234905817e-10
23.7,99.99999803921597,80.39215765094184,80.39215765094184,-1.960784038847021e-06,-19.60784234905817,-19.60784234905817,-1.841758000263209e-17,0,0.3921568665890037,205,80.39215765074576,1.960784038847021e-08,0.1960784234905817,0.1960784234905817,1000000000,1e-09,1e-09,19.60784038847021,1.960784234905817e-10,1.960784234905817e-10,90,0.9,41,3,1,1,1,1,2,2,2,2,1,1,3,-1.960784038847021e-08,-0.1960784234905817,-0.1960784234905817,1.960784038847021e-08,0.1960784234905817,0.1960784234905817,-80.39215765074576,-80.39215765074576,-80.39215765074576,-1.960784038847021e-08,-0.1960784234905817,-0.1960784234905817,19.60784038847021,1.960784234905817e-10,1.960784234905817e-10,-0.3921568665890037,-80.39215765074576,0.3921568665890037,0,-1.960784038847021e-08,-0.1960784234905817,-0.1960784234905817,0,0,0,1.960784038847021e-08,0.1960784234905817,0.1960784234905817,19.60784038847021,1.960784234905817e-10,1.960784234905817e-10
23.8,99.99999803921597,80.39215765094184,80.39215765094184,-1.960784038847021e-06,-19.60784234905817,-19.60784234905817,-1.841758000263209e-17,0,0.3921568665890037,205,80.39215765074576,1.960784038847021e-08,0.1960784234905817,0.1960784234905817,1000000000,1e-09,1e-09,19.60784038847021,1.960784234905817e-10,1.960784234905817e-10,90,0.9,41,3,1,1,1,1,2,2,2,2,1,1,3,-1.960784038847021e-08,-0.1960784234905817,-0.1960784234905817,1.960784038847021e-08,0.1960784234905817,0.1960784234905817,-80.39215765074576,-80.39215765074576,-80.39215765074576,-1.960784038847021e-08,-0.1960784234905817,-0.1960784234905817,19.60784038847021,1.960784234905817e-10,1.960784234905817e-10,-0.3921568665890037,-80.39215765074576,0.3921568665890037,0,-1.960784038847021e-08,-0.1960784234905817,-0.1960784234905817,0,0,0,1.960784038847021e-08,0.1960784234905817,0.1960784234905817,19.60784038847021,1.960784234905817e-10,1.960784234905817e-10
23.9,99.99999803921597,80.39215765094184,80.39215765094184,-1.960784038847021e-06,-19.60784234905817,-19.60784234905817,-1.841758000263209e-17,0,0.3921568665890037,205,80.39215765074576,1.960784038847021e-08,0.1960784234905817,0.1960784234905817,1000000000,1e-09,1e-09,19.60784038847021,1.960784234905817e-10,1.960784234905817e-10,90,0.9,41,3,1,1,1,1,2,2,2,2,1,1,3,-1.960784038847021e-08,-0.1960784234905817,-0.1960784234905817,1.960784038847021e-08,0.1960784234905817,0.1960784234905817,-80.39215765074576,-80.39215765074576,-80.39215765074576,-1.960784038847021e-08,-0.1960784234905817,-0.1960784234905817,19.60784038847021,1.960784234905817e-10,1.960784234905817e-10,-0.3921568665890037,-80.39215765074576,0.3921568665890037,0,-1.960784038847021e-08,-0.1960784234905817,-0.1960784234905817,0,0,0,1.960784038847021e-08,0.1960784234905817,0.1960784234905817,19.60784038847021,1.960784234905817e-10,1.960784234905817e-10
24,99.99999803921597,80.39215765094184,80.39215765094184,-1.960784038847021e-06,-19.60784234905817,-19.60784234905817,-1.841758000263209e-17,0,0.3921568665890037,205,80.39215765074576,1.960784038847021e-08,0.1960784234905817,0.1960784234905817,1000000000,1e-09,1e-09,19.60784038847021,1.960784234905817e-10,1.960784234905817e-10,90,0.9,41,3,1,1,1,1,2,2,2,2,1,1,3,-1.960784038847021e-08,-0.1960784234905817,-0.1960784234905817,1.960784038847021e-08,0.1960784234905817,0.1960784234905817,-80.39215765074576,-80.39215765074576,-80.39215765074576,-1.960784038847021e-08,-0.1960784234905817,-0.1960784234905817,19.60784038847021,1.960784234905817e-10,1.960784234905817e-10,-0.3921568665890037,-80.39215765074576,0.3921568665890037,0,-1.960784038847021e-08,-0.1960784234905817,-0.1960784234905817,0,0,0,1.960784038847021e-08,0.1960784234905817,0.1960784234905817,19.60784038847021,1.960784234905817e-10,1.960784234905817e-10
24.00000000480068,99.99999803921597,80.39215765094184,80.39215765094184,-1.960784038847021e-06,-19.60784234905817,-19.60784234905817,-1.841758000263209e-17,0,0.3921568665890037,205,80.39215765074576,1.960784038847021e-08,0.1960784234905817,0.1960784234905817,1000000000,1e-09,1e-09,19.60784038847021,1.960784234905817e-10,1.960784234905817e-10,90,0.9,41,3,1,1,1,1,2,2,2,2,1,1,3,-1.960784038847021e-08,-0.1960784234905817,-0.1960784234905817,1.960784038847021e-08,0.1960784234905817,0.1960784234905817,-80.39215765074576,-80.39215765074576,-80.39215765074576,-1.960784038847021e-08,-0.1960784234905817,-0.1960784234905817,19.60784038847021,1.960784234905817e-10,1.960784234905817e-10,-0.3921568665890037,-80.39215765074576,0.3921568665890037,0,-1.960784038847021e-08,-0.1960784234905817,-0.1960784234905817,0,0,0,1.960784038847021e-08,0.1960784234905817,0.1960784234905817,19.60784038847021,1.960784234905817e-10,1.960784234905817e-10
24.00000000480068,99.99999776598509,77.52809338792757,99.99999775280956,-2.247190437828222e-06,-22.47190662959576,-2.247190436510671e-06,1.317551477647939e-17,0,0.2247191112397663,345,77.52809338770285,2.247190437828222e-08,0.2247190662959576,2.247190436510671e-08,1000000000,1e-09,1000000000,22.47190437828223,2.247190662959576e-10,22.47190436510671,90,0.9,69,3,1,1,1,1,2,2,1,2,1,1,2,-2.247190437828222e-08,-0.2247190662959576,-2.247190436510671e-08,2.247190437828222e-08,0.2247190662959576,2.247190436510671e-08,-77.52809338770285,-77.52809338770285,-77.52809338770285,-2.247190437828222e-08,-0.2247190662959576,-2.247190436510671e-08,22.47190437828223,2.247190662959576e-10,22.47190436510671,-0.2247191112397663,-77.52809338770285,0.2247191112397663,0,-2.247190437828222e-08,-0.2247190662959576,-2.247190436510671e-08,0,0,0,2.247190437828222e-08,0.2247190662959576,2.247190436510671e-08,22.47190437828223,2.247190662959576e-10,22.47190436510671
24.1,99.99999775280955,77.52809337209858,99.99999775280956,-2.247190438093568e-06,-22.47190662790141,-2.247190438093569e-06,-2.385319556595485e-17,0,0.2247191112228229,345,77.52809337187387,2.247190438093568e-08,0.2247190662790141,2.247190438093569e-08,1000000000,1e-09,1000000000,22.47190438093568,2.247190662790141e-10,22.47190438093569,90,0.9,69,3,1,1,1,1,2,2,1,2,1,1,2,-2.247190438093568e-08,-0.2247190662790141,-2.247190438093569e-08,2.247190438093568e-08,0.2247190662790141,2.247190438093569e-08,-77.52809337187387,-77.52809337187387,-77.52809337187387,-2.247190438093568e-08,-0.2247190662790141,-2.247190438093569e-08,22.47190438093568,2.247190662790141e-10,22.47190438093569,-0.2247191112228229,-77.52809337187387,0.2247191112228229,0,-2.247190438093568e-08,-0.2247190662790141,-2.247190438093569e-08,0,0,0,2.247190438093568e-08,0.2247190662790141,2.247190438093569e-08,22.47190438093568,2.247190662790141e-10,22.47190438093569
24.2,99.99999775280958,77.52809337209861,99.99999775280956,-2.247190438093568e-06,-22.4719066279014,-2.247190438093568e-06,-2.385321541828955e-17,0,0.2247191112228228,345,77.52809337187389,2.247190438093568e-08,0.2247190662790141,2.247190438093567e-08,1000000000,1e-09,1000000000,22.47190438093568,2.247190662790141e-10,22.47190438093567,90,0.9,69,3,1,1,1,1,2,2,1,2,1,1,2,-2.247190438093568e-08,-0.2247190662790141,-2.247190438093567e-08,2.247190438093568e-08,0.2247190662790141,2.247190438093567e-08,-77.52809337187389,-77.52809337187389,-77.52809337187389,-2.247190438093568e-08,-0.2247190662790141,-2.247190438093567e-08,22.47190438093568,2.247190662790141e-10,22.47190438093567,-0.2247191112228228,-77.52809337187389,0.2247191112228228,0,-2.247190438093568e-08,-0.2247190662790141,-2.247190438093567e-08,0,0,0,2.247190438093568e-08,0.2247190662790141,2.247190438093567e-08,22.47190438093568,2.247190662790141e-10,22.47190438093567
24.3,99.99999775280956,77.5280933720986,99.99999775280956,-2.247190438093568e-06,-22.4719066279014,-2.247190438093569e-06,-2.385320218339975e-17,0,0.2247191112228228,345,77.52809337187388,2.247190438093568e-08,0.2247190662790141,2.247190438093569e-08,1000000000,1e-09,1000000000,22.47190438093568,2.247190662790141e-10,22.47190438093569,90,0.9,69,3,1,1,1,1,2,2,1,2,1,1,2,-2.247190438093568e-08,-0.2247190662790141,-2.247190438093569e-08,2.247190438093568e-08,0.2247190662790141,2.247190438093569e-08,-77.52809337187388,-77.52809337187388,-77.52809337187388,-2.247190438093568e-08,-0.2247190662790141,-2.247190438093569e-08,22.47190438093568,2.247190662790141e-10,22.47190438093569,-0.2247191112228228,-77.52809337187388,0.2247191112228228,0,-2.247190438093568e-08,-0.2247190662790141,-2.247190438093569e-08,0,0,0,2.247190438093568e-08,0.2247190662790141,2.247190438093569e-08,22.47190438093568,2.247190662790141e-10,22.47190438093569
24.4,99.99999775280956,77.5280933720986,99.99999775280956,-2.247190438093568e-06,-22.4719066279014,-2.247190438093569e-06,-2.385320218339975e-17,0,0.2247191112228228,345,77.52809337187388,2.247190438093568e-08,0.2247190662790141,2.247190438093569e-08,1000000000,1e-09,1000000000,22.47190438093568,2.247190662790141e-10,22.47190438093569,90,0.9,69,3,1,1,1,1,2,2,1,2,1,1,2,-2.247190438093568e-08,-0.2247190662790141,-2.247190438093569e-08,2.247190438093568e-08,0.2247190662790141,2.247190438093569e-08,-77.52809337187388,-77.52809337187388,-77.52809337187388,-2.247190438093568e-08,-0.2247190662790141,-2.247190438093569e-08,22.47190438093568,2.247190662790141e-10,22.47190438093569,-0.2247191112228228,-77.52809337187388,0.2247191112228228,0,-2.247190438093568e-08,-0.2247190662790141,-2.247190438093569e-08,0,0,0,2.247190438093568e-08,0.2247190662790141,2.247190438093569e-08,22.47190438093568,2.247190662790141e-10,22.47190438093569
24.5,99.99999775280956,77.5280933720986,99.99999775280956,-2.247190438093568e-06,-22.4719066279014,-2.247190438093569e-06,-2.385320218339975e-17,0,0.2247191112228228,345,77.52809337187388,2.247190438093568e-08,0.2247190662790141,2.247190438093569e-08,1000000000,1e-09,1000000000,22.47190438093568,2.247190662790141e-10,22.47190438093569,90,0.9,69,3,1,1,1,1,2,2,1,2,1,1,2,-2.247190438093568e-08,-0.2247190662790141,-2.247190438093569e-08,2.247190438093568e-08,0.2247190662790141,2.247190438093569e-08,-77.52809337187388,-77.52809337187388,-77.52809337187388,-2.247190438093568e-08,-0.2247190662790141,-2.247190438093569e-08,22.47190438093568,2.247190662790141e-10,22.47190438093569,-0.2247191112228228,-77.52809337187388,0.2247191112228228,0,-2.247190438093568e-08,-0.2247190662790141,-2.247190438093569e-08,0,0,0,2.247190438093568e-08,0.2247190662790141,2.247190438093569e-08,22.47190438093568,2.247190662790141e-10,22.47190438093569
24.6,99.99999775280956,77.5280933720986,99.99999775280956,-2.247190438093568e-06,-22.4719066279014,-2.247190438093569e-06,-2.385320218339975e-17,0,0.2247191112228228,345,77.52809337187388,2.247190438093568e-08,0.2247190662790141,2.247190438093569e-08,1000000000,1e-09,1000000000,22.47190438093568,2.247190662790141e-10,22.47190438093569,90,0.9,69,3,1,1,1,1,2,2,1,2,1,1,2,-2.247190438093568e-08,-0.2247190662790141,-2.247190438093569e-08,2.247190438093568e-08,0.2247190662790141,2.247190438093569e-08,-77.52809337187388,-77.52809337187388,-77.52809337187388,-2.247190438093568e-08,-0.2247190662790141,-2.247190438093569e-08,22.47190438093568,2.247190662790141e-10,22.47190438093569,-0.2247191112228228,-77.52809337187388,0.2247191112228228,0,-2.247190438093568e-08,-0.2247190662790141,-2.247190438093569e-08,0,0,0,2.247190438093568e-08,0.2247190662790141,2.247190438093569e-08,22.47190438093568,2.247190662790141e-10,22.47190438093569
24.7,99.99999775280956,77.5280933720986,99.99999775280956,-2.247190438093568e-06,-22.4719066279014,-2.247190438093569e-06,-2.385320218339975e-17,0,0.2247191112228228,345,77.52809337187388,2.247190438093568e-08,0.2247190662790141,2.247190438093569e-08,1000000000,1e-09,1000000000,22.47190438093568,2.247190662790141e-10,22.47190438093569,90,0.9,69,3,1,1,1,1,2,2,1,2,1,1,2,-2.247190438093568e-08,-0.2247190662790141,-2.247190438093569e-08,2.247190438093568e-08,0.2247190662790141,2.247190438093569e-08,-77.52809337187388,-77.52809337187388,-77.52809337187388,-2.247190438093568e-08,-0.2247190662790141,-2.247190438093569e-08,22.47190438093568,2.247190662790141e-10,22.47190438093569,-0.2247191112228228,-77.52809337187388,0.2247191112228228,0,-2.247190438093568e-08,-0.2247190662790141,-2.247190438093569e-08,0,0,0,2.247190438093568e-08,0.2247190662790141,2.247190438093569e-08,22.47190438093568,2.247190662790141e-10,22.47190438093569
24.8,99.99999775280956,77.5280933720986,99.99999775280956,-2.247190438093568e-06,-22.4719066279014,-2.247190438093569e-06,-2.385320218339975e-17,0,0.2247191112228228,345,77.52809337187388,2.247190438093568e-08,0.2247190662790141,2.247190438093569e-08,1000000000,1e-09,1000000000,22.47190438093568,2.247190662790141e-10,22.47190438093569,90,0.9,69,3,1,1,1,1,2,2,1,2,1,1,2,-2.247190438093568e-08,-0.2247190662790141,-2.247190438093569e-08,2.247190438093568e-08,0.2247190662790141,2.247190438093569e-08,-77.52809337187388,-77.52809337187388,-77.52809337187388,-2.247190438093568e-08,-0.2247190662790141,-2.247190438093569e-08,22.47190438093568,2.247190662790141e-10,22.47190438093569,-0.2247191112228228,-77.52809337187388,0.2247191112228228,0,-2.247190438093568e-08,-0.2247190662790141,-2.247190438093569e-08,0,0,0,2.247190438093568e-08,0.2247190662790141,2.247190438093569e-08,22.47190438093568,2.247190662790141e-10,22.47190438093569
24.9,99.99999775280956,77.5280933720986,99.99999775280956,-2.247190438093568e-06,-22.4719066279014,-2.247190438093569e-06,-2.385320218339975e-17,0,0.2247191112228228,345,77.52809337187388,2.247190438093568e-08,0.2247190662790141,2.247190438093569e-08,1000000000,1e-09,1000000000,22.47190438093568,2.247190662790141e-10,22.47190438093569,90,0.9,69,3,1,1,1,1,2,2,1,2,1,1,2,-2.247190438093568e-08,-0.2247190662790141,-2.247190438093569e-08,2.247190438093568e-08,0.2247190662790141,2.247190438093569e-08,-77.52809337187388,-77.52809337187388,-77.52809337187388,-2.247190438093568e-08,-0.2247190662790141,-2.247190438093569e-08,22.47190438093568,2.247190662790141e-10,22.47190438093569,-0.2247191112228228,-77.52809337187388,0.2247191112228228,0,-2.247190438093568e-08,-0.2247190662790141,-2.247190438093569e-08,0,0,0,2.247190438093568e-08,0.2247190662790141,2.247190438093569e-08,22.47190438093568,2.247190662790141e-10,22.47190438093569
25,99.99999775280956,77.5280933720986,99.99999775280956,-2.247190438093568e-06,-22.4719066279014,-2.247190438093569e-06,-2.385320218339975e-17,0,0.2247191112228228,345,77.52809337187388,2.247190438093568e-08,0.2247190662790141,2.247190438093569e-08,1000000000,1e-09,1000000000,22.47190438093568,2.247190662790141e-10,22.47190438093569,90,0.9,69,3,1,1,1,1,2,2,1,2,1,1,2,-2.247190438093568e-08,-0.2247190662790141,-2.247190438093569e-08,2.247190438093568e-08,0.2247190662790141,2.247190438093569e-08,-77.52809337187388,-77.52809337187388,-77.52809337187388,-2.247190438093568e-08,-0.2247190662790141,-2.247190438093569e-08,22.47190438093568,2.247190662790141e-10,22.47190438093569,-0.2247191112228228,-77.52809337187388,0.2247191112228228,0,-2.247190438093568e-08,-0.2247190662790141,-2.247190438093569e-08,0,0,0,2.247190438093568e-08,0.2247190662790141,2.247190438093569e-08,22.47190438093568,2.247190662790141e-10,22.47190438093569
25.00000000500004,99.99999775280956,77.5280933720986,99.99999775280956,-2.247190438093568e-06,-22.4719066279014,-2.247190438093569e-06,-2.385320218339975e-17,0,0.2247191112228228,345,77.52809337187388,2.247190438093568e-08,0.2247190662790141,2.247190438093569e-08,1000000000,1e-09,1000000000,22.47190438093568,2.247190662790141e-10,22.47190438093569,90,0.9,69,3,1,1,1,1,2,2,1,2,1,1,2,-2.247190438093568e-08,-0.2247190662790141,-2.247190438093569e-08,2.247190438093568e-08,0.2247190662790141,2.247190438093569e-08,-77.52809337187388,-77.52809337187388,-77.52809337187388,-2.247190438093568e-08,-0.2247190662790141,-2.247190438093569e-08,22.47190438093568,2.247190662790141e-10,22.47190438093569,-0.2247191112228228,-77.52809337187388,0.2247191112228228,0,-2.247190438093568e-08,-0.2247190662790141,-2.247190438093569e-08,0,0,0,2.247190438093568e-08,0.2247190662790141,2.247190438093569e-08,22.47190438093568,2.247190662790141e-10,22.47190438093569
25.00000000500004,99.99999756097594,75.60975701969053,75.60975701969053,-2.439024054152931e-06,-24.39024298030947,-24.39024298030947,1.983040118015021e-17,0,0.4878048839964299,155,75.60975701944663,2.439024054152931e-08,0.2439024298030947,0.2439024298030947,1000000000,1e-09,1e-09,24.39024054152932,2.439024298030947e-10,2.439024298030947e-10,90,0.9,31,3,1,1,1,1,2,2,2,2,1,1,3,-2.439024054152931e-08,-0.2439024298030947,-0.2439024298030947,2.439024054152931e-08,0.2439024298030947,0.2439024298030947,-75.60975701944663,-75.60975701944663,-75.60975701944663,-2.439024054152931e-08,-0.2439024298030947,-0.2439024298030947,24.39024054152932,2.439024298030947e-10,2.439024298030947e-10,-0.4878048839964299,-75.60975701944663,0.4878048839964299,0,-2.439024054152931e-08,-0.2439024298030947,-0.2439024298030947,0,0,0,2.439024054152931e-08,0.2439024298030947,0.2439024298030947,24.39024054152932,2.439024298030947e-10,2.439024298030947e-10
25.1,99.99999756097594,75.60975701969053,75.60975701969053,-2.439024054152931e-06,-24.39024298030947,-24.39024298030947,1.983040118015021e-17,0,0.4878048839964299,155,75.60975701944663,2.439024054152931e-08,0.2439024298030947,0.2439024298030947,1000000000,1e-09,1e-09,24.39024054152932,2.439024298030947e-10,2.439024298030947e-10,90,0.9,31,3,1,1,1,1,2,2,2,2,1,1,3,-2.439024054152931e-08,-0.2439024298030947,-0.2439024298030947,2.439024054152931e-08,0.2439024298030947,0.2439024298030947,-75.60975701944663,-75.60975701944663,-75.60975701944663,-2.439024054152931e-08,-0.2439024298030947,-0.2439024298030947,24.39024054152932,2.439024298030947e-10,2.439024298030947e-10,-0.4878048839964299,-75.60975701944663,0.4878048839964299,0,-2.439024054152931e-08,-0.2439024298030947,-0.2439024298030947,0,0,0,2.439024054152931e-08,0.2439024298030947,0.2439024298030947,24.39024054152932,2.439024298030947e-10,2.439024298030947e-10
25.2,99.99999756097594,75.60975701969053,75.60975701969053,-2.439024054152931e-06,-24.39024298030947,-24.39024298030947,1.983040118015021e-17,0,0.4878048839964299,155,75.60975701944663,2.439024054152931e-08,0.2439024298030947,0.2439024298030947,1000000000,1e-09,1e-09,24.39024054152932,2.439024298030947e-10,2.439024298030947e-10,90,0.9,31,3,1,1,1,1,2,2,2,2,1,1,3,-2.439024054152931e-08,-0.2439024298030947,-0.2439024298030947,2.439024054152931e-08,0.2439024298030947,0.2439024298030947,-75.60975701944663,-75.60975701944663,-75.60975701944663,-2.439024054152931e-08,-0.2439024298030947,-0.2439024298030947,24.39024054152932,2.439024298030947e-10,2.439024298030947e-10,-0.4878048839964299,-75.60975701944663,0.4878048839964299,0,-2.439024054152931e-08,-0.2439024298030947,-0.2439024298030947,0,0,0,2.439024054152931e-08,0.2439024298030947,0.2439024298030947,24.39024054152932,2.439024298030947e-10,2.439024298030947e-10
25.3,99.99999756097594,75.60975701969053,75.60975701969053,-2.439024054152931e-06,-24.39024298030947,-24.39024298030947,1.983040118015021e-17,0,0.4878048839964299,155,75.60975701944663,2.439024054152931e-08,0.2439024298030947,0.2439024298030947,1000000000,1e-09,1e-09,24.39024054152932,2.439024298030947e-10,2.439024298030947e-10,90,0.9,31,3,1,1,1,1,2,2,2,2,1,1,3,-2.439024054152931e-08,-0.2439024298030947,-0.2439024298030947,2.439024054152931e-08,0.2439024298030947,0.2439024298030947,-75.60975701944663,-75.60975701944663,-75.60975701944663,-2.439024054152931e-08,-0.2439024298030947,-0.2439024298030947,24.39024054152932,2.439024298030947e-10,2.439024298030947e-10,-0.4878048839964299,-75.60975701944663,0.4878048839964299,0,-2.439024054152931e-08,-0.2439024298030947,-0.2439024298030947,0,0,0,2.439024054152931e-08,0.2439024298030947,0.2439024298030947,24.39024054152932,2.439024298030947e-10,2.439024298030947e-10
25.4,99.99999756097594,75.60975701969053,75.60975701969053,-2.439024054152931e-06,-24.39024298030947,-24.39024298030947,1.983040118015021e-17,0,0.4878048839964299,155,75.60975701944663,2.439024054152931e-08,0.2439024298030947,0.2439024298030947,1000000000,1e-09,1e-09,24.39024054152932,2.439024298030947e-10,2.439024298030947e-10,90,0.9,31,3,1,1,1,1,2,2,2,2,1,1,3,-2.439024054152931e-08,-0.2439024298030947,-0.2439024298030947,2.439024054152931e-08,0.2439024298030947,0.2439024298030947,-75.60975701944663,-75.60975701944663,-75.60975701944663,-2.439024054152931e-08,-0.2439024298030947,-0.2439024298030947,24.39024054152932,2.439024298030947e-10,2.439024298030947e-10,-0.4878048839964299,-75.60975701944663,0.4878048839964299,0,-2.439024054152931e-08,-0.2439024298030947,-0.2439024298030947,0,0,0,2.439024054152931e-08,0.2439024298030947,0.2439024298030947,24.39024054152932,2.439024298030947e-10,2.439024298030947e-10
25.5,99.99999756097594,75.60975701969053,75.60975701969053,-2.439024054152931e-06,-24.39024298030947,-24.39024298030947,1.983040118015021e-17,0,0.4878048839964299,155,75.60975701944663,2.439024054152931e-08,0.2439024298030947,0.2439024298030947,1000000000,1e-09,1e-09,24.39024054152932,2.439024298030947e-10,2.439024298030947e-10,90,0.9,31,3,1,1,1,1,2,2,2,2,1,1,3,-2.439024054152931e-08,-0.2439024298030947,-0.2439024298030947,2.439024054152931e-08,0.2439024298030947,0.2439024298030947,-75.60975701944663,-75.60975701944663,-75.60975701944663,-2.439024054152931e-08,-0.2439024298030947,-0.2439024298030947,24.39024054152932,2.439024298030947e-10,2.439024298030947e-10,-0.4878048839964299,-75.60975701944663,0.4878048839964299,0,-2.439024054152931e-08,-0.2439024298030947,-0.2439024298030947,0,0,0,2.439024054152931e-08,0.2439024298030947,0.2439024298030947,24.39024054152932,2.439024298030947e-10,2.439024298030947e-10
25.6,99.99999756097594,75.60975701969053,75.60975701969053,-2.439024054152931e-06,-24.39024298030947,-24.39024298030947,1.983040118015021e-17,0,0.4878048839964299,155,75.60975701944663,2.439024054152931e-08,0.2439024298030947,0.2439024298030947,1000000000,1e-09,1e-09,24.39024054152932,2.439024298030947e-10,2.439024298030947e-10,90,0.9,31,3,1,1,1,1,2,2,2,2,1,1,3,-2.439024054152931e-08,-0.2439024298030947,-0.2439024298030947,2.439024054152931e-08,0.2439024298030947,0.2439024298030947,-75.60975701944663,-75.60975701944663,-75.60975701944663,-2.439024054152931e-08,-0.2439024298030947,-0.2439024298030947,24.39024054152932,2.439024298030947e-10,2.439024298030947e-10,-0.4878048839964299,-75.60975701944663,0.4878048839964299,0,-2.439024054152931e-08,-0.2439024298030947,-0.2439024298030947,0,0,0,2.439024054152931e-08,0.2439024298030947,0.2439024298030947,24.39024054152932,2.439024298030947e-10,2.439024298030947e-10
25.7,99.99999756097594,75.60975701969053,75.60975701969053,-2.439024054152931e-06,-24.39024298030947,-24.39024298030947,1.983040118015021e-17,0,0.4878048839964299,155,75.60975701944663,2.439024054152931e-08,0.2439024298030947,0.2439024298030947,1000000000,1e-09,1e-09,24.39024054152932,2.439024298030947e-10,2.439024298030947e-10,90,0.9,31,3,1,1,1,1,2,2,2,2,1,1,3,-2.439024054152931e-08,-0.2439024298030947,-0.2439024298030947,2.439024054152931e-08,0.2439024298030947,0.2439024298030947,-75.60975701944663,-75.60975701944663,-75.60975701944663,-2.439024054152931e-08,-0.2439024298030947,-0.2439024298030947,24.39024054152932,2.439024298030947e-10,2.439024298030947e-10,-0.4878048839964299,-75.60975701944663,0.4878048839964299,0,-2.439024054152931e-08,-0.2439024298030947,-0.2439024298030947,0,0,0,2.439024054152931e-08,0.2439024298030947,0.2439024298030947,24.39024054152932,2.439024298030947e-10,2.439024298030947e-10
25.8,99.99999756097594,75.60975701969053,75.60975701969053,-2.439024054152931e-06,-24.39024298030947,-24.39024298030947,1.983040118015021e-17,0,0.4878048839964299,155,75.60975701944663,2.439024054152931e-08,0.2439024298030947,0.2439024298030947,1000000000,1e-09,1e-09,24.39024054152932,2.439024298030947e-10,2.439024298030947e-10,90,0.9,31,3,1,1,1,1,2,2,2,2,1,1,3,-2.439024054152931e-08,-0.2439024298030947,-0.2439024298030947,2.439024054152931e-08,0.2439024298030947,0.2439024298030947,-75.60975701944663,-75.60975701944663,-75.60975701944663,-2.439024054152931e-08,-0.2439024298030947,-0.2439024298030947,24.39024054152932,2.439024298030947e-10,2.439024298030947e-10,-0.4878048839964299,-75.60975701944663,0.4878048839964299,0,-2.439024054152931e-08,-0.2439024298030947,-0.2439024298030947,0,0,0,2.439024054152931e-08,0.2439024298030947,0.2439024298030947,24.39024054152932,2.439024298030947e-10,2.439024298030947e-10
25.9,99.99999756097594,75.60975701969053,75.60975701969053,-2.439024054152931e-06,-24.39024298030947,-24.39024298030947,1.983040118015021e-17,0,0.4878048839964299,155,75.60975701944663,2.439024054152931e-08,0.2439024298030947,0.2439024298030947,1000000000,1e-09,1e-09,24.39024054152932,2.439024298030947e-10,2.439024298030947e-10,90,0.9,31,3,1,1,1,1,2,2,2,2,1,1,3,-2.439024054152931e-08,-0.2439024298030947,-0.2439024298030947,2.439024054152931e-08,0.2439024298030947,0.2439024298030947,-75.60975701944663,-75.60975701944663,-75.60975701944663,-2.439024054152931e-08,-0.2439024298030947,-0.2439024298030947,24.39024054152932,2.439024298030947e-10,2.439024298030947e-10,-0.4878048839964299,-75.60975701944663,0.4878048839964299,0,-2.439024054152931e-08,-0.2439024298030947,-0.2439024298030947,0,0,0,2.439024054152931e-08,0.2439024298030947,0.2439024298030947,24.39024054152932,2.439024298030947e-10,2.439024298030947e-10
26,99.99999756097594,75.60975701969053,75.60975701969053,-2.439024054152931e-06,-24.39024298030947,-24.39024298030947,1.983040118015021e-17,0,0.4878048839964299,155,75.60975701944663,2.439024054152931e-08,0.2439024298030947,0.2439024298030947,1000000000,1e-09,1e-09,24.39024054152932,2.439024298030947e-10,2.439024298030947e-10,90,0.9,31,3,1,1,1,1,2,2,2,2,1,1,3,-2.439024054152931e-08,-0.2439024298030947,-0.2439024298030947,2.439024054152931e-08,0.2439024298030947,0.2439024298030947,-75.60975701944663,-75.60975701944663,-75.60975701944663,-2.439024054152931e-08,-0.2439024298030947,-0.2439024298030947,24.39024054152932,2.439024298030947e-10,2.439024298030947e-10,-0.4878048839964299,-75.60975701944663,0.4878048839964299,0,-2.439024054152931e-08,-0.2439024298030947,-0.2439024298030947,0,0,0,2.439024054152931e-08,0.2439024298030947,0.2439024298030947,24.39024054152932,2.439024298030947e-10,2.439024298030947e-10
26.00000000520013,99.99999756097594,75.60975701969053,75.60975701969053,-2.439024054152931e-06,-24.39024298030947,-24.39024298030947,1.983040118015021e-17,0,0.4878048839964299,155,75.60975701944663,2.439024054152931e-08,0.2439024298030947,0.2439024298030947,1000000000,1e-09,1e-09,24.39024054152932,2.439024298030947e-10,2.439024298030947e-10,90,0.9,31,3,1,1,1,1,2,2,2,2,1,1,3,-2.439024054152931e-08,-0.2439024298030947,-0.2439024298030947,2.439024054152931e-08,0.2439024298030947,0.2439024298030947,-75.60975701944663,-75.60975701944663,-75.60975701944663,-2.439024054152931e-08,-0.2439024298030947,-0.2439024298030947,24.39024054152932,2.439024298030947e-10,2.439024298030947e-10,-0.4878048839964299,-75.60975701944663,0.4878048839964299,0,-2.439024054152931e-08,-0.2439024298030947,-0.2439024298030947,0,0,0,2.439024054152931e-08,0.2439024298030947,0.2439024298030947,24.39024054152932,2.439024298030947e-10,2.439024298030947e-10
26.00000000520013,99.99999804682894,80.39216001950399,99.99999803921619,-1.960783802752103e-06,-19.60783997788453,-1.960783801990829e-06,7.612745009394977e-18,0,0.1960784389945214,410,80.39216001930791,1.960783802752103e-08,0.1960783997788453,1.960783801990829e-08,1000000000,1e-09,1000000000,19.60783802752103,1.960783997788453e-10,19.60783801990829,90,0.9,82,3,1,1,1,1,2,2,1,2,1,1,2,-1.960783802752103e-08,-0.1960783997788453,-1.960783801990829e-08,1.960783802752103e-08,0.1960783997788453,1.960783801990829e-08,-80.39216001930791,-80.39216001930791,-80.39216001930791,-1.960783802752103e-08,-0.1960783997788453,-1.960783801990829e-08,19.60783802752103,1.960783997788453e-10,19.60783801990829,-0.1960784389945214,-80.39216001930791,0.1960784389945214,0,-1.960783802752103e-08,-0.1960783997788453,-1.960783801990829e-08,0,0,0,1.960783802752103e-08,0.1960783997788453,1.960783801990829e-08,19.60783802752103,1.960783997788453e-10,19.60783801990829
26.1,99.99999803921619,80.39216001541632,99.99999803921619,-1.960783802399596e-06,-19.60783998458367,-1.960783802399595e-06,8.175343631216793e-18,0,0.1960784390615128,410,80.39216001522024,1.960783802399596e-08,0.1960783998458367,1.960783802399595e-08,1000000000,1e-09,1000000000,19.60783802399596,1.960783998458368e-10,19.60783802399595,90,0.9,82,3,1,1,1,1,2,2,1,2,1,1,2,-1.960783802399596e-08,-0.1960783998458367,-1.960783802399595e-08,1.960783802399596e-08,0.1960783998458367,1.960783802399595e-08,-80.39216001522024,-80.39216001522024,-80.39216001522024,-1.960783802399596e-08,-0.1960783998458367,-1.960783802399595e-08,19.60783802399596,1.960783998458368e-10,19.60783802399595,-0.1960784390615128,-80.39216001522024,0.1960784390615128,0,-1.960783802399596e-08,-0.1960783998458367,-1.960783802399595e-08,0,0,0,1.960783802399596e-08,0.1960783998458367,1.960783802399595e-08,19.60783802399596,1.960783998458368e-10,19.60783802399595
26.2,99.99999803921619,80.39216001541632,99.99999803921619,-1.960783802399596e-06,-19.60783998458367,-1.960783802399595e-06,8.175343631216793e-18,0,0.1960784390615128,410,80.39216001522024,1.960783802399596e-08,0.1960783998458367,1.960783802399595e-08,1000000000,1e-09,1000000000,19.60783802399596,1.960783998458368e-10,19.60783802399595,90,0.9,82,3,1,1,1,1,2,2,1,2,1,1,2,-1.960783802399596e-08,-0.1960783998458367,-1.960783802399595e-08,1.960783802399596e-08,0.1960783998458367,1.960783802399595e-08,-80.39216001522024,-80.39216001522024,-80.39216001522024,-1.960783802399596e-08,-0.1960783998458367,-1.960783802399595e-08,19.60783802399596,1.960783998458368e-10,19.60783802399595,-0.1960784390615128,-80.39216001522024,0.1960784390615128,0,-1.960783802399596e-08,-0.1960783998458367,-1.960783802399595e-08,0,0,0,1.960783802399596e-08,0.1960783998458367,1.960783802399595e-08,19.60783802399596,1.960783998458368e-10,19.60783802399595
26.3,99.99999803921619,80.39216001541632,99.99999803921619,-1.960783802399596e-06,-19.60783998458367,-1.960783802399595e-06,8.175343631216793e-18,0,0.1960784390615128,410,80.39216001522024,1.960783802399596e-08,0.1960783998458367,1.960783802399595e-08,1000000000,1e-09,1000000000,19.60783802399596,1.960783998458368e-10,19.60783802399595,90,0.9,82,3,1,1,1,1,2,2,1,2,1,1,2,-1.960783802399596e-08,-0.1960783998458367,-1.960783802399595e-08,1.960783802399596e-08,0.1960783998458367,1.960783802399595e-08,-80.39216001522024,-80.39216001522024,-80.39216001522024,-1.960783802399596e-08,-0.1960783998458367,-1.960783802399595e-08,19.60783802399596,1.960783998458368e-10,19.60783802399595,-0.1960784390615128,-80.39216001522024,0.1960784390615128,0,-1.960783802399596e-08,-0.1960783998458367,-1.960783802399595e-08,0,0,0,1.960783802399596e-08,0.1960783998458367,1.960783802399595e-08,19.60783802399596,1.960783998458368e-10,19.60783802399595
26.4,99.99999803921619,80.39216001541632,99.99999803921619,-1.960783802399596e-06,-19.60783998458367,-1.960783802399595e-06,8.175343631216793e-18,0,0.1960784390615128,410,80.39216001522024,1.960783802399596e-08,0.1960783998458367,1.960783802399595e-08,1000000000,1e-09,1000000000,19.60783802399596,1.960783998458368e-10,19.60783802399595,90,0.9,82,3,1,1,1,1,2,2,1,2,1,1,2,-1.960783802399596e-08,-0.1960783998458367,-1.960783802399595e-08,1.960783802399596e-08,0.1960783998458367,1.960783802399595e-08,-80.39216001522024,-80.39216001522024,-80.39216001522024,-1.960783802399596e-08,-0.1960783998458367,-1.960783802399595e-08,19.60783802399596,1.960783998458368e-10,19.60783802399595,-0.1960784390615128,-80.39216001522024,0.1960784390615128,0,-1.960783802399596e-08,-0.1960783998458367,-1.960783802399595e-08,0,0,0,1.960783802399596e-08,0.1960783998458367,1.960783802399595e-08,19.60783802399596,1.960783998458368e-10,19.60783802399595
26.5,99.99999803921619,80.39216001541632,99.99999803921619,-1.960783802399596e-06,-19.60783998458367,-1.960783802399595e-06,8.175343631216793e-18,0,0.1960784390615128,410,80.39216001522024,1.960783802399596e-08,0.1960783998458367,1.960783802399595e-08,1000000000,1e-09,1000000000,19.60783802399596,1.960783998458368e-10,19.60783802399595,90,0.9,82,3,1,1,1,1,2,2,1,2,1,1,2,-1.960783802399596e-08,-0.1960783998458367,-1.960783802399595e-08,1.960783802399596e-08,0.1960783998458367,1.960783802399595e-08,-80.39216001522024,-80.39216001522024,-80.39216001522024,-1.960783802399596e-08,-0.1960783998458367,-1.960783802399595e-08,19.60783802399596,1.960783998458368e-10,19.60783802399595,-0.1960784390615128,-80.39216001522024,0.1960784390615128,0,-1.960783802399596e-08,-0.1960783998458367,-1.960783802399595e-08,0,0,0,1.960783802399596e-08,0.1960783998458367,1.960783802399595e-08,19.60783802399596,1.960783998458368e-10,19.60783802399595
26.6,99.99999803921619,80.39216001541632,99.99999803921619,-1.960783802399596e-06,-19.60783998458367,-1.960783802399595e-06,8.175343631216793e-18,0,0.1960784390615128,410,80.39216001522024,1.960783802399596e-08,0.1960783998458367,1.960783802399595e-08,1000000000,1e-09,1000000000,19.60783802399596,1.960783998458368e-10,19.60783802399595,90,0.9,82,3,1,1,1,1,2,2,1,2,1,1,2,-1.960783802399596e-08,-0.1960783998458367,-1.960783802399595e-08,1.960783802399596e-08,0.1960783998458367,1.960783802399595e-08,-80.39216001522024,-80.39216001522024,-80.39216001522024,-1.960783802399596e-08,-0.1960783998458367,-1.960783802399595e-08,19.60783802399596,1.960783998458368e-10,19.60783802399595,-0.1960784390615128,-80.39216001522024,0.1960784390615128,0,-1.960783802399596e-08,-0.1960783998458367,-1.960783802399595e-08,0,0,0,1.960783802399596e-08,0.1960783998458367,1.960783802399595e-08,19.60783802399596,1.960783998458368e-10,19.60783802399595
26.7,99.99999803921619,80.39216001541632,99.99999803921619,-1.960783802399596e-06,-19.60783998458367,-1.960783802399595e-06,8.175343631216793e-18,0,0.1960784390615128,410,80.39216001522024,1.960783802399596e-08,0.1960783998458367,1.960783802399595e-08,1000000000,1e-09,1000000000,19.60783802399596,1.960783998458368e-10,19.60783802399595,90,0.9,82,3,1,1,1,1,2,2,1,2,1,1,2,-1.960783802399596e-08,-0.1960783998458367,-1.960783802399595e-08,1.960783802399596e-08,0.1960783998458367,1.960783802399595e-08,-80.39216001522024,-80.39216001522024,-80.39216001522024,-1.960783802399596e-08,-0.1960783998458367,-1.960783802399595e-08,19.60783802399596,1.960783998458368e-10,19.60783802399595,-0.1960784390615128,-80.39216001522024,0.1960784390615128,0,-1.960783802399596e-08,-0.1960783998458367,-1.960783802399595e-08,0,0,0,1.960783802399596e-08,0.1960783998458367,1.960783802399595e-08,19.60783802399596,1.960783998458368e-10,19.60783802399595
26.8,99.99999803921619,80.39216001541632,99.99999803921619,-1.960783802399596e-06,-19.60783998458367,-1.960783802399595e-06,8.175343631216793e-18,0,0.1960784390615128,410,80.39216001522024,1.960783802399596e-08,0.1960783998458367,1.960783802399595e-08,1000000000,1e-09,1000000000,19.60783802399596,1.960783998458368e-10,19.60783802399595,90,0.9,82,3,1,1,1,1,2,2,1,2,1,1,2,-1.960783802399596e-08,-0.1960783998458367,-1.960783802399595e-08,1.960783802399596e-08,0.1960783998458367,1.960783802399595e-08,-80.39216001522024,-80.39216001522024,-80.39216001522024,-1.960783802399596e-08,-0.1960783998458367,-1.960783802399595e-08,19.60783802399596,1.960783998458368e-10,19.60783802399595,-0.1960784390615128,-80.39216001522024,0.1960784390615128,0,-1.960783802399596e-08,-0.1960783998458367,-1.960783802399595e-08,0,0,0,1.960783802399596e-08,0.1960783998458367,1.960783802399595e-08,19.60783802399596,1.960783998458368e-10,19.60783802399595
26.9,99.99999803921619,80.39216001541632,99.99999803921619,-1.960783802399596e-06,-19.60783998458367,-1.960783802399595e-06,8.175343631216793e-18,0,0.1960784390615128,410,80.39216001522024,1.960783802399596e-08,0.1960783998458367,1.960783802399595e-08,1000000000,1e-09,1000000000,19.60783802399596,1.960783998458368e-10,19.60783802399595,90,0.9,82,3,1,1,1,1,2,2,1,2,1,1,2,-1.960783802399596e-08,-0.1960783998458367,-1.960783802399595e-08,1.960783802399596e-08,0.1960783998458367,1.960783802399595e-08,-80.39216001522024,-80.39216001522024,-80.39216001522024,-1.960783802399596e-08,-0.1960783998458367,-1.960783802399595e-08,19.60783802399596,1.960783998458368e-10,19.60783802399595,-0.1960784390615128,-80.39216001522024,0.1960784390615128,0,-1.960783802399596e-08,-0.1960783998458367,-1.960783802399595e-08,0,0,0,1.960783802399596e-08,0.1960783998458367,1.960783802399595e-08,19.60783802399596,1.960783998458368e-10,19.60783802399595
27,99.99999803921619,80.39216001541632,99.99999803921619,-1.960783802399596e-06,-19.60783998458367,-1.960783802399595e-06,8.175343631216793e-18,0,0.1960784390615128,410,80.39216001522024,1.960783802399596e-08,0.1960783998458367,1.960783802399595e-08,1000000000,1e-09,1000000000,19.60783802399596,1.960783998458368e-10,19.60783802399595,90,0.9,82,3,1,1,1,1,2,2,1,2,1,1,2,-1.960783802399596e-08,-0.1960783998458367,-1.960783802399595e-08,1.960783802399596e-08,0.1960783998458367,1.960783802399595e-08,-80.39216001522024,-80.39216001522024,-80.39216001522024,-1.960783802399596e-08,-0.1960783998458367,-1.960783802399595e-08,19.60783802399596,1.960783998458368e-10,19.60783802399595,-0.1960784390615128,-80.39216001522024,0.1960784390615128,0,-1.960783802399596e-08,-0.1960783998458367,-1.960783802399595e-08,0,0,0,1.960783802399596e-08,0.1960783998458367,1.960783802399595e-08,19.60783802399596,1.960783998458368e-10,19.60783802399595
27.00000000540022,99.99999803921619,80.39216001541632,99.99999803921619,-1.960783802399596e-06,-19.60783998458367,-1.960783802399595e-06,8.175343631216793e-18,0,0.1960784390615128,410,80.39216001522024,1.960783802399596e-08,0.1960783998458367,1.960783802399595e-08,1000000000,1e-09,1000000000,19.60783802399596,1.960783998458368e-10,19.60783802399595,90,0.9,82,3,1,1,1,1,2,2,1,2,1,1,2,-1.960783802399596e-08,-0.1960783998458367,-1.960783802399595e-08,1.960783802399596e-08,0.1960783998458367,1.960783802399595e-08,-80.39216001522024,-80.39216001522024,-80.39216001522024,-1.960783802399596e-08,-0.1960783998458367,-1.960783802399595e-08,19.60783802399596,1.960783998458368e-10,19.60783802399595,-0.1960784390615128,-80.39216001522024,0.1960784390615128,0,-1.960783802399596e-08,-0.1960783998458367,-1.960783802399595e-08,0,0,0,1.960783802399596e-08,0.1960783998458367,1.960783802399595e-08,19.60783802399596,1.960783998458368e-10,19.60783802399595
27.00000000540022,99.99999687500043,68.75000107431626,68.75000107431626,-3.124999580099667e-06,-31.24999892568373,-31.24999892568374,-1.227947634101499e-17,0,0.6250000097636705,110,68.75000107400376,3.124999580099667e-08,0.3124999892568373,0.3124999892568374,1000000000,1e-09,1e-09,31.24999580099667,3.124999892568373e-10,3.124999892568374e-10,90,0.9,22,3,1,1,1,1,2,2,2,2,1,1,3,-3.124999580099667e-08,-0.3124999892568373,-0.3124999892568374,3.124999580099667e-08,0.3124999892568373,0.3124999892568374,-68.75000107400376,-68.75000107400376,-68.75000107400376,-3.124999580099667e-08,-0.3124999892568373,-0.3124999892568374,31.24999580099667,3.124999892568373e-10,3.124999892568374e-10,-0.6250000097636705,-68.75000107400376,0.6250000097636705,0,-3.124999580099667e-08,-0.3124999892568373,-0.3124999892568374,0,0,0,3.124999580099667e-08,0.3124999892568373,0.3124999892568374,31.24999580099667,3.124999892568373e-10,3.124999892568374e-10
27.1,99.99999687500041,68.75000107431626,68.75000107431626,-3.124999580099665e-06,-31.24999892568374,-31.24999892568374,-6.779064742460752e-17,0,0.6250000097636706,110,68.75000107400376,3.124999580099665e-08,0.3124999892568374,0.3124999892568374,1000000000,1e-09,1e-09,31.24999580099665,3.124999892568374e-10,3.124999892568374e-10,90,0.9,22,3,1,1,1,1,2,2,2,2,1,1,3,-3.124999580099665e-08,-0.3124999892568374,-0.3124999892568374,3.124999580099665e-08,0.3124999892568374,0.3124999892568374,-68.75000107400376,-68.75000107400376,-68.75000107400376,-3.124999580099665e-08,-0.3124999892568374,-0.3124999892568374,31.24999580099665,3.124999892568374e-10,3.124999892568374e-10,-0.6250000097636706,-68.75000107400376,0.6250000097636706,0,-3.124999580099665e-08,-0.3124999892568374,-0.3124999892568374,0,0,0,3.124999580099665e-08,0.3124999892568374,0.3124999892568374,31.24999580099665,3.124999892568374e-10,3.124999892568374e-10
27.2,99.99999687500043,68.75000107431627,68.75000107431627,-3.124999580099666e-06,-31.24999892568374,-31.24999892568373,4.323166165535303e-17,0,0.6250000097636704,110,68.75000107400378,3.124999580099665e-08,0.3124999892568374,0.3124999892568373,1000000000,1e-09,1e-09,31.24999580099665,3.124999892568374e-10,3.124999892568373e-10,90,0.9,22,3,1,1,1,1,2,2,2,2,1,1,3,-3.124999580099665e-08,-0.3124999892568374,-0.3124999892568373,3.124999580099665e-08,0.3124999892568374,0.3124999892568373,-68.75000107400378,-68.75000107400378,-68.75000107400378,-3.124999580099665e-08,-0.3124999892568374,-0.3124999892568373,31.24999580099665,3.124999892568374e-10,3.124999892568373e-10,-0.6250000097636704,-68.75000107400378,0.6250000097636704,0,-3.124999580099665e-08,-0.3124999892568374,-0.3124999892568373,0,0,0,3.124999580099665e-08,0.3124999892568374,0.3124999892568373,31.24999580099665,3.124999892568374e-10,3.124999892568373e-10
27.3,99.99999687500042,68.75000107431626,68.75000107431626,-3.124999580099666e-06,-31.24999892568374,-31.24999892568374,-6.779064080716262e-17,0,0.6250000097636706,110,68.75000107400376,3.124999580099665e-08,0.3124999892568374,0.3124999892568374,1000000000,1e-09,1e-09,31.24999580099665,3.124999892568374e-10,3.124999892568374e-10,90,0.9,22,3,1,1,1,1,2,2,2,2,1,1,3,-3.124999580099665e-08,-0.3124999892568374,-0.3124999892568374,3.124999580099665e-08,0.3124999892568374,0.3124999892568374,-68.75000107400376,-68.75000107400376,-68.75000107400376,-3.124999580099665e-08,-0.3124999892568374,-0.3124999892568374,31.24999580099665,3.124999892568374e-10,3.124999892568374e-10,-0.6250000097636706,-68.75000107400376,0.6250000097636706,0,-3.124999580099665e-08,-0.3124999892568374,-0.3124999892568374,0,0,0,3.124999580099665e-08,0.3124999892568374,0.3124999892568374,31.24999580099665,3.124999892568374e-10,3.124999892568374e-10
27.4,99.99999687500041,68.75000107431626,68.75000107431626,-3.124999580099665e-06,-31.24999892568373,-31.24999892568374,4.323165503790813e-17,0,0.6250000097636704,110,68.75000107400376,3.124999580099665e-08,0.3124999892568373,0.3124999892568374,1000000000,1e-09,1e-09,31.24999580099665,3.124999892568373e-10,3.124999892568374e-10,90,0.9,22,3,1,1,1,1,2,2,2,2,1,1,3,-3.124999580099665e-08,-0.3124999892568373,-0.3124999892568374,3.124999580099665e-08,0.3124999892568373,0.3124999892568374,-68.75000107400376,-68.75000107400376,-68.75000107400376,-3.124999580099665e-08,-0.3124999892568373,-0.3124999892568374,31.24999580099665,3.124999892568373e-10,3.124999892568374e-10,-0.6250000097636704,-68.75000107400376,0.6250000097636704,0,-3.124999580099665e-08,-0.3124999892568373,-0.3124999892568374,0,0,0,3.124999580099665e-08,0.3124999892568373,0.3124999892568374,31.24999580099665,3.124999892568373e-10,3.124999892568374e-10
27.5,99.99999687500042,68.75000107431626,68.75000107431626,-3.124999580099666e-06,-31.24999892568374,-31.24999892568374,-6.779063418971772e-17,0,0.6250000097636706,110,68.75000107400376,3.124999580099666e-08,0.3124999892568374,0.3124999892568374,1000000000,1e-09,1e-09,31.24999580099666,3.124999892568374e-10,3.124999892568374e-10,90,0.9,22,3,1,1,1,1,2,2,2,2,1,1,3,-3.124999580099666e-08,-0.3124999892568374,-0.3124999892568374,3.124999580099666e-08,0.3124999892568374,0.3124999892568374,-68.75000107400376,-68.75000107400376,-68.75000107400376,-3.124999580099666e-08,-0.3124999892568374,-0.3124999892568374,31.24999580099666,3.124999892568374e-10,3.124999892568374e-10,-0.6250000097636706,-68.75000107400376,0.6250000097636706,0,-3.124999580099666e-08,-0.3124999892568374,-0.3124999892568374,0,0,0,3.124999580099666e-08,0.3124999892568374,0.3124999892568374,31.24999580099666,3.124999892568374e-10,3.124999892568374e-10
27.6,99.99999687500043,68.75000107431627,68.75000107431627,-3.124999580099666e-06,-31.24999892568374,-31.24999892568373,4.323166165535303e-17,0,0.6250000097636704,110,68.75000107400378,3.124999580099665e-08,0.3124999892568374,0.3124999892568373,1000000000,1e-09,1e-09,31.24999580099665,3.124999892568374e-10,3.124999892568373e-10,90,0.9,22,3,1,1,1,1,2,2,2,2,1,1,3,-3.124999580099665e-08,-0.3124999892568374,-0.3124999892568373,3.124999580099665e-08,0.3124999892568374,0.3124999892568373,-68.75000107400378,-68.75000107400378,-68.75000107400378,-3.124999580099665e-08,-0.3124999892568374,-0.3124999892568373,31.24999580099665,3.124999892568374e-10,3.124999892568373e-10,-0.6250000097636704,-68.75000107400378,0.6250000097636704,0,-3.124999580099665e-08,-0.3124999892568374,-0.3124999892568373,0,0,0,3.124999580099665e-08,0.3124999892568374,0.3124999892568373,31.24999580099665,3.124999892568374e-10,3.124999892568373e-10
27.7,99.99999687500042,68.75000107431626,68.75000107431626,-3.124999580099666e-06,-31.24999892568374,-31.24999892568374,-6.779064080716262e-17,0,0.6250000097636706,110,68.75000107400376,3.124999580099665e-08,0.3124999892568374,0.3124999892568374,1000000000,1e-09,1e-09,31.24999580099665,3.124999892568374e-10,3.124999892568374e-10,90,0.9,22,3,1,1,1,1,2,2,2,2,1,1,3,-3.124999580099665e-08,-0.3124999892568374,-0.3124999892568374,3.124999580099665e-08,0.3124999892568374,0.3124999892568374,-68.75000107400376,-68.75000107400376,-68.75000107400376,-3.124999580099665e-08,-0.3124999892568374,-0.3124999892568374,31.24999580099665,3.124999892568374e-10,3.124999892568374e-10,-0.6250000097636706,-68.75000107400376,0.6250000097636706,0,-3.124999580099665e-08,-0.3124999892568374,-0.3124999892568374,0,0,0,3.124999580099665e-08,0.3124999892568374,0.3124999892568374,31.24999580099665,3.124999892568374e-10,3.124999892568374e-10
27.8,99.99999687500041,68.75000107431626,68.75000107431626,-3.124999580099665e-06,-31.24999892568373,-31.24999892568374,4.323165503790813e-17,0,0.6250000097636704,110,68.75000107400376,3.124999580099665e-08,0.3124999892568373,0.3124999892568374,1000000000,1e-09,1e-09,31.24999580099665,3.124999892568373e-10,3.124999892568374e-10,90,0.9,22,3,1,1,1,1,2,2,2,2,1,1,3,-3.124999580099665e-08,-0.3124999892568373,-0.3124999892568374,3.124999580099665e-08,0.3124999892568373,0.3124999892568374,-68.75000107400376,-68.75000107400376,-68.75000107400376,-3.124999580099665e-08,-0.3124999892568373,-0.3124999892568374,31.24999580099665,3.124999892568373e-10,3.124999892568374e-10,-0.6250000097636704,-68.75000107400376,0.6250000097636704,0,-3.124999580099665e-08,-0.3124999892568373,-0.3124999892568374,0,0,0,3.124999580099665e-08,0.3124999892568373,0.3124999892568374,31.24999580099665,3.124999892568373e-10,3.124999892568374e-10
27.9,99.99999687500042,68.75000107431626,68.75000107431626,-3.124999580099666e-06,-31.24999892568374,-31.24999892568374,-6.779063418971772e-17,0,0.6250000097636706,110,68.75000107400376,3.124999580099666e-08,0.3124999892568374,0.3124999892568374,1000000000,1e-09,1e-09,31.24999580099666,3.124999892568374e-10,3.124999892568374e-10,90,0.9,22,3,1,1,1,1,2,2,2,2,1,1,3,-3.124999580099666e-08,-0.3124999892568374,-0.3124999892568374,3.124999580099666e-08,0.3124999892568374,0.3124999892568374,-68.75000107400376,-68.75000107400376,-68.75000107400376,-3.124999580099666e-08,-0.3124999892568374,-0.3124999892568374,31.24999580099666,3.124999892568374e-10,3.124999892568374e-10,-0.6250000097636706,-68.75000107400376,0.6250000097636706,0,-3.124999580099666e-08,-0.3124999892568374,-0.3124999892568374,0,0,0,3.124999580099666e-08,0.3124999892568374,0.3124999892568374,31.24999580099666,3.124999892568374e-10,3.124999892568374e-10
28,99.99999687500043,68.75000107431627,68.75000107431627,-3.124999580099666e-06,-31.24999892568374,-31.24999892568373,4.323166165535303e-17,0,0.6250000097636704,110,68.75000107400378,3.124999580099665e-08,0.3124999892568374,0.3124999892568373,1000000000,1e-09,1e-09,31.24999580099665,3.124999892568374e-10,3.124999892568373e-10,90,0.9,22,3,1,1,1,1,2,2,2,2,1,1,3,-3.124999580099665e-08,-0.3124999892568374,-0.3124999892568373,3.124999580099665e-08,0.3124999892568374,0.3124999892568373,-68.75000107400378,-68.75000107400378,-68.75000107400378,-3.124999580099665e-08,-0.3124999892568374,-0.3124999892568373,31.24999580099665,3.124999892568374e-10,3.124999892568373e-10,-0.6250000097636704,-68.75000107400378,0.6250000097636704,0,-3.124999580099665e-08,-0.3124999892568374,-0.3124999892568373,0,0,0,3.124999580099665e-08,0.3124999892568374,0.3124999892568373,31.24999580099665,3.124999892568374e-10,3.124999892568373e-10
28.00000000560031,99.99999687500042,68.75000107431626,68.75000107431626,-3.124999580099666e-06,-31.24999892568374,-31.24999892568374,-6.779064080716262e-17,0,0.6250000097636706,110,68.75000107400376,3.124999580099665e-08,0.3124999892568374,0.3124999892568374,1000000000,1e-09,1e-09,31.24999580099665,3.124999892568374e-10,3.124999892568374e-10,90,0.9,22,3,1,1,1,1,2,2,2,2,1,1,3,-3.124999580099665e-08,-0.3124999892568374,-0.3124999892568374,3.124999580099665e-08,0.3124999892568374,0.3124999892568374,-68.75000107400376,-68.75000107400376,-68.75000107400376,-3.124999580099665e-08,-0.3124999892568374,-0.3124999892568374,31.24999580099665,3.124999892568374e-10,3.124999892568374e-10,-0.6250000097636706,-68.75000107400376,0.6250000097636706,0,-3.124999580099665e-08,-0.3124999892568374,-0.3124999892568374,0,0,0,3.124999580099665e-08,0.3124999892568374,0.3124999892568374,31.24999580099665,3.124999892568374e-10,3.124999892568374e-10
28.00000000560031,99.99999807692333,80.76923154589485,80.76923154589485,-1.923076653122078e-06,-19.23076845410514,-19.23076845410514,-3.54051831018417e-18,0,0.3846153883128693,210,80.76923154570255,1.923076653122078e-08,0.1923076845410514,0.1923076845410514,1000000000,1e-09,1e-09,19.23076653122078,1.923076845410514e-10,1.923076845410514e-10,90,0.9,42,3,1,1,1,1,2,2,2,2,1,1,3,-1.923076653122078e-08,-0.1923076845410514,-0.1923076845410514,1.923076653122078e-08,0.1923076845410514,0.1923076845410514,-80.76923154570255,-80.76923154570255,-80.76923154570255,-1.923076653122078e-08,-0.1923076845410514,-0.1923076845410514,19.23076653122078,1.923076845410514e-10,1.923076845410514e-10,-0.3846153883128693,-80.76923154570255,0.3846153883128693,0,-1.923076653122078e-08,-0.1923076845410514,-0.1923076845410514,0,0,0,1.923076653122078e-08,0.1923076845410514,0.1923076845410514,19.23076653122078,1.923076845410514e-10,1.923076845410514e-10
28.1,99.99999807692335,80.76923154589485,80.76923154589485,-1.923076653122079e-06,-19.23076845410514,-19.23076845410514,-3.54050838401682e-18,0,0.3846153883128693,210,80.76923154570255,1.923076653122079e-08,0.1923076845410514,0.1923076845410514,1000000000,1e-09,1e-09,19.23076653122079,1.923076845410514e-10,1.923076845410514e-10,90,0.9,42,3,1,1,1,1,2,2,2,2,1,1,3,-1.923076653122079e-08,-0.1923076845410514,-0.1923076845410514,1.923076653122079e-08,0.1923076845410514,0.1923076845410514,-80.76923154570255,-80.76923154570255,-80.76923154570255,-1.923076653122079e-08,-0.1923076845410514,-0.1923076845410514,19.23076653122079,1.923076845410514e-10,1.923076845410514e-10,-0.3846153883128693,-80.76923154570255,0.3846153883128693,0,-1.923076653122079e-08,-0.1923076845410514,-0.1923076845410514,0,0,0,1.923076653122079e-08,0.1923076845410514,0.1923076845410514,19.23076653122079,1.923076845410514e-10,1.923076845410514e-10
28.2,99.99999807692335,80.76923154589485,80.76923154589485,-1.923076653122079e-06,-19.23076845410514,-19.23076845410514,-3.54050838401682e-18,0,0.3846153883128693,210,80.76923154570255,1.923076653122079e-08,0.1923076845410514,0.1923076845410514,1000000000,1e-09,1e-09,19.23076653122079,1.923076845410514e-10,1.923076845410514e-10,90,0.9,42,3,1,1,1,1,2,2,2,2,1,1,3,-1.923076653122079e-08,-0.1923076845410514,-0.1923076845410514,1.923076653122079e-08,0.1923076845410514,0.1923076845410514,-80.76923154570255,-80.76923154570255,-80.76923154570255,-1.923076653122079e-08,-0.1923076845410514,-0.1923076845410514,19.23076653122079,1.923076845410514e-10,1.923076845410514e-10,-0.3846153883128693,-80.76923154570255,0.3846153883128693,0,-1.923076653122079e-08,-0.1923076845410514,-0.1923076845410514,0,0,0,1.923076653122079e-08,0.1923076845410514,0.1923076845410514,19.23076653122079,1.923076845410514e-10,1.923076845410514e-10
28.3,99.99999807692335,80.76923154589485,80.76923154589485,-1.923076653122079e-06,-19.23076845410514,-19.23076845410514,-3.54050838401682e-18,0,0.3846153883128693,210,80.76923154570255,1.923076653122079e-08,0.1923076845410514,0.1923076845410514,1000000000,1e-09,1e-09,19.23076653122079,1.923076845410514e-10,1.923076845410514e-10,90,0.9,42,3,1,1,1,1,2,2,2,2,1,1,3,-1.923076653122079e-08,-0.1923076845410514,-0.1923076845410514,1.923076653122079e-08,0.1923076845410514,0.1923076845410514,-80.76923154570255,-80.76923154570255,-80.76923154570255,-1.923076653122079e-08,-0.1923076845410514,-0.1923076845410514,19.23076653122079,1.923076845410514e-10,1.923076845410514e-10,-0.3846153883128693,-80.76923154570255,0.3846153883128693,0,-1.923076653122079e-08,-0.1923076845410514,-0.1923076845410514,0,0,0,1.923076653122079e-08,0.1923076845410514,0.1923076845410514,19.23076653122079,1.923076845410514e-10,1.923076845410514e-10
28.4,99.99999807692335,80.76923154589485,80.76923154589485,-1.923076653122079e-06,-19.23076845410514,-19.23076845410514,-3.54050838401682e-18,0,0.3846153883128693,210,80.76923154570255,1.923076653122079e-08,0.1923076845410514,0.1923076845410514,1000000000,1e-09,1e-09,19.23076653122079,1.923076845410514e-10,1.923076845410514e-10,90,0.9,42,3,1,1,1,1,2,2,2,2,1,1,3,-1.923076653122079e-08,-0.1923076845410514,-0.1923076845410514,1.923076653122079e-08,0.1923076845410514,0.1923076845410514,-80.76923154570255,-80.76923154570255,-80.76923154570255,-1.923076653122079e-08,-0.1923076845410514,-0.1923076845410514,19.23076653122079,1.923076845410514e-10,1.923076845410514e-10,-0.3846153883128693,-80.76923154570255,0.3846153883128693,0,-1.923076653122079e-08,-0.1923076845410514,-0.1923076845410514,0,0,0,1.923076653122079e-08,0.1923076845410514,0.1923076845410514,19.23076653122079,1.923076845410514e-10,1.923076845410514e-10
28.5,99.99999807692335,80.76923154589485,80.76923154589485,-1.923076653122079e-06,-19.23076845410514,-19.23076845410514,-3.54050838401682e-18,0,0.3846153883128693,210,80.76923154570255,1.923076653122079e-08,0.1923076845410514,0.1923076845410514,1000000000,1e-09,1e-09,19.23076653122079,1.923076845410514e-10,1.923076845410514e-10,90,0.9,42,3,1,1,1,1,2,2,2,2,1,1,3,-1.923076653122079e-08,-0.1923076845410514,-0.1923076845410514,1.923076653122079e-08,0.1923076845410514,0.1923076845410514,-80.76923154570255,-80.76923154570255,-80.76923154570255,-1.923076653122079e-08,-0.1923076845410514,-0.1923076845410514,19.23076653122079,1.923076845410514e-10,1.923076845410514e-10,-0.3846153883128693,-80.76923154570255,0.3846153883128693,0,-1.923076653122079e-08,-0.1923076845410514,-0.1923076845410514,0,0,0,1.923076653122079e-08,0.1923076845410514,0.1923076845410514,19.23076653122079,1.923076845410514e-10,1.923076845410514e-10
28.6,99.99999807692335,80.76923154589485,80.76923154589485,-1.923076653122079e-06,-19.23076845410514,-19.23076845410514,-3.54050838401682e-18,0,0.3846153883128693,210,80.76923154570255,1.923076653122079e-08,0.1923076845410514,0.1923076845410514,1000000000,1e-09,1e-09,19.23076653122079,1.923076845410514e-10,1.923076845410514e-10,90,0.9,42,3,1,1,1,1,2,2,2,2,1,1,3,-1.923076653122079e-08,-0.1923076845410514,-0.1923076845410514,1.923076653122079e-08,0.1923076845410514,0.1923076845410514,-80.76923154570255,-80.76923154570255,-80.76923154570255,-1.923076653122079e-08,-0.1923076845410514,-0.1923076845410514,19.23076653122079,1.923076845410514e-10,1.923076845410514e-10,-0.3846153883128693,-80.76923154570255,0.3846153883128693,0,-1.923076653122079e-08,-0.1923076845410514,-0.1923076845410514,0,0,0,1.923076653122079e-08,0.1923076845410514,0.1923076845410514,19.23076653122079,1.923076845410514e-10,1.923076845410514e-10
28.7,99.99999807692335,80.76923154589485,80.76923154589485,-1.923076653122079e-06,-19.23076845410514,-19.23076845410514,-3.54050838401682e-18,0,0.3846153883128693,210,80.76923154570255,1.923076653122079e-08,0.1923076845410514,0.1923076845410514,1000000000,1e-09,1e-09,19.23076653122079,1.923076845410514e-10,1.923076845410514e-10,90,0.9,42,3,1,1,1,1,2,2,2,2,1,1,3,-1.923076653122079e-08,-0.1923076845410514,-0.1923076845410514,1.923076653122079e-08,0.1923076845410514,0.1923076845410514,-80.76923154570255,-80.76923154570255,-80.76923154570255,-1.923076653122079e-08,-0.1923076845410514,-0.1923076845410514,19.23076653122079,1.923076845410514e-10,1.923076845410514e-10,-0.3846153883128693,-80.76923154570255,0.3846153883128693,0,-1.923076653122079e-08,-0.1923076845410514,-0.1923076845410514,0,0,0,1.923076653122079e-08,0.1923076845410514,0.1923076845410514,19.23076653122079,1.923076845410514e-10,1.923076845410514e-10
28.8,99.99999807692335,80.76923154589485,80.76923154589485,-1.923076653122079e-06,-19.23076845410514,-19.23076845410514,-3.54050838401682e-18,0,0.3846153883128693,210,80.76923154570255,1.923076653122079e-08,0.1923076845410514,0.1923076845410514,1000000000,1e-09,1e-09,19.23076653122079,1.923076845410514e-10,1.923076845410514e-10,90,0.9,42,3,1,1,1,1,2,2,2,2,1,1,3,-1.923076653122079e-08,-0.1923076845410514,-0.1923076845410514,1.923076653122079e-08,0.1923076845410514,0.1923076845410514,-80.76923154570255,-80.76923154570255,-80.76923154570255,-1.923076653122079e-08,-0.1923076845410514,-0.1923076845410514,19.23076653122079,1.923076845410514e-10,1.923076845410514e-10,-0.3846153883128693,-80.76923154570255,0.3846153883128693,0,-1.923076653122079e-08,-0.1923076845410514,-0.1923076845410514,0,0,0,1.923076653122079e-08,0.1923076845410514,0.1923076845410514,19.23076653122079,1.923076845410514e-10,1.923076845410514e-10
28.9,99.99999807692335,80.76923154589485,80.76923154589485,-1.923076653122079e-06,-19.23076845410514,-19.23076845410514,-3.54050838401682e-18,0,0.3846153883128693,210,80.76923154570255,1.923076653122079e-08,0.1923076845410514,0.1923076845410514,1000000000,1e-09,1e-09,19.23076653122079,1.923076845410514e-10,1.923076845410514e-10,90,0.9,42,3,1,1,1,1,2,2,2,2,1,1,3,-1.923076653122079e-08,-0.1923076845410514,-0.1923076845410514,1.923076653122079e-08,0.1923076845410514,0.1923076845410514,-80.76923154570255,-80.76923154570255,-80.76923154570255,-1.923076653122079e-08,-0.1923076845410514,-0.1923076845410514,19.23076653122079,1.923076845410514e-10,1.923076845410514e-10,-0.3846153883128693,-80.76923154570255,0.3846153883128693,0,-1.923076653122079e-08,-0.1923076845410514,-0.1923076845410514,0,0,0,1.923076653122079e-08,0.1923076845410514,0.1923076845410514,19.23076653122079,1.923076845410514e-10,1.923076845410514e-10
29,99.99999807692335,80.76923154589485,80.76923154589485,-1.923076653122079e-06,-19.23076845410514,-19.23076845410514,-3.54050838401682e-18,0,0.3846153883128693,210,80.76923154570255,1.923076653122079e-08,0.1923076845410514,0.1923076845410514,1000000000,1e-09,1e-09,19.23076653122079,1.923076845410514e-10,1.923076845410514e-10,90,0.9,42,3,1,1,1,1,2,2,2,2,1,1,3,-1.923076653122079e-08,-0.1923076845410514,-0.1923076845410514,1.923076653122079e-08,0.1923076845410514,0.1923076845410514,-80.76923154570255,-80.76923154570255,-80.76923154570255,-1.923076653122079e-08,-0.1923076845410514,-0.1923076845410514,19.23076653122079,1.923076845410514e-10,1.923076845410514e-10,-0.3846153883128693,-80.76923154570255,0.3846153883128693,0,-1.923076653122079e-08,-0.1923076845410514,-0.1923076845410514,0,0,0,1.923076653122079e-08,0.1923076845410514,0.1923076845410514,19.23076653122079,1.923076845410514e-10,1.923076845410514e-10
29.00000000580039,99.99999807692335,80.76923154589485,80.76923154589485,-1.923076653122079e-06,-19.23076845410514,-19.23076845410514,-3.54050838401682e-18,0,0.3846153883128693,210,80.76923154570255,1.923076653122079e-08,0.1923076845410514,0.1923076845410514,1000000000,1e-09,1e-09,19.23076653122079,1.923076845410514e-10,1.923076845410514e-10,90,0.9,42,3,1,1,1,1,2,2,2,2,1,1,3,-1.923076653122079e-08,-0.1923076845410514,-0.1923076845410514,1.923076653122079e-08,0.1923076845410514,0.1923076845410514,-80.76923154570255,-80.76923154570255,-80.76923154570255,-1.923076653122079e-08,-0.1923076845410514,-0.1923076845410514,19.23076653122079,1.923076845410514e-10,1.923076845410514e-10,-0.3846153883128693,-80.76923154570255,0.3846153883128693,0,-1.923076653122079e-08,-0.1923076845410514,-0.1923076845410514,0,0,0,1.923076653122079e-08,0.1923076845410514,0.1923076845410514,19.23076653122079,1.923076845410514e-10,1.923076845410514e-10
29.00000000580039,99.9999977098244,77.27273079796639,99.99999772727331,-2.272726691208528e-06,-22.72726921617506,-2.27272669295342e-06,1.030666050624337e-17,0,0.2272727376162845,340,77.27273079773911,2.272726691208528e-08,0.2272726921617506,2.27272669295342e-08,1000000000,1e-09,1000000000,22.72726691208528,2.272726921617507e-10,22.7272669295342,90,0.9,68,3,1,1,1,1,2,2,1,2,1,1,2,-2.272726691208528e-08,-0.2272726921617506,-2.27272669295342e-08,2.272726691208528e-08,0.2272726921617506,2.27272669295342e-08,-77.27273079773911,-77.27273079773911,-77.27273079773911,-2.272726691208528e-08,-0.2272726921617506,-2.27272669295342e-08,22.72726691208528,2.272726921617507e-10,22.7272669295342,-0.2272727376162845,-77.27273079773911,0.2272727376162845,0,-2.272726691208528e-08,-0.2272726921617506,-2.27272669295342e-08,0,0,0,2.272726691208528e-08,0.2272726921617506,2.27272669295342e-08,22.72726691208528,2.272726921617507e-10,22.7272669295342
29.1,99.9999977272733,77.27273078517473,99.99999772727331,-2.272726694232585e-06,-22.72726921482527,-2.272726694232585e-06,2.558331330028096e-17,0,0.2272727376027866,340,77.27273078494746,2.272726694232585e-08,0.2272726921482527,2.272726694232586e-08,1000000000,1e-09,1000000000,22.72726694232585,2.272726921482527e-10,22.72726694232585,90,0.9,68,3,1,1,1,1,2,2,1,2,1,1,2,-2.272726694232585e-08,-0.2272726921482527,-2.272726694232586e-08,2.272726694232585e-08,0.2272726921482527,2.272726694232586e-08,-77.27273078494746,-77.27273078494746,-77.27273078494746,-2.272726694232585e-08,-0.2272726921482527,-2.272726694232586e-08,22.72726694232585,2.272726921482527e-10,22.72726694232585,-0.2272727376027866,-77.27273078494746,0.2272727376027866,0,-2.272726694232585e-08,-0.2272726921482527,-2.272726694232586e-08,0,0,0,2.272726694232585e-08,0.2272726921482527,2.272726694232586e-08,22.72726694232585,2.272726921482527e-10,22.72726694232585
29.2,99.99999772727332,77.27273078517473,99.99999772727331,-2.272726694232587e-06,-22.72726921482528,-2.272726694232586e-06,2.558333315261566e-17,0,0.2272727376027866,340,77.27273078494746,2.272726694232587e-08,0.2272726921482528,2.272726694232586e-08,1000000000,1e-09,1000000000,22.72726694232587,2.272726921482528e-10,22.72726694232586,90,0.9,68,3,1,1,1,1,2,2,1,2,1,1,2,-2.272726694232587e-08,-0.2272726921482528,-2.272726694232586e-08,2.272726694232587e-08,0.2272726921482528,2.272726694232586e-08,-77.27273078494746,-77.27273078494746,-77.27273078494746,-2.272726694232587e-08,-0.2272726921482528,-2.272726694232586e-08,22.72726694232587,2.272726921482528e-10,22.72726694232586,-0.2272727376027866,-77.27273078494746,0.2272727376027866,0,-2.272726694232587e-08,-0.2272726921482528,-2.272726694232586e-08,0,0,0,2.272726694232587e-08,0.2272726921482528,2.272726694232586e-08,22.72726694232587,2.272726921482528e-10,22.72726694232586
29.3,99.99999772727331,77.27273078517473,99.99999772727331,-2.272726694232585e-06,-22.72726921482528,-2.272726694232586e-06,2.558331991772586e-17,0,0.2272727376027866,340,77.27273078494746,2.272726694232585e-08,0.2272726921482528,2.272726694232586e-08,1000000000,1e-09,1000000000,22.72726694232585,2.272726921482528e-10,22.72726694232586,90,0.9,68,3,1,1,1,1,2,2,1,2,1,1,2,-2.272726694232585e-08,-0.2272726921482528,-2.272726694232586e-08,2.272726694232585e-08,0.2272726921482528,2.272726694232586e-08,-77.27273078494746,-77.27273078494746,-77.27273078494746,-2.272726694232585e-08,-0.2272726921482528,-2.272726694232586e-08,22.72726694232585,2.272726921482528e-10,22.72726694232586,-0.2272727376027866,-77.27273078494746,0.2272727376027866,0,-2.272726694232585e-08,-0.2272726921482528,-2.272726694232586e-08,0,0,0,2.272726694232585e-08,0.2272726921482528,2.272726694232586e-08,22.72726694232585,2.272726921482528e-10,22.72726694232586
29.4,99.99999772727331,77.27273078517473,99.99999772727331,-2.272726694232585e-06,-22.72726921482528,-2.272726694232586e-06,2.558331991772586e-17,0,0.2272727376027866,340,77.27273078494746,2.272726694232585e-08,0.2272726921482528,2.272726694232586e-08,1000000000,1e-09,1000000000,22.72726694232585,2.272726921482528e-10,22.72726694232586,90,0.9,68,3,1,1,1,1,2,2,1,2,1,1,2,-2.272726694232585e-08,-0.2272726921482528,-2.272726694232586e-08,2.272726694232585e-08,0.2272726921482528,2.272726694232586e-08,-77.27273078494746,-77.27273078494746,-77.27273078494746,-2.272726694232585e-08,-0.2272726921482528,-2.272726694232586e-08,22.72726694232585,2.272726921482528e-10,22.72726694232586,-0.2272727376027866,-77.27273078494746,0.2272727376027866,0,-2.272726694232585e-08,-0.2272726921482528,-2.272726694232586e-08,0,0,0,2.272726694232585e-08,0.2272726921482528,2.272726694232586e-08,22.72726694232585,2.272726921482528e-10,22.72726694232586
29.5,99.99999772727331,77.27273078517473,99.99999772727331,-2.272726694232585e-06,-22.72726921482528,-2.272726694232586e-06,2.558331991772586e-17,0,0.2272727376027866,340,77.27273078494746,2.272726694232585e-08,0.2272726921482528,2.272726694232586e-08,1000000000,1e-09,1000000000,22.72726694232585,2.272726921482528e-10,22.72726694232586,90,0.9,68,3,1,1,1,1,2,2,1,2,1,1,2,-2.272726694232585e-08,-0.2272726921482528,-2.272726694232586e-08,2.272726694232585e-08,0.2272726921482528,2.272726694232586e-08,-77.27273078494746,-77.27273078494746,-77.27273078494746,-2.272726694232585e-08,-0.2272726921482528,-2.272726694232586e-08,22.72726694232585,2.272726921482528e-10,22.72726694232586,-0.2272727376027866,-77.27273078494746,0.2272727376027866,0,-2.272726694232585e-08,-0.2272726921482528,-2.272726694232586e-08,0,0,0,2.272726694232585e-08,0.2272726921482528,2.272726694232586e-08,22.72726694232585,2.272726921482528e-10,22.72726694232586
29.6,99.99999772727331,77.27273078517473,99.99999772727331,-2.272726694232585e-06,-22.72726921482528,-2.272726694232586e-06,2.558331991772586e-17,0,0.2272727376027866,340,77.27273078494746,2.272726694232585e-08,0.2272726921482528,2.272726694232586e-08,1000000000,1e-09,1000000000,22.72726694232585,2.272726921482528e-10,22.72726694232586,90,0.9,68,3,1,1,1,1,2,2,1,2,1,1,2,-2.272726694232585e-08,-0.2272726921482528,-2.272726694232586e-08,2.272726694232585e-08,0.2272726921482528,2.272726694232586e-08,-77.27273078494746,-77.27273078494746,-77.27273078494746,-2.272726694232585e-08,-0.2272726921482528,-2.272726694232586e-08,22.72726694232585,2.272726921482528e-10,22.72726694232586,-0.2272727376027866,-77.27273078494746,0.2272727376027866,0,-2.272726694232585e-08,-0.2272726921482528,-2.272726694232586e-08,0,0,0,2.272726694232585e-08,0.2272726921482528,2.272726694232586e-08,22.72726694232585,2.272726921482528e-10,22.72726694232586
29.7,99.99999772727331,77.27273078517473,99.99999772727331,-2.272726694232585e-06,-22.72726921482528,-2.272726694232586e-06,2.558331991772586e-17,0,0.2272727376027866,340,77.27273078494746,2.272726694232585e-08,0.2272726921482528,2.272726694232586e-08,1000000000,1e-09,1000000000,22.72726694232585,2.272726921482528e-10,22.72726694232586,90,0.9,68,3,1,1,1,1,2,2,1,2,1,1,2,-2.272726694232585e-08,-0.2272726921482528,-2.272726694232586e-08,2.272726694232585e-08,0.2272726921482528,2.272726694232586e-08,-77.27273078494746,-77.27273078494746,-77.27273078494746,-2.272726694232585e-08,-0.2272726921482528,-2.272726694232586e-08,22.72726694232585,2.272726921482528e-10,22.72726694232586,-0.2272727376027866,-77.27273078494746,0.2272727376027866,0,-2.272726694232585e-08,-0.2272726921482528,-2.272726694232586e-08,0,0,0,2.272726694232585e-08,0.2272726921482528,2.272726694232586e-08,22.72726694232585,2.272726921482528e-10,22.72726694232586
29.8,99.99999772727331,77.27273078517473,99.99999772727331,-2.272726694232585e-06,-22.72726921482528,-2.272726694232586e-06,2.558331991772586e-17,0,0.2272727376027866,340,77.27273078494746,2.272726694232585e-08,0.2272726921482528,2.272726694232586e-08,1000000000,1e-09,1000000000,22.72726694232585,2.272726921482528e-10,22.72726694232586,90,0.9,68,3,1,1,1,1,2,2,1,2,1,1,2,-2.272726694232585e-08,-0.2272726921482528,-2.272726694232586e-08,2.272726694232585e-08,0.2272726921482528,2.272726694232586e-08,-77.27273078494746,-77.27273078494746,-77.27273078494746,-2.272726694232585e-08,-0.2272726921482528,-2.272726694232586e-08,22.72726694232585,2.272726921482528e-10,22.72726694232586,-0.2272727376027866,-77.27273078494746,0.2272727376027866,0,-2.272726694232585e-08,-0.2272726921482528,-2.272726694232586e-08,0,0,0,2.272726694232585e-08,0.2272726921482528,2.272726694232586e-08,22.72726694232585,2.272726921482528e-10,22.72726694232586
29.9,99.99999772727331,77.27273078517473,99.99999772727331,-2.272726694232585e-06,-22.72726921482528,-2.272726694232586e-06,2.558331991772586e-17,0,0.2272727376027866,340,77.27273078494746,2.272726694232585e-08,0.2272726921482528,2.272726694232586e-08,1000000000,1e-09,1000000000,22.72726694232585,2.272726921482528e-10,22.72726694232586,90,0.9,68,3,1,1,1,1,2,2,1,2,1,1,2,-2.272726694232585e-08,-0.2272726921482528,-2.272726694232586e-08,2.272726694232585e-08,0.2272726921482528,2.272726694232586e-08,-77.27273078494746,-77.27273078494746,-77.27273078494746,-2.272726694232585e-08,-0.2272726921482528,-2.272726694232586e-08,22.72726694232585,2.272726921482528e-10,22.72726694232586,-0.2272727376027866,-77.27273078494746,0.2272727376027866,0,-2.272726694232585e-08,-0.2272726921482528,-2.272726694232586e-08,0,0,0,2.272726694232585e-08,0.2272726921482528,2.272726694232586e-08,22.72726694232585,2.272726921482528e-10,22.72726694232586
30,99.99999772727331,77.27273078517473,99.99999772727331,-2.272726694232585e-06,-22.72726921482528,-2.272726694232586e-06,2.558331991772586e-17,0,0.2272727376027866,340,77.27273078494746,2.272726694232585e-08,0.2272726921482528,2.272726694232586e-08,1000000000,1e-09,1000000000,22.72726694232585,2.272726921482528e-10,22.72726694232586,90,0.9,68,3,1,1,1,1,2,2,1,2,1,1,2,-2.272726694232585e-08,-0.2272726921482528,-2.272726694232586e-08,2.272726694232585e-08,0.2272726921482528,2.272726694232586e-08,-77.27273078494746,-77.27273078494746,-77.27273078494746,-2.272726694232585e-08,-0.2272726921482528,-2.272726694232586e-08,22.72726694232585,2.272726921482528e-10,22.72726694232586,-0.2272727376027866,-77.27273078494746,0.2272727376027866,0,-2.272726694232585e-08,-0.2272726921482528,-2.272726694232586e-08,0,0,0,2.272726694232585e-08,0.2272726921482528,2.272726694232586e-08,22.72726694232585,2.272726921482528e-10,22.72726694232586
30,99.99999772727331,77.27273078517473,99.99999772727331,-2.272726694232585e-06,-22.72726921482528,-2.272726694232586e-06,2.558331991772586e-17,0,0.2272727376027866,340,77.27273078494746,2.272726694232585e-08,0.2272726921482528,2.272726694232586e-08,1000000000,1e-09,1000000000,22.72726694232585,2.272726921482528e-10,22.72726694232586,90,0.9,68,3,1,1,1,1,2,2,1,2,1,1,2,-2.272726694232585e-08,-0.2272726921482528,-2.272726694232586e-08,2.272726694232585e-08,0.2272726921482528,2.272726694232586e-08,-77.27273078494746,-77.27273078494746,-77.27273078494746,-2.272726694232585e-08,-0.2272726921482528,-2.272726694232586e-08,22.72726694232585,2.272726921482528e-10,22.72726694232586,-0.2272727376027866,-77.27273078494746,0.2272727376027866,0,-2.272726694232585e-08,-0.2272726921482528,-2.272726694232586e-08,0,0,0,2.272726694232585e-08,0.2272726921482528,2.272726694232586e-08,22.72726694232585,2.272726921482528e-10,22.72726694232586
