"time","circ1.bats[1].v","circ1.bats[2].v","circ1.bats[3].v","circ1.bats[1].vr","circ1.bats[2].vr","circ1.bats[3].vr","circ1.gnd.p.i","circ1.gnd.p.v","circ1.r_load.i","circ1.r_load.r_int","circ1.s[1].i","circ1.s[2].i","circ1.s[3].i","circ1.s[1].r_int","circ1.s[2].r_int","circ1.s[3].r_int","circ1.s[1].v","circ1.s[2].v","circ1.s[3].v","circ1.target_v","circ1.tolerance","circ1.r_load.percentage","circ1.bat_num","circ1.bats[1].state","circ1.bats[2].state","circ1.bats[3].state","circ1.r_load.state","circ1.s[1].mode","circ1.s[2].mode","circ1.s[3].mode","circ1.s[1].state","circ1.s[2].state","circ1.s[3].state","on","circ1.bats[1].i","circ1.bats[2].i","circ1.bats[3].i","circ1.bats[1].m.i","circ1.bats[2].m.i","circ1.bats[3].m.i","circ1.bats[1].m.v","circ1.bats[2].m.v","circ1.bats[3].m.v","circ1.bats[1].p.i","circ1.bats[2].p.i","circ1.bats[3].p.i","circ1.bats[1].p.v","circ1.bats[2].p.v","circ1.bats[3].p.v","circ1.r_load.m.i","circ1.r_load.m.v","circ1.r_load.p.i","circ1.r_load.p.v","circ1.r_load.v","circ1.s[1].m.i","circ1.s[2].m.i","circ1.s[3].m.i","circ1.s[1].m.v","circ1.s[2].m.v","circ1.s[3].m.v","circ1.s[1].p.i","circ1.s[2].p.i","circ1.s[3].p.i","circ1.s[1].p.v","circ1.s[2].p.v","circ1.s[3].p.v"
0,0,99.99999000000101,99.99999000000101,1.99999979999602e-05,-9.9999990000001e-06,-9.9999990000001e-06,0,0,4.000113093408433e-19,500,-1.99999979999602e-07,9.9999990000001e-08,9.9999990000001e-08,1e-09,1000000000,1000000000,0,99.99999000000101,99.99999000000101,90,0.9,100,3,2,1,1,1,2,1,1,1,1,1,1,1.99999979999602e-07,-9.9999990000001e-08,-9.9999990000001e-08,-1.99999979999602e-07,9.9999990000001e-08,9.9999990000001e-08,0,0,0,1.99999979999602e-07,-9.9999990000001e-08,-9.9999990000001e-08,0,99.99999000000101,99.99999000000101,-4.000113093408433e-19,0,4.000113093408433e-19,0,-0,1.99999979999602e-07,-9.9999990000001e-08,-9.9999990000001e-08,0,0,0,-1.99999979999602e-07,9.9999990000001e-08,9.9999990000001e-08,0,99.99999000000101,99.99999000000101
1.004082150757313e-10,0,99.99999000000101,99.99999000000101,1.99999979999602e-05,-9.9999990000001e-06,-9.9999990000001e-06,0,0,4.000113093408433e-19,500,-1.99999979999602e-07,9.9999990000001e-08,9.9999990000001e-08,1e-09,1000000000,1000000000,0,99.99999000000101,99.99999000000101,90,0.9,100,3,2,1,1,1,2,1,1,1,1,1,1,1.99999979999602e-07,-9.9999990000001e-08,-9.9999990000001e-08,-1.99999979999602e-07,9.9999990000001e-08,9.9999990000001e-08,0,0,0,1.99999979999602e-07,-9.9999990000001e-08,-9.9999990000001e-08,0,99.99999000000101,99.99999000000101,-4.000113093408433e-19,0,4.000113093408433e-19,0,-0,1.99999979999602e-07,-9.9999990000001e-08,-9.9999990000001e-08,0,0,0,-1.99999979999602e-07,9.9999990000001e-08,9.9999990000001e-08,0,99.99999000000101,99.99999000000101
1.004082150757313e-10,0,3.000010906362149e-09,3.000010906362149e-09,199.9999999899999,-99.99999999699999,-99.99999999699999,0,0,4.000066944342962e-11,50,-1.999999999899999,0.9999999999699999,0.9999999999699999,1e-09,1e-09,1e-09,-2.00001090639215e-09,9.999999999699999e-10,9.999999999699999e-10,90,0.9,10,3,2,1,1,1,2,2,2,1,1,1,3,1.999999999899999,-0.9999999999699999,-0.9999999999699999,-1.999999999899999,0.9999999999699999,0.9999999999699999,-2.00001090639215e-09,-2.00001090639215e-09,-2.00001090639215e-09,1.999999999899999,-0.9999999999699999,-0.9999999999699999,-2.00001090639215e-09,9.999999999699999e-10,9.999999999699999e-10,-4.000066944342962e-11,-2.00001090639215e-09,4.000066944342962e-11,0,2.00001090639215e-09,1.999999999899999,-0.9999999999699999,-0.9999999999699999,0,0,0,-1.999999999899999,0.9999999999699999,0.9999999999699999,-2.00001090639215e-09,9.999999999699999e-10,9.999999999699999e-10
0.1,0,2.999996695507434e-09,2.999996695507434e-09,199.99999999,-99.999999997,-99.999999997,0,0,4.000000330961484e-11,50,-1.9999999999,0.99999999997,0.99999999997,1e-09,1e-09,1e-09,-1.999996695537434e-09,9.999999999700001e-10,9.999999999700001e-10,90,0.9,10,3,2,1,1,1,2,2,2,1,1,1,3,1.9999999999,-0.99999999997,-0.99999999997,-1.9999999999,0.99999999997,0.99999999997,-1.999996695537434e-09,-1.999996695537434e-09,-1.999996695537434e-09,1.9999999999,-0.99999999997,-0.99999999997,-1.999996695537434e-09,9.999999999700001e-10,9.999999999700001e-10,-4.000000330961484e-11,-1.999996695537434e-09,4.000000330961484e-11,0,1.999996695537434e-09,1.9999999999,-0.99999999997,-0.99999999997,0,0,0,-1.9999999999,0.99999999997,0.99999999997,-1.999996695537434e-09,9.999999999700001e-10,9.999999999700001e-10
0.2,0,2.999996695507434e-09,2.999996695507434e-09,199.99999999,-99.999999997,-99.999999997,0,0,4.000000330961484e-11,50,-1.9999999999,0.99999999997,0.99999999997,1e-09,1e-09,1e-09,-1.999996695537434e-09,9.999999999700001e-10,9.999999999700001e-10,90,0.9,10,3,2,1,1,1,2,2,2,1,1,1,3,1.9999999999,-0.99999999997,-0.99999999997,-1.9999999999,0.99999999997,0.99999999997,-1.999996695537434e-09,-1.999996695537434e-09,-1.999996695537434e-09,1.9999999999,-0.99999999997,-0.99999999997,-1.999996695537434e-09,9.999999999700001e-10,9.999999999700001e-10,-4.000000330961484e-11,-1.999996695537434e-09,4.000000330961484e-11,0,1.999996695537434e-09,1.9999999999,-0.99999999997,-0.99999999997,0,0,0,-1.9999999999,0.99999999997,0.99999999997,-1.999996695537434e-09,9.999999999700001e-10,9.999999999700001e-10
0.3,0,2.999996695507434e-09,2.999996695507434e-09,199.99999999,-99.999999997,-99.999999997,0,0,4.000000330961484e-11,50,-1.9999999999,0.99999999997,0.99999999997,1e-09,1e-09,1e-09,-1.999996695537434e-09,9.999999999700001e-10,9.999999999700001e-10,90,0.9,10,3,2,1,1,1,2,2,2,1,1,1,3,1.9999999999,-0.99999999997,-0.99999999997,-1.9999999999,0.99999999997,0.99999999997,-1.999996695537434e-09,-1.999996695537434e-09,-1.999996695537434e-09,1.9999999999,-0.99999999997,-0.99999999997,-1.999996695537434e-09,9.999999999700001e-10,9.999999999700001e-10,-4.000000330961484e-11,-1.999996695537434e-09,4.000000330961484e-11,0,1.999996695537434e-09,1.9999999999,-0.99999999997,-0.99999999997,0,0,0,-1.9999999999,0.99999999997,0.99999999997,-1.999996695537434e-09,9.999999999700001e-10,9.999999999700001e-10
0.4,0,2.999996695507434e-09,2.999996695507434e-09,199.99999999,-99.999999997,-99.999999997,0,0,4.000000330961484e-11,50,-1.9999999999,0.99999999997,0.99999999997,1e-09,1e-09,1e-09,-1.999996695537434e-09,9.999999999700001e-10,9.999999999700001e-10,90,0.9,10,3,2,1,1,1,2,2,2,1,1,1,3,1.9999999999,-0.99999999997,-0.99999999997,-1.9999999999,0.99999999997,0.99999999997,-1.999996695537434e-09,-1.999996695537434e-09,-1.999996695537434e-09,1.9999999999,-0.99999999997,-0.99999999997,-1.999996695537434e-09,9.999999999700001e-10,9.999999999700001e-10,-4.000000330961484e-11,-1.999996695537434e-09,4.000000330961484e-11,0,1.999996695537434e-09,1.9999999999,-0.99999999997,-0.99999999997,0,0,0,-1.9999999999,0.99999999997,0.99999999997,-1.999996695537434e-09,9.999999999700001e-10,9.999999999700001e-10
0.5,0,2.999996695507434e-09,2.999996695507434e-09,199.99999999,-99.999999997,-99.999999997,0,0,4.000000330961484e-11,50,-1.9999999999,0.99999999997,0.99999999997,1e-09,1e-09,1e-09,-1.999996695537434e-09,9.999999999700001e-10,9.999999999700001e-10,90,0.9,10,3,2,1,1,1,2,2,2,1,1,1,3,1.9999999999,-0.99999999997,-0.99999999997,-1.9999999999,0.99999999997,0.99999999997,-1.999996695537434e-09,-1.999996695537434e-09,-1.999996695537434e-09,1.9999999999,-0.99999999997,-0.99999999997,-1.999996695537434e-09,9.999999999700001e-10,9.999999999700001e-10,-4.000000330961484e-11,-1.999996695537434e-09,4.000000330961484e-11,0,1.999996695537434e-09,1.9999999999,-0.99999999997,-0.99999999997,0,0,0,-1.9999999999,0.99999999997,0.99999999997,-1.999996695537434e-09,9.999999999700001e-10,9.999999999700001e-10
0.6,0,2.999996695507434e-09,2.999996695507434e-09,199.99999999,-99.999999997,-99.999999997,0,0,4.000000330961484e-11,50,-1.9999999999,0.99999999997,0.99999999997,1e-09,1e-09,1e-09,-1.999996695537434e-09,9.999999999700001e-10,9.999999999700001e-10,90,0.9,10,3,2,1,1,1,2,2,2,1,1,1,3,1.9999999999,-0.99999999997,-0.99999999997,-1.9999999999,0.99999999997,0.99999999997,-1.999996695537434e-09,-1.999996695537434e-09,-1.999996695537434e-09,1.9999999999,-0.99999999997,-0.99999999997,-1.999996695537434e-09,9.999999999700001e-10,9.999999999700001e-10,-4.000000330961484e-11,-1.999996695537434e-09,4.000000330961484e-11,0,1.999996695537434e-09,1.9999999999,-0.99999999997,-0.99999999997,0,0,0,-1.9999999999,0.99999999997,0.99999999997,-1.999996695537434e-09,9.999999999700001e-10,9.999999999700001e-10
0.7,0,2.999996695507434e-09,2.999996695507434e-09,199.99999999,-99.999999997,-99.999999997,0,0,4.000000330961484e-11,50,-1.9999999999,0.99999999997,0.99999999997,1e-09,1e-09,1e-09,-1.999996695537434e-09,9.999999999700001e-10,9.999999999700001e-10,90,0.9,10,3,2,1,1,1,2,2,2,1,1,1,3,1.9999999999,-0.99999999997,-0.99999999997,-1.9999999999,0.99999999997,0.99999999997,-1.999996695537434e-09,-1.999996695537434e-09,-1.999996695537434e-09,1.9999999999,-0.99999999997,-0.99999999997,-1.999996695537434e-09,9.999999999700001e-10,9.999999999700001e-10,-4.000000330961484e-11,-1.999996695537434e-09,4.000000330961484e-11,0,1.999996695537434e-09,1.9999999999,-0.99999999997,-0.99999999997,0,0,0,-1.9999999999,0.99999999997,0.99999999997,-1.999996695537434e-09,9.999999999700001e-10,9.999999999700001e-10
0.8,0,2.999996695507434e-09,2.999996695507434e-09,199.99999999,-99.999999997,-99.999999997,0,0,4.000000330961484e-11,50,-1.9999999999,0.99999999997,0.99999999997,1e-09,1e-09,1e-09,-1.999996695537434e-09,9.999999999700001e-10,9.999999999700001e-10,90,0.9,10,3,2,1,1,1,2,2,2,1,1,1,3,1.9999999999,-0.99999999997,-0.99999999997,-1.9999999999,0.99999999997,0.99999999997,-1.999996695537434e-09,-1.999996695537434e-09,-1.999996695537434e-09,1.9999999999,-0.99999999997,-0.99999999997,-1.999996695537434e-09,9.999999999700001e-10,9.999999999700001e-10,-4.000000330961484e-11,-1.999996695537434e-09,4.000000330961484e-11,0,1.999996695537434e-09,1.9999999999,-0.99999999997,-0.99999999997,0,0,0,-1.9999999999,0.99999999997,0.99999999997,-1.999996695537434e-09,9.999999999700001e-10,9.999999999700001e-10
0.9,0,2.999996695507434e-09,2.999996695507434e-09,199.99999999,-99.999999997,-99.999999997,0,0,4.000000330961484e-11,50,-1.9999999999,0.99999999997,0.99999999997,1e-09,1e-09,1e-09,-1.999996695537434e-09,9.999999999700001e-10,9.999999999700001e-10,90,0.9,10,3,2,1,1,1,2,2,2,1,1,1,3,1.9999999999,-0.99999999997,-0.99999999997,-1.9999999999,0.99999999997,0.99999999997,-1.999996695537434e-09,-1.999996695537434e-09,-1.999996695537434e-09,1.9999999999,-0.99999999997,-0.99999999997,-1.999996695537434e-09,9.999999999700001e-10,9.999999999700001e-10,-4.000000330961484e-11,-1.999996695537434e-09,4.000000330961484e-11,0,1.999996695537434e-09,1.9999999999,-0.99999999997,-0.99999999997,0,0,0,-1.9999999999,0.99999999997,0.99999999997,-1.999996695537434e-09,9.999999999700001e-10,9.999999999700001e-10
1,0,2.999996695507434e-09,2.999996695507434e-09,199.99999999,-99.999999997,-99.999999997,0,0,4.000000330961484e-11,50,-1.9999999999,0.99999999997,0.99999999997,1e-09,1e-09,1e-09,-1.999996695537434e-09,9.999999999700001e-10,9.999999999700001e-10,90,0.9,10,3,2,1,1,1,2,2,2,1,1,1,3,1.9999999999,-0.99999999997,-0.99999999997,-1.9999999999,0.99999999997,0.99999999997,-1.999996695537434e-09,-1.999996695537434e-09,-1.999996695537434e-09,1.9999999999,-0.99999999997,-0.99999999997,-1.999996695537434e-09,9.999999999700001e-10,9.999999999700001e-10,-4.000000330961484e-11,-1.999996695537434e-09,4.000000330961484e-11,0,1.999996695537434e-09,1.9999999999,-0.99999999997,-0.99999999997,0,0,0,-1.9999999999,0.99999999997,0.99999999997,-1.999996695537434e-09,9.999999999700001e-10,9.999999999700001e-10
1.000000000200089,0,2.999996695507434e-09,2.999996695507434e-09,199.99999999,-99.999999997,-99.999999997,0,0,4.000000330961484e-11,50,-1.9999999999,0.99999999997,0.99999999997,1e-09,1e-09,1e-09,-1.999996695537434e-09,9.999999999700001e-10,9.999999999700001e-10,90,0.9,10,3,2,1,1,1,2,2,2,1,1,1,3,1.9999999999,-0.99999999997,-0.99999999997,-1.9999999999,0.99999999997,0.99999999997,-1.999996695537434e-09,-1.999996695537434e-09,-1.999996695537434e-09,1.9999999999,-0.99999999997,-0.99999999997,-1.999996695537434e-09,9.999999999700001e-10,9.999999999700001e-10,-4.000000330961484e-11,-1.999996695537434e-09,4.000000330961484e-11,0,1.999996695537434e-09,1.9999999999,-0.99999999997,-0.99999999997,0,0,0,-1.9999999999,0.99999999997,0.99999999997,-1.999996695537434e-09,9.999999999700001e-10,9.999999999700001e-10
1.000000000200089,0,2.999996695507434e-09,2.999996695507434e-09,199.9999999913333,-99.999999997,-99.999999997,0,0,2.666666887307656e-11,75,-1.999999999913333,0.99999999997,0.99999999997,1e-09,1e-09,1e-09,-1.999996695537434e-09,9.999999999700001e-10,9.999999999700001e-10,90,0.9,15,3,2,1,1,1,2,2,2,1,1,1,3,1.999999999913333,-0.99999999997,-0.99999999997,-1.999999999913333,0.99999999997,0.99999999997,-1.999996695537434e-09,-1.999996695537434e-09,-1.999996695537434e-09,1.999999999913333,-0.99999999997,-0.99999999997,-1.999996695537434e-09,9.999999999700001e-10,9.999999999700001e-10,-2.666666887307656e-11,-1.999996695537434e-09,2.666666887307656e-11,0,1.999996695537434e-09,1.999999999913333,-0.99999999997,-0.99999999997,0,0,0,-1.999999999913333,0.99999999997,0.99999999997,-1.999996695537434e-09,9.999999999700001e-10,9.999999999700001e-10
1.1,0,2.999996695507434e-09,2.999996695507434e-09,199.9999999913333,-99.999999997,-99.999999997,0,0,2.666666887307656e-11,75,-1.999999999913333,0.99999999997,0.99999999997,1e-09,1e-09,1e-09,-1.999996695537434e-09,9.999999999700001e-10,9.999999999700001e-10,90,0.9,15,3,2,1,1,1,2,2,2,1,1,1,3,1.999999999913333,-0.99999999997,-0.99999999997,-1.999999999913333,0.99999999997,0.99999999997,-1.999996695537434e-09,-1.999996695537434e-09,-1.999996695537434e-09,1.999999999913333,-0.99999999997,-0.99999999997,-1.999996695537434e-09,9.999999999700001e-10,9.999999999700001e-10,-2.666666887307656e-11,-1.999996695537434e-09,2.666666887307656e-11,0,1.999996695537434e-09,1.999999999913333,-0.99999999997,-0.99999999997,0,0,0,-1.999999999913333,0.99999999997,0.99999999997,-1.999996695537434e-09,9.999999999700001e-10,9.999999999700001e-10
1.2,0,2.999996695507434e-09,2.999996695507434e-09,199.9999999913333,-99.999999997,-99.999999997,0,0,2.666666887307656e-11,75,-1.999999999913333,0.99999999997,0.99999999997,1e-09,1e-09,1e-09,-1.999996695537434e-09,9.999999999700001e-10,9.999999999700001e-10,90,0.9,15,3,2,1,1,1,2,2,2,1,1,1,3,1.999999999913333,-0.99999999997,-0.99999999997,-1.999999999913333,0.99999999997,0.99999999997,-1.999996695537434e-09,-1.999996695537434e-09,-1.999996695537434e-09,1.999999999913333,-0.99999999997,-0.99999999997,-1.999996695537434e-09,9.999999999700001e-10,9.999999999700001e-10,-2.666666887307656e-11,-1.999996695537434e-09,2.666666887307656e-11,0,1.999996695537434e-09,1.999999999913333,-0.99999999997,-0.99999999997,0,0,0,-1.999999999913333,0.99999999997,0.99999999997,-1.999996695537434e-09,9.999999999700001e-10,9.999999999700001e-10
1.3,0,2.999996695507434e-09,2.999996695507434e-09,199.9999999913333,-99.999999997,-99.999999997,0,0,2.666666887307656e-11,75,-1.999999999913333,0.99999999997,0.99999999997,1e-09,1e-09,1e-09,-1.999996695537434e-09,9.999999999700001e-10,9.999999999700001e-10,90,0.9,15,3,2,1,1,1,2,2,2,1,1,1,3,1.999999999913333,-0.99999999997,-0.99999999997,-1.999999999913333,0.99999999997,0.99999999997,-1.999996695537434e-09,-1.999996695537434e-09,-1.999996695537434e-09,1.999999999913333,-0.99999999997,-0.99999999997,-1.999996695537434e-09,9.999999999700001e-10,9.999999999700001e-10,-2.666666887307656e-11,-1.999996695537434e-09,2.666666887307656e-11,0,1.999996695537434e-09,1.999999999913333,-0.99999999997,-0.99999999997,0,0,0,-1.999999999913333,0.99999999997,0.99999999997,-1.999996695537434e-09,9.999999999700001e-10,9.999999999700001e-10
1.4,0,2.999996695507434e-09,2.999996695507434e-09,199.9999999913333,-99.999999997,-99.999999997,0,0,2.666666887307656e-11,75,-1.999999999913333,0.99999999997,0.99999999997,1e-09,1e-09,1e-09,-1.999996695537434e-09,9.999999999700001e-10,9.999999999700001e-10,90,0.9,15,3,2,1,1,1,2,2,2,1,1,1,3,1.999999999913333,-0.99999999997,-0.99999999997,-1.999999999913333,0.99999999997,0.99999999997,-1.999996695537434e-09,-1.999996695537434e-09,-1.999996695537434e-09,1.999999999913333,-0.99999999997,-0.99999999997,-1.999996695537434e-09,9.999999999700001e-10,9.999999999700001e-10,-2.666666887307656e-11,-1.999996695537434e-09,2.666666887307656e-11,0,1.999996695537434e-09,1.999999999913333,-0.99999999997,-0.99999999997,0,0,0,-1.999999999913333,0.99999999997,0.99999999997,-1.999996695537434e-09,9.999999999700001e-10,9.999999999700001e-10
1.5,0,2.999996695507434e-09,2.999996695507434e-09,199.9999999913333,-99.999999997,-99.999999997,0,0,2.666666887307656e-11,75,-1.999999999913333,0.99999999997,0.99999999997,1e-09,1e-09,1e-09,-1.999996695537434e-09,9.999999999700001e-10,9.999999999700001e-10,90,0.9,15,3,2,1,1,1,2,2,2,1,1,1,3,1.999999999913333,-0.99999999997,-0.99999999997,-1.999999999913333,0.99999999997,0.99999999997,-1.999996695537434e-09,-1.999996695537434e-09,-1.999996695537434e-09,1.999999999913333,-0.99999999997,-0.99999999997,-1.999996695537434e-09,9.999999999700001e-10,9.999999999700001e-10,-2.666666887307656e-11,-1.999996695537434e-09,2.666666887307656e-11,0,1.999996695537434e-09,1.999999999913333,-0.99999999997,-0.99999999997,0,0,0,-1.999999999913333,0.99999999997,0.99999999997,-1.999996695537434e-09,9.999999999700001e-10,9.999999999700001e-10
1.6,0,2.999996695507434e-09,2.999996695507434e-09,199.9999999913333,-99.999999997,-99.999999997,0,0,2.666666887307656e-11,75,-1.999999999913333,0.99999999997,0.99999999997,1e-09,1e-09,1e-09,-1.999996695537434e-09,9.999999999700001e-10,9.999999999700001e-10,90,0.9,15,3,2,1,1,1,2,2,2,1,1,1,3,1.999999999913333,-0.99999999997,-0.99999999997,-1.999999999913333,0.99999999997,0.99999999997,-1.999996695537434e-09,-1.999996695537434e-09,-1.999996695537434e-09,1.999999999913333,-0.99999999997,-0.99999999997,-1.999996695537434e-09,9.999999999700001e-10,9.999999999700001e-10,-2.666666887307656e-11,-1.999996695537434e-09,2.666666887307656e-11,0,1.999996695537434e-09,1.999999999913333,-0.99999999997,-0.99999999997,0,0,0,-1.999999999913333,0.99999999997,0.99999999997,-1.999996695537434e-09,9.999999999700001e-10,9.999999999700001e-10
1.7,0,2.999996695507434e-09,2.999996695507434e-09,199.9999999913333,-99.999999997,-99.999999997,0,0,2.666666887307656e-11,75,-1.999999999913333,0.99999999997,0.99999999997,1e-09,1e-09,1e-09,-1.999996695537434e-09,9.999999999700001e-10,9.999999999700001e-10,90,0.9,15,3,2,1,1,1,2,2,2,1,1,1,3,1.999999999913333,-0.99999999997,-0.99999999997,-1.999999999913333,0.99999999997,0.99999999997,-1.999996695537434e-09,-1.999996695537434e-09,-1.999996695537434e-09,1.999999999913333,-0.99999999997,-0.99999999997,-1.999996695537434e-09,9.999999999700001e-10,9.999999999700001e-10,-2.666666887307656e-11,-1.999996695537434e-09,2.666666887307656e-11,0,1.999996695537434e-09,1.999999999913333,-0.99999999997,-0.99999999997,0,0,0,-1.999999999913333,0.99999999997,0.99999999997,-1.999996695537434e-09,9.999999999700001e-10,9.999999999700001e-10
1.8,0,2.999996695507434e-09,2.999996695507434e-09,199.9999999913333,-99.999999997,-99.999999997,0,0,2.666666887307656e-11,75,-1.999999999913333,0.99999999997,0.99999999997,1e-09,1e-09,1e-09,-1.999996695537434e-09,9.999999999700001e-10,9.999999999700001e-10,90,0.9,15,3,2,1,1,1,2,2,2,1,1,1,3,1.999999999913333,-0.99999999997,-0.99999999997,-1.999999999913333,0.99999999997,0.99999999997,-1.999996695537434e-09,-1.999996695537434e-09,-1.999996695537434e-09,1.999999999913333,-0.99999999997,-0.99999999997,-1.999996695537434e-09,9.999999999700001e-10,9.999999999700001e-10,-2.666666887307656e-11,-1.999996695537434e-09,2.666666887307656e-11,0,1.999996695537434e-09,1.999999999913333,-0.99999999997,-0.99999999997,0,0,0,-1.999999999913333,0.99999999997,0.99999999997,-1.999996695537434e-09,9.999999999700001e-10,9.999999999700001e-10
1.9,0,2.999996695507434e-09,2.999996695507434e-09,199.9999999913333,-99.999999997,-99.999999997,0,0,2.666666887307656e-11,75,-1.999999999913333,0.99999999997,0.99999999997,1e-09,1e-09,1e-09,-1.999996695537434e-09,9.999999999700001e-10,9.999999999700001e-10,90,0.9,15,3,2,1,1,1,2,2,2,1,1,1,3,1.999999999913333,-0.99999999997,-0.99999999997,-1.999999999913333,0.99999999997,0.99999999997,-1.999996695537434e-09,-1.999996695537434e-09,-1.999996695537434e-09,1.999999999913333,-0.99999999997,-0.99999999997,-1.999996695537434e-09,9.999999999700001e-10,9.999999999700001e-10,-2.666666887307656e-11,-1.999996695537434e-09,2.666666887307656e-11,0,1.999996695537434e-09,1.999999999913333,-0.99999999997,-0.99999999997,0,0,0,-1.999999999913333,0.99999999997,0.99999999997,-1.999996695537434e-09,9.999999999700001e-10,9.999999999700001e-10
2,0,2.999996695507434e-09,2.999996695507434e-09,199.9999999913333,-99.999999997,-99.999999997,0,0,2.666666887307656e-11,75,-1.999999999913333,0.99999999997,0.99999999997,1e-09,1e-09,1e-09,-1.999996695537434e-09,9.999999999700001e-10,9.999999999700001e-10,90,0.9,15,3,2,1,1,1,2,2,2,1,1,1,3,1.999999999913333,-0.99999999997,-0.99999999997,-1.999999999913333,0.99999999997,0.99999999997,-1.999996695537434e-09,-1.999996695537434e-09,-1.999996695537434e-09,1.999999999913333,-0.99999999997,-0.99999999997,-1.999996695537434e-09,9.999999999700001e-10,9.999999999700001e-10,-2.666666887307656e-11,-1.999996695537434e-09,2.666666887307656e-11,0,1.999996695537434e-09,1.999999999913333,-0.99999999997,-0.99999999997,0,0,0,-1.999999999913333,0.99999999997,0.99999999997,-1.999996695537434e-09,9.999999999700001e-10,9.999999999700001e-10
2.000000000400178,0,2.999996695507434e-09,2.999996695507434e-09,199.9999999913333,-99.999999997,-99.999999997,0,0,2.666666887307656e-11,75,-1.999999999913333,0.99999999997,0.99999999997,1e-09,1e-09,1e-09,-1.999996695537434e-09,9.999999999700001e-10,9.999999999700001e-10,90,0.9,15,3,2,1,1,1,2,2,2,1,1,1,3,1.999999999913333,-0.99999999997,-0.99999999997,-1.999999999913333,0.99999999997,0.99999999997,-1.999996695537434e-09,-1.999996695537434e-09,-1.999996695537434e-09,1.999999999913333,-0.99999999997,-0.99999999997,-1.999996695537434e-09,9.999999999700001e-10,9.999999999700001e-10,-2.666666887307656e-11,-1.999996695537434e-09,2.666666887307656e-11,0,1.999996695537434e-09,1.999999999913333,-0.99999999997,-0.99999999997,0,0,0,-1.999999999913333,0.99999999997,0.99999999997,-1.999996695537434e-09,9.999999999700001e-10,9.999999999700001e-10
2.000000000400178,0,99.99999000000101,99.99999000000101,2.000791265999169e-05,-9.999998995535719e-06,-9.999998995535719e-06,0,0,-7.914668920250278e-11,450,-2.000791265999169e-07,9.999998995535719e-08,9.999998995535719e-08,1e-09,1000000000,1000000000,-4.464381220259384e-08,99.99998995535719,99.99998995535719,90,0.9,90,3,2,1,1,1,2,1,1,1,1,1,1,2.000791265999169e-07,-9.999998995535719e-08,-9.999998995535719e-08,-2.000791265999169e-07,9.999998995535719e-08,9.999998995535719e-08,-4.464381220259384e-08,-4.464381220259384e-08,-4.464381220259384e-08,2.000791265999169e-07,-9.999998995535719e-08,-9.999998995535719e-08,-4.464381220259384e-08,99.99998995535719,99.99998995535719,7.914668920250278e-11,-4.464381220259384e-08,-7.914668920250278e-11,0,4.464381220259384e-08,2.000791265999169e-07,-9.999998995535719e-08,-9.999998995535719e-08,0,0,0,-2.000791265999169e-07,9.999998995535719e-08,9.999998995535719e-08,-4.464381220259384e-08,99.99998995535719,99.99998995535719
2.1,0,99.99999000000101,99.99999000000101,1.999999799995576e-05,-9.9999990000001e-06,-9.9999990000001e-06,0,0,4.444540692920924e-19,450,-1.999999799995576e-07,9.9999990000001e-08,9.9999990000001e-08,1e-09,1000000000,1000000000,0,99.99999000000101,99.99999000000101,90,0.9,90,3,2,1,1,1,2,1,1,1,1,1,1,1.999999799995576e-07,-9.9999990000001e-08,-9.9999990000001e-08,-1.999999799995576e-07,9.9999990000001e-08,9.9999990000001e-08,0,0,0,1.999999799995576e-07,-9.9999990000001e-08,-9.9999990000001e-08,0,99.99999000000101,99.99999000000101,-4.444540692920924e-19,0,4.444540692920924e-19,0,-0,1.999999799995576e-07,-9.9999990000001e-08,-9.9999990000001e-08,0,0,0,-1.999999799995576e-07,9.9999990000001e-08,9.9999990000001e-08,0,99.99999000000101,99.99999000000101
2.2,0,99.99999000000101,99.99999000000101,1.999999799995576e-05,-9.9999990000001e-06,-9.9999990000001e-06,0,0,4.444540692920924e-19,450,-1.999999799995576e-07,9.9999990000001e-08,9.9999990000001e-08,1e-09,1000000000,1000000000,0,99.99999000000101,99.99999000000101,90,0.9,90,3,2,1,1,1,2,1,1,1,1,1,1,1.999999799995576e-07,-9.9999990000001e-08,-9.9999990000001e-08,-1.999999799995576e-07,9.9999990000001e-08,9.9999990000001e-08,0,0,0,1.999999799995576e-07,-9.9999990000001e-08,-9.9999990000001e-08,0,99.99999000000101,99.99999000000101,-4.444540692920924e-19,0,4.444540692920924e-19,0,-0,1.999999799995576e-07,-9.9999990000001e-08,-9.9999990000001e-08,0,0,0,-1.999999799995576e-07,9.9999990000001e-08,9.9999990000001e-08,0,99.99999000000101,99.99999000000101
2.3,0,99.99999000000101,99.99999000000101,1.999999799995576e-05,-9.9999990000001e-06,-9.9999990000001e-06,0,0,4.444540692920924e-19,450,-1.999999799995576e-07,9.9999990000001e-08,9.9999990000001e-08,1e-09,1000000000,1000000000,0,99.99999000000101,99.99999000000101,90,0.9,90,3,2,1,1,1,2,1,1,1,1,1,1,1.999999799995576e-07,-9.9999990000001e-08,-9.9999990000001e-08,-1.999999799995576e-07,9.9999990000001e-08,9.9999990000001e-08,0,0,0,1.999999799995576e-07,-9.9999990000001e-08,-9.9999990000001e-08,0,99.99999000000101,99.99999000000101,-4.444540692920924e-19,0,4.444540692920924e-19,0,-0,1.999999799995576e-07,-9.9999990000001e-08,-9.9999990000001e-08,0,0,0,-1.999999799995576e-07,9.9999990000001e-08,9.9999990000001e-08,0,99.99999000000101,99.99999000000101
2.4,0,99.99999000000101,99.99999000000101,1.999999799995576e-05,-9.9999990000001e-06,-9.9999990000001e-06,0,0,4.444540692920924e-19,450,-1.999999799995576e-07,9.9999990000001e-08,9.9999990000001e-08,1e-09,1000000000,1000000000,0,99.99999000000101,99.99999000000101,90,0.9,90,3,2,1,1,1,2,1,1,1,1,1,1,1.999999799995576e-07,-9.9999990000001e-08,-9.9999990000001e-08,-1.999999799995576e-07,9.9999990000001e-08,9.9999990000001e-08,0,0,0,1.999999799995576e-07,-9.9999990000001e-08,-9.9999990000001e-08,0,99.99999000000101,99.99999000000101,-4.444540692920924e-19,0,4.444540692920924e-19,0,-0,1.999999799995576e-07,-9.9999990000001e-08,-9.9999990000001e-08,0,0,0,-1.999999799995576e-07,9.9999990000001e-08,9.9999990000001e-08,0,99.99999000000101,99.99999000000101
2.5,0,99.99999000000101,99.99999000000101,1.999999799995576e-05,-9.9999990000001e-06,-9.9999990000001e-06,0,0,4.444540692920924e-19,450,-1.999999799995576e-07,9.9999990000001e-08,9.9999990000001e-08,1e-09,1000000000,1000000000,0,99.99999000000101,99.99999000000101,90,0.9,90,3,2,1,1,1,2,1,1,1,1,1,1,1.999999799995576e-07,-9.9999990000001e-08,-9.9999990000001e-08,-1.999999799995576e-07,9.9999990000001e-08,9.9999990000001e-08,0,0,0,1.999999799995576e-07,-9.9999990000001e-08,-9.9999990000001e-08,0,99.99999000000101,99.99999000000101,-4.444540692920924e-19,0,4.444540692920924e-19,0,-0,1.999999799995576e-07,-9.9999990000001e-08,-9.9999990000001e-08,0,0,0,-1.999999799995576e-07,9.9999990000001e-08,9.9999990000001e-08,0,99.99999000000101,99.99999000000101
2.6,0,99.99999000000101,99.99999000000101,1.999999799995576e-05,-9.9999990000001e-06,-9.9999990000001e-06,0,0,4.444540692920924e-19,450,-1.999999799995576e-07,9.9999990000001e-08,9.9999990000001e-08,1e-09,1000000000,1000000000,0,99.99999000000101,99.99999000000101,90,0.9,90,3,2,1,1,1,2,1,1,1,1,1,1,1.999999799995576e-07,-9.9999990000001e-08,-9.9999990000001e-08,-1.999999799995576e-07,9.9999990000001e-08,9.9999990000001e-08,0,0,0,1.999999799995576e-07,-9.9999990000001e-08,-9.9999990000001e-08,0,99.99999000000101,99.99999000000101,-4.444540692920924e-19,0,4.444540692920924e-19,0,-0,1.999999799995576e-07,-9.9999990000001e-08,-9.9999990000001e-08,0,0,0,-1.999999799995576e-07,9.9999990000001e-08,9.9999990000001e-08,0,99.99999000000101,99.99999000000101
2.7,0,99.99999000000101,99.99999000000101,1.999999799995576e-05,-9.9999990000001e-06,-9.9999990000001e-06,0,0,4.444540692920924e-19,450,-1.999999799995576e-07,9.9999990000001e-08,9.9999990000001e-08,1e-09,1000000000,1000000000,0,99.99999000000101,99.99999000000101,90,0.9,90,3,2,1,1,1,2,1,1,1,1,1,1,1.999999799995576e-07,-9.9999990000001e-08,-9.9999990000001e-08,-1.999999799995576e-07,9.9999990000001e-08,9.9999990000001e-08,0,0,0,1.999999799995576e-07,-9.9999990000001e-08,-9.9999990000001e-08,0,99.99999000000101,99.99999000000101,-4.444540692920924e-19,0,4.444540692920924e-19,0,-0,1.999999799995576e-07,-9.9999990000001e-08,-9.9999990000001e-08,0,0,0,-1.999999799995576e-07,9.9999990000001e-08,9.9999990000001e-08,0,99.99999000000101,99.99999000000101
2.8,0,99.99999000000101,99.99999000000101,1.999999799995576e-05,-9.9999990000001e-06,-9.9999990000001e-06,0,0,4.444540692920924e-19,450,-1.999999799995576e-07,9.9999990000001e-08,9.9999990000001e-08,1e-09,1000000000,1000000000,0,99.99999000000101,99.99999000000101,90,0.9,90,3,2,1,1,1,2,1,1,1,1,1,1,1.999999799995576e-07,-9.9999990000001e-08,-9.9999990000001e-08,-1.999999799995576e-07,9.9999990000001e-08,9.9999990000001e-08,0,0,0,1.999999799995576e-07,-9.9999990000001e-08,-9.9999990000001e-08,0,99.99999000000101,99.99999000000101,-4.444540692920924e-19,0,4.444540692920924e-19,0,-0,1.999999799995576e-07,-9.9999990000001e-08,-9.9999990000001e-08,0,0,0,-1.999999799995576e-07,9.9999990000001e-08,9.9999990000001e-08,0,99.99999000000101,99.99999000000101
2.9,0,99.99999000000101,99.99999000000101,1.999999799995576e-05,-9.9999990000001e-06,-9.9999990000001e-06,0,0,4.444540692920924e-19,450,-1.999999799995576e-07,9.9999990000001e-08,9.9999990000001e-08,1e-09,1000000000,1000000000,0,99.99999000000101,99.99999000000101,90,0.9,90,3,2,1,1,1,2,1,1,1,1,1,1,1.999999799995576e-07,-9.9999990000001e-08,-9.9999990000001e-08,-1.999999799995576e-07,9.9999990000001e-08,9.9999990000001e-08,0,0,0,1.999999799995576e-07,-9.9999990000001e-08,-9.9999990000001e-08,0,99.99999000000101,99.99999000000101,-4.444540692920924e-19,0,4.444540692920924e-19,0,-0,1.999999799995576e-07,-9.9999990000001e-08,-9.9999990000001e-08,0,0,0,-1.999999799995576e-07,9.9999990000001e-08,9.9999990000001e-08,0,99.99999000000101,99.99999000000101
3,0,99.99999000000101,99.99999000000101,1.999999799995576e-05,-9.9999990000001e-06,-9.9999990000001e-06,0,0,4.444540692920924e-19,450,-1.999999799995576e-07,9.9999990000001e-08,9.9999990000001e-08,1e-09,1000000000,1000000000,0,99.99999000000101,99.99999000000101,90,0.9,90,3,2,1,1,1,2,1,1,1,1,1,1,1.999999799995576e-07,-9.9999990000001e-08,-9.9999990000001e-08,-1.999999799995576e-07,9.9999990000001e-08,9.9999990000001e-08,0,0,0,1.999999799995576e-07,-9.9999990000001e-08,-9.9999990000001e-08,0,99.99999000000101,99.99999000000101,-4.444540692920924e-19,0,4.444540692920924e-19,0,-0,1.999999799995576e-07,-9.9999990000001e-08,-9.9999990000001e-08,0,0,0,-1.999999799995576e-07,9.9999990000001e-08,9.9999990000001e-08,0,99.99999000000101,99.99999000000101
3.000000000600267,0,99.99999000000101,99.99999000000101,1.999999799995576e-05,-9.9999990000001e-06,-9.9999990000001e-06,0,0,4.444540692920924e-19,450,-1.999999799995576e-07,9.9999990000001e-08,9.9999990000001e-08,1e-09,1000000000,1000000000,0,99.99999000000101,99.99999000000101,90,0.9,90,3,2,1,1,1,2,1,1,1,1,1,1,1.999999799995576e-07,-9.9999990000001e-08,-9.9999990000001e-08,-1.999999799995576e-07,9.9999990000001e-08,9.9999990000001e-08,0,0,0,1.999999799995576e-07,-9.9999990000001e-08,-9.9999990000001e-08,0,99.99999000000101,99.99999000000101,-4.444540692920924e-19,0,4.444540692920924e-19,0,-0,1.999999799995576e-07,-9.9999990000001e-08,-9.9999990000001e-08,0,0,0,-1.999999799995576e-07,9.9999990000001e-08,9.9999990000001e-08,0,99.99999000000101,99.99999000000101
3.000000000600267,0,2.999996695507434e-09,2.999996695507434e-09,199.999999992,-99.999999997,-99.999999997,0,0,2.000000165480742e-11,100,-1.99999999992,0.99999999997,0.99999999997,1e-09,1e-09,1e-09,-1.999996695537434e-09,9.999999999700001e-10,9.999999999700001e-10,90,0.9,20,3,2,1,1,1,2,2,2,1,1,1,3,1.99999999992,-0.99999999997,-0.99999999997,-1.99999999992,0.99999999997,0.99999999997,-1.999996695537434e-09,-1.999996695537434e-09,-1.999996695537434e-09,1.99999999992,-0.99999999997,-0.99999999997,-1.999996695537434e-09,9.999999999700001e-10,9.999999999700001e-10,-2.000000165480742e-11,-1.999996695537434e-09,2.000000165480742e-11,0,1.999996695537434e-09,1.99999999992,-0.99999999997,-0.99999999997,0,0,0,-1.99999999992,0.99999999997,0.99999999997,-1.999996695537434e-09,9.999999999700001e-10,9.999999999700001e-10
3.1,0,2.999996695507434e-09,2.999996695507434e-09,199.999999992,-99.999999997,-99.999999997,0,0,2.000000165480742e-11,100,-1.99999999992,0.99999999997,0.99999999997,1e-09,1e-09,1e-09,-1.999996695537434e-09,9.999999999700001e-10,9.999999999700001e-10,90,0.9,20,3,2,1,1,1,2,2,2,1,1,1,3,1.99999999992,-0.99999999997,-0.99999999997,-1.99999999992,0.99999999997,0.99999999997,-1.999996695537434e-09,-1.999996695537434e-09,-1.999996695537434e-09,1.99999999992,-0.99999999997,-0.99999999997,-1.999996695537434e-09,9.999999999700001e-10,9.999999999700001e-10,-2.000000165480742e-11,-1.999996695537434e-09,2.000000165480742e-11,0,1.999996695537434e-09,1.99999999992,-0.99999999997,-0.99999999997,0,0,0,-1.99999999992,0.99999999997,0.99999999997,-1.999996695537434e-09,9.999999999700001e-10,9.999999999700001e-10
3.2,0,2.999996695507434e-09,2.999996695507434e-09,199.999999992,-99.999999997,-99.999999997,0,0,2.000000165480742e-11,100,-1.99999999992,0.99999999997,0.99999999997,1e-09,1e-09,1e-09,-1.999996695537434e-09,9.999999999700001e-10,9.999999999700001e-10,90,0.9,20,3,2,1,1,1,2,2,2,1,1,1,3,1.99999999992,-0.99999999997,-0.99999999997,-1.99999999992,0.99999999997,0.99999999997,-1.999996695537434e-09,-1.999996695537434e-09,-1.999996695537434e-09,1.99999999992,-0.99999999997,-0.99999999997,-1.999996695537434e-09,9.999999999700001e-10,9.999999999700001e-10,-2.000000165480742e-11,-1.999996695537434e-09,2.000000165480742e-11,0,1.999996695537434e-09,1.99999999992,-0.99999999997,-0.99999999997,0,0,0,-1.99999999992,0.99999999997,0.99999999997,-1.999996695537434e-09,9.999999999700001e-10,9.999999999700001e-10
3.3,0,2.999996695507434e-09,2.999996695507434e-09,199.999999992,-99.999999997,-99.999999997,0,0,2.000000165480742e-11,100,-1.99999999992,0.99999999997,0.99999999997,1e-09,1e-09,1e-09,-1.999996695537434e-09,9.999999999700001e-10,9.999999999700001e-10,90,0.9,20,3,2,1,1,1,2,2,2,1,1,1,3,1.99999999992,-0.99999999997,-0.99999999997,-1.99999999992,0.99999999997,0.99999999997,-1.999996695537434e-09,-1.999996695537434e-09,-1.999996695537434e-09,1.99999999992,-0.99999999997,-0.99999999997,-1.999996695537434e-09,9.999999999700001e-10,9.999999999700001e-10,-2.000000165480742e-11,-1.999996695537434e-09,2.000000165480742e-11,0,1.999996695537434e-09,1.99999999992,-0.99999999997,-0.99999999997,0,0,0,-1.99999999992,0.99999999997,0.99999999997,-1.999996695537434e-09,9.999999999700001e-10,9.999999999700001e-10
3.4,0,2.999996695507434e-09,2.999996695507434e-09,199.999999992,-99.999999997,-99.999999997,0,0,2.000000165480742e-11,100,-1.99999999992,0.99999999997,0.99999999997,1e-09,1e-09,1e-09,-1.999996695537434e-09,9.999999999700001e-10,9.999999999700001e-10,90,0.9,20,3,2,1,1,1,2,2,2,1,1,1,3,1.99999999992,-0.99999999997,-0.99999999997,-1.99999999992,0.99999999997,0.99999999997,-1.999996695537434e-09,-1.999996695537434e-09,-1.999996695537434e-09,1.99999999992,-0.99999999997,-0.99999999997,-1.999996695537434e-09,9.999999999700001e-10,9.999999999700001e-10,-2.000000165480742e-11,-1.999996695537434e-09,2.000000165480742e-11,0,1.999996695537434e-09,1.99999999992,-0.99999999997,-0.99999999997,0,0,0,-1.99999999992,0.99999999997,0.99999999997,-1.999996695537434e-09,9.999999999700001e-10,9.999999999700001e-10
3.5,0,2.999996695507434e-09,2.999996695507434e-09,199.999999992,-99.999999997,-99.999999997,0,0,2.000000165480742e-11,100,-1.99999999992,0.99999999997,0.99999999997,1e-09,1e-09,1e-09,-1.999996695537434e-09,9.999999999700001e-10,9.999999999700001e-10,90,0.9,20,3,2,1,1,1,2,2,2,1,1,1,3,1.99999999992,-0.99999999997,-0.99999999997,-1.99999999992,0.99999999997,0.99999999997,-1.999996695537434e-09,-1.999996695537434e-09,-1.999996695537434e-09,1.99999999992,-0.99999999997,-0.99999999997,-1.999996695537434e-09,9.999999999700001e-10,9.999999999700001e-10,-2.000000165480742e-11,-1.999996695537434e-09,2.000000165480742e-11,0,1.999996695537434e-09,1.99999999992,-0.99999999997,-0.99999999997,0,0,0,-1.99999999992,0.99999999997,0.99999999997,-1.999996695537434e-09,9.999999999700001e-10,9.999999999700001e-10
3.6,0,2.999996695507434e-09,2.999996695507434e-09,199.999999992,-99.999999997,-99.999999997,0,0,2.000000165480742e-11,100,-1.99999999992,0.99999999997,0.99999999997,1e-09,1e-09,1e-09,-1.999996695537434e-09,9.999999999700001e-10,9.999999999700001e-10,90,0.9,20,3,2,1,1,1,2,2,2,1,1,1,3,1.99999999992,-0.99999999997,-0.99999999997,-1.99999999992,0.99999999997,0.99999999997,-1.999996695537434e-09,-1.999996695537434e-09,-1.999996695537434e-09,1.99999999992,-0.99999999997,-0.99999999997,-1.999996695537434e-09,9.999999999700001e-10,9.999999999700001e-10,-2.000000165480742e-11,-1.999996695537434e-09,2.000000165480742e-11,0,1.999996695537434e-09,1.99999999992,-0.99999999997,-0.99999999997,0,0,0,-1.99999999992,0.99999999997,0.99999999997,-1.999996695537434e-09,9.999999999700001e-10,9.999999999700001e-10
3.7,0,2.999996695507434e-09,2.999996695507434e-09,199.999999992,-99.999999997,-99.999999997,0,0,2.000000165480742e-11,100,-1.99999999992,0.99999999997,0.99999999997,1e-09,1e-09,1e-09,-1.999996695537434e-09,9.999999999700001e-10,9.999999999700001e-10,90,0.9,20,3,2,1,1,1,2,2,2,1,1,1,3,1.99999999992,-0.99999999997,-0.99999999997,-1.99999999992,0.99999999997,0.99999999997,-1.999996695537434e-09,-1.999996695537434e-09,-1.999996695537434e-09,1.99999999992,-0.99999999997,-0.99999999997,-1.999996695537434e-09,9.999999999700001e-10,9.999999999700001e-10,-2.000000165480742e-11,-1.999996695537434e-09,2.000000165480742e-11,0,1.999996695537434e-09,1.99999999992,-0.99999999997,-0.99999999997,0,0,0,-1.99999999992,0.99999999997,0.99999999997,-1.999996695537434e-09,9.999999999700001e-10,9.999999999700001e-10
3.8,0,2.999996695507434e-09,2.999996695507434e-09,199.999999992,-99.999999997,-99.999999997,0,0,2.000000165480742e-11,100,-1.99999999992,0.99999999997,0.99999999997,1e-09,1e-09,1e-09,-1.999996695537434e-09,9.999999999700001e-10,9.999999999700001e-10,90,0.9,20,3,2,1,1,1,2,2,2,1,1,1,3,1.99999999992,-0.99999999997,-0.99999999997,-1.99999999992,0.99999999997,0.99999999997,-1.999996695537434e-09,-1.999996695537434e-09,-1.999996695537434e-09,1.99999999992,-0.99999999997,-0.99999999997,-1.999996695537434e-09,9.999999999700001e-10,9.999999999700001e-10,-2.000000165480742e-11,-1.999996695537434e-09,2.000000165480742e-11,0,1.999996695537434e-09,1.99999999992,-0.99999999997,-0.99999999997,0,0,0,-1.99999999992,0.99999999997,0.99999999997,-1.999996695537434e-09,9.999999999700001e-10,9.999999999700001e-10
3.9,0,2.999996695507434e-09,2.999996695507434e-09,199.999999992,-99.999999997,-99.999999997,0,0,2.000000165480742e-11,100,-1.99999999992,0.99999999997,0.99999999997,1e-09,1e-09,1e-09,-1.999996695537434e-09,9.999999999700001e-10,9.999999999700001e-10,90,0.9,20,3,2,1,1,1,2,2,2,1,1,1,3,1.99999999992,-0.99999999997,-0.99999999997,-1.99999999992,0.99999999997,0.99999999997,-1.999996695537434e-09,-1.999996695537434e-09,-1.999996695537434e-09,1.99999999992,-0.99999999997,-0.99999999997,-1.999996695537434e-09,9.999999999700001e-10,9.999999999700001e-10,-2.000000165480742e-11,-1.999996695537434e-09,2.000000165480742e-11,0,1.999996695537434e-09,1.99999999992,-0.99999999997,-0.99999999997,0,0,0,-1.99999999992,0.99999999997,0.99999999997,-1.999996695537434e-09,9.999999999700001e-10,9.999999999700001e-10
4,0,2.999996695507434e-09,2.999996695507434e-09,199.999999992,-99.999999997,-99.999999997,0,0,2.000000165480742e-11,100,-1.99999999992,0.99999999997,0.99999999997,1e-09,1e-09,1e-09,-1.999996695537434e-09,9.999999999700001e-10,9.999999999700001e-10,90,0.9,20,3,2,1,1,1,2,2,2,1,1,1,3,1.99999999992,-0.99999999997,-0.99999999997,-1.99999999992,0.99999999997,0.99999999997,-1.999996695537434e-09,-1.999996695537434e-09,-1.999996695537434e-09,1.99999999992,-0.99999999997,-0.99999999997,-1.999996695537434e-09,9.999999999700001e-10,9.999999999700001e-10,-2.000000165480742e-11,-1.999996695537434e-09,2.000000165480742e-11,0,1.999996695537434e-09,1.99999999992,-0.99999999997,-0.99999999997,0,0,0,-1.99999999992,0.99999999997,0.99999999997,-1.999996695537434e-09,9.999999999700001e-10,9.999999999700001e-10
4.000000000800355,0,2.999996695507434e-09,2.999996695507434e-09,199.999999992,-99.999999997,-99.999999997,0,0,2.000000165480742e-11,100,-1.99999999992,0.99999999997,0.99999999997,1e-09,1e-09,1e-09,-1.999996695537434e-09,9.999999999700001e-10,9.999999999700001e-10,90,0.9,20,3,2,1,1,1,2,2,2,1,1,1,3,1.99999999992,-0.99999999997,-0.99999999997,-1.99999999992,0.99999999997,0.99999999997,-1.999996695537434e-09,-1.999996695537434e-09,-1.999996695537434e-09,1.99999999992,-0.99999999997,-0.99999999997,-1.999996695537434e-09,9.999999999700001e-10,9.999999999700001e-10,-2.000000165480742e-11,-1.999996695537434e-09,2.000000165480742e-11,0,1.999996695537434e-09,1.99999999992,-0.99999999997,-0.99999999997,0,0,0,-1.99999999992,0.99999999997,0.99999999997,-1.999996695537434e-09,9.999999999700001e-10,9.999999999700001e-10
4.000000000800355,0,4.564381220256383e-08,99.99999000000101,100.0000100055803,-99.999999997,-9.999998995535719e-06,0,0,-8.5813134376167e-11,400,-1.000000100055803,0.99999999997,9.999998995535719e-08,1e-09,1e-09,1000000000,-4.464381220259384e-08,9.999999999700001e-10,99.99998995535719,90,0.9,80,3,2,1,1,1,2,2,1,1,1,1,2,1.000000100055803,-0.99999999997,-9.999998995535719e-08,-1.000000100055803,0.99999999997,9.999998995535719e-08,-4.464381220259384e-08,-4.464381220259384e-08,-4.464381220259384e-08,1.000000100055803,-0.99999999997,-9.999998995535719e-08,-4.464381220259384e-08,9.999999999700001e-10,99.99998995535719,8.5813134376167e-11,-4.464381220259384e-08,-8.5813134376167e-11,0,4.464381220259384e-08,1.000000100055803,-0.99999999997,-9.999998995535719e-08,0,0,0,-1.000000100055803,0.99999999997,9.999998995535719e-08,-4.464381220259384e-08,9.999999999700001e-10,99.99998995535719
4.1,0,2.00000363543405e-09,99.99999000000101,100.000009997749,-99.99999999799999,-9.999998999900101e-06,0,0,2.500000206850927e-12,400,-1.00000009997749,0.99999999998,9.9999989999001e-08,1e-09,1e-09,1000000000,-1.00000363545405e-09,9.999999999800001e-10,99.999989999001,90,0.9,80,3,2,1,1,1,2,2,1,1,1,1,2,1.00000009997749,-0.99999999998,-9.9999989999001e-08,-1.00000009997749,0.99999999998,9.9999989999001e-08,-1.00000363545405e-09,-1.00000363545405e-09,-1.00000363545405e-09,1.00000009997749,-0.99999999998,-9.9999989999001e-08,-1.00000363545405e-09,9.999999999800001e-10,99.999989999001,-2.500000206850927e-12,-1.00000363545405e-09,2.500000206850927e-12,0,1.00000363545405e-09,1.00000009997749,-0.99999999998,-9.9999989999001e-08,0,0,0,-1.00000009997749,0.99999999998,9.9999989999001e-08,-1.00000363545405e-09,9.999999999800001e-10,99.999989999001
4.2,0,2.00000363543405e-09,99.99999000000101,100.000009997749,-99.99999999800001,-9.999998999900101e-06,0,0,2.500000206850927e-12,400,-1.00000009997749,0.9999999999800001,9.9999989999001e-08,1e-09,1e-09,1000000000,-1.00000363545405e-09,9.999999999800001e-10,99.999989999001,90,0.9,80,3,2,1,1,1,2,2,1,1,1,1,2,1.00000009997749,-0.9999999999800001,-9.9999989999001e-08,-1.00000009997749,0.9999999999800001,9.9999989999001e-08,-1.00000363545405e-09,-1.00000363545405e-09,-1.00000363545405e-09,1.00000009997749,-0.9999999999800001,-9.9999989999001e-08,-1.00000363545405e-09,9.999999999800001e-10,99.999989999001,-2.500000206850927e-12,-1.00000363545405e-09,2.500000206850927e-12,0,1.00000363545405e-09,1.00000009997749,-0.9999999999800001,-9.9999989999001e-08,0,0,0,-1.00000009997749,0.9999999999800001,9.9999989999001e-08,-1.00000363545405e-09,9.999999999800001e-10,99.999989999001
4.3,0,2.00000363543405e-09,99.99999000000101,100.000009997749,-99.99999999799999,-9.999998999900101e-06,0,0,2.500000206850927e-12,400,-1.00000009997749,0.99999999998,9.9999989999001e-08,1e-09,1e-09,1000000000,-1.00000363545405e-09,9.999999999800001e-10,99.999989999001,90,0.9,80,3,2,1,1,1,2,2,1,1,1,1,2,1.00000009997749,-0.99999999998,-9.9999989999001e-08,-1.00000009997749,0.99999999998,9.9999989999001e-08,-1.00000363545405e-09,-1.00000363545405e-09,-1.00000363545405e-09,1.00000009997749,-0.99999999998,-9.9999989999001e-08,-1.00000363545405e-09,9.999999999800001e-10,99.999989999001,-2.500000206850927e-12,-1.00000363545405e-09,2.500000206850927e-12,0,1.00000363545405e-09,1.00000009997749,-0.99999999998,-9.9999989999001e-08,0,0,0,-1.00000009997749,0.99999999998,9.9999989999001e-08,-1.00000363545405e-09,9.999999999800001e-10,99.999989999001
4.4,0,2.00000363543405e-09,99.99999000000101,100.000009997749,-99.99999999800001,-9.999998999900101e-06,0,0,2.500000206850927e-12,400,-1.00000009997749,0.9999999999800001,9.9999989999001e-08,1e-09,1e-09,1000000000,-1.00000363545405e-09,9.999999999800001e-10,99.999989999001,90,0.9,80,3,2,1,1,1,2,2,1,1,1,1,2,1.00000009997749,-0.9999999999800001,-9.9999989999001e-08,-1.00000009997749,0.9999999999800001,9.9999989999001e-08,-1.00000363545405e-09,-1.00000363545405e-09,-1.00000363545405e-09,1.00000009997749,-0.9999999999800001,-9.9999989999001e-08,-1.00000363545405e-09,9.999999999800001e-10,99.999989999001,-2.500000206850927e-12,-1.00000363545405e-09,2.500000206850927e-12,0,1.00000363545405e-09,1.00000009997749,-0.9999999999800001,-9.9999989999001e-08,0,0,0,-1.00000009997749,0.9999999999800001,9.9999989999001e-08,-1.00000363545405e-09,9.999999999800001e-10,99.999989999001
4.5,0,2.00000363543405e-09,99.99999000000101,100.000009997749,-99.99999999799999,-9.999998999900101e-06,0,0,2.500000206850927e-12,400,-1.00000009997749,0.99999999998,9.9999989999001e-08,1e-09,1e-09,1000000000,-1.00000363545405e-09,9.999999999800001e-10,99.999989999001,90,0.9,80,3,2,1,1,1,2,2,1,1,1,1,2,1.00000009997749,-0.99999999998,-9.9999989999001e-08,-1.00000009997749,0.99999999998,9.9999989999001e-08,-1.00000363545405e-09,-1.00000363545405e-09,-1.00000363545405e-09,1.00000009997749,-0.99999999998,-9.9999989999001e-08,-1.00000363545405e-09,9.999999999800001e-10,99.999989999001,-2.500000206850927e-12,-1.00000363545405e-09,2.500000206850927e-12,0,1.00000363545405e-09,1.00000009997749,-0.99999999998,-9.9999989999001e-08,0,0,0,-1.00000009997749,0.99999999998,9.9999989999001e-08,-1.00000363545405e-09,9.999999999800001e-10,99.999989999001
4.6,0,2.00000363543405e-09,99.99999000000101,100.000009997749,-99.99999999800001,-9.999998999900101e-06,0,0,2.500000206850927e-12,400,-1.00000009997749,0.9999999999800001,9.9999989999001e-08,1e-09,1e-09,1000000000,-1.00000363545405e-09,9.999999999800001e-10,99.999989999001,90,0.9,80,3,2,1,1,1,2,2,1,1,1,1,2,1.00000009997749,-0.9999999999800001,-9.9999989999001e-08,-1.00000009997749,0.9999999999800001,9.9999989999001e-08,-1.00000363545405e-09,-1.00000363545405e-09,-1.00000363545405e-09,1.00000009997749,-0.9999999999800001,-9.9999989999001e-08,-1.00000363545405e-09,9.999999999800001e-10,99.999989999001,-2.500000206850927e-12,-1.00000363545405e-09,2.500000206850927e-12,0,1.00000363545405e-09,1.00000009997749,-0.9999999999800001,-9.9999989999001e-08,0,0,0,-1.00000009997749,0.9999999999800001,9.9999989999001e-08,-1.00000363545405e-09,9.999999999800001e-10,99.999989999001
4.7,0,2.00000363543405e-09,99.99999000000101,100.000009997749,-99.99999999799999,-9.999998999900101e-06,0,0,2.500000206850927e-12,400,-1.00000009997749,0.99999999998,9.9999989999001e-08,1e-09,1e-09,1000000000,-1.00000363545405e-09,9.999999999800001e-10,99.999989999001,90,0.9,80,3,2,1,1,1,2,2,1,1,1,1,2,1.00000009997749,-0.99999999998,-9.9999989999001e-08,-1.00000009997749,0.99999999998,9.9999989999001e-08,-1.00000363545405e-09,-1.00000363545405e-09,-1.00000363545405e-09,1.00000009997749,-0.99999999998,-9.9999989999001e-08,-1.00000363545405e-09,9.999999999800001e-10,99.999989999001,-2.500000206850927e-12,-1.00000363545405e-09,2.500000206850927e-12,0,1.00000363545405e-09,1.00000009997749,-0.99999999998,-9.9999989999001e-08,0,0,0,-1.00000009997749,0.99999999998,9.9999989999001e-08,-1.00000363545405e-09,9.999999999800001e-10,99.999989999001
4.8,0,2.00000363543405e-09,99.99999000000101,100.000009997749,-99.99999999800001,-9.999998999900101e-06,0,0,2.500000206850927e-12,400,-1.00000009997749,0.9999999999800001,9.9999989999001e-08,1e-09,1e-09,1000000000,-1.00000363545405e-09,9.999999999800001e-10,99.999989999001,90,0.9,80,3,2,1,1,1,2,2,1,1,1,1,2,1.00000009997749,-0.9999999999800001,-9.9999989999001e-08,-1.00000009997749,0.9999999999800001,9.9999989999001e-08,-1.00000363545405e-09,-1.00000363545405e-09,-1.00000363545405e-09,1.00000009997749,-0.9999999999800001,-9.9999989999001e-08,-1.00000363545405e-09,9.999999999800001e-10,99.999989999001,-2.500000206850927e-12,-1.00000363545405e-09,2.500000206850927e-12,0,1.00000363545405e-09,1.00000009997749,-0.9999999999800001,-9.9999989999001e-08,0,0,0,-1.00000009997749,0.9999999999800001,9.9999989999001e-08,-1.00000363545405e-09,9.999999999800001e-10,99.999989999001
4.9,0,2.00000363543405e-09,99.99999000000101,100.000009997749,-99.99999999799999,-9.999998999900101e-06,0,0,2.500000206850927e-12,400,-1.00000009997749,0.99999999998,9.9999989999001e-08,1e-09,1e-09,1000000000,-1.00000363545405e-09,9.999999999800001e-10,99.999989999001,90,0.9,80,3,2,1,1,1,2,2,1,1,1,1,2,1.00000009997749,-0.99999999998,-9.9999989999001e-08,-1.00000009997749,0.99999999998,9.9999989999001e-08,-1.00000363545405e-09,-1.00000363545405e-09,-1.00000363545405e-09,1.00000009997749,-0.99999999998,-9.9999989999001e-08,-1.00000363545405e-09,9.999999999800001e-10,99.999989999001,-2.500000206850927e-12,-1.00000363545405e-09,2.500000206850927e-12,0,1.00000363545405e-09,1.00000009997749,-0.99999999998,-9.9999989999001e-08,0,0,0,-1.00000009997749,0.99999999998,9.9999989999001e-08,-1.00000363545405e-09,9.999999999800001e-10,99.999989999001
5,0,2.00000363543405e-09,99.99999000000101,100.000009997749,-99.99999999800001,-9.999998999900101e-06,0,0,2.500000206850927e-12,400,-1.00000009997749,0.9999999999800001,9.9999989999001e-08,1e-09,1e-09,1000000000,-1.00000363545405e-09,9.999999999800001e-10,99.999989999001,90,0.9,80,3,2,1,1,1,2,2,1,1,1,1,2,1.00000009997749,-0.9999999999800001,-9.9999989999001e-08,-1.00000009997749,0.9999999999800001,9.9999989999001e-08,-1.00000363545405e-09,-1.00000363545405e-09,-1.00000363545405e-09,1.00000009997749,-0.9999999999800001,-9.9999989999001e-08,-1.00000363545405e-09,9.999999999800001e-10,99.999989999001,-2.500000206850927e-12,-1.00000363545405e-09,2.500000206850927e-12,0,1.00000363545405e-09,1.00000009997749,-0.9999999999800001,-9.9999989999001e-08,0,0,0,-1.00000009997749,0.9999999999800001,9.9999989999001e-08,-1.00000363545405e-09,9.999999999800001e-10,99.999989999001
5.000000001000445,0,2.00000363543405e-09,99.99999000000101,100.000009997749,-99.99999999799999,-9.999998999900101e-06,0,0,2.500000206850927e-12,400,-1.00000009997749,0.99999999998,9.9999989999001e-08,1e-09,1e-09,1000000000,-1.00000363545405e-09,9.999999999800001e-10,99.999989999001,90,0.9,80,3,2,1,1,1,2,2,1,1,1,1,2,1.00000009997749,-0.99999999998,-9.9999989999001e-08,-1.00000009997749,0.99999999998,9.9999989999001e-08,-1.00000363545405e-09,-1.00000363545405e-09,-1.00000363545405e-09,1.00000009997749,-0.99999999998,-9.9999989999001e-08,-1.00000363545405e-09,9.999999999800001e-10,99.999989999001,-2.500000206850927e-12,-1.00000363545405e-09,2.500000206850927e-12,0,1.00000363545405e-09,1.00000009997749,-0.99999999998,-9.9999989999001e-08,0,0,0,-1.00000009997749,0.99999999998,9.9999989999001e-08,-1.00000363545405e-09,9.999999999800001e-10,99.999989999001
5.000000001000445,0,2.00000363543405e-09,99.99999000000101,100.0000099977323,-99.99999999799999,-9.999998999900101e-06,0,0,2.666755705149626e-12,375,-1.000000099977323,0.99999999998,9.9999989999001e-08,1e-09,1e-09,1000000000,-1.00000363545405e-09,9.999999999800001e-10,99.999989999001,90,0.9,75,3,2,1,1,1,2,2,1,1,1,1,2,1.000000099977323,-0.99999999998,-9.9999989999001e-08,-1.000000099977323,0.99999999998,9.9999989999001e-08,-1.00000363545405e-09,-1.00000363545405e-09,-1.00000363545405e-09,1.000000099977323,-0.99999999998,-9.9999989999001e-08,-1.00000363545405e-09,9.999999999800001e-10,99.999989999001,-2.666755705149626e-12,-1.00000363545405e-09,2.666755705149626e-12,0,1.00000363545405e-09,1.000000099977323,-0.99999999998,-9.9999989999001e-08,0,0,0,-1.000000099977323,0.99999999998,9.9999989999001e-08,-1.00000363545405e-09,9.999999999800001e-10,99.999989999001
5.1,0,2.00000363543405e-09,99.99999000000101,100.0000099977323,-99.99999999800001,-9.999998999900101e-06,0,0,2.666533660544701e-12,375,-1.000000099977324,0.9999999999800001,9.9999989999001e-08,1e-09,1e-09,1000000000,-1.00000363545405e-09,9.999999999800001e-10,99.999989999001,90,0.9,75,3,2,1,1,1,2,2,1,1,1,1,2,1.000000099977324,-0.9999999999800001,-9.9999989999001e-08,-1.000000099977324,0.9999999999800001,9.9999989999001e-08,-1.00000363545405e-09,-1.00000363545405e-09,-1.00000363545405e-09,1.000000099977324,-0.9999999999800001,-9.9999989999001e-08,-1.00000363545405e-09,9.999999999800001e-10,99.999989999001,-2.666533660544701e-12,-1.00000363545405e-09,2.666533660544701e-12,0,1.00000363545405e-09,1.000000099977324,-0.9999999999800001,-9.9999989999001e-08,0,0,0,-1.000000099977324,0.9999999999800001,9.9999989999001e-08,-1.00000363545405e-09,9.999999999800001e-10,99.999989999001
5.2,0,2.00000363543405e-09,99.99999000000101,100.0000099977323,-99.99999999799999,-9.999998999900101e-06,0,0,2.666755705149626e-12,375,-1.000000099977323,0.99999999998,9.9999989999001e-08,1e-09,1e-09,1000000000,-1.00000363545405e-09,9.999999999800001e-10,99.999989999001,90,0.9,75,3,2,1,1,1,2,2,1,1,1,1,2,1.000000099977323,-0.99999999998,-9.9999989999001e-08,-1.000000099977323,0.99999999998,9.9999989999001e-08,-1.00000363545405e-09,-1.00000363545405e-09,-1.00000363545405e-09,1.000000099977323,-0.99999999998,-9.9999989999001e-08,-1.00000363545405e-09,9.999999999800001e-10,99.999989999001,-2.666755705149626e-12,-1.00000363545405e-09,2.666755705149626e-12,0,1.00000363545405e-09,1.000000099977323,-0.99999999998,-9.9999989999001e-08,0,0,0,-1.000000099977323,0.99999999998,9.9999989999001e-08,-1.00000363545405e-09,9.999999999800001e-10,99.999989999001
5.3,0,2.00000363543405e-09,99.99999000000101,100.0000099977323,-99.99999999800001,-9.999998999900101e-06,0,0,2.666533660544701e-12,375,-1.000000099977324,0.9999999999800001,9.9999989999001e-08,1e-09,1e-09,1000000000,-1.00000363545405e-09,9.999999999800001e-10,99.999989999001,90,0.9,75,3,2,1,1,1,2,2,1,1,1,1,2,1.000000099977324,-0.9999999999800001,-9.9999989999001e-08,-1.000000099977324,0.9999999999800001,9.9999989999001e-08,-1.00000363545405e-09,-1.00000363545405e-09,-1.00000363545405e-09,1.000000099977324,-0.9999999999800001,-9.9999989999001e-08,-1.00000363545405e-09,9.999999999800001e-10,99.999989999001,-2.666533660544701e-12,-1.00000363545405e-09,2.666533660544701e-12,0,1.00000363545405e-09,1.000000099977324,-0.9999999999800001,-9.9999989999001e-08,0,0,0,-1.000000099977324,0.9999999999800001,9.9999989999001e-08,-1.00000363545405e-09,9.999999999800001e-10,99.999989999001
5.4,0,2.00000363543405e-09,99.99999000000101,100.0000099977323,-99.99999999799999,-9.999998999900101e-06,0,0,2.666755705149626e-12,375,-1.000000099977323,0.99999999998,9.9999989999001e-08,1e-09,1e-09,1000000000,-1.00000363545405e-09,9.999999999800001e-10,99.999989999001,90,0.9,75,3,2,1,1,1,2,2,1,1,1,1,2,1.000000099977323,-0.99999999998,-9.9999989999001e-08,-1.000000099977323,0.99999999998,9.9999989999001e-08,-1.00000363545405e-09,-1.00000363545405e-09,-1.00000363545405e-09,1.000000099977323,-0.99999999998,-9.9999989999001e-08,-1.00000363545405e-09,9.999999999800001e-10,99.999989999001,-2.666755705149626e-12,-1.00000363545405e-09,2.666755705149626e-12,0,1.00000363545405e-09,1.000000099977323,-0.99999999998,-9.9999989999001e-08,0,0,0,-1.000000099977323,0.99999999998,9.9999989999001e-08,-1.00000363545405e-09,9.999999999800001e-10,99.999989999001
5.5,0,2.00000363543405e-09,99.99999000000101,100.0000099977323,-99.99999999800001,-9.999998999900101e-06,0,0,2.666533660544701e-12,375,-1.000000099977324,0.9999999999800001,9.9999989999001e-08,1e-09,1e-09,1000000000,-1.00000363545405e-09,9.999999999800001e-10,99.999989999001,90,0.9,75,3,2,1,1,1,2,2,1,1,1,1,2,1.000000099977324,-0.9999999999800001,-9.9999989999001e-08,-1.000000099977324,0.9999999999800001,9.9999989999001e-08,-1.00000363545405e-09,-1.00000363545405e-09,-1.00000363545405e-09,1.000000099977324,-0.9999999999800001,-9.9999989999001e-08,-1.00000363545405e-09,9.999999999800001e-10,99.999989999001,-2.666533660544701e-12,-1.00000363545405e-09,2.666533660544701e-12,0,1.00000363545405e-09,1.000000099977324,-0.9999999999800001,-9.9999989999001e-08,0,0,0,-1.000000099977324,0.9999999999800001,9.9999989999001e-08,-1.00000363545405e-09,9.999999999800001e-10,99.999989999001
5.6,0,2.00000363543405e-09,99.99999000000101,100.0000099977323,-99.99999999799999,-9.999998999900101e-06,0,0,2.666755705149626e-12,375,-1.000000099977323,0.99999999998,9.9999989999001e-08,1e-09,1e-09,1000000000,-1.00000363545405e-09,9.999999999800001e-10,99.999989999001,90,0.9,75,3,2,1,1,1,2,2,1,1,1,1,2,1.000000099977323,-0.99999999998,-9.9999989999001e-08,-1.000000099977323,0.99999999998,9.9999989999001e-08,-1.00000363545405e-09,-1.00000363545405e-09,-1.00000363545405e-09,1.000000099977323,-0.99999999998,-9.9999989999001e-08,-1.00000363545405e-09,9.999999999800001e-10,99.999989999001,-2.666755705149626e-12,-1.00000363545405e-09,2.666755705149626e-12,0,1.00000363545405e-09,1.000000099977323,-0.99999999998,-9.9999989999001e-08,0,0,0,-1.000000099977323,0.99999999998,9.9999989999001e-08,-1.00000363545405e-09,9.999999999800001e-10,99.999989999001
5.7,0,2.00000363543405e-09,99.99999000000101,100.0000099977323,-99.99999999800001,-9.999998999900101e-06,0,0,2.666533660544701e-12,375,-1.000000099977324,0.9999999999800001,9.9999989999001e-08,1e-09,1e-09,1000000000,-1.00000363545405e-09,9.999999999800001e-10,99.999989999001,90,0.9,75,3,2,1,1,1,2,2,1,1,1,1,2,1.000000099977324,-0.9999999999800001,-9.9999989999001e-08,-1.000000099977324,0.9999999999800001,9.9999989999001e-08,-1.00000363545405e-09,-1.00000363545405e-09,-1.00000363545405e-09,1.000000099977324,-0.9999999999800001,-9.9999989999001e-08,-1.00000363545405e-09,9.999999999800001e-10,99.999989999001,-2.666533660544701e-12,-1.00000363545405e-09,2.666533660544701e-12,0,1.00000363545405e-09,1.000000099977324,-0.9999999999800001,-9.9999989999001e-08,0,0,0,-1.000000099977324,0.9999999999800001,9.9999989999001e-08,-1.00000363545405e-09,9.999999999800001e-10,99.999989999001
5.8,0,2.00000363543405e-09,99.99999000000101,100.0000099977323,-99.99999999799999,-9.999998999900101e-06,0,0,2.666755705149626e-12,375,-1.000000099977323,0.99999999998,9.9999989999001e-08,1e-09,1e-09,1000000000,-1.00000363545405e-09,9.999999999800001e-10,99.999989999001,90,0.9,75,3,2,1,1,1,2,2,1,1,1,1,2,1.000000099977323,-0.99999999998,-9.9999989999001e-08,-1.000000099977323,0.99999999998,9.9999989999001e-08,-1.00000363545405e-09,-1.00000363545405e-09,-1.00000363545405e-09,1.000000099977323,-0.99999999998,-9.9999989999001e-08,-1.00000363545405e-09,9.999999999800001e-10,99.999989999001,-2.666755705149626e-12,-1.00000363545405e-09,2.666755705149626e-12,0,1.00000363545405e-09,1.000000099977323,-0.99999999998,-9.9999989999001e-08,0,0,0,-1.000000099977323,0.99999999998,9.9999989999001e-08,-1.00000363545405e-09,9.999999999800001e-10,99.999989999001
5.9,0,2.00000363543405e-09,99.99999000000101,100.0000099977323,-99.99999999800001,-9.999998999900101e-06,0,0,2.666533660544701e-12,375,-1.000000099977324,0.9999999999800001,9.9999989999001e-08,1e-09,1e-09,1000000000,-1.00000363545405e-09,9.999999999800001e-10,99.999989999001,90,0.9,75,3,2,1,1,1,2,2,1,1,1,1,2,1.000000099977324,-0.9999999999800001,-9.9999989999001e-08,-1.000000099977324,0.9999999999800001,9.9999989999001e-08,-1.00000363545405e-09,-1.00000363545405e-09,-1.00000363545405e-09,1.000000099977324,-0.9999999999800001,-9.9999989999001e-08,-1.00000363545405e-09,9.999999999800001e-10,99.999989999001,-2.666533660544701e-12,-1.00000363545405e-09,2.666533660544701e-12,0,1.00000363545405e-09,1.000000099977324,-0.9999999999800001,-9.9999989999001e-08,0,0,0,-1.000000099977324,0.9999999999800001,9.9999989999001e-08,-1.00000363545405e-09,9.999999999800001e-10,99.999989999001
6,0,2.00000363543405e-09,99.99999000000101,100.0000099977323,-99.99999999799999,-9.999998999900101e-06,0,0,2.666755705149626e-12,375,-1.000000099977323,0.99999999998,9.9999989999001e-08,1e-09,1e-09,1000000000,-1.00000363545405e-09,9.999999999800001e-10,99.999989999001,90,0.9,75,3,2,1,1,1,2,2,1,1,1,1,2,1.000000099977323,-0.99999999998,-9.9999989999001e-08,-1.000000099977323,0.99999999998,9.9999989999001e-08,-1.00000363545405e-09,-1.00000363545405e-09,-1.00000363545405e-09,1.000000099977323,-0.99999999998,-9.9999989999001e-08,-1.00000363545405e-09,9.999999999800001e-10,99.999989999001,-2.666755705149626e-12,-1.00000363545405e-09,2.666755705149626e-12,0,1.00000363545405e-09,1.000000099977323,-0.99999999998,-9.9999989999001e-08,0,0,0,-1.000000099977323,0.99999999998,9.9999989999001e-08,-1.00000363545405e-09,9.999999999800001e-10,99.999989999001
6.000000001200535,0,2.00000363543405e-09,99.99999000000101,100.0000099977323,-99.99999999800001,-9.999998999900101e-06,0,0,2.666533660544701e-12,375,-1.000000099977324,0.9999999999800001,9.9999989999001e-08,1e-09,1e-09,1000000000,-1.00000363545405e-09,9.999999999800001e-10,99.999989999001,90,0.9,75,3,2,1,1,1,2,2,1,1,1,1,2,1.000000099977324,-0.9999999999800001,-9.9999989999001e-08,-1.000000099977324,0.9999999999800001,9.9999989999001e-08,-1.00000363545405e-09,-1.00000363545405e-09,-1.00000363545405e-09,1.000000099977324,-0.9999999999800001,-9.9999989999001e-08,-1.00000363545405e-09,9.999999999800001e-10,99.999989999001,-2.666533660544701e-12,-1.00000363545405e-09,2.666533660544701e-12,0,1.00000363545405e-09,1.000000099977324,-0.9999999999800001,-9.9999989999001e-08,0,0,0,-1.000000099977324,0.9999999999800001,9.9999989999001e-08,-1.00000363545405e-09,9.999999999800001e-10,99.999989999001
6.000000001200535,0,2.00000363543405e-09,99.99999000000101,100.0000099976657,-99.99999999800001,-9.999998999900101e-06,0,0,3.33333360913457e-12,300,-1.000000099976657,0.9999999999800001,9.9999989999001e-08,1e-09,1e-09,1000000000,-1.00000363545405e-09,9.999999999800001e-10,99.999989999001,90,0.9,60,3,2,1,1,1,2,2,1,1,1,1,2,1.000000099976657,-0.9999999999800001,-9.9999989999001e-08,-1.000000099976657,0.9999999999800001,9.9999989999001e-08,-1.00000363545405e-09,-1.00000363545405e-09,-1.00000363545405e-09,1.000000099976657,-0.9999999999800001,-9.9999989999001e-08,-1.00000363545405e-09,9.999999999800001e-10,99.999989999001,-3.33333360913457e-12,-1.00000363545405e-09,3.33333360913457e-12,0,1.00000363545405e-09,1.000000099976657,-0.9999999999800001,-9.9999989999001e-08,0,0,0,-1.000000099976657,0.9999999999800001,9.9999989999001e-08,-1.00000363545405e-09,9.999999999800001e-10,99.999989999001
6.1,0,2.00000363543405e-09,99.99999000000101,100.0000099976657,-99.99999999799999,-9.999998999900101e-06,0,0,3.33333360913457e-12,300,-1.000000099976657,0.99999999998,9.9999989999001e-08,1e-09,1e-09,1000000000,-1.00000363545405e-09,9.999999999800001e-10,99.999989999001,90,0.9,60,3,2,1,1,1,2,2,1,1,1,1,2,1.000000099976657,-0.99999999998,-9.9999989999001e-08,-1.000000099976657,0.99999999998,9.9999989999001e-08,-1.00000363545405e-09,-1.00000363545405e-09,-1.00000363545405e-09,1.000000099976657,-0.99999999998,-9.9999989999001e-08,-1.00000363545405e-09,9.999999999800001e-10,99.999989999001,-3.33333360913457e-12,-1.00000363545405e-09,3.33333360913457e-12,0,1.00000363545405e-09,1.000000099976657,-0.99999999998,-9.9999989999001e-08,0,0,0,-1.000000099976657,0.99999999998,9.9999989999001e-08,-1.00000363545405e-09,9.999999999800001e-10,99.999989999001
6.2,0,2.00000363543405e-09,99.99999000000101,100.0000099976657,-99.99999999800001,-9.999998999900101e-06,0,0,3.33333360913457e-12,300,-1.000000099976657,0.9999999999800001,9.9999989999001e-08,1e-09,1e-09,1000000000,-1.00000363545405e-09,9.999999999800001e-10,99.999989999001,90,0.9,60,3,2,1,1,1,2,2,1,1,1,1,2,1.000000099976657,-0.9999999999800001,-9.9999989999001e-08,-1.000000099976657,0.9999999999800001,9.9999989999001e-08,-1.00000363545405e-09,-1.00000363545405e-09,-1.00000363545405e-09,1.000000099976657,-0.9999999999800001,-9.9999989999001e-08,-1.00000363545405e-09,9.999999999800001e-10,99.999989999001,-3.33333360913457e-12,-1.00000363545405e-09,3.33333360913457e-12,0,1.00000363545405e-09,1.000000099976657,-0.9999999999800001,-9.9999989999001e-08,0,0,0,-1.000000099976657,0.9999999999800001,9.9999989999001e-08,-1.00000363545405e-09,9.999999999800001e-10,99.999989999001
6.3,0,2.00000363543405e-09,99.99999000000101,100.0000099976657,-99.99999999799999,-9.999998999900101e-06,0,0,3.33333360913457e-12,300,-1.000000099976657,0.99999999998,9.9999989999001e-08,1e-09,1e-09,1000000000,-1.00000363545405e-09,9.999999999800001e-10,99.999989999001,90,0.9,60,3,2,1,1,1,2,2,1,1,1,1,2,1.000000099976657,-0.99999999998,-9.9999989999001e-08,-1.000000099976657,0.99999999998,9.9999989999001e-08,-1.00000363545405e-09,-1.00000363545405e-09,-1.00000363545405e-09,1.000000099976657,-0.99999999998,-9.9999989999001e-08,-1.00000363545405e-09,9.999999999800001e-10,99.999989999001,-3.33333360913457e-12,-1.00000363545405e-09,3.33333360913457e-12,0,1.00000363545405e-09,1.000000099976657,-0.99999999998,-9.9999989999001e-08,0,0,0,-1.000000099976657,0.99999999998,9.9999989999001e-08,-1.00000363545405e-09,9.999999999800001e-10,99.999989999001
6.4,0,2.00000363543405e-09,99.99999000000101,100.0000099976657,-99.99999999800001,-9.999998999900101e-06,0,0,3.33333360913457e-12,300,-1.000000099976657,0.9999999999800001,9.9999989999001e-08,1e-09,1e-09,1000000000,-1.00000363545405e-09,9.999999999800001e-10,99.999989999001,90,0.9,60,3,2,1,1,1,2,2,1,1,1,1,2,1.000000099976657,-0.9999999999800001,-9.9999989999001e-08,-1.000000099976657,0.9999999999800001,9.9999989999001e-08,-1.00000363545405e-09,-1.00000363545405e-09,-1.00000363545405e-09,1.000000099976657,-0.9999999999800001,-9.9999989999001e-08,-1.00000363545405e-09,9.999999999800001e-10,99.999989999001,-3.33333360913457e-12,-1.00000363545405e-09,3.33333360913457e-12,0,1.00000363545405e-09,1.000000099976657,-0.9999999999800001,-9.9999989999001e-08,0,0,0,-1.000000099976657,0.9999999999800001,9.9999989999001e-08,-1.00000363545405e-09,9.999999999800001e-10,99.999989999001
6.5,0,2.00000363543405e-09,99.99999000000101,100.0000099976657,-99.99999999799999,-9.999998999900101e-06,0,0,3.33333360913457e-12,300,-1.000000099976657,0.99999999998,9.9999989999001e-08,1e-09,1e-09,1000000000,-1.00000363545405e-09,9.999999999800001e-10,99.999989999001,90,0.9,60,3,2,1,1,1,2,2,1,1,1,1,2,1.000000099976657,-0.99999999998,-9.9999989999001e-08,-1.000000099976657,0.99999999998,9.9999989999001e-08,-1.00000363545405e-09,-1.00000363545405e-09,-1.00000363545405e-09,1.000000099976657,-0.99999999998,-9.9999989999001e-08,-1.00000363545405e-09,9.999999999800001e-10,99.999989999001,-3.33333360913457e-12,-1.00000363545405e-09,3.33333360913457e-12,0,1.00000363545405e-09,1.000000099976657,-0.99999999998,-9.9999989999001e-08,0,0,0,-1.000000099976657,0.99999999998,9.9999989999001e-08,-1.00000363545405e-09,9.999999999800001e-10,99.999989999001
6.6,0,2.00000363543405e-09,99.99999000000101,100.0000099976657,-99.99999999800001,-9.999998999900101e-06,0,0,3.33333360913457e-12,300,-1.000000099976657,0.9999999999800001,9.9999989999001e-08,1e-09,1e-09,1000000000,-1.00000363545405e-09,9.999999999800001e-10,99.999989999001,90,0.9,60,3,2,1,1,1,2,2,1,1,1,1,2,1.000000099976657,-0.9999999999800001,-9.9999989999001e-08,-1.000000099976657,0.9999999999800001,9.9999989999001e-08,-1.00000363545405e-09,-1.00000363545405e-09,-1.00000363545405e-09,1.000000099976657,-0.9999999999800001,-9.9999989999001e-08,-1.00000363545405e-09,9.999999999800001e-10,99.999989999001,-3.33333360913457e-12,-1.00000363545405e-09,3.33333360913457e-12,0,1.00000363545405e-09,1.000000099976657,-0.9999999999800001,-9.9999989999001e-08,0,0,0,-1.000000099976657,0.9999999999800001,9.9999989999001e-08,-1.00000363545405e-09,9.999999999800001e-10,99.999989999001
6.7,0,2.00000363543405e-09,99.99999000000101,100.0000099976657,-99.99999999799999,-9.999998999900101e-06,0,0,3.33333360913457e-12,300,-1.000000099976657,0.99999999998,9.9999989999001e-08,1e-09,1e-09,1000000000,-1.00000363545405e-09,9.999999999800001e-10,99.999989999001,90,0.9,60,3,2,1,1,1,2,2,1,1,1,1,2,1.000000099976657,-0.99999999998,-9.9999989999001e-08,-1.000000099976657,0.99999999998,9.9999989999001e-08,-1.00000363545405e-09,-1.00000363545405e-09,-1.00000363545405e-09,1.000000099976657,-0.99999999998,-9.9999989999001e-08,-1.00000363545405e-09,9.999999999800001e-10,99.999989999001,-3.33333360913457e-12,-1.00000363545405e-09,3.33333360913457e-12,0,1.00000363545405e-09,1.000000099976657,-0.99999999998,-9.9999989999001e-08,0,0,0,-1.000000099976657,0.99999999998,9.9999989999001e-08,-1.00000363545405e-09,9.999999999800001e-10,99.999989999001
6.8,0,2.00000363543405e-09,99.99999000000101,100.0000099976657,-99.99999999800001,-9.999998999900101e-06,0,0,3.33333360913457e-12,300,-1.000000099976657,0.9999999999800001,9.9999989999001e-08,1e-09,1e-09,1000000000,-1.00000363545405e-09,9.999999999800001e-10,99.999989999001,90,0.9,60,3,2,1,1,1,2,2,1,1,1,1,2,1.000000099976657,-0.9999999999800001,-9.9999989999001e-08,-1.000000099976657,0.9999999999800001,9.9999989999001e-08,-1.00000363545405e-09,-1.00000363545405e-09,-1.00000363545405e-09,1.000000099976657,-0.9999999999800001,-9.9999989999001e-08,-1.00000363545405e-09,9.999999999800001e-10,99.999989999001,-3.33333360913457e-12,-1.00000363545405e-09,3.33333360913457e-12,0,1.00000363545405e-09,1.000000099976657,-0.9999999999800001,-9.9999989999001e-08,0,0,0,-1.000000099976657,0.9999999999800001,9.9999989999001e-08,-1.00000363545405e-09,9.999999999800001e-10,99.999989999001
6.9,0,2.00000363543405e-09,99.99999000000101,100.0000099976657,-99.99999999799999,-9.999998999900101e-06,0,0,3.33333360913457e-12,300,-1.000000099976657,0.99999999998,9.9999989999001e-08,1e-09,1e-09,1000000000,-1.00000363545405e-09,9.999999999800001e-10,99.999989999001,90,0.9,60,3,2,1,1,1,2,2,1,1,1,1,2,1.000000099976657,-0.99999999998,-9.9999989999001e-08,-1.000000099976657,0.99999999998,9.9999989999001e-08,-1.00000363545405e-09,-1.00000363545405e-09,-1.00000363545405e-09,1.000000099976657,-0.99999999998,-9.9999989999001e-08,-1.00000363545405e-09,9.999999999800001e-10,99.999989999001,-3.33333360913457e-12,-1.00000363545405e-09,3.33333360913457e-12,0,1.00000363545405e-09,1.000000099976657,-0.99999999998,-9.9999989999001e-08,0,0,0,-1.000000099976657,0.99999999998,9.9999989999001e-08,-1.00000363545405e-09,9.999999999800001e-10,99.999989999001
7,0,2.00000363543405e-09,99.99999000000101,100.0000099976657,-99.99999999800001,-9.999998999900101e-06,0,0,3.33333360913457e-12,300,-1.000000099976657,0.9999999999800001,9.9999989999001e-08,1e-09,1e-09,1000000000,-1.00000363545405e-09,9.999999999800001e-10,99.999989999001,90,0.9,60,3,2,1,1,1,2,2,1,1,1,1,2,1.000000099976657,-0.9999999999800001,-9.9999989999001e-08,-1.000000099976657,0.9999999999800001,9.9999989999001e-08,-1.00000363545405e-09,-1.00000363545405e-09,-1.00000363545405e-09,1.000000099976657,-0.9999999999800001,-9.9999989999001e-08,-1.00000363545405e-09,9.999999999800001e-10,99.999989999001,-3.33333360913457e-12,-1.00000363545405e-09,3.33333360913457e-12,0,1.00000363545405e-09,1.000000099976657,-0.9999999999800001,-9.9999989999001e-08,0,0,0,-1.000000099976657,0.9999999999800001,9.9999989999001e-08,-1.00000363545405e-09,9.999999999800001e-10,99.999989999001
7.000000001400622,0,2.00000363543405e-09,99.99999000000101,100.0000099976657,-99.99999999799999,-9.999998999900101e-06,0,0,3.33333360913457e-12,300,-1.000000099976657,0.99999999998,9.9999989999001e-08,1e-09,1e-09,1000000000,-1.00000363545405e-09,9.999999999800001e-10,99.999989999001,90,0.9,60,3,2,1,1,1,2,2,1,1,1,1,2,1.000000099976657,-0.99999999998,-9.9999989999001e-08,-1.000000099976657,0.99999999998,9.9999989999001e-08,-1.00000363545405e-09,-1.00000363545405e-09,-1.00000363545405e-09,1.000000099976657,-0.99999999998,-9.9999989999001e-08,-1.00000363545405e-09,9.999999999800001e-10,99.999989999001,-3.33333360913457e-12,-1.00000363545405e-09,3.33333360913457e-12,0,1.00000363545405e-09,1.000000099976657,-0.99999999998,-9.9999989999001e-08,0,0,0,-1.000000099976657,0.99999999998,9.9999989999001e-08,-1.00000363545405e-09,9.999999999800001e-10,99.999989999001
7.000000001400622,0,99.99998995535719,99.99999000000101,1.999999799107144e-05,-9.999998995535719e-06,-9.9999990000001e-06,0,0,4.464382439710356e-17,500,-1.999999799107144e-07,9.999998995535719e-08,9.9999990000001e-08,1e-09,1000000000,1000000000,0,99.99998995535719,99.99999000000101,90,0.9,100,3,2,1,1,1,2,1,1,1,1,1,1,1.999999799107144e-07,-9.999998995535719e-08,-9.9999990000001e-08,-1.999999799107144e-07,9.999998995535719e-08,9.9999990000001e-08,0,0,0,1.999999799107144e-07,-9.999998995535719e-08,-9.9999990000001e-08,0,99.99998995535719,99.99999000000101,-4.464382439710356e-17,0,4.464382439710356e-17,0,-0,1.999999799107144e-07,-9.999998995535719e-08,-9.9999990000001e-08,0,0,0,-1.999999799107144e-07,9.999998995535719e-08,9.9999990000001e-08,0,99.99998995535719,99.99999000000101
7.1,0,99.99999000000101,99.99999000000101,1.99999979999602e-05,-9.9999990000001e-06,-9.9999990000001e-06,0,0,3.999848395612416e-19,500,-1.99999979999602e-07,9.9999990000001e-08,9.9999990000001e-08,1e-09,1000000000,1000000000,0,99.99999000000101,99.99999000000101,90,0.9,100,3,2,1,1,1,2,1,1,1,1,1,1,1.99999979999602e-07,-9.9999990000001e-08,-9.9999990000001e-08,-1.99999979999602e-07,9.9999990000001e-08,9.9999990000001e-08,0,0,0,1.99999979999602e-07,-9.9999990000001e-08,-9.9999990000001e-08,0,99.99999000000101,99.99999000000101,-3.999848395612416e-19,0,3.999848395612416e-19,0,-0,1.99999979999602e-07,-9.9999990000001e-08,-9.9999990000001e-08,0,0,0,-1.99999979999602e-07,9.9999990000001e-08,9.9999990000001e-08,0,99.99999000000101,99.99999000000101
7.2,0,99.99999000000101,99.99999000000101,1.99999979999602e-05,-9.9999990000001e-06,-9.9999990000001e-06,0,0,4.000113093408433e-19,500,-1.99999979999602e-07,9.9999990000001e-08,9.9999990000001e-08,1e-09,1000000000,1000000000,0,99.99999000000101,99.99999000000101,90,0.9,100,3,2,1,1,1,2,1,1,1,1,1,1,1.99999979999602e-07,-9.9999990000001e-08,-9.9999990000001e-08,-1.99999979999602e-07,9.9999990000001e-08,9.9999990000001e-08,0,0,0,1.99999979999602e-07,-9.9999990000001e-08,-9.9999990000001e-08,0,99.99999000000101,99.99999000000101,-4.000113093408433e-19,0,4.000113093408433e-19,0,-0,1.99999979999602e-07,-9.9999990000001e-08,-9.9999990000001e-08,0,0,0,-1.99999979999602e-07,9.9999990000001e-08,9.9999990000001e-08,0,99.99999000000101,99.99999000000101
7.3,0,99.99999000000101,99.99999000000101,1.99999979999602e-05,-9.9999990000001e-06,-9.9999990000001e-06,0,0,4.000113093408433e-19,500,-1.99999979999602e-07,9.9999990000001e-08,9.9999990000001e-08,1e-09,1000000000,1000000000,0,99.99999000000101,99.99999000000101,90,0.9,100,3,2,1,1,1,2,1,1,1,1,1,1,1.99999979999602e-07,-9.9999990000001e-08,-9.9999990000001e-08,-1.99999979999602e-07,9.9999990000001e-08,9.9999990000001e-08,0,0,0,1.99999979999602e-07,-9.9999990000001e-08,-9.9999990000001e-08,0,99.99999000000101,99.99999000000101,-4.000113093408433e-19,0,4.000113093408433e-19,0,-0,1.99999979999602e-07,-9.9999990000001e-08,-9.9999990000001e-08,0,0,0,-1.99999979999602e-07,9.9999990000001e-08,9.9999990000001e-08,0,99.99999000000101,99.99999000000101
7.4,0,99.99999000000101,99.99999000000101,1.99999979999602e-05,-9.9999990000001e-06,-9.9999990000001e-06,0,0,4.000113093408433e-19,500,-1.99999979999602e-07,9.9999990000001e-08,9.9999990000001e-08,1e-09,1000000000,1000000000,0,99.99999000000101,99.99999000000101,90,0.9,100,3,2,1,1,1,2,1,1,1,1,1,1,1.99999979999602e-07,-9.9999990000001e-08,-9.9999990000001e-08,-1.99999979999602e-07,9.9999990000001e-08,9.9999990000001e-08,0,0,0,1.99999979999602e-07,-9.9999990000001e-08,-9.9999990000001e-08,0,99.99999000000101,99.99999000000101,-4.000113093408433e-19,0,4.000113093408433e-19,0,-0,1.99999979999602e-07,-9.9999990000001e-08,-9.9999990000001e-08,0,0,0,-1.99999979999602e-07,9.9999990000001e-08,9.9999990000001e-08,0,99.99999000000101,99.99999000000101
7.5,0,99.99999000000101,99.99999000000101,1.99999979999602e-05,-9.9999990000001e-06,-9.9999990000001e-06,0,0,4.000113093408433e-19,500,-1.99999979999602e-07,9.9999990000001e-08,9.9999990000001e-08,1e-09,1000000000,1000000000,0,99.99999000000101,99.99999000000101,90,0.9,100,3,2,1,1,1,2,1,1,1,1,1,1,1.99999979999602e-07,-9.9999990000001e-08,-9.9999990000001e-08,-1.99999979999602e-07,9.9999990000001e-08,9.9999990000001e-08,0,0,0,1.99999979999602e-07,-9.9999990000001e-08,-9.9999990000001e-08,0,99.99999000000101,99.99999000000101,-4.000113093408433e-19,0,4.000113093408433e-19,0,-0,1.99999979999602e-07,-9.9999990000001e-08,-9.9999990000001e-08,0,0,0,-1.99999979999602e-07,9.9999990000001e-08,9.9999990000001e-08,0,99.99999000000101,99.99999000000101
7.6,0,99.99999000000101,99.99999000000101,1.99999979999602e-05,-9.9999990000001e-06,-9.9999990000001e-06,0,0,4.000113093408433e-19,500,-1.99999979999602e-07,9.9999990000001e-08,9.9999990000001e-08,1e-09,1000000000,1000000000,0,99.99999000000101,99.99999000000101,90,0.9,100,3,2,1,1,1,2,1,1,1,1,1,1,1.99999979999602e-07,-9.9999990000001e-08,-9.9999990000001e-08,-1.99999979999602e-07,9.9999990000001e-08,9.9999990000001e-08,0,0,0,1.99999979999602e-07,-9.9999990000001e-08,-9.9999990000001e-08,0,99.99999000000101,99.99999000000101,-4.000113093408433e-19,0,4.000113093408433e-19,0,-0,1.99999979999602e-07,-9.9999990000001e-08,-9.9999990000001e-08,0,0,0,-1.99999979999602e-07,9.9999990000001e-08,9.9999990000001e-08,0,99.99999000000101,99.99999000000101
7.7,0,99.99999000000101,99.99999000000101,1.99999979999602e-05,-9.9999990000001e-06,-9.9999990000001e-06,0,0,4.000113093408433e-19,500,-1.99999979999602e-07,9.9999990000001e-08,9.9999990000001e-08,1e-09,1000000000,1000000000,0,99.99999000000101,99.99999000000101,90,0.9,100,3,2,1,1,1,2,1,1,1,1,1,1,1.99999979999602e-07,-9.9999990000001e-08,-9.9999990000001e-08,-1.99999979999602e-07,9.9999990000001e-08,9.9999990000001e-08,0,0,0,1.99999979999602e-07,-9.9999990000001e-08,-9.9999990000001e-08,0,99.99999000000101,99.99999000000101,-4.000113093408433e-19,0,4.000113093408433e-19,0,-0,1.99999979999602e-07,-9.9999990000001e-08,-9.9999990000001e-08,0,0,0,-1.99999979999602e-07,9.9999990000001e-08,9.9999990000001e-08,0,99.99999000000101,99.99999000000101
7.8,0,99.99999000000101,99.99999000000101,1.99999979999602e-05,-9.9999990000001e-06,-9.9999990000001e-06,0,0,4.000113093408433e-19,500,-1.99999979999602e-07,9.9999990000001e-08,9.9999990000001e-08,1e-09,1000000000,1000000000,0,99.99999000000101,99.99999000000101,90,0.9,100,3,2,1,1,1,2,1,1,1,1,1,1,1.99999979999602e-07,-9.9999990000001e-08,-9.9999990000001e-08,-1.99999979999602e-07,9.9999990000001e-08,9.9999990000001e-08,0,0,0,1.99999979999602e-07,-9.9999990000001e-08,-9.9999990000001e-08,0,99.99999000000101,99.99999000000101,-4.000113093408433e-19,0,4.000113093408433e-19,0,-0,1.99999979999602e-07,-9.9999990000001e-08,-9.9999990000001e-08,0,0,0,-1.99999979999602e-07,9.9999990000001e-08,9.9999990000001e-08,0,99.99999000000101,99.99999000000101
7.9,0,99.99999000000101,99.99999000000101,1.99999979999602e-05,-9.9999990000001e-06,-9.9999990000001e-06,0,0,4.000113093408433e-19,500,-1.99999979999602e-07,9.9999990000001e-08,9.9999990000001e-08,1e-09,1000000000,1000000000,0,99.99999000000101,99.99999000000101,90,0.9,100,3,2,1,1,1,2,1,1,1,1,1,1,1.99999979999602e-07,-9.9999990000001e-08,-9.9999990000001e-08,-1.99999979999602e-07,9.9999990000001e-08,9.9999990000001e-08,0,0,0,1.99999979999602e-07,-9.9999990000001e-08,-9.9999990000001e-08,0,99.99999000000101,99.99999000000101,-4.000113093408433e-19,0,4.000113093408433e-19,0,-0,1.99999979999602e-07,-9.9999990000001e-08,-9.9999990000001e-08,0,0,0,-1.99999979999602e-07,9.9999990000001e-08,9.9999990000001e-08,0,99.99999000000101,99.99999000000101
8,0,99.99999000000101,99.99999000000101,1.99999979999602e-05,-9.9999990000001e-06,-9.9999990000001e-06,0,0,4.000113093408433e-19,500,-1.99999979999602e-07,9.9999990000001e-08,9.9999990000001e-08,1e-09,1000000000,1000000000,0,99.99999000000101,99.99999000000101,90,0.9,100,3,2,1,1,1,2,1,1,1,1,1,1,1.99999979999602e-07,-9.9999990000001e-08,-9.9999990000001e-08,-1.99999979999602e-07,9.9999990000001e-08,9.9999990000001e-08,0,0,0,1.99999979999602e-07,-9.9999990000001e-08,-9.9999990000001e-08,0,99.99999000000101,99.99999000000101,-4.000113093408433e-19,0,4.000113093408433e-19,0,-0,1.99999979999602e-07,-9.9999990000001e-08,-9.9999990000001e-08,0,0,0,-1.99999979999602e-07,9.9999990000001e-08,9.9999990000001e-08,0,99.99999000000101,99.99999000000101
8.000000001600711,0,99.99999000000101,99.99999000000101,1.99999979999602e-05,-9.9999990000001e-06,-9.9999990000001e-06,0,0,4.000113093408433e-19,500,-1.99999979999602e-07,9.9999990000001e-08,9.9999990000001e-08,1e-09,1000000000,1000000000,0,99.99999000000101,99.99999000000101,90,0.9,100,3,2,1,1,1,2,1,1,1,1,1,1,1.99999979999602e-07,-9.9999990000001e-08,-9.9999990000001e-08,-1.99999979999602e-07,9.9999990000001e-08,9.9999990000001e-08,0,0,0,1.99999979999602e-07,-9.9999990000001e-08,-9.9999990000001e-08,0,99.99999000000101,99.99999000000101,-4.000113093408433e-19,0,4.000113093408433e-19,0,-0,1.99999979999602e-07,-9.9999990000001e-08,-9.9999990000001e-08,0,0,0,-1.99999979999602e-07,9.9999990000001e-08,9.9999990000001e-08,0,99.99999000000101,99.99999000000101
8.000000001600711,0,99.99999000000101,99.99999000000101,1.99999979999581e-05,-9.9999990000001e-06,-9.9999990000001e-06,0,0,4.210547841241924e-19,475,-1.99999979999581e-07,9.9999990000001e-08,9.9999990000001e-08,1e-09,1000000000,1000000000,0,99.99999000000101,99.99999000000101,90,0.9,95,3,2,1,1,1,2,1,1,1,1,1,1,1.99999979999581e-07,-9.9999990000001e-08,-9.9999990000001e-08,-1.99999979999581e-07,9.9999990000001e-08,9.9999990000001e-08,0,0,0,1.99999979999581e-07,-9.9999990000001e-08,-9.9999990000001e-08,0,99.99999000000101,99.99999000000101,-4.210547841241924e-19,0,4.210547841241924e-19,0,-0,1.99999979999581e-07,-9.9999990000001e-08,-9.9999990000001e-08,0,0,0,-1.99999979999581e-07,9.9999990000001e-08,9.9999990000001e-08,0,99.99999000000101,99.99999000000101
8.1,0,99.99999000000101,99.99999000000101,1.99999979999581e-05,-9.9999990000001e-06,-9.9999990000001e-06,0,0,4.210547841241924e-19,475,-1.99999979999581e-07,9.9999990000001e-08,9.9999990000001e-08,1e-09,1000000000,1000000000,0,99.99999000000101,99.99999000000101,90,0.9,95,3,2,1,1,1,2,1,1,1,1,1,1,1.99999979999581e-07,-9.9999990000001e-08,-9.9999990000001e-08,-1.99999979999581e-07,9.9999990000001e-08,9.9999990000001e-08,0,0,0,1.99999979999581e-07,-9.9999990000001e-08,-9.9999990000001e-08,0,99.99999000000101,99.99999000000101,-4.210547841241924e-19,0,4.210547841241924e-19,0,-0,1.99999979999581e-07,-9.9999990000001e-08,-9.9999990000001e-08,0,0,0,-1.99999979999581e-07,9.9999990000001e-08,9.9999990000001e-08,0,99.99999000000101,99.99999000000101
8.199999999999999,0,99.99999000000101,99.99999000000101,1.99999979999581e-05,-9.9999990000001e-06,-9.9999990000001e-06,0,0,4.210547841241924e-19,475,-1.99999979999581e-07,9.9999990000001e-08,9.9999990000001e-08,1e-09,1000000000,1000000000,0,99.99999000000101,99.99999000000101,90,0.9,95,3,2,1,1,1,2,1,1,1,1,1,1,1.99999979999581e-07,-9.9999990000001e-08,-9.9999990000001e-08,-1.99999979999581e-07,9.9999990000001e-08,9.9999990000001e-08,0,0,0,1.99999979999581e-07,-9.9999990000001e-08,-9.9999990000001e-08,0,99.99999000000101,99.99999000000101,-4.210547841241924e-19,0,4.210547841241924e-19,0,-0,1.99999979999581e-07,-9.9999990000001e-08,-9.9999990000001e-08,0,0,0,-1.99999979999581e-07,9.9999990000001e-08,9.9999990000001e-08,0,99.99999000000101,99.99999000000101
8.300000000000001,0,99.99999000000101,99.99999000000101,1.99999979999581e-05,-9.9999990000001e-06,-9.9999990000001e-06,0,0,4.210547841241924e-19,475,-1.99999979999581e-07,9.9999990000001e-08,9.9999990000001e-08,1e-09,1000000000,1000000000,0,99.99999000000101,99.99999000000101,90,0.9,95,3,2,1,1,1,2,1,1,1,1,1,1,1.99999979999581e-07,-9.9999990000001e-08,-9.9999990000001e-08,-1.99999979999581e-07,9.9999990000001e-08,9.9999990000001e-08,0,0,0,1.99999979999581e-07,-9.9999990000001e-08,-9.9999990000001e-08,0,99.99999000000101,99.99999000000101,-4.210547841241924e-19,0,4.210547841241924e-19,0,-0,1.99999979999581e-07,-9.9999990000001e-08,-9.9999990000001e-08,0,0,0,-1.99999979999581e-07,9.9999990000001e-08,9.9999990000001e-08,0,99.99999000000101,99.99999000000101
8.4,0,99.99999000000101,99.99999000000101,1.99999979999581e-05,-9.9999990000001e-06,-9.9999990000001e-06,0,0,4.210547841241924e-19,475,-1.99999979999581e-07,9.9999990000001e-08,9.9999990000001e-08,1e-09,1000000000,1000000000,0,99.99999000000101,99.99999000000101,90,0.9,95,3,2,1,1,1,2,1,1,1,1,1,1,1.99999979999581e-07,-9.9999990000001e-08,-9.9999990000001e-08,-1.99999979999581e-07,9.9999990000001e-08,9.9999990000001e-08,0,0,0,1.99999979999581e-07,-9.9999990000001e-08,-9.9999990000001e-08,0,99.99999000000101,99.99999000000101,-4.210547841241924e-19,0,4.210547841241924e-19,0,-0,1.99999979999581e-07,-9.9999990000001e-08,-9.9999990000001e-08,0,0,0,-1.99999979999581e-07,9.9999990000001e-08,9.9999990000001e-08,0,99.99999000000101,99.99999000000101
8.5,0,99.99999000000101,99.99999000000101,1.99999979999581e-05,-9.9999990000001e-06,-9.9999990000001e-06,0,0,4.210547841241924e-19,475,-1.99999979999581e-07,9.9999990000001e-08,9.9999990000001e-08,1e-09,1000000000,1000000000,0,99.99999000000101,99.99999000000101,90,0.9,95,3,2,1,1,1,2,1,1,1,1,1,1,1.99999979999581e-07,-9.9999990000001e-08,-9.9999990000001e-08,-1.99999979999581e-07,9.9999990000001e-08,9.9999990000001e-08,0,0,0,1.99999979999581e-07,-9.9999990000001e-08,-9.9999990000001e-08,0,99.99999000000101,99.99999000000101,-4.210547841241924e-19,0,4.210547841241924e-19,0,-0,1.99999979999581e-07,-9.9999990000001e-08,-9.9999990000001e-08,0,0,0,-1.99999979999581e-07,9.9999990000001e-08,9.9999990000001e-08,0,99.99999000000101,99.99999000000101
8.6,0,99.99999000000101,99.99999000000101,1.99999979999581e-05,-9.9999990000001e-06,-9.9999990000001e-06,0,0,4.210547841241924e-19,475,-1.99999979999581e-07,9.9999990000001e-08,9.9999990000001e-08,1e-09,1000000000,1000000000,0,99.99999000000101,99.99999000000101,90,0.9,95,3,2,1,1,1,2,1,1,1,1,1,1,1.99999979999581e-07,-9.9999990000001e-08,-9.9999990000001e-08,-1.99999979999581e-07,9.9999990000001e-08,9.9999990000001e-08,0,0,0,1.99999979999581e-07,-9.9999990000001e-08,-9.9999990000001e-08,0,99.99999000000101,99.99999000000101,-4.210547841241924e-19,0,4.210547841241924e-19,0,-0,1.99999979999581e-07,-9.9999990000001e-08,-9.9999990000001e-08,0,0,0,-1.99999979999581e-07,9.9999990000001e-08,9.9999990000001e-08,0,99.99999000000101,99.99999000000101
8.699999999999999,0,99.99999000000101,99.99999000000101,1.99999979999581e-05,-9.9999990000001e-06,-9.9999990000001e-06,0,0,4.210547841241924e-19,475,-1.99999979999581e-07,9.9999990000001e-08,9.9999990000001e-08,1e-09,1000000000,1000000000,0,99.99999000000101,99.99999000000101,90,0.9,95,3,2,1,1,1,2,1,1,1,1,1,1,1.99999979999581e-07,-9.9999990000001e-08,-9.9999990000001e-08,-1.99999979999581e-07,9.9999990000001e-08,9.9999990000001e-08,0,0,0,1.99999979999581e-07,-9.9999990000001e-08,-9.9999990000001e-08,0,99.99999000000101,99.99999000000101,-4.210547841241924e-19,0,4.210547841241924e-19,0,-0,1.99999979999581e-07,-9.9999990000001e-08,-9.9999990000001e-08,0,0,0,-1.99999979999581e-07,9.9999990000001e-08,9.9999990000001e-08,0,99.99999000000101,99.99999000000101
8.800000000000001,0,99.99999000000101,99.99999000000101,1.99999979999581e-05,-9.9999990000001e-06,-9.9999990000001e-06,0,0,4.210547841241924e-19,475,-1.99999979999581e-07,9.9999990000001e-08,9.9999990000001e-08,1e-09,1000000000,1000000000,0,99.99999000000101,99.99999000000101,90,0.9,95,3,2,1,1,1,2,1,1,1,1,1,1,1.99999979999581e-07,-9.9999990000001e-08,-9.9999990000001e-08,-1.99999979999581e-07,9.9999990000001e-08,9.9999990000001e-08,0,0,0,1.99999979999581e-07,-9.9999990000001e-08,-9.9999990000001e-08,0,99.99999000000101,99.99999000000101,-4.210547841241924e-19,0,4.210547841241924e-19,0,-0,1.99999979999581e-07,-9.9999990000001e-08,-9.9999990000001e-08,0,0,0,-1.99999979999581e-07,9.9999990000001e-08,9.9999990000001e-08,0,99.99999000000101,99.99999000000101
8.9,0,99.99999000000101,99.99999000000101,1.99999979999581e-05,-9.9999990000001e-06,-9.9999990000001e-06,0,0,4.210547841241924e-19,475,-1.99999979999581e-07,9.9999990000001e-08,9.9999990000001e-08,1e-09,1000000000,1000000000,0,99.99999000000101,99.99999000000101,90,0.9,95,3,2,1,1,1,2,1,1,1,1,1,1,1.99999979999581e-07,-9.9999990000001e-08,-9.9999990000001e-08,-1.99999979999581e-07,9.9999990000001e-08,9.9999990000001e-08,0,0,0,1.99999979999581e-07,-9.9999990000001e-08,-9.9999990000001e-08,0,99.99999000000101,99.99999000000101,-4.210547841241924e-19,0,4.210547841241924e-19,0,-0,1.99999979999581e-07,-9.9999990000001e-08,-9.9999990000001e-08,0,0,0,-1.99999979999581e-07,9.9999990000001e-08,9.9999990000001e-08,0,99.99999000000101,99.99999000000101
9,0,99.99999000000101,99.99999000000101,1.99999979999581e-05,-9.9999990000001e-06,-9.9999990000001e-06,0,0,4.210547841241924e-19,475,-1.99999979999581e-07,9.9999990000001e-08,9.9999990000001e-08,1e-09,1000000000,1000000000,0,99.99999000000101,99.99999000000101,90,0.9,95,3,2,1,1,1,2,1,1,1,1,1,1,1.99999979999581e-07,-9.9999990000001e-08,-9.9999990000001e-08,-1.99999979999581e-07,9.9999990000001e-08,9.9999990000001e-08,0,0,0,1.99999979999581e-07,-9.9999990000001e-08,-9.9999990000001e-08,0,99.99999000000101,99.99999000000101,-4.210547841241924e-19,0,4.210547841241924e-19,0,-0,1.99999979999581e-07,-9.9999990000001e-08,-9.9999990000001e-08,0,0,0,-1.99999979999581e-07,9.9999990000001e-08,9.9999990000001e-08,0,99.99999000000101,99.99999000000101
9.000000001800071,0,99.99999000000101,99.99999000000101,1.99999979999581e-05,-9.9999990000001e-06,-9.9999990000001e-06,0,0,4.210547841241924e-19,475,-1.99999979999581e-07,9.9999990000001e-08,9.9999990000001e-08,1e-09,1000000000,1000000000,0,99.99999000000101,99.99999000000101,90,0.9,95,3,2,1,1,1,2,1,1,1,1,1,1,1.99999979999581e-07,-9.9999990000001e-08,-9.9999990000001e-08,-1.99999979999581e-07,9.9999990000001e-08,9.9999990000001e-08,0,0,0,1.99999979999581e-07,-9.9999990000001e-08,-9.9999990000001e-08,0,99.99999000000101,99.99999000000101,-4.210547841241924e-19,0,4.210547841241924e-19,0,-0,1.99999979999581e-07,-9.9999990000001e-08,-9.9999990000001e-08,0,0,0,-1.99999979999581e-07,9.9999990000001e-08,9.9999990000001e-08,0,99.99999000000101,99.99999000000101
9.000000001800071,0,2.00000363543405e-09,99.99999000000101,100.0000099975545,-99.99999999799999,-9.999998999900101e-06,0,0,4.444444812179427e-12,225,-1.000000099975545,0.9999999999799999,9.9999989999001e-08,1e-09,1e-09,1000000000,-1.00000363545405e-09,9.999999999799999e-10,99.999989999001,90,0.9,45,3,2,1,1,1,2,2,1,1,1,1,2,1.000000099975545,-0.9999999999799999,-9.9999989999001e-08,-1.000000099975545,0.9999999999799999,9.9999989999001e-08,-1.00000363545405e-09,-1.00000363545405e-09,-1.00000363545405e-09,1.000000099975545,-0.9999999999799999,-9.9999989999001e-08,-1.00000363545405e-09,9.999999999799999e-10,99.999989999001,-4.444444812179427e-12,-1.00000363545405e-09,4.444444812179427e-12,0,1.00000363545405e-09,1.000000099975545,-0.9999999999799999,-9.9999989999001e-08,0,0,0,-1.000000099975545,0.9999999999799999,9.9999989999001e-08,-1.00000363545405e-09,9.999999999799999e-10,99.999989999001
9.1,0,2.00000363543405e-09,99.99999000000101,100.0000099975545,-99.99999999799999,-9.999998999900101e-06,0,0,4.444666856784352e-12,225,-1.000000099975545,0.99999999998,9.9999989999001e-08,1e-09,1e-09,1000000000,-1.00000363545405e-09,9.999999999800001e-10,99.999989999001,90,0.9,45,3,2,1,1,1,2,2,1,1,1,1,2,1.000000099975545,-0.99999999998,-9.9999989999001e-08,-1.000000099975545,0.99999999998,9.9999989999001e-08,-1.00000363545405e-09,-1.00000363545405e-09,-1.00000363545405e-09,1.000000099975545,-0.99999999998,-9.9999989999001e-08,-1.00000363545405e-09,9.999999999800001e-10,99.999989999001,-4.444666856784352e-12,-1.00000363545405e-09,4.444666856784352e-12,0,1.00000363545405e-09,1.000000099975545,-0.99999999998,-9.9999989999001e-08,0,0,0,-1.000000099975545,0.99999999998,9.9999989999001e-08,-1.00000363545405e-09,9.999999999800001e-10,99.999989999001
9.199999999999999,0,2.00000363543405e-09,99.99999000000101,100.0000099975546,-99.99999999800001,-9.999998999900101e-06,0,0,4.444444812179427e-12,225,-1.000000099975546,0.9999999999800001,9.9999989999001e-08,1e-09,1e-09,1000000000,-1.00000363545405e-09,9.999999999800001e-10,99.999989999001,90,0.9,45,3,2,1,1,1,2,2,1,1,1,1,2,1.000000099975546,-0.9999999999800001,-9.9999989999001e-08,-1.000000099975546,0.9999999999800001,9.9999989999001e-08,-1.00000363545405e-09,-1.00000363545405e-09,-1.00000363545405e-09,1.000000099975546,-0.9999999999800001,-9.9999989999001e-08,-1.00000363545405e-09,9.999999999800001e-10,99.999989999001,-4.444444812179427e-12,-1.00000363545405e-09,4.444444812179427e-12,0,1.00000363545405e-09,1.000000099975546,-0.9999999999800001,-9.9999989999001e-08,0,0,0,-1.000000099975546,0.9999999999800001,9.9999989999001e-08,-1.00000363545405e-09,9.999999999800001e-10,99.999989999001
9.300000000000001,0,2.00000363543405e-09,99.99999000000101,100.0000099975546,-99.99999999799999,-9.999998999900101e-06,0,0,4.444444812179427e-12,225,-1.000000099975546,0.99999999998,9.9999989999001e-08,1e-09,1e-09,1000000000,-1.00000363545405e-09,9.999999999800001e-10,99.999989999001,90,0.9,45,3,2,1,1,1,2,2,1,1,1,1,2,1.000000099975546,-0.99999999998,-9.9999989999001e-08,-1.000000099975546,0.99999999998,9.9999989999001e-08,-1.00000363545405e-09,-1.00000363545405e-09,-1.00000363545405e-09,1.000000099975546,-0.99999999998,-9.9999989999001e-08,-1.00000363545405e-09,9.999999999800001e-10,99.999989999001,-4.444444812179427e-12,-1.00000363545405e-09,4.444444812179427e-12,0,1.00000363545405e-09,1.000000099975546,-0.99999999998,-9.9999989999001e-08,0,0,0,-1.000000099975546,0.99999999998,9.9999989999001e-08,-1.00000363545405e-09,9.999999999800001e-10,99.999989999001
9.4,0,2.00000363543405e-09,99.99999000000101,100.0000099975546,-99.99999999800001,-9.999998999900101e-06,0,0,4.444444812179427e-12,225,-1.000000099975546,0.9999999999800001,9.9999989999001e-08,1e-09,1e-09,1000000000,-1.00000363545405e-09,9.999999999800001e-10,99.999989999001,90,0.9,45,3,2,1,1,1,2,2,1,1,1,1,2,1.000000099975546,-0.9999999999800001,-9.9999989999001e-08,-1.000000099975546,0.9999999999800001,9.9999989999001e-08,-1.00000363545405e-09,-1.00000363545405e-09,-1.00000363545405e-09,1.000000099975546,-0.9999999999800001,-9.9999989999001e-08,-1.00000363545405e-09,9.999999999800001e-10,99.999989999001,-4.444444812179427e-12,-1.00000363545405e-09,4.444444812179427e-12,0,1.00000363545405e-09,1.000000099975546,-0.9999999999800001,-9.9999989999001e-08,0,0,0,-1.000000099975546,0.9999999999800001,9.9999989999001e-08,-1.00000363545405e-09,9.999999999800001e-10,99.999989999001
9.5,0,2.00000363543405e-09,99.99999000000101,100.0000099975546,-99.99999999799999,-9.999998999900101e-06,0,0,4.444444812179427e-12,225,-1.000000099975546,0.99999999998,9.9999989999001e-08,1e-09,1e-09,1000000000,-1.00000363545405e-09,9.999999999800001e-10,99.999989999001,90,0.9,45,3,2,1,1,1,2,2,1,1,1,1,2,1.000000099975546,-0.99999999998,-9.9999989999001e-08,-1.000000099975546,0.99999999998,9.9999989999001e-08,-1.00000363545405e-09,-1.00000363545405e-09,-1.00000363545405e-09,1.000000099975546,-0.99999999998,-9.9999989999001e-08,-1.00000363545405e-09,9.999999999800001e-10,99.999989999001,-4.444444812179427e-12,-1.00000363545405e-09,4.444444812179427e-12,0,1.00000363545405e-09,1.000000099975546,-0.99999999998,-9.9999989999001e-08,0,0,0,-1.000000099975546,0.99999999998,9.9999989999001e-08,-1.00000363545405e-09,9.999999999800001e-10,99.999989999001
9.6,0,2.00000363543405e-09,99.99999000000101,100.0000099975546,-99.99999999800001,-9.999998999900101e-06,0,0,4.444444812179427e-12,225,-1.000000099975546,0.9999999999800001,9.9999989999001e-08,1e-09,1e-09,1000000000,-1.00000363545405e-09,9.999999999800001e-10,99.999989999001,90,0.9,45,3,2,1,1,1,2,2,1,1,1,1,2,1.000000099975546,-0.9999999999800001,-9.9999989999001e-08,-1.000000099975546,0.9999999999800001,9.9999989999001e-08,-1.00000363545405e-09,-1.00000363545405e-09,-1.00000363545405e-09,1.000000099975546,-0.9999999999800001,-9.9999989999001e-08,-1.00000363545405e-09,9.999999999800001e-10,99.999989999001,-4.444444812179427e-12,-1.00000363545405e-09,4.444444812179427e-12,0,1.00000363545405e-09,1.000000099975546,-0.9999999999800001,-9.9999989999001e-08,0,0,0,-1.000000099975546,0.9999999999800001,9.9999989999001e-08,-1.00000363545405e-09,9.999999999800001e-10,99.999989999001
9.699999999999999,0,2.00000363543405e-09,99.99999000000101,100.0000099975546,-99.99999999799999,-9.999998999900101e-06,0,0,4.444444812179427e-12,225,-1.000000099975546,0.99999999998,9.9999989999001e-08,1e-09,1e-09,1000000000,-1.00000363545405e-09,9.999999999800001e-10,99.999989999001,90,0.9,45,3,2,1,1,1,2,2,1,1,1,1,2,1.000000099975546,-0.99999999998,-9.9999989999001e-08,-1.000000099975546,0.99999999998,9.9999989999001e-08,-1.00000363545405e-09,-1.00000363545405e-09,-1.00000363545405e-09,1.000000099975546,-0.99999999998,-9.9999989999001e-08,-1.00000363545405e-09,9.999999999800001e-10,99.999989999001,-4.444444812179427e-12,-1.00000363545405e-09,4.444444812179427e-12,0,1.00000363545405e-09,1.000000099975546,-0.99999999998,-9.9999989999001e-08,0,0,0,-1.000000099975546,0.99999999998,9.9999989999001e-08,-1.00000363545405e-09,9.999999999800001e-10,99.999989999001
9.800000000000001,0,2.00000363543405e-09,99.99999000000101,100.0000099975546,-99.99999999800001,-9.999998999900101e-06,0,0,4.444444812179427e-12,225,-1.000000099975546,0.9999999999800001,9.9999989999001e-08,1e-09,1e-09,1000000000,-1.00000363545405e-09,9.999999999800001e-10,99.999989999001,90,0.9,45,3,2,1,1,1,2,2,1,1,1,1,2,1.000000099975546,-0.9999999999800001,-9.9999989999001e-08,-1.000000099975546,0.9999999999800001,9.9999989999001e-08,-1.00000363545405e-09,-1.00000363545405e-09,-1.00000363545405e-09,1.000000099975546,-0.9999999999800001,-9.9999989999001e-08,-1.00000363545405e-09,9.999999999800001e-10,99.999989999001,-4.444444812179427e-12,-1.00000363545405e-09,4.444444812179427e-12,0,1.00000363545405e-09,1.000000099975546,-0.9999999999800001,-9.9999989999001e-08,0,0,0,-1.000000099975546,0.9999999999800001,9.9999989999001e-08,-1.00000363545405e-09,9.999999999800001e-10,99.999989999001
9.9,0,2.00000363543405e-09,99.99999000000101,100.0000099975546,-99.99999999799999,-9.999998999900101e-06,0,0,4.444444812179427e-12,225,-1.000000099975546,0.99999999998,9.9999989999001e-08,1e-09,1e-09,1000000000,-1.00000363545405e-09,9.999999999800001e-10,99.999989999001,90,0.9,45,3,2,1,1,1,2,2,1,1,1,1,2,1.000000099975546,-0.99999999998,-9.9999989999001e-08,-1.000000099975546,0.99999999998,9.9999989999001e-08,-1.00000363545405e-09,-1.00000363545405e-09,-1.00000363545405e-09,1.000000099975546,-0.99999999998,-9.9999989999001e-08,-1.00000363545405e-09,9.999999999800001e-10,99.999989999001,-4.444444812179427e-12,-1.00000363545405e-09,4.444444812179427e-12,0,1.00000363545405e-09,1.000000099975546,-0.99999999998,-9.9999989999001e-08,0,0,0,-1.000000099975546,0.99999999998,9.9999989999001e-08,-1.00000363545405e-09,9.999999999800001e-10,99.999989999001
10,0,2.00000363543405e-09,99.99999000000101,100.0000099975546,-99.99999999800001,-9.999998999900101e-06,0,0,4.444444812179427e-12,225,-1.000000099975546,0.9999999999800001,9.9999989999001e-08,1e-09,1e-09,1000000000,-1.00000363545405e-09,9.999999999800001e-10,99.999989999001,90,0.9,45,3,2,1,1,1,2,2,1,1,1,1,2,1.000000099975546,-0.9999999999800001,-9.9999989999001e-08,-1.000000099975546,0.9999999999800001,9.9999989999001e-08,-1.00000363545405e-09,-1.00000363545405e-09,-1.00000363545405e-09,1.000000099975546,-0.9999999999800001,-9.9999989999001e-08,-1.00000363545405e-09,9.999999999800001e-10,99.999989999001,-4.444444812179427e-12,-1.00000363545405e-09,4.444444812179427e-12,0,1.00000363545405e-09,1.000000099975546,-0.9999999999800001,-9.9999989999001e-08,0,0,0,-1.000000099975546,0.9999999999800001,9.9999989999001e-08,-1.00000363545405e-09,9.999999999800001e-10,99.999989999001
10.00000000200016,0,2.00000363543405e-09,99.99999000000101,100.0000099975546,-99.99999999799999,-9.999998999900101e-06,0,0,4.444444812179427e-12,225,-1.000000099975546,0.99999999998,9.9999989999001e-08,1e-09,1e-09,1000000000,-1.00000363545405e-09,9.999999999800001e-10,99.999989999001,90,0.9,45,3,2,1,1,1,2,2,1,1,1,1,2,1.000000099975546,-0.99999999998,-9.9999989999001e-08,-1.000000099975546,0.99999999998,9.9999989999001e-08,-1.00000363545405e-09,-1.00000363545405e-09,-1.00000363545405e-09,1.000000099975546,-0.99999999998,-9.9999989999001e-08,-1.00000363545405e-09,9.999999999800001e-10,99.999989999001,-4.444444812179427e-12,-1.00000363545405e-09,4.444444812179427e-12,0,1.00000363545405e-09,1.000000099975546,-0.99999999998,-9.9999989999001e-08,0,0,0,-1.000000099975546,0.99999999998,9.9999989999001e-08,-1.00000363545405e-09,9.999999999800001e-10,99.999989999001
10.00000000200016,0,3.000010906362149e-09,3.000010906362149e-09,199.999999993,-99.99999999699999,-99.99999999699999,0,0,1.000022287200864e-11,200,-1.99999999993,0.9999999999699999,0.9999999999699999,1e-09,1e-09,1e-09,-2.00001090639215e-09,9.999999999699999e-10,9.999999999699999e-10,90,0.9,40,3,2,1,1,1,2,2,2,1,1,1,3,1.99999999993,-0.9999999999699999,-0.9999999999699999,-1.99999999993,0.9999999999699999,0.9999999999699999,-2.00001090639215e-09,-2.00001090639215e-09,-2.00001090639215e-09,1.99999999993,-0.9999999999699999,-0.9999999999699999,-2.00001090639215e-09,9.999999999699999e-10,9.999999999699999e-10,-1.000022287200864e-11,-2.00001090639215e-09,1.000022287200864e-11,0,2.00001090639215e-09,1.99999999993,-0.9999999999699999,-0.9999999999699999,0,0,0,-1.99999999993,0.9999999999699999,0.9999999999699999,-2.00001090639215e-09,9.999999999699999e-10,9.999999999699999e-10
10.1,0,2.999996695507434e-09,2.999996695507434e-09,199.999999993,-99.999999997,-99.999999997,0,0,1.000000082740371e-11,200,-1.99999999993,0.99999999997,0.99999999997,1e-09,1e-09,1e-09,-1.999996695537434e-09,9.999999999700001e-10,9.999999999700001e-10,90,0.9,40,3,2,1,1,1,2,2,2,1,1,1,3,1.99999999993,-0.99999999997,-0.99999999997,-1.99999999993,0.99999999997,0.99999999997,-1.999996695537434e-09,-1.999996695537434e-09,-1.999996695537434e-09,1.99999999993,-0.99999999997,-0.99999999997,-1.999996695537434e-09,9.999999999700001e-10,9.999999999700001e-10,-1.000000082740371e-11,-1.999996695537434e-09,1.000000082740371e-11,0,1.999996695537434e-09,1.99999999993,-0.99999999997,-0.99999999997,0,0,0,-1.99999999993,0.99999999997,0.99999999997,-1.999996695537434e-09,9.999999999700001e-10,9.999999999700001e-10
10.2,0,2.999996695507434e-09,2.999996695507434e-09,199.999999993,-99.999999997,-99.999999997,0,0,1.000000082740371e-11,200,-1.99999999993,0.99999999997,0.99999999997,1e-09,1e-09,1e-09,-1.999996695537434e-09,9.999999999700001e-10,9.999999999700001e-10,90,0.9,40,3,2,1,1,1,2,2,2,1,1,1,3,1.99999999993,-0.99999999997,-0.99999999997,-1.99999999993,0.99999999997,0.99999999997,-1.999996695537434e-09,-1.999996695537434e-09,-1.999996695537434e-09,1.99999999993,-0.99999999997,-0.99999999997,-1.999996695537434e-09,9.999999999700001e-10,9.999999999700001e-10,-1.000000082740371e-11,-1.999996695537434e-09,1.000000082740371e-11,0,1.999996695537434e-09,1.99999999993,-0.99999999997,-0.99999999997,0,0,0,-1.99999999993,0.99999999997,0.99999999997,-1.999996695537434e-09,9.999999999700001e-10,9.999999999700001e-10
10.3,0,2.999996695507434e-09,2.999996695507434e-09,199.999999993,-99.999999997,-99.999999997,0,0,1.000000082740371e-11,200,-1.99999999993,0.99999999997,0.99999999997,1e-09,1e-09,1e-09,-1.999996695537434e-09,9.999999999700001e-10,9.999999999700001e-10,90,0.9,40,3,2,1,1,1,2,2,2,1,1,1,3,1.99999999993,-0.99999999997,-0.99999999997,-1.99999999993,0.99999999997,0.99999999997,-1.999996695537434e-09,-1.999996695537434e-09,-1.999996695537434e-09,1.99999999993,-0.99999999997,-0.99999999997,-1.999996695537434e-09,9.999999999700001e-10,9.999999999700001e-10,-1.000000082740371e-11,-1.999996695537434e-09,1.000000082740371e-11,0,1.999996695537434e-09,1.99999999993,-0.99999999997,-0.99999999997,0,0,0,-1.99999999993,0.99999999997,0.99999999997,-1.999996695537434e-09,9.999999999700001e-10,9.999999999700001e-10
10.4,0,2.999996695507434e-09,2.999996695507434e-09,199.999999993,-99.999999997,-99.999999997,0,0,1.000000082740371e-11,200,-1.99999999993,0.99999999997,0.99999999997,1e-09,1e-09,1e-09,-1.999996695537434e-09,9.999999999700001e-10,9.999999999700001e-10,90,0.9,40,3,2,1,1,1,2,2,2,1,1,1,3,1.99999999993,-0.99999999997,-0.99999999997,-1.99999999993,0.99999999997,0.99999999997,-1.999996695537434e-09,-1.999996695537434e-09,-1.999996695537434e-09,1.99999999993,-0.99999999997,-0.99999999997,-1.999996695537434e-09,9.999999999700001e-10,9.999999999700001e-10,-1.000000082740371e-11,-1.999996695537434e-09,1.000000082740371e-11,0,1.999996695537434e-09,1.99999999993,-0.99999999997,-0.99999999997,0,0,0,-1.99999999993,0.99999999997,0.99999999997,-1.999996695537434e-09,9.999999999700001e-10,9.999999999700001e-10
10.5,0,2.999996695507434e-09,2.999996695507434e-09,199.999999993,-99.999999997,-99.999999997,0,0,1.000000082740371e-11,200,-1.99999999993,0.99999999997,0.99999999997,1e-09,1e-09,1e-09,-1.999996695537434e-09,9.999999999700001e-10,9.999999999700001e-10,90,0.9,40,3,2,1,1,1,2,2,2,1,1,1,3,1.99999999993,-0.99999999997,-0.99999999997,-1.99999999993,0.99999999997,0.99999999997,-1.999996695537434e-09,-1.999996695537434e-09,-1.999996695537434e-09,1.99999999993,-0.99999999997,-0.99999999997,-1.999996695537434e-09,9.999999999700001e-10,9.999999999700001e-10,-1.000000082740371e-11,-1.999996695537434e-09,1.000000082740371e-11,0,1.999996695537434e-09,1.99999999993,-0.99999999997,-0.99999999997,0,0,0,-1.99999999993,0.99999999997,0.99999999997,-1.999996695537434e-09,9.999999999700001e-10,9.999999999700001e-10
10.6,0,2.999996695507434e-09,2.999996695507434e-09,199.999999993,-99.999999997,-99.999999997,0,0,1.000000082740371e-11,200,-1.99999999993,0.99999999997,0.99999999997,1e-09,1e-09,1e-09,-1.999996695537434e-09,9.999999999700001e-10,9.999999999700001e-10,90,0.9,40,3,2,1,1,1,2,2,2,1,1,1,3,1.99999999993,-0.99999999997,-0.99999999997,-1.99999999993,0.99999999997,0.99999999997,-1.999996695537434e-09,-1.999996695537434e-09,-1.999996695537434e-09,1.99999999993,-0.99999999997,-0.99999999997,-1.999996695537434e-09,9.999999999700001e-10,9.999999999700001e-10,-1.000000082740371e-11,-1.999996695537434e-09,1.000000082740371e-11,0,1.999996695537434e-09,1.99999999993,-0.99999999997,-0.99999999997,0,0,0,-1.99999999993,0.99999999997,0.99999999997,-1.999996695537434e-09,9.999999999700001e-10,9.999999999700001e-10
10.7,0,2.999996695507434e-09,2.999996695507434e-09,199.999999993,-99.999999997,-99.999999997,0,0,1.000000082740371e-11,200,-1.99999999993,0.99999999997,0.99999999997,1e-09,1e-09,1e-09,-1.999996695537434e-09,9.999999999700001e-10,9.999999999700001e-10,90,0.9,40,3,2,1,1,1,2,2,2,1,1,1,3,1.99999999993,-0.99999999997,-0.99999999997,-1.99999999993,0.99999999997,0.99999999997,-1.999996695537434e-09,-1.999996695537434e-09,-1.999996695537434e-09,1.99999999993,-0.99999999997,-0.99999999997,-1.999996695537434e-09,9.999999999700001e-10,9.999999999700001e-10,-1.000000082740371e-11,-1.999996695537434e-09,1.000000082740371e-11,0,1.999996695537434e-09,1.99999999993,-0.99999999997,-0.99999999997,0,0,0,-1.99999999993,0.99999999997,0.99999999997,-1.999996695537434e-09,9.999999999700001e-10,9.999999999700001e-10
10.8,0,2.999996695507434e-09,2.999996695507434e-09,199.999999993,-99.999999997,-99.999999997,0,0,1.000000082740371e-11,200,-1.99999999993,0.99999999997,0.99999999997,1e-09,1e-09,1e-09,-1.999996695537434e-09,9.999999999700001e-10,9.999999999700001e-10,90,0.9,40,3,2,1,1,1,2,2,2,1,1,1,3,1.99999999993,-0.99999999997,-0.99999999997,-1.99999999993,0.99999999997,0.99999999997,-1.999996695537434e-09,-1.999996695537434e-09,-1.999996695537434e-09,1.99999999993,-0.99999999997,-0.99999999997,-1.999996695537434e-09,9.999999999700001e-10,9.999999999700001e-10,-1.000000082740371e-11,-1.999996695537434e-09,1.000000082740371e-11,0,1.999996695537434e-09,1.99999999993,-0.99999999997,-0.99999999997,0,0,0,-1.99999999993,0.99999999997,0.99999999997,-1.999996695537434e-09,9.999999999700001e-10,9.999999999700001e-10
10.9,0,2.999996695507434e-09,2.999996695507434e-09,199.999999993,-99.999999997,-99.999999997,0,0,1.000000082740371e-11,200,-1.99999999993,0.99999999997,0.99999999997,1e-09,1e-09,1e-09,-1.999996695537434e-09,9.999999999700001e-10,9.999999999700001e-10,90,0.9,40,3,2,1,1,1,2,2,2,1,1,1,3,1.99999999993,-0.99999999997,-0.99999999997,-1.99999999993,0.99999999997,0.99999999997,-1.999996695537434e-09,-1.999996695537434e-09,-1.999996695537434e-09,1.99999999993,-0.99999999997,-0.99999999997,-1.999996695537434e-09,9.999999999700001e-10,9.999999999700001e-10,-1.000000082740371e-11,-1.999996695537434e-09,1.000000082740371e-11,0,1.999996695537434e-09,1.99999999993,-0.99999999997,-0.99999999997,0,0,0,-1.99999999993,0.99999999997,0.99999999997,-1.999996695537434e-09,9.999999999700001e-10,9.999999999700001e-10
11,0,2.999996695507434e-09,2.999996695507434e-09,199.999999993,-99.999999997,-99.999999997,0,0,1.000000082740371e-11,200,-1.99999999993,0.99999999997,0.99999999997,1e-09,1e-09,1e-09,-1.999996695537434e-09,9.999999999700001e-10,9.999999999700001e-10,90,0.9,40,3,2,1,1,1,2,2,2,1,1,1,3,1.99999999993,-0.99999999997,-0.99999999997,-1.99999999993,0.99999999997,0.99999999997,-1.999996695537434e-09,-1.999996695537434e-09,-1.999996695537434e-09,1.99999999993,-0.99999999997,-0.99999999997,-1.999996695537434e-09,9.999999999700001e-10,9.999999999700001e-10,-1.000000082740371e-11,-1.999996695537434e-09,1.000000082740371e-11,0,1.999996695537434e-09,1.99999999993,-0.99999999997,-0.99999999997,0,0,0,-1.99999999993,0.99999999997,0.99999999997,-1.999996695537434e-09,9.999999999700001e-10,9.999999999700001e-10
11.00000000220025,0,2.999996695507434e-09,2.999996695507434e-09,199.999999993,-99.999999997,-99.999999997,0,0,1.000000082740371e-11,200,-1.99999999993,0.99999999997,0.99999999997,1e-09,1e-09,1e-09,-1.999996695537434e-09,9.999999999700001e-10,9.999999999700001e-10,90,0.9,40,3,2,1,1,1,2,2,2,1,1,1,3,1.99999999993,-0.99999999997,-0.99999999997,-1.99999999993,0.99999999997,0.99999999997,-1.999996695537434e-09,-1.999996695537434e-09,-1.999996695537434e-09,1.99999999993,-0.99999999997,-0.99999999997,-1.999996695537434e-09,9.999999999700001e-10,9.999999999700001e-10,-1.000000082740371e-11,-1.999996695537434e-09,1.000000082740371e-11,0,1.999996695537434e-09,1.99999999993,-0.99999999997,-0.99999999997,0,0,0,-1.99999999993,0.99999999997,0.99999999997,-1.999996695537434e-09,9.999999999700001e-10,9.999999999700001e-10
11.00000000220025,0,2.999996695507434e-09,2.999996695507434e-09,199.9999999926667,-99.999999997,-99.999999997,0,0,1.333333443653828e-11,150,-1.999999999926667,0.99999999997,0.99999999997,1e-09,1e-09,1e-09,-1.999996695537434e-09,9.999999999700001e-10,9.999999999700001e-10,90,0.9,30,3,2,1,1,1,2,2,2,1,1,1,3,1.999999999926667,-0.99999999997,-0.99999999997,-1.999999999926667,0.99999999997,0.99999999997,-1.999996695537434e-09,-1.999996695537434e-09,-1.999996695537434e-09,1.999999999926667,-0.99999999997,-0.99999999997,-1.999996695537434e-09,9.999999999700001e-10,9.999999999700001e-10,-1.333333443653828e-11,-1.999996695537434e-09,1.333333443653828e-11,0,1.999996695537434e-09,1.999999999926667,-0.99999999997,-0.99999999997,0,0,0,-1.999999999926667,0.99999999997,0.99999999997,-1.999996695537434e-09,9.999999999700001e-10,9.999999999700001e-10
11.1,0,2.999996695507434e-09,2.999996695507434e-09,199.9999999926667,-99.999999997,-99.999999997,0,0,1.333333443653828e-11,150,-1.999999999926667,0.99999999997,0.99999999997,1e-09,1e-09,1e-09,-1.999996695537434e-09,9.999999999700001e-10,9.999999999700001e-10,90,0.9,30,3,2,1,1,1,2,2,2,1,1,1,3,1.999999999926667,-0.99999999997,-0.99999999997,-1.999999999926667,0.99999999997,0.99999999997,-1.999996695537434e-09,-1.999996695537434e-09,-1.999996695537434e-09,1.999999999926667,-0.99999999997,-0.99999999997,-1.999996695537434e-09,9.999999999700001e-10,9.999999999700001e-10,-1.333333443653828e-11,-1.999996695537434e-09,1.333333443653828e-11,0,1.999996695537434e-09,1.999999999926667,-0.99999999997,-0.99999999997,0,0,0,-1.999999999926667,0.99999999997,0.99999999997,-1.999996695537434e-09,9.999999999700001e-10,9.999999999700001e-10
11.2,0,2.999996695507434e-09,2.999996695507434e-09,199.9999999926667,-99.999999997,-99.999999997,0,0,1.333333443653828e-11,150,-1.999999999926667,0.99999999997,0.99999999997,1e-09,1e-09,1e-09,-1.999996695537434e-09,9.999999999700001e-10,9.999999999700001e-10,90,0.9,30,3,2,1,1,1,2,2,2,1,1,1,3,1.999999999926667,-0.99999999997,-0.99999999997,-1.999999999926667,0.99999999997,0.99999999997,-1.999996695537434e-09,-1.999996695537434e-09,-1.999996695537434e-09,1.999999999926667,-0.99999999997,-0.99999999997,-1.999996695537434e-09,9.999999999700001e-10,9.999999999700001e-10,-1.333333443653828e-11,-1.999996695537434e-09,1.333333443653828e-11,0,1.999996695537434e-09,1.999999999926667,-0.99999999997,-0.99999999997,0,0,0,-1.999999999926667,0.99999999997,0.99999999997,-1.999996695537434e-09,9.999999999700001e-10,9.999999999700001e-10
11.3,0,2.999996695507434e-09,2.999996695507434e-09,199.9999999926667,-99.999999997,-99.999999997,0,0,1.333333443653828e-11,150,-1.999999999926667,0.99999999997,0.99999999997,1e-09,1e-09,1e-09,-1.999996695537434e-09,9.999999999700001e-10,9.999999999700001e-10,90,0.9,30,3,2,1,1,1,2,2,2,1,1,1,3,1.999999999926667,-0.99999999997,-0.99999999997,-1.999999999926667,0.99999999997,0.99999999997,-1.999996695537434e-09,-1.999996695537434e-09,-1.999996695537434e-09,1.999999999926667,-0.99999999997,-0.99999999997,-1.999996695537434e-09,9.999999999700001e-10,9.999999999700001e-10,-1.333333443653828e-11,-1.999996695537434e-09,1.333333443653828e-11,0,1.999996695537434e-09,1.999999999926667,-0.99999999997,-0.99999999997,0,0,0,-1.999999999926667,0.99999999997,0.99999999997,-1.999996695537434e-09,9.999999999700001e-10,9.999999999700001e-10
11.4,0,2.999996695507434e-09,2.999996695507434e-09,199.9999999926667,-99.999999997,-99.999999997,0,0,1.333333443653828e-11,150,-1.999999999926667,0.99999999997,0.99999999997,1e-09,1e-09,1e-09,-1.999996695537434e-09,9.999999999700001e-10,9.999999999700001e-10,90,0.9,30,3,2,1,1,1,2,2,2,1,1,1,3,1.999999999926667,-0.99999999997,-0.99999999997,-1.999999999926667,0.99999999997,0.99999999997,-1.999996695537434e-09,-1.999996695537434e-09,-1.999996695537434e-09,1.999999999926667,-0.99999999997,-0.99999999997,-1.999996695537434e-09,9.999999999700001e-10,9.999999999700001e-10,-1.333333443653828e-11,-1.999996695537434e-09,1.333333443653828e-11,0,1.999996695537434e-09,1.999999999926667,-0.99999999997,-0.99999999997,0,0,0,-1.999999999926667,0.99999999997,0.99999999997,-1.999996695537434e-09,9.999999999700001e-10,9.999999999700001e-10
11.5,0,2.999996695507434e-09,2.999996695507434e-09,199.9999999926667,-99.999999997,-99.999999997,0,0,1.333333443653828e-11,150,-1.999999999926667,0.99999999997,0.99999999997,1e-09,1e-09,1e-09,-1.999996695537434e-09,9.999999999700001e-10,9.999999999700001e-10,90,0.9,30,3,2,1,1,1,2,2,2,1,1,1,3,1.999999999926667,-0.99999999997,-0.99999999997,-1.999999999926667,0.99999999997,0.99999999997,-1.999996695537434e-09,-1.999996695537434e-09,-1.999996695537434e-09,1.999999999926667,-0.99999999997,-0.99999999997,-1.999996695537434e-09,9.999999999700001e-10,9.999999999700001e-10,-1.333333443653828e-11,-1.999996695537434e-09,1.333333443653828e-11,0,1.999996695537434e-09,1.999999999926667,-0.99999999997,-0.99999999997,0,0,0,-1.999999999926667,0.99999999997,0.99999999997,-1.999996695537434e-09,9.999999999700001e-10,9.999999999700001e-10
11.6,0,2.999996695507434e-09,2.999996695507434e-09,199.9999999926667,-99.999999997,-99.999999997,0,0,1.333333443653828e-11,150,-1.999999999926667,0.99999999997,0.99999999997,1e-09,1e-09,1e-09,-1.999996695537434e-09,9.999999999700001e-10,9.999999999700001e-10,90,0.9,30,3,2,1,1,1,2,2,2,1,1,1,3,1.999999999926667,-0.99999999997,-0.99999999997,-1.999999999926667,0.99999999997,0.99999999997,-1.999996695537434e-09,-1.999996695537434e-09,-1.999996695537434e-09,1.999999999926667,-0.99999999997,-0.99999999997,-1.999996695537434e-09,9.999999999700001e-10,9.999999999700001e-10,-1.333333443653828e-11,-1.999996695537434e-09,1.333333443653828e-11,0,1.999996695537434e-09,1.999999999926667,-0.99999999997,-0.99999999997,0,0,0,-1.999999999926667,0.99999999997,0.99999999997,-1.999996695537434e-09,9.999999999700001e-10,9.999999999700001e-10
11.7,0,2.999996695507434e-09,2.999996695507434e-09,199.9999999926667,-99.999999997,-99.999999997,0,0,1.333333443653828e-11,150,-1.999999999926667,0.99999999997,0.99999999997,1e-09,1e-09,1e-09,-1.999996695537434e-09,9.999999999700001e-10,9.999999999700001e-10,90,0.9,30,3,2,1,1,1,2,2,2,1,1,1,3,1.999999999926667,-0.99999999997,-0.99999999997,-1.999999999926667,0.99999999997,0.99999999997,-1.999996695537434e-09,-1.999996695537434e-09,-1.999996695537434e-09,1.999999999926667,-0.99999999997,-0.99999999997,-1.999996695537434e-09,9.999999999700001e-10,9.999999999700001e-10,-1.333333443653828e-11,-1.999996695537434e-09,1.333333443653828e-11,0,1.999996695537434e-09,1.999999999926667,-0.99999999997,-0.99999999997,0,0,0,-1.999999999926667,0.99999999997,0.99999999997,-1.999996695537434e-09,9.999999999700001e-10,9.999999999700001e-10
11.8,0,2.999996695507434e-09,2.999996695507434e-09,199.9999999926667,-99.999999997,-99.999999997,0,0,1.333333443653828e-11,150,-1.999999999926667,0.99999999997,0.99999999997,1e-09,1e-09,1e-09,-1.999996695537434e-09,9.999999999700001e-10,9.999999999700001e-10,90,0.9,30,3,2,1,1,1,2,2,2,1,1,1,3,1.999999999926667,-0.99999999997,-0.99999999997,-1.999999999926667,0.99999999997,0.99999999997,-1.999996695537434e-09,-1.999996695537434e-09,-1.999996695537434e-09,1.999999999926667,-0.99999999997,-0.99999999997,-1.999996695537434e-09,9.999999999700001e-10,9.999999999700001e-10,-1.333333443653828e-11,-1.999996695537434e-09,1.333333443653828e-11,0,1.999996695537434e-09,1.999999999926667,-0.99999999997,-0.99999999997,0,0,0,-1.999999999926667,0.99999999997,0.99999999997,-1.999996695537434e-09,9.999999999700001e-10,9.999999999700001e-10
11.9,0,2.999996695507434e-09,2.999996695507434e-09,199.9999999926667,-99.999999997,-99.999999997,0,0,1.333333443653828e-11,150,-1.999999999926667,0.99999999997,0.99999999997,1e-09,1e-09,1e-09,-1.999996695537434e-09,9.999999999700001e-10,9.999999999700001e-10,90,0.9,30,3,2,1,1,1,2,2,2,1,1,1,3,1.999999999926667,-0.99999999997,-0.99999999997,-1.999999999926667,0.99999999997,0.99999999997,-1.999996695537434e-09,-1.999996695537434e-09,-1.999996695537434e-09,1.999999999926667,-0.99999999997,-0.99999999997,-1.999996695537434e-09,9.999999999700001e-10,9.999999999700001e-10,-1.333333443653828e-11,-1.999996695537434e-09,1.333333443653828e-11,0,1.999996695537434e-09,1.999999999926667,-0.99999999997,-0.99999999997,0,0,0,-1.999999999926667,0.99999999997,0.99999999997,-1.999996695537434e-09,9.999999999700001e-10,9.999999999700001e-10
12,0,2.999996695507434e-09,2.999996695507434e-09,199.9999999926667,-99.999999997,-99.999999997,0,0,1.333333443653828e-11,150,-1.999999999926667,0.99999999997,0.99999999997,1e-09,1e-09,1e-09,-1.999996695537434e-09,9.999999999700001e-10,9.999999999700001e-10,90,0.9,30,3,2,1,1,1,2,2,2,1,1,1,3,1.999999999926667,-0.99999999997,-0.99999999997,-1.999999999926667,0.99999999997,0.99999999997,-1.999996695537434e-09,-1.999996695537434e-09,-1.999996695537434e-09,1.999999999926667,-0.99999999997,-0.99999999997,-1.999996695537434e-09,9.999999999700001e-10,9.999999999700001e-10,-1.333333443653828e-11,-1.999996695537434e-09,1.333333443653828e-11,0,1.999996695537434e-09,1.999999999926667,-0.99999999997,-0.99999999997,0,0,0,-1.999999999926667,0.99999999997,0.99999999997,-1.999996695537434e-09,9.999999999700001e-10,9.999999999700001e-10
12.00000000240034,0,2.999996695507434e-09,2.999996695507434e-09,199.9999999926667,-99.999999997,-99.999999997,0,0,1.333333443653828e-11,150,-1.999999999926667,0.99999999997,0.99999999997,1e-09,1e-09,1e-09,-1.999996695537434e-09,9.999999999700001e-10,9.999999999700001e-10,90,0.9,30,3,2,1,1,1,2,2,2,1,1,1,3,1.999999999926667,-0.99999999997,-0.99999999997,-1.999999999926667,0.99999999997,0.99999999997,-1.999996695537434e-09,-1.999996695537434e-09,-1.999996695537434e-09,1.999999999926667,-0.99999999997,-0.99999999997,-1.999996695537434e-09,9.999999999700001e-10,9.999999999700001e-10,-1.333333443653828e-11,-1.999996695537434e-09,1.333333443653828e-11,0,1.999996695537434e-09,1.999999999926667,-0.99999999997,-0.99999999997,0,0,0,-1.999999999926667,0.99999999997,0.99999999997,-1.999996695537434e-09,9.999999999700001e-10,9.999999999700001e-10
12.00000000240034,0,2.999996695507434e-09,2.999996695507434e-09,199.9999999911428,-99.999999997,-99.999999997,0,0,2.85715895387284e-11,70,-1.999999999911428,0.99999999997,0.99999999997,1e-09,1e-09,1e-09,-1.999996695537434e-09,9.999999999700001e-10,9.999999999700001e-10,90,0.9,14,3,2,1,1,1,2,2,2,1,1,1,3,1.999999999911428,-0.99999999997,-0.99999999997,-1.999999999911428,0.99999999997,0.99999999997,-1.999996695537434e-09,-1.999996695537434e-09,-1.999996695537434e-09,1.999999999911428,-0.99999999997,-0.99999999997,-1.999996695537434e-09,9.999999999700001e-10,9.999999999700001e-10,-2.85715895387284e-11,-1.999996695537434e-09,2.85715895387284e-11,0,1.999996695537434e-09,1.999999999911428,-0.99999999997,-0.99999999997,0,0,0,-1.999999999911428,0.99999999997,0.99999999997,-1.999996695537434e-09,9.999999999700001e-10,9.999999999700001e-10
12.1,0,2.999996695507434e-09,2.999996695507434e-09,199.9999999911428,-99.999999997,-99.999999997,0,0,2.85715895387284e-11,70,-1.999999999911428,0.99999999997,0.99999999997,1e-09,1e-09,1e-09,-1.999996695537434e-09,9.999999999700001e-10,9.999999999700001e-10,90,0.9,14,3,2,1,1,1,2,2,2,1,1,1,3,1.999999999911428,-0.99999999997,-0.99999999997,-1.999999999911428,0.99999999997,0.99999999997,-1.999996695537434e-09,-1.999996695537434e-09,-1.999996695537434e-09,1.999999999911428,-0.99999999997,-0.99999999997,-1.999996695537434e-09,9.999999999700001e-10,9.999999999700001e-10,-2.85715895387284e-11,-1.999996695537434e-09,2.85715895387284e-11,0,1.999996695537434e-09,1.999999999911428,-0.99999999997,-0.99999999997,0,0,0,-1.999999999911428,0.99999999997,0.99999999997,-1.999996695537434e-09,9.999999999700001e-10,9.999999999700001e-10
12.2,0,2.999996695507434e-09,2.999996695507434e-09,199.9999999911428,-99.999999997,-99.999999997,0,0,2.85715895387284e-11,70,-1.999999999911428,0.99999999997,0.99999999997,1e-09,1e-09,1e-09,-1.999996695537434e-09,9.999999999700001e-10,9.999999999700001e-10,90,0.9,14,3,2,1,1,1,2,2,2,1,1,1,3,1.999999999911428,-0.99999999997,-0.99999999997,-1.999999999911428,0.99999999997,0.99999999997,-1.999996695537434e-09,-1.999996695537434e-09,-1.999996695537434e-09,1.999999999911428,-0.99999999997,-0.99999999997,-1.999996695537434e-09,9.999999999700001e-10,9.999999999700001e-10,-2.85715895387284e-11,-1.999996695537434e-09,2.85715895387284e-11,0,1.999996695537434e-09,1.999999999911428,-0.99999999997,-0.99999999997,0,0,0,-1.999999999911428,0.99999999997,0.99999999997,-1.999996695537434e-09,9.999999999700001e-10,9.999999999700001e-10
12.3,0,2.999996695507434e-09,2.999996695507434e-09,199.9999999911428,-99.999999997,-99.999999997,0,0,2.85715895387284e-11,70,-1.999999999911428,0.99999999997,0.99999999997,1e-09,1e-09,1e-09,-1.999996695537434e-09,9.999999999700001e-10,9.999999999700001e-10,90,0.9,14,3,2,1,1,1,2,2,2,1,1,1,3,1.999999999911428,-0.99999999997,-0.99999999997,-1.999999999911428,0.99999999997,0.99999999997,-1.999996695537434e-09,-1.999996695537434e-09,-1.999996695537434e-09,1.999999999911428,-0.99999999997,-0.99999999997,-1.999996695537434e-09,9.999999999700001e-10,9.999999999700001e-10,-2.85715895387284e-11,-1.999996695537434e-09,2.85715895387284e-11,0,1.999996695537434e-09,1.999999999911428,-0.99999999997,-0.99999999997,0,0,0,-1.999999999911428,0.99999999997,0.99999999997,-1.999996695537434e-09,9.999999999700001e-10,9.999999999700001e-10
12.4,0,2.999996695507434e-09,2.999996695507434e-09,199.9999999911428,-99.999999997,-99.999999997,0,0,2.85715895387284e-11,70,-1.999999999911428,0.99999999997,0.99999999997,1e-09,1e-09,1e-09,-1.999996695537434e-09,9.999999999700001e-10,9.999999999700001e-10,90,0.9,14,3,2,1,1,1,2,2,2,1,1,1,3,1.999999999911428,-0.99999999997,-0.99999999997,-1.999999999911428,0.99999999997,0.99999999997,-1.999996695537434e-09,-1.999996695537434e-09,-1.999996695537434e-09,1.999999999911428,-0.99999999997,-0.99999999997,-1.999996695537434e-09,9.999999999700001e-10,9.999999999700001e-10,-2.85715895387284e-11,-1.999996695537434e-09,2.85715895387284e-11,0,1.999996695537434e-09,1.999999999911428,-0.99999999997,-0.99999999997,0,0,0,-1.999999999911428,0.99999999997,0.99999999997,-1.999996695537434e-09,9.999999999700001e-10,9.999999999700001e-10
12.5,0,2.999996695507434e-09,2.999996695507434e-09,199.9999999911428,-99.999999997,-99.999999997,0,0,2.85715895387284e-11,70,-1.999999999911428,0.99999999997,0.99999999997,1e-09,1e-09,1e-09,-1.999996695537434e-09,9.999999999700001e-10,9.999999999700001e-10,90,0.9,14,3,2,1,1,1,2,2,2,1,1,1,3,1.999999999911428,-0.99999999997,-0.99999999997,-1.999999999911428,0.99999999997,0.99999999997,-1.999996695537434e-09,-1.999996695537434e-09,-1.999996695537434e-09,1.999999999911428,-0.99999999997,-0.99999999997,-1.999996695537434e-09,9.999999999700001e-10,9.999999999700001e-10,-2.85715895387284e-11,-1.999996695537434e-09,2.85715895387284e-11,0,1.999996695537434e-09,1.999999999911428,-0.99999999997,-0.99999999997,0,0,0,-1.999999999911428,0.99999999997,0.99999999997,-1.999996695537434e-09,9.999999999700001e-10,9.999999999700001e-10
12.6,0,2.999996695507434e-09,2.999996695507434e-09,199.9999999911428,-99.999999997,-99.999999997,0,0,2.85715895387284e-11,70,-1.999999999911428,0.99999999997,0.99999999997,1e-09,1e-09,1e-09,-1.999996695537434e-09,9.999999999700001e-10,9.999999999700001e-10,90,0.9,14,3,2,1,1,1,2,2,2,1,1,1,3,1.999999999911428,-0.99999999997,-0.99999999997,-1.999999999911428,0.99999999997,0.99999999997,-1.999996695537434e-09,-1.999996695537434e-09,-1.999996695537434e-09,1.999999999911428,-0.99999999997,-0.99999999997,-1.999996695537434e-09,9.999999999700001e-10,9.999999999700001e-10,-2.85715895387284e-11,-1.999996695537434e-09,2.85715895387284e-11,0,1.999996695537434e-09,1.999999999911428,-0.99999999997,-0.99999999997,0,0,0,-1.999999999911428,0.99999999997,0.99999999997,-1.999996695537434e-09,9.999999999700001e-10,9.999999999700001e-10
12.7,0,2.999996695507434e-09,2.999996695507434e-09,199.9999999911428,-99.999999997,-99.999999997,0,0,2.85715895387284e-11,70,-1.999999999911428,0.99999999997,0.99999999997,1e-09,1e-09,1e-09,-1.999996695537434e-09,9.999999999700001e-10,9.999999999700001e-10,90,0.9,14,3,2,1,1,1,2,2,2,1,1,1,3,1.999999999911428,-0.99999999997,-0.99999999997,-1.999999999911428,0.99999999997,0.99999999997,-1.999996695537434e-09,-1.999996695537434e-09,-1.999996695537434e-09,1.999999999911428,-0.99999999997,-0.99999999997,-1.999996695537434e-09,9.999999999700001e-10,9.999999999700001e-10,-2.85715895387284e-11,-1.999996695537434e-09,2.85715895387284e-11,0,1.999996695537434e-09,1.999999999911428,-0.99999999997,-0.99999999997,0,0,0,-1.999999999911428,0.99999999997,0.99999999997,-1.999996695537434e-09,9.999999999700001e-10,9.999999999700001e-10
12.8,0,2.999996695507434e-09,2.999996695507434e-09,199.9999999911428,-99.999999997,-99.999999997,0,0,2.85715895387284e-11,70,-1.999999999911428,0.99999999997,0.99999999997,1e-09,1e-09,1e-09,-1.999996695537434e-09,9.999999999700001e-10,9.999999999700001e-10,90,0.9,14,3,2,1,1,1,2,2,2,1,1,1,3,1.999999999911428,-0.99999999997,-0.99999999997,-1.999999999911428,0.99999999997,0.99999999997,-1.999996695537434e-09,-1.999996695537434e-09,-1.999996695537434e-09,1.999999999911428,-0.99999999997,-0.99999999997,-1.999996695537434e-09,9.999999999700001e-10,9.999999999700001e-10,-2.85715895387284e-11,-1.999996695537434e-09,2.85715895387284e-11,0,1.999996695537434e-09,1.999999999911428,-0.99999999997,-0.99999999997,0,0,0,-1.999999999911428,0.99999999997,0.99999999997,-1.999996695537434e-09,9.999999999700001e-10,9.999999999700001e-10
12.9,0,2.999996695507434e-09,2.999996695507434e-09,199.9999999911428,-99.999999997,-99.999999997,0,0,2.85715895387284e-11,70,-1.999999999911428,0.99999999997,0.99999999997,1e-09,1e-09,1e-09,-1.999996695537434e-09,9.999999999700001e-10,9.999999999700001e-10,90,0.9,14,3,2,1,1,1,2,2,2,1,1,1,3,1.999999999911428,-0.99999999997,-0.99999999997,-1.999999999911428,0.99999999997,0.99999999997,-1.999996695537434e-09,-1.999996695537434e-09,-1.999996695537434e-09,1.999999999911428,-0.99999999997,-0.99999999997,-1.999996695537434e-09,9.999999999700001e-10,9.999999999700001e-10,-2.85715895387284e-11,-1.999996695537434e-09,2.85715895387284e-11,0,1.999996695537434e-09,1.999999999911428,-0.99999999997,-0.99999999997,0,0,0,-1.999999999911428,0.99999999997,0.99999999997,-1.999996695537434e-09,9.999999999700001e-10,9.999999999700001e-10
13,0,2.999996695507434e-09,2.999996695507434e-09,199.9999999911428,-99.999999997,-99.999999997,0,0,2.85715895387284e-11,70,-1.999999999911428,0.99999999997,0.99999999997,1e-09,1e-09,1e-09,-1.999996695537434e-09,9.999999999700001e-10,9.999999999700001e-10,90,0.9,14,3,2,1,1,1,2,2,2,1,1,1,3,1.999999999911428,-0.99999999997,-0.99999999997,-1.999999999911428,0.99999999997,0.99999999997,-1.999996695537434e-09,-1.999996695537434e-09,-1.999996695537434e-09,1.999999999911428,-0.99999999997,-0.99999999997,-1.999996695537434e-09,9.999999999700001e-10,9.999999999700001e-10,-2.85715895387284e-11,-1.999996695537434e-09,2.85715895387284e-11,0,1.999996695537434e-09,1.999999999911428,-0.99999999997,-0.99999999997,0,0,0,-1.999999999911428,0.99999999997,0.99999999997,-1.999996695537434e-09,9.999999999700001e-10,9.999999999700001e-10
13.00000000260043,0,2.999996695507434e-09,2.999996695507434e-09,199.9999999911428,-99.999999997,-99.999999997,0,0,2.85715895387284e-11,70,-1.999999999911428,0.99999999997,0.99999999997,1e-09,1e-09,1e-09,-1.999996695537434e-09,9.999999999700001e-10,9.999999999700001e-10,90,0.9,14,3,2,1,1,1,2,2,2,1,1,1,3,1.999999999911428,-0.99999999997,-0.99999999997,-1.999999999911428,0.99999999997,0.99999999997,-1.999996695537434e-09,-1.999996695537434e-09,-1.999996695537434e-09,1.999999999911428,-0.99999999997,-0.99999999997,-1.999996695537434e-09,9.999999999700001e-10,9.999999999700001e-10,-2.85715895387284e-11,-1.999996695537434e-09,2.85715895387284e-11,0,1.999996695537434e-09,1.999999999911428,-0.99999999997,-0.99999999997,0,0,0,-1.999999999911428,0.99999999997,0.99999999997,-1.999996695537434e-09,9.999999999700001e-10,9.999999999700001e-10
13.00000000260043,0,99.99999000000101,99.99999000000101,1.999789047690825e-05,-9.999998995535719e-06,-9.999998995535719e-06,0,0,2.107514163185442e-11,485,-1.999789047690825e-07,9.999998995535719e-08,9.999998995535719e-08,1e-09,1000000000,1000000000,-4.464381220259384e-08,99.99998995535719,99.99998995535719,90,0.9,97,3,2,1,1,1,2,1,1,1,1,1,1,1.999789047690825e-07,-9.999998995535719e-08,-9.999998995535719e-08,-1.999789047690825e-07,9.999998995535719e-08,9.999998995535719e-08,-4.464381220259384e-08,-4.464381220259384e-08,-4.464381220259384e-08,1.999789047690825e-07,-9.999998995535719e-08,-9.999998995535719e-08,-4.464381220259384e-08,99.99998995535719,99.99998995535719,-2.107514163185442e-11,-4.464381220259384e-08,2.107514163185442e-11,0,4.464381220259384e-08,1.999789047690825e-07,-9.999998995535719e-08,-9.999998995535719e-08,0,0,0,-1.999789047690825e-07,9.999998995535719e-08,9.999998995535719e-08,-4.464381220259384e-08,99.99998995535719,99.99998995535719
13.1,0,99.99999000000101,99.99999000000101,1.999999799995896e-05,-9.9999990000001e-06,-9.9999990000001e-06,0,0,4.123726964148358e-19,485,-1.999999799995896e-07,9.9999990000001e-08,9.9999990000001e-08,1e-09,1000000000,1000000000,0,99.99999000000101,99.99999000000101,90,0.9,97,3,2,1,1,1,2,1,1,1,1,1,1,1.999999799995896e-07,-9.9999990000001e-08,-9.9999990000001e-08,-1.999999799995896e-07,9.9999990000001e-08,9.9999990000001e-08,0,0,0,1.999999799995896e-07,-9.9999990000001e-08,-9.9999990000001e-08,0,99.99999000000101,99.99999000000101,-4.123726964148358e-19,0,4.123726964148358e-19,0,-0,1.999999799995896e-07,-9.9999990000001e-08,-9.9999990000001e-08,0,0,0,-1.999999799995896e-07,9.9999990000001e-08,9.9999990000001e-08,0,99.99999000000101,99.99999000000101
13.2,0,99.99999000000101,99.99999000000101,1.999999799995896e-05,-9.9999990000001e-06,-9.9999990000001e-06,0,0,4.123726964148358e-19,485,-1.999999799995896e-07,9.9999990000001e-08,9.9999990000001e-08,1e-09,1000000000,1000000000,0,99.99999000000101,99.99999000000101,90,0.9,97,3,2,1,1,1,2,1,1,1,1,1,1,1.999999799995896e-07,-9.9999990000001e-08,-9.9999990000001e-08,-1.999999799995896e-07,9.9999990000001e-08,9.9999990000001e-08,0,0,0,1.999999799995896e-07,-9.9999990000001e-08,-9.9999990000001e-08,0,99.99999000000101,99.99999000000101,-4.123726964148358e-19,0,4.123726964148358e-19,0,-0,1.999999799995896e-07,-9.9999990000001e-08,-9.9999990000001e-08,0,0,0,-1.999999799995896e-07,9.9999990000001e-08,9.9999990000001e-08,0,99.99999000000101,99.99999000000101
13.3,0,99.99999000000101,99.99999000000101,1.999999799995896e-05,-9.9999990000001e-06,-9.9999990000001e-06,0,0,4.123726964148358e-19,485,-1.999999799995896e-07,9.9999990000001e-08,9.9999990000001e-08,1e-09,1000000000,1000000000,0,99.99999000000101,99.99999000000101,90,0.9,97,3,2,1,1,1,2,1,1,1,1,1,1,1.999999799995896e-07,-9.9999990000001e-08,-9.9999990000001e-08,-1.999999799995896e-07,9.9999990000001e-08,9.9999990000001e-08,0,0,0,1.999999799995896e-07,-9.9999990000001e-08,-9.9999990000001e-08,0,99.99999000000101,99.99999000000101,-4.123726964148358e-19,0,4.123726964148358e-19,0,-0,1.999999799995896e-07,-9.9999990000001e-08,-9.9999990000001e-08,0,0,0,-1.999999799995896e-07,9.9999990000001e-08,9.9999990000001e-08,0,99.99999000000101,99.99999000000101
13.4,0,99.99999000000101,99.99999000000101,1.999999799995896e-05,-9.9999990000001e-06,-9.9999990000001e-06,0,0,4.123726964148358e-19,485,-1.999999799995896e-07,9.9999990000001e-08,9.9999990000001e-08,1e-09,1000000000,1000000000,0,99.99999000000101,99.99999000000101,90,0.9,97,3,2,1,1,1,2,1,1,1,1,1,1,1.999999799995896e-07,-9.9999990000001e-08,-9.9999990000001e-08,-1.999999799995896e-07,9.9999990000001e-08,9.9999990000001e-08,0,0,0,1.999999799995896e-07,-9.9999990000001e-08,-9.9999990000001e-08,0,99.99999000000101,99.99999000000101,-4.123726964148358e-19,0,4.123726964148358e-19,0,-0,1.999999799995896e-07,-9.9999990000001e-08,-9.9999990000001e-08,0,0,0,-1.999999799995896e-07,9.9999990000001e-08,9.9999990000001e-08,0,99.99999000000101,99.99999000000101
13.5,0,99.99999000000101,99.99999000000101,1.999999799995896e-05,-9.9999990000001e-06,-9.9999990000001e-06,0,0,4.123726964148358e-19,485,-1.999999799995896e-07,9.9999990000001e-08,9.9999990000001e-08,1e-09,1000000000,1000000000,0,99.99999000000101,99.99999000000101,90,0.9,97,3,2,1,1,1,2,1,1,1,1,1,1,1.999999799995896e-07,-9.9999990000001e-08,-9.9999990000001e-08,-1.999999799995896e-07,9.9999990000001e-08,9.9999990000001e-08,0,0,0,1.999999799995896e-07,-9.9999990000001e-08,-9.9999990000001e-08,0,99.99999000000101,99.99999000000101,-4.123726964148358e-19,0,4.123726964148358e-19,0,-0,1.999999799995896e-07,-9.9999990000001e-08,-9.9999990000001e-08,0,0,0,-1.999999799995896e-07,9.9999990000001e-08,9.9999990000001e-08,0,99.99999000000101,99.99999000000101
13.6,0,99.99999000000101,99.99999000000101,1.999999799995896e-05,-9.9999990000001e-06,-9.9999990000001e-06,0,0,4.123726964148358e-19,485,-1.999999799995896e-07,9.9999990000001e-08,9.9999990000001e-08,1e-09,1000000000,1000000000,0,99.99999000000101,99.99999000000101,90,0.9,97,3,2,1,1,1,2,1,1,1,1,1,1,1.999999799995896e-07,-9.9999990000001e-08,-9.9999990000001e-08,-1.999999799995896e-07,9.9999990000001e-08,9.9999990000001e-08,0,0,0,1.999999799995896e-07,-9.9999990000001e-08,-9.9999990000001e-08,0,99.99999000000101,99.99999000000101,-4.123726964148358e-19,0,4.123726964148358e-19,0,-0,1.999999799995896e-07,-9.9999990000001e-08,-9.9999990000001e-08,0,0,0,-1.999999799995896e-07,9.9999990000001e-08,9.9999990000001e-08,0,99.99999000000101,99.99999000000101
13.7,0,99.99999000000101,99.99999000000101,1.999999799995896e-05,-9.9999990000001e-06,-9.9999990000001e-06,0,0,4.123726964148358e-19,485,-1.999999799995896e-07,9.9999990000001e-08,9.9999990000001e-08,1e-09,1000000000,1000000000,0,99.99999000000101,99.99999000000101,90,0.9,97,3,2,1,1,1,2,1,1,1,1,1,1,1.999999799995896e-07,-9.9999990000001e-08,-9.9999990000001e-08,-1.999999799995896e-07,9.9999990000001e-08,9.9999990000001e-08,0,0,0,1.999999799995896e-07,-9.9999990000001e-08,-9.9999990000001e-08,0,99.99999000000101,99.99999000000101,-4.123726964148358e-19,0,4.123726964148358e-19,0,-0,1.999999799995896e-07,-9.9999990000001e-08,-9.9999990000001e-08,0,0,0,-1.999999799995896e-07,9.9999990000001e-08,9.9999990000001e-08,0,99.99999000000101,99.99999000000101
13.8,0,99.99999000000101,99.99999000000101,1.999999799995896e-05,-9.9999990000001e-06,-9.9999990000001e-06,0,0,4.123726964148358e-19,485,-1.999999799995896e-07,9.9999990000001e-08,9.9999990000001e-08,1e-09,1000000000,1000000000,0,99.99999000000101,99.99999000000101,90,0.9,97,3,2,1,1,1,2,1,1,1,1,1,1,1.999999799995896e-07,-9.9999990000001e-08,-9.9999990000001e-08,-1.999999799995896e-07,9.9999990000001e-08,9.9999990000001e-08,0,0,0,1.999999799995896e-07,-9.9999990000001e-08,-9.9999990000001e-08,0,99.99999000000101,99.99999000000101,-4.123726964148358e-19,0,4.123726964148358e-19,0,-0,1.999999799995896e-07,-9.9999990000001e-08,-9.9999990000001e-08,0,0,0,-1.999999799995896e-07,9.9999990000001e-08,9.9999990000001e-08,0,99.99999000000101,99.99999000000101
13.9,0,99.99999000000101,99.99999000000101,1.999999799995896e-05,-9.9999990000001e-06,-9.9999990000001e-06,0,0,4.123726964148358e-19,485,-1.999999799995896e-07,9.9999990000001e-08,9.9999990000001e-08,1e-09,1000000000,1000000000,0,99.99999000000101,99.99999000000101,90,0.9,97,3,2,1,1,1,2,1,1,1,1,1,1,1.999999799995896e-07,-9.9999990000001e-08,-9.9999990000001e-08,-1.999999799995896e-07,9.9999990000001e-08,9.9999990000001e-08,0,0,0,1.999999799995896e-07,-9.9999990000001e-08,-9.9999990000001e-08,0,99.99999000000101,99.99999000000101,-4.123726964148358e-19,0,4.123726964148358e-19,0,-0,1.999999799995896e-07,-9.9999990000001e-08,-9.9999990000001e-08,0,0,0,-1.999999799995896e-07,9.9999990000001e-08,9.9999990000001e-08,0,99.99999000000101,99.99999000000101
14,0,99.99999000000101,99.99999000000101,1.999999799995896e-05,-9.9999990000001e-06,-9.9999990000001e-06,0,0,4.123726964148358e-19,485,-1.999999799995896e-07,9.9999990000001e-08,9.9999990000001e-08,1e-09,1000000000,1000000000,0,99.99999000000101,99.99999000000101,90,0.9,97,3,2,1,1,1,2,1,1,1,1,1,1,1.999999799995896e-07,-9.9999990000001e-08,-9.9999990000001e-08,-1.999999799995896e-07,9.9999990000001e-08,9.9999990000001e-08,0,0,0,1.999999799995896e-07,-9.9999990000001e-08,-9.9999990000001e-08,0,99.99999000000101,99.99999000000101,-4.123726964148358e-19,0,4.123726964148358e-19,0,-0,1.999999799995896e-07,-9.9999990000001e-08,-9.9999990000001e-08,0,0,0,-1.999999799995896e-07,9.9999990000001e-08,9.9999990000001e-08,0,99.99999000000101,99.99999000000101
14.00000000280052,0,99.99999000000101,99.99999000000101,1.999999799995896e-05,-9.9999990000001e-06,-9.9999990000001e-06,0,0,4.123726964148358e-19,485,-1.999999799995896e-07,9.9999990000001e-08,9.9999990000001e-08,1e-09,1000000000,1000000000,0,99.99999000000101,99.99999000000101,90,0.9,97,3,2,1,1,1,2,1,1,1,1,1,1,1.999999799995896e-07,-9.9999990000001e-08,-9.9999990000001e-08,-1.999999799995896e-07,9.9999990000001e-08,9.9999990000001e-08,0,0,0,1.999999799995896e-07,-9.9999990000001e-08,-9.9999990000001e-08,0,99.99999000000101,99.99999000000101,-4.123726964148358e-19,0,4.123726964148358e-19,0,-0,1.999999799995896e-07,-9.9999990000001e-08,-9.9999990000001e-08,0,0,0,-1.999999799995896e-07,9.9999990000001e-08,9.9999990000001e-08,0,99.99999000000101,99.99999000000101
14.00000000280052,0,2.00000363543405e-09,99.99999000000101,100.0000099977049,-99.99999999799999,-9.999998999900101e-06,0,0,2.941202836836965e-12,340,-1.000000099977049,0.9999999999799999,9.9999989999001e-08,1e-09,1e-09,1000000000,-1.00000363545405e-09,9.999999999799999e-10,99.999989999001,90,0.9,68,3,2,1,1,1,2,2,1,1,1,1,2,1.000000099977049,-0.9999999999799999,-9.9999989999001e-08,-1.000000099977049,0.9999999999799999,9.9999989999001e-08,-1.00000363545405e-09,-1.00000363545405e-09,-1.00000363545405e-09,1.000000099977049,-0.9999999999799999,-9.9999989999001e-08,-1.00000363545405e-09,9.999999999799999e-10,99.999989999001,-2.941202836836965e-12,-1.00000363545405e-09,2.941202836836965e-12,0,1.00000363545405e-09,1.000000099977049,-0.9999999999799999,-9.9999989999001e-08,0,0,0,-1.000000099977049,0.9999999999799999,9.9999989999001e-08,-1.00000363545405e-09,9.999999999799999e-10,99.999989999001
14.1,0,2.00000363543405e-09,99.99999000000101,100.0000099977049,-99.99999999799999,-9.999998999900101e-06,0,0,2.94142488144189e-12,340,-1.000000099977049,0.99999999998,9.9999989999001e-08,1e-09,1e-09,1000000000,-1.00000363545405e-09,9.999999999800001e-10,99.999989999001,90,0.9,68,3,2,1,1,1,2,2,1,1,1,1,2,1.000000099977049,-0.99999999998,-9.9999989999001e-08,-1.000000099977049,0.99999999998,9.9999989999001e-08,-1.00000363545405e-09,-1.00000363545405e-09,-1.00000363545405e-09,1.000000099977049,-0.99999999998,-9.9999989999001e-08,-1.00000363545405e-09,9.999999999800001e-10,99.999989999001,-2.94142488144189e-12,-1.00000363545405e-09,2.94142488144189e-12,0,1.00000363545405e-09,1.000000099977049,-0.99999999998,-9.9999989999001e-08,0,0,0,-1.000000099977049,0.99999999998,9.9999989999001e-08,-1.00000363545405e-09,9.999999999800001e-10,99.999989999001
14.2,0,2.00000363543405e-09,99.99999000000101,100.0000099977049,-99.99999999800001,-9.999998999900101e-06,0,0,2.941202836836965e-12,340,-1.000000099977049,0.9999999999800001,9.9999989999001e-08,1e-09,1e-09,1000000000,-1.00000363545405e-09,9.999999999800001e-10,99.999989999001,90,0.9,68,3,2,1,1,1,2,2,1,1,1,1,2,1.000000099977049,-0.9999999999800001,-9.9999989999001e-08,-1.000000099977049,0.9999999999800001,9.9999989999001e-08,-1.00000363545405e-09,-1.00000363545405e-09,-1.00000363545405e-09,1.000000099977049,-0.9999999999800001,-9.9999989999001e-08,-1.00000363545405e-09,9.999999999800001e-10,99.999989999001,-2.941202836836965e-12,-1.00000363545405e-09,2.941202836836965e-12,0,1.00000363545405e-09,1.000000099977049,-0.9999999999800001,-9.9999989999001e-08,0,0,0,-1.000000099977049,0.9999999999800001,9.9999989999001e-08,-1.00000363545405e-09,9.999999999800001e-10,99.999989999001
14.3,0,2.00000363543405e-09,99.99999000000101,100.0000099977049,-99.99999999799999,-9.999998999900101e-06,0,0,2.941202836836965e-12,340,-1.000000099977049,0.99999999998,9.9999989999001e-08,1e-09,1e-09,1000000000,-1.00000363545405e-09,9.999999999800001e-10,99.999989999001,90,0.9,68,3,2,1,1,1,2,2,1,1,1,1,2,1.000000099977049,-0.99999999998,-9.9999989999001e-08,-1.000000099977049,0.99999999998,9.9999989999001e-08,-1.00000363545405e-09,-1.00000363545405e-09,-1.00000363545405e-09,1.000000099977049,-0.99999999998,-9.9999989999001e-08,-1.00000363545405e-09,9.999999999800001e-10,99.999989999001,-2.941202836836965e-12,-1.00000363545405e-09,2.941202836836965e-12,0,1.00000363545405e-09,1.000000099977049,-0.99999999998,-9.9999989999001e-08,0,0,0,-1.000000099977049,0.99999999998,9.9999989999001e-08,-1.00000363545405e-09,9.999999999800001e-10,99.999989999001
14.4,0,2.00000363543405e-09,99.99999000000101,100.0000099977049,-99.99999999800001,-9.999998999900101e-06,0,0,2.941202836836965e-12,340,-1.000000099977049,0.9999999999800001,9.9999989999001e-08,1e-09,1e-09,1000000000,-1.00000363545405e-09,9.999999999800001e-10,99.999989999001,90,0.9,68,3,2,1,1,1,2,2,1,1,1,1,2,1.000000099977049,-0.9999999999800001,-9.9999989999001e-08,-1.000000099977049,0.9999999999800001,9.9999989999001e-08,-1.00000363545405e-09,-1.00000363545405e-09,-1.00000363545405e-09,1.000000099977049,-0.9999999999800001,-9.9999989999001e-08,-1.00000363545405e-09,9.999999999800001e-10,99.999989999001,-2.941202836836965e-12,-1.00000363545405e-09,2.941202836836965e-12,0,1.00000363545405e-09,1.000000099977049,-0.9999999999800001,-9.9999989999001e-08,0,0,0,-1.000000099977049,0.9999999999800001,9.9999989999001e-08,-1.00000363545405e-09,9.999999999800001e-10,99.999989999001
14.5,0,2.00000363543405e-09,99.99999000000101,100.0000099977049,-99.99999999799999,-9.999998999900101e-06,0,0,2.941202836836965e-12,340,-1.000000099977049,0.99999999998,9.9999989999001e-08,1e-09,1e-09,1000000000,-1.00000363545405e-09,9.999999999800001e-10,99.999989999001,90,0.9,68,3,2,1,1,1,2,2,1,1,1,1,2,1.000000099977049,-0.99999999998,-9.9999989999001e-08,-1.000000099977049,0.99999999998,9.9999989999001e-08,-1.00000363545405e-09,-1.00000363545405e-09,-1.00000363545405e-09,1.000000099977049,-0.99999999998,-9.9999989999001e-08,-1.00000363545405e-09,9.999999999800001e-10,99.999989999001,-2.941202836836965e-12,-1.00000363545405e-09,2.941202836836965e-12,0,1.00000363545405e-09,1.000000099977049,-0.99999999998,-9.9999989999001e-08,0,0,0,-1.000000099977049,0.99999999998,9.9999989999001e-08,-1.00000363545405e-09,9.999999999800001e-10,99.999989999001
14.6,0,2.00000363543405e-09,99.99999000000101,100.0000099977049,-99.99999999800001,-9.999998999900101e-06,0,0,2.941202836836965e-12,340,-1.000000099977049,0.9999999999800001,9.9999989999001e-08,1e-09,1e-09,1000000000,-1.00000363545405e-09,9.999999999800001e-10,99.999989999001,90,0.9,68,3,2,1,1,1,2,2,1,1,1,1,2,1.000000099977049,-0.9999999999800001,-9.9999989999001e-08,-1.000000099977049,0.9999999999800001,9.9999989999001e-08,-1.00000363545405e-09,-1.00000363545405e-09,-1.00000363545405e-09,1.000000099977049,-0.9999999999800001,-9.9999989999001e-08,-1.00000363545405e-09,9.999999999800001e-10,99.999989999001,-2.941202836836965e-12,-1.00000363545405e-09,2.941202836836965e-12,0,1.00000363545405e-09,1.000000099977049,-0.9999999999800001,-9.9999989999001e-08,0,0,0,-1.000000099977049,0.9999999999800001,9.9999989999001e-08,-1.00000363545405e-09,9.999999999800001e-10,99.999989999001
14.7,0,2.00000363543405e-09,99.99999000000101,100.0000099977049,-99.99999999799999,-9.999998999900101e-06,0,0,2.941202836836965e-12,340,-1.000000099977049,0.99999999998,9.9999989999001e-08,1e-09,1e-09,1000000000,-1.00000363545405e-09,9.999999999800001e-10,99.999989999001,90,0.9,68,3,2,1,1,1,2,2,1,1,1,1,2,1.000000099977049,-0.99999999998,-9.9999989999001e-08,-1.000000099977049,0.99999999998,9.9999989999001e-08,-1.00000363545405e-09,-1.00000363545405e-09,-1.00000363545405e-09,1.000000099977049,-0.99999999998,-9.9999989999001e-08,-1.00000363545405e-09,9.999999999800001e-10,99.999989999001,-2.941202836836965e-12,-1.00000363545405e-09,2.941202836836965e-12,0,1.00000363545405e-09,1.000000099977049,-0.99999999998,-9.9999989999001e-08,0,0,0,-1.000000099977049,0.99999999998,9.9999989999001e-08,-1.00000363545405e-09,9.999999999800001e-10,99.999989999001
14.8,0,2.00000363543405e-09,99.99999000000101,100.0000099977049,-99.99999999800001,-9.999998999900101e-06,0,0,2.941202836836965e-12,340,-1.000000099977049,0.9999999999800001,9.9999989999001e-08,1e-09,1e-09,1000000000,-1.00000363545405e-09,9.999999999800001e-10,99.999989999001,90,0.9,68,3,2,1,1,1,2,2,1,1,1,1,2,1.000000099977049,-0.9999999999800001,-9.9999989999001e-08,-1.000000099977049,0.9999999999800001,9.9999989999001e-08,-1.00000363545405e-09,-1.00000363545405e-09,-1.00000363545405e-09,1.000000099977049,-0.9999999999800001,-9.9999989999001e-08,-1.00000363545405e-09,9.999999999800001e-10,99.999989999001,-2.941202836836965e-12,-1.00000363545405e-09,2.941202836836965e-12,0,1.00000363545405e-09,1.000000099977049,-0.9999999999800001,-9.9999989999001e-08,0,0,0,-1.000000099977049,0.9999999999800001,9.9999989999001e-08,-1.00000363545405e-09,9.999999999800001e-10,99.999989999001
14.9,0,2.00000363543405e-09,99.99999000000101,100.0000099977049,-99.99999999799999,-9.999998999900101e-06,0,0,2.941202836836965e-12,340,-1.000000099977049,0.99999999998,9.9999989999001e-08,1e-09,1e-09,1000000000,-1.00000363545405e-09,9.999999999800001e-10,99.999989999001,90,0.9,68,3,2,1,1,1,2,2,1,1,1,1,2,1.000000099977049,-0.99999999998,-9.9999989999001e-08,-1.000000099977049,0.99999999998,9.9999989999001e-08,-1.00000363545405e-09,-1.00000363545405e-09,-1.00000363545405e-09,1.000000099977049,-0.99999999998,-9.9999989999001e-08,-1.00000363545405e-09,9.999999999800001e-10,99.999989999001,-2.941202836836965e-12,-1.00000363545405e-09,2.941202836836965e-12,0,1.00000363545405e-09,1.000000099977049,-0.99999999998,-9.9999989999001e-08,0,0,0,-1.000000099977049,0.99999999998,9.9999989999001e-08,-1.00000363545405e-09,9.999999999800001e-10,99.999989999001
15,0,2.00000363543405e-09,99.99999000000101,100.0000099977049,-99.99999999800001,-9.999998999900101e-06,0,0,2.941202836836965e-12,340,-1.000000099977049,0.9999999999800001,9.9999989999001e-08,1e-09,1e-09,1000000000,-1.00000363545405e-09,9.999999999800001e-10,99.999989999001,90,0.9,68,3,2,1,1,1,2,2,1,1,1,1,2,1.000000099977049,-0.9999999999800001,-9.9999989999001e-08,-1.000000099977049,0.9999999999800001,9.9999989999001e-08,-1.00000363545405e-09,-1.00000363545405e-09,-1.00000363545405e-09,1.000000099977049,-0.9999999999800001,-9.9999989999001e-08,-1.00000363545405e-09,9.999999999800001e-10,99.999989999001,-2.941202836836965e-12,-1.00000363545405e-09,2.941202836836965e-12,0,1.00000363545405e-09,1.000000099977049,-0.9999999999800001,-9.9999989999001e-08,0,0,0,-1.000000099977049,0.9999999999800001,9.9999989999001e-08,-1.00000363545405e-09,9.999999999800001e-10,99.999989999001
15.0000000030006,0,2.00000363543405e-09,99.99999000000101,100.0000099977049,-99.99999999799999,-9.999998999900101e-06,0,0,2.941202836836965e-12,340,-1.000000099977049,0.99999999998,9.9999989999001e-08,1e-09,1e-09,1000000000,-1.00000363545405e-09,9.999999999800001e-10,99.999989999001,90,0.9,68,3,2,1,1,1,2,2,1,1,1,1,2,1.000000099977049,-0.99999999998,-9.9999989999001e-08,-1.000000099977049,0.99999999998,9.9999989999001e-08,-1.00000363545405e-09,-1.00000363545405e-09,-1.00000363545405e-09,1.000000099977049,-0.99999999998,-9.9999989999001e-08,-1.00000363545405e-09,9.999999999800001e-10,99.999989999001,-2.941202836836965e-12,-1.00000363545405e-09,2.941202836836965e-12,0,1.00000363545405e-09,1.000000099977049,-0.99999999998,-9.9999989999001e-08,0,0,0,-1.000000099977049,0.99999999998,9.9999989999001e-08,-1.00000363545405e-09,9.999999999800001e-10,99.999989999001
15.0000000030006,0,3.000010906362149e-09,3.000010906362149e-09,199.9999999899999,-99.99999999699999,-99.99999999699999,0,0,4.000066944342962e-11,50,-1.999999999899999,0.9999999999699999,0.9999999999699999,1e-09,1e-09,1e-09,-2.00001090639215e-09,9.999999999699999e-10,9.999999999699999e-10,90,0.9,10,3,2,1,1,1,2,2,2,1,1,1,3,1.999999999899999,-0.9999999999699999,-0.9999999999699999,-1.999999999899999,0.9999999999699999,0.9999999999699999,-2.00001090639215e-09,-2.00001090639215e-09,-2.00001090639215e-09,1.999999999899999,-0.9999999999699999,-0.9999999999699999,-2.00001090639215e-09,9.999999999699999e-10,9.999999999699999e-10,-4.000066944342962e-11,-2.00001090639215e-09,4.000066944342962e-11,0,2.00001090639215e-09,1.999999999899999,-0.9999999999699999,-0.9999999999699999,0,0,0,-1.999999999899999,0.9999999999699999,0.9999999999699999,-2.00001090639215e-09,9.999999999699999e-10,9.999999999699999e-10
15.1,0,2.999996695507434e-09,2.999996695507434e-09,199.99999999,-99.999999997,-99.999999997,0,0,4.000000330961484e-11,50,-1.9999999999,0.99999999997,0.99999999997,1e-09,1e-09,1e-09,-1.999996695537434e-09,9.999999999700001e-10,9.999999999700001e-10,90,0.9,10,3,2,1,1,1,2,2,2,1,1,1,3,1.9999999999,-0.99999999997,-0.99999999997,-1.9999999999,0.99999999997,0.99999999997,-1.999996695537434e-09,-1.999996695537434e-09,-1.999996695537434e-09,1.9999999999,-0.99999999997,-0.99999999997,-1.999996695537434e-09,9.999999999700001e-10,9.999999999700001e-10,-4.000000330961484e-11,-1.999996695537434e-09,4.000000330961484e-11,0,1.999996695537434e-09,1.9999999999,-0.99999999997,-0.99999999997,0,0,0,-1.9999999999,0.99999999997,0.99999999997,-1.999996695537434e-09,9.999999999700001e-10,9.999999999700001e-10
15.2,0,2.999996695507434e-09,2.999996695507434e-09,199.99999999,-99.999999997,-99.999999997,0,0,4.000000330961484e-11,50,-1.9999999999,0.99999999997,0.99999999997,1e-09,1e-09,1e-09,-1.999996695537434e-09,9.999999999700001e-10,9.999999999700001e-10,90,0.9,10,3,2,1,1,1,2,2,2,1,1,1,3,1.9999999999,-0.99999999997,-0.99999999997,-1.9999999999,0.99999999997,0.99999999997,-1.999996695537434e-09,-1.999996695537434e-09,-1.999996695537434e-09,1.9999999999,-0.99999999997,-0.99999999997,-1.999996695537434e-09,9.999999999700001e-10,9.999999999700001e-10,-4.000000330961484e-11,-1.999996695537434e-09,4.000000330961484e-11,0,1.999996695537434e-09,1.9999999999,-0.99999999997,-0.99999999997,0,0,0,-1.9999999999,0.99999999997,0.99999999997,-1.999996695537434e-09,9.999999999700001e-10,9.999999999700001e-10
15.3,0,2.999996695507434e-09,2.999996695507434e-09,199.99999999,-99.999999997,-99.999999997,0,0,4.000000330961484e-11,50,-1.9999999999,0.99999999997,0.99999999997,1e-09,1e-09,1e-09,-1.999996695537434e-09,9.999999999700001e-10,9.999999999700001e-10,90,0.9,10,3,2,1,1,1,2,2,2,1,1,1,3,1.9999999999,-0.99999999997,-0.99999999997,-1.9999999999,0.99999999997,0.99999999997,-1.999996695537434e-09,-1.999996695537434e-09,-1.999996695537434e-09,1.9999999999,-0.99999999997,-0.99999999997,-1.999996695537434e-09,9.999999999700001e-10,9.999999999700001e-10,-4.000000330961484e-11,-1.999996695537434e-09,4.000000330961484e-11,0,1.999996695537434e-09,1.9999999999,-0.99999999997,-0.99999999997,0,0,0,-1.9999999999,0.99999999997,0.99999999997,-1.999996695537434e-09,9.999999999700001e-10,9.999999999700001e-10
15.4,0,2.999996695507434e-09,2.999996695507434e-09,199.99999999,-99.999999997,-99.999999997,0,0,4.000000330961484e-11,50,-1.9999999999,0.99999999997,0.99999999997,1e-09,1e-09,1e-09,-1.999996695537434e-09,9.999999999700001e-10,9.999999999700001e-10,90,0.9,10,3,2,1,1,1,2,2,2,1,1,1,3,1.9999999999,-0.99999999997,-0.99999999997,-1.9999999999,0.99999999997,0.99999999997,-1.999996695537434e-09,-1.999996695537434e-09,-1.999996695537434e-09,1.9999999999,-0.99999999997,-0.99999999997,-1.999996695537434e-09,9.999999999700001e-10,9.999999999700001e-10,-4.000000330961484e-11,-1.999996695537434e-09,4.000000330961484e-11,0,1.999996695537434e-09,1.9999999999,-0.99999999997,-0.99999999997,0,0,0,-1.9999999999,0.99999999997,0.99999999997,-1.999996695537434e-09,9.999999999700001e-10,9.999999999700001e-10
15.5,0,2.999996695507434e-09,2.999996695507434e-09,199.99999999,-99.999999997,-99.999999997,0,0,4.000000330961484e-11,50,-1.9999999999,0.99999999997,0.99999999997,1e-09,1e-09,1e-09,-1.999996695537434e-09,9.999999999700001e-10,9.999999999700001e-10,90,0.9,10,3,2,1,1,1,2,2,2,1,1,1,3,1.9999999999,-0.99999999997,-0.99999999997,-1.9999999999,0.99999999997,0.99999999997,-1.999996695537434e-09,-1.999996695537434e-09,-1.999996695537434e-09,1.9999999999,-0.99999999997,-0.99999999997,-1.999996695537434e-09,9.999999999700001e-10,9.999999999700001e-10,-4.000000330961484e-11,-1.999996695537434e-09,4.000000330961484e-11,0,1.999996695537434e-09,1.9999999999,-0.99999999997,-0.99999999997,0,0,0,-1.9999999999,0.99999999997,0.99999999997,-1.999996695537434e-09,9.999999999700001e-10,9.999999999700001e-10
15.6,0,2.999996695507434e-09,2.999996695507434e-09,199.99999999,-99.999999997,-99.999999997,0,0,4.000000330961484e-11,50,-1.9999999999,0.99999999997,0.99999999997,1e-09,1e-09,1e-09,-1.999996695537434e-09,9.999999999700001e-10,9.999999999700001e-10,90,0.9,10,3,2,1,1,1,2,2,2,1,1,1,3,1.9999999999,-0.99999999997,-0.99999999997,-1.9999999999,0.99999999997,0.99999999997,-1.999996695537434e-09,-1.999996695537434e-09,-1.999996695537434e-09,1.9999999999,-0.99999999997,-0.99999999997,-1.999996695537434e-09,9.999999999700001e-10,9.999999999700001e-10,-4.000000330961484e-11,-1.999996695537434e-09,4.000000330961484e-11,0,1.999996695537434e-09,1.9999999999,-0.99999999997,-0.99999999997,0,0,0,-1.9999999999,0.99999999997,0.99999999997,-1.999996695537434e-09,9.999999999700001e-10,9.999999999700001e-10
15.7,0,2.999996695507434e-09,2.999996695507434e-09,199.99999999,-99.999999997,-99.999999997,0,0,4.000000330961484e-11,50,-1.9999999999,0.99999999997,0.99999999997,1e-09,1e-09,1e-09,-1.999996695537434e-09,9.999999999700001e-10,9.999999999700001e-10,90,0.9,10,3,2,1,1,1,2,2,2,1,1,1,3,1.9999999999,-0.99999999997,-0.99999999997,-1.9999999999,0.99999999997,0.99999999997,-1.999996695537434e-09,-1.999996695537434e-09,-1.999996695537434e-09,1.9999999999,-0.99999999997,-0.99999999997,-1.999996695537434e-09,9.999999999700001e-10,9.999999999700001e-10,-4.000000330961484e-11,-1.999996695537434e-09,4.000000330961484e-11,0,1.999996695537434e-09,1.9999999999,-0.99999999997,-0.99999999997,0,0,0,-1.9999999999,0.99999999997,0.99999999997,-1.999996695537434e-09,9.999999999700001e-10,9.999999999700001e-10
15.8,0,2.999996695507434e-09,2.999996695507434e-09,199.99999999,-99.999999997,-99.999999997,0,0,4.000000330961484e-11,50,-1.9999999999,0.99999999997,0.99999999997,1e-09,1e-09,1e-09,-1.999996695537434e-09,9.999999999700001e-10,9.999999999700001e-10,90,0.9,10,3,2,1,1,1,2,2,2,1,1,1,3,1.9999999999,-0.99999999997,-0.99999999997,-1.9999999999,0.99999999997,0.99999999997,-1.999996695537434e-09,-1.999996695537434e-09,-1.999996695537434e-09,1.9999999999,-0.99999999997,-0.99999999997,-1.999996695537434e-09,9.999999999700001e-10,9.999999999700001e-10,-4.000000330961484e-11,-1.999996695537434e-09,4.000000330961484e-11,0,1.999996695537434e-09,1.9999999999,-0.99999999997,-0.99999999997,0,0,0,-1.9999999999,0.99999999997,0.99999999997,-1.999996695537434e-09,9.999999999700001e-10,9.999999999700001e-10
15.9,0,2.999996695507434e-09,2.999996695507434e-09,199.99999999,-99.999999997,-99.999999997,0,0,4.000000330961484e-11,50,-1.9999999999,0.99999999997,0.99999999997,1e-09,1e-09,1e-09,-1.999996695537434e-09,9.999999999700001e-10,9.999999999700001e-10,90,0.9,10,3,2,1,1,1,2,2,2,1,1,1,3,1.9999999999,-0.99999999997,-0.99999999997,-1.9999999999,0.99999999997,0.99999999997,-1.999996695537434e-09,-1.999996695537434e-09,-1.999996695537434e-09,1.9999999999,-0.99999999997,-0.99999999997,-1.999996695537434e-09,9.999999999700001e-10,9.999999999700001e-10,-4.000000330961484e-11,-1.999996695537434e-09,4.000000330961484e-11,0,1.999996695537434e-09,1.9999999999,-0.99999999997,-0.99999999997,0,0,0,-1.9999999999,0.99999999997,0.99999999997,-1.999996695537434e-09,9.999999999700001e-10,9.999999999700001e-10
16,0,2.999996695507434e-09,2.999996695507434e-09,199.99999999,-99.999999997,-99.999999997,0,0,4.000000330961484e-11,50,-1.9999999999,0.99999999997,0.99999999997,1e-09,1e-09,1e-09,-1.999996695537434e-09,9.999999999700001e-10,9.999999999700001e-10,90,0.9,10,3,2,1,1,1,2,2,2,1,1,1,3,1.9999999999,-0.99999999997,-0.99999999997,-1.9999999999,0.99999999997,0.99999999997,-1.999996695537434e-09,-1.999996695537434e-09,-1.999996695537434e-09,1.9999999999,-0.99999999997,-0.99999999997,-1.999996695537434e-09,9.999999999700001e-10,9.999999999700001e-10,-4.000000330961484e-11,-1.999996695537434e-09,4.000000330961484e-11,0,1.999996695537434e-09,1.9999999999,-0.99999999997,-0.99999999997,0,0,0,-1.9999999999,0.99999999997,0.99999999997,-1.999996695537434e-09,9.999999999700001e-10,9.999999999700001e-10
16.00000000320069,0,2.999996695507434e-09,2.999996695507434e-09,199.99999999,-99.999999997,-99.999999997,0,0,4.000000330961484e-11,50,-1.9999999999,0.99999999997,0.99999999997,1e-09,1e-09,1e-09,-1.999996695537434e-09,9.999999999700001e-10,9.999999999700001e-10,90,0.9,10,3,2,1,1,1,2,2,2,1,1,1,3,1.9999999999,-0.99999999997,-0.99999999997,-1.9999999999,0.99999999997,0.99999999997,-1.999996695537434e-09,-1.999996695537434e-09,-1.999996695537434e-09,1.9999999999,-0.99999999997,-0.99999999997,-1.999996695537434e-09,9.999999999700001e-10,9.999999999700001e-10,-4.000000330961484e-11,-1.999996695537434e-09,4.000000330961484e-11,0,1.999996695537434e-09,1.9999999999,-0.99999999997,-0.99999999997,0,0,0,-1.9999999999,0.99999999997,0.99999999997,-1.999996695537434e-09,9.999999999700001e-10,9.999999999700001e-10
16.00000000320069,0,4.564381220256383e-08,99.99999000000101,100.0000099789163,-99.999999997,-9.999998995535719e-06,0,0,1.808269090020076e-10,290,-1.000000099789163,0.99999999997,9.999998995535719e-08,1e-09,1e-09,1000000000,-4.464381220259384e-08,9.999999999700001e-10,99.99998995535719,90,0.9,58,3,2,1,1,1,2,2,1,1,1,1,2,1.000000099789163,-0.99999999997,-9.999998995535719e-08,-1.000000099789163,0.99999999997,9.999998995535719e-08,-4.464381220259384e-08,-4.464381220259384e-08,-4.464381220259384e-08,1.000000099789163,-0.99999999997,-9.999998995535719e-08,-4.464381220259384e-08,9.999999999700001e-10,99.99998995535719,-1.808269090020076e-10,-4.464381220259384e-08,1.808269090020076e-10,0,4.464381220259384e-08,1.000000099789163,-0.99999999997,-9.999998995535719e-08,0,0,0,-1.000000099789163,0.99999999997,9.999998995535719e-08,-4.464381220259384e-08,9.999999999700001e-10,99.99998995535719
16.1,0,2.00000363543405e-09,99.99999000000101,100.0000099976542,-99.99999999799999,-9.999998999900101e-06,0,0,3.448352714485736e-12,290,-1.000000099976542,0.99999999998,9.9999989999001e-08,1e-09,1e-09,1000000000,-1.00000363545405e-09,9.999999999800001e-10,99.999989999001,90,0.9,58,3,2,1,1,1,2,2,1,1,1,1,2,1.000000099976542,-0.99999999998,-9.9999989999001e-08,-1.000000099976542,0.99999999998,9.9999989999001e-08,-1.00000363545405e-09,-1.00000363545405e-09,-1.00000363545405e-09,1.000000099976542,-0.99999999998,-9.9999989999001e-08,-1.00000363545405e-09,9.999999999800001e-10,99.999989999001,-3.448352714485736e-12,-1.00000363545405e-09,3.448352714485736e-12,0,1.00000363545405e-09,1.000000099976542,-0.99999999998,-9.9999989999001e-08,0,0,0,-1.000000099976542,0.99999999998,9.9999989999001e-08,-1.00000363545405e-09,9.999999999800001e-10,99.999989999001
16.2,0,2.00000363543405e-09,99.99999000000101,100.0000099976542,-99.99999999800001,-9.999998999900101e-06,0,0,3.448130669880811e-12,290,-1.000000099976542,0.9999999999800001,9.9999989999001e-08,1e-09,1e-09,1000000000,-1.00000363545405e-09,9.999999999800001e-10,99.999989999001,90,0.9,58,3,2,1,1,1,2,2,1,1,1,1,2,1.000000099976542,-0.9999999999800001,-9.9999989999001e-08,-1.000000099976542,0.9999999999800001,9.9999989999001e-08,-1.00000363545405e-09,-1.00000363545405e-09,-1.00000363545405e-09,1.000000099976542,-0.9999999999800001,-9.9999989999001e-08,-1.00000363545405e-09,9.999999999800001e-10,99.999989999001,-3.448130669880811e-12,-1.00000363545405e-09,3.448130669880811e-12,0,1.00000363545405e-09,1.000000099976542,-0.9999999999800001,-9.9999989999001e-08,0,0,0,-1.000000099976542,0.9999999999800001,9.9999989999001e-08,-1.00000363545405e-09,9.999999999800001e-10,99.999989999001
16.3,0,2.00000363543405e-09,99.99999000000101,100.0000099976542,-99.99999999799999,-9.999998999900101e-06,0,0,3.448352714485736e-12,290,-1.000000099976542,0.99999999998,9.9999989999001e-08,1e-09,1e-09,1000000000,-1.00000363545405e-09,9.999999999800001e-10,99.999989999001,90,0.9,58,3,2,1,1,1,2,2,1,1,1,1,2,1.000000099976542,-0.99999999998,-9.9999989999001e-08,-1.000000099976542,0.99999999998,9.9999989999001e-08,-1.00000363545405e-09,-1.00000363545405e-09,-1.00000363545405e-09,1.000000099976542,-0.99999999998,-9.9999989999001e-08,-1.00000363545405e-09,9.999999999800001e-10,99.999989999001,-3.448352714485736e-12,-1.00000363545405e-09,3.448352714485736e-12,0,1.00000363545405e-09,1.000000099976542,-0.99999999998,-9.9999989999001e-08,0,0,0,-1.000000099976542,0.99999999998,9.9999989999001e-08,-1.00000363545405e-09,9.999999999800001e-10,99.999989999001
16.4,0,2.00000363543405e-09,99.99999000000101,100.0000099976542,-99.99999999800001,-9.999998999900101e-06,0,0,3.448130669880811e-12,290,-1.000000099976542,0.9999999999800001,9.9999989999001e-08,1e-09,1e-09,1000000000,-1.00000363545405e-09,9.999999999800001e-10,99.999989999001,90,0.9,58,3,2,1,1,1,2,2,1,1,1,1,2,1.000000099976542,-0.9999999999800001,-9.9999989999001e-08,-1.000000099976542,0.9999999999800001,9.9999989999001e-08,-1.00000363545405e-09,-1.00000363545405e-09,-1.00000363545405e-09,1.000000099976542,-0.9999999999800001,-9.9999989999001e-08,-1.00000363545405e-09,9.999999999800001e-10,99.999989999001,-3.448130669880811e-12,-1.00000363545405e-09,3.448130669880811e-12,0,1.00000363545405e-09,1.000000099976542,-0.9999999999800001,-9.9999989999001e-08,0,0,0,-1.000000099976542,0.9999999999800001,9.9999989999001e-08,-1.00000363545405e-09,9.999999999800001e-10,99.999989999001
16.5,0,2.00000363543405e-09,99.99999000000101,100.0000099976542,-99.99999999799999,-9.999998999900101e-06,0,0,3.448352714485736e-12,290,-1.000000099976542,0.99999999998,9.9999989999001e-08,1e-09,1e-09,1000000000,-1.00000363545405e-09,9.999999999800001e-10,99.999989999001,90,0.9,58,3,2,1,1,1,2,2,1,1,1,1,2,1.000000099976542,-0.99999999998,-9.9999989999001e-08,-1.000000099976542,0.99999999998,9.9999989999001e-08,-1.00000363545405e-09,-1.00000363545405e-09,-1.00000363545405e-09,1.000000099976542,-0.99999999998,-9.9999989999001e-08,-1.00000363545405e-09,9.999999999800001e-10,99.999989999001,-3.448352714485736e-12,-1.00000363545405e-09,3.448352714485736e-12,0,1.00000363545405e-09,1.000000099976542,-0.99999999998,-9.9999989999001e-08,0,0,0,-1.000000099976542,0.99999999998,9.9999989999001e-08,-1.00000363545405e-09,9.999999999800001e-10,99.999989999001
16.6,0,2.00000363543405e-09,99.99999000000101,100.0000099976542,-99.99999999800001,-9.999998999900101e-06,0,0,3.448130669880811e-12,290,-1.000000099976542,0.9999999999800001,9.9999989999001e-08,1e-09,1e-09,1000000000,-1.00000363545405e-09,9.999999999800001e-10,99.999989999001,90,0.9,58,3,2,1,1,1,2,2,1,1,1,1,2,1.000000099976542,-0.9999999999800001,-9.9999989999001e-08,-1.000000099976542,0.9999999999800001,9.9999989999001e-08,-1.00000363545405e-09,-1.00000363545405e-09,-1.00000363545405e-09,1.000000099976542,-0.9999999999800001,-9.9999989999001e-08,-1.00000363545405e-09,9.999999999800001e-10,99.999989999001,-3.448130669880811e-12,-1.00000363545405e-09,3.448130669880811e-12,0,1.00000363545405e-09,1.000000099976542,-0.9999999999800001,-9.9999989999001e-08,0,0,0,-1.000000099976542,0.9999999999800001,9.9999989999001e-08,-1.00000363545405e-09,9.999999999800001e-10,99.999989999001
16.7,0,2.00000363543405e-09,99.99999000000101,100.0000099976542,-99.99999999799999,-9.999998999900101e-06,0,0,3.448352714485736e-12,290,-1.000000099976542,0.99999999998,9.9999989999001e-08,1e-09,1e-09,1000000000,-1.00000363545405e-09,9.999999999800001e-10,99.999989999001,90,0.9,58,3,2,1,1,1,2,2,1,1,1,1,2,1.000000099976542,-0.99999999998,-9.9999989999001e-08,-1.000000099976542,0.99999999998,9.9999989999001e-08,-1.00000363545405e-09,-1.00000363545405e-09,-1.00000363545405e-09,1.000000099976542,-0.99999999998,-9.9999989999001e-08,-1.00000363545405e-09,9.999999999800001e-10,99.999989999001,-3.448352714485736e-12,-1.00000363545405e-09,3.448352714485736e-12,0,1.00000363545405e-09,1.000000099976542,-0.99999999998,-9.9999989999001e-08,0,0,0,-1.000000099976542,0.99999999998,9.9999989999001e-08,-1.00000363545405e-09,9.999999999800001e-10,99.999989999001
16.8,0,2.00000363543405e-09,99.99999000000101,100.0000099976542,-99.99999999800001,-9.999998999900101e-06,0,0,3.448130669880811e-12,290,-1.000000099976542,0.9999999999800001,9.9999989999001e-08,1e-09,1e-09,1000000000,-1.00000363545405e-09,9.999999999800001e-10,99.999989999001,90,0.9,58,3,2,1,1,1,2,2,1,1,1,1,2,1.000000099976542,-0.9999999999800001,-9.9999989999001e-08,-1.000000099976542,0.9999999999800001,9.9999989999001e-08,-1.00000363545405e-09,-1.00000363545405e-09,-1.00000363545405e-09,1.000000099976542,-0.9999999999800001,-9.9999989999001e-08,-1.00000363545405e-09,9.999999999800001e-10,99.999989999001,-3.448130669880811e-12,-1.00000363545405e-09,3.448130669880811e-12,0,1.00000363545405e-09,1.000000099976542,-0.9999999999800001,-9.9999989999001e-08,0,0,0,-1.000000099976542,0.9999999999800001,9.9999989999001e-08,-1.00000363545405e-09,9.999999999800001e-10,99.999989999001
16.9,0,2.00000363543405e-09,99.99999000000101,100.0000099976542,-99.99999999799999,-9.999998999900101e-06,0,0,3.448352714485736e-12,290,-1.000000099976542,0.99999999998,9.9999989999001e-08,1e-09,1e-09,1000000000,-1.00000363545405e-09,9.999999999800001e-10,99.999989999001,90,0.9,58,3,2,1,1,1,2,2,1,1,1,1,2,1.000000099976542,-0.99999999998,-9.9999989999001e-08,-1.000000099976542,0.99999999998,9.9999989999001e-08,-1.00000363545405e-09,-1.00000363545405e-09,-1.00000363545405e-09,1.000000099976542,-0.99999999998,-9.9999989999001e-08,-1.00000363545405e-09,9.999999999800001e-10,99.999989999001,-3.448352714485736e-12,-1.00000363545405e-09,3.448352714485736e-12,0,1.00000363545405e-09,1.000000099976542,-0.99999999998,-9.9999989999001e-08,0,0,0,-1.000000099976542,0.99999999998,9.9999989999001e-08,-1.00000363545405e-09,9.999999999800001e-10,99.999989999001
17,0,2.00000363543405e-09,99.99999000000101,100.0000099976542,-99.99999999800001,-9.999998999900101e-06,0,0,3.448130669880811e-12,290,-1.000000099976542,0.9999999999800001,9.9999989999001e-08,1e-09,1e-09,1000000000,-1.00000363545405e-09,9.999999999800001e-10,99.999989999001,90,0.9,58,3,2,1,1,1,2,2,1,1,1,1,2,1.000000099976542,-0.9999999999800001,-9.9999989999001e-08,-1.000000099976542,0.9999999999800001,9.9999989999001e-08,-1.00000363545405e-09,-1.00000363545405e-09,-1.00000363545405e-09,1.000000099976542,-0.9999999999800001,-9.9999989999001e-08,-1.00000363545405e-09,9.999999999800001e-10,99.999989999001,-3.448130669880811e-12,-1.00000363545405e-09,3.448130669880811e-12,0,1.00000363545405e-09,1.000000099976542,-0.9999999999800001,-9.9999989999001e-08,0,0,0,-1.000000099976542,0.9999999999800001,9.9999989999001e-08,-1.00000363545405e-09,9.999999999800001e-10,99.999989999001
17.00000000340005,0,2.00000363543405e-09,99.99999000000101,100.0000099976542,-99.99999999799999,-9.999998999900101e-06,0,0,3.448352714485736e-12,290,-1.000000099976542,0.99999999998,9.9999989999001e-08,1e-09,1e-09,1000000000,-1.00000363545405e-09,9.999999999800001e-10,99.999989999001,90,0.9,58,3,2,1,1,1,2,2,1,1,1,1,2,1.000000099976542,-0.99999999998,-9.9999989999001e-08,-1.000000099976542,0.99999999998,9.9999989999001e-08,-1.00000363545405e-09,-1.00000363545405e-09,-1.00000363545405e-09,1.000000099976542,-0.99999999998,-9.9999989999001e-08,-1.00000363545405e-09,9.999999999800001e-10,99.999989999001,-3.448352714485736e-12,-1.00000363545405e-09,3.448352714485736e-12,0,1.00000363545405e-09,1.000000099976542,-0.99999999998,-9.9999989999001e-08,0,0,0,-1.000000099976542,0.99999999998,9.9999989999001e-08,-1.00000363545405e-09,9.999999999800001e-10,99.999989999001
17.00000000340005,0,2.999982484652719e-09,2.999982484652719e-09,199.999999986,-99.99999999700002,-99.99999999700002,0,0,7.999978457462475e-11,25,-1.99999999986,0.9999999999700001,0.9999999999700001,1e-09,1e-09,1e-09,-1.999982484682719e-09,9.999999999700001e-10,9.999999999700001e-10,90,0.9,5,3,2,1,1,1,2,2,2,1,1,1,3,1.99999999986,-0.9999999999700001,-0.9999999999700001,-1.99999999986,0.9999999999700001,0.9999999999700001,-1.999982484682719e-09,-1.999982484682719e-09,-1.999982484682719e-09,1.99999999986,-0.9999999999700001,-0.9999999999700001,-1.999982484682719e-09,9.999999999700001e-10,9.999999999700001e-10,-7.999978457462475e-11,-1.999982484682719e-09,7.999978457462475e-11,0,1.999982484682719e-09,1.99999999986,-0.9999999999700001,-0.9999999999700001,0,0,0,-1.99999999986,0.9999999999700001,0.9999999999700001,-1.999982484682719e-09,9.999999999700001e-10,9.999999999700001e-10
17.1,0,3.000010906362149e-09,3.000010906362149e-09,199.999999986,-99.99999999699999,-99.99999999699999,0,0,8.000000661922968e-11,25,-1.99999999986,0.9999999999699999,0.9999999999699999,1e-09,1e-09,1e-09,-2.00001090639215e-09,9.999999999699999e-10,9.999999999699999e-10,90,0.9,5,3,2,1,1,1,2,2,2,1,1,1,3,1.99999999986,-0.9999999999699999,-0.9999999999699999,-1.99999999986,0.9999999999699999,0.9999999999699999,-2.00001090639215e-09,-2.00001090639215e-09,-2.00001090639215e-09,1.99999999986,-0.9999999999699999,-0.9999999999699999,-2.00001090639215e-09,9.999999999699999e-10,9.999999999699999e-10,-8.000000661922968e-11,-2.00001090639215e-09,8.000000661922968e-11,0,2.00001090639215e-09,1.99999999986,-0.9999999999699999,-0.9999999999699999,0,0,0,-1.99999999986,0.9999999999699999,0.9999999999699999,-2.00001090639215e-09,9.999999999699999e-10,9.999999999699999e-10
17.2,0,2.999996695507434e-09,2.999996695507434e-09,199.999999986,-99.999999997,-99.999999997,0,0,8.000000661922968e-11,25,-1.99999999986,0.99999999997,0.99999999997,1e-09,1e-09,1e-09,-1.999996695537434e-09,9.999999999700001e-10,9.999999999700001e-10,90,0.9,5,3,2,1,1,1,2,2,2,1,1,1,3,1.99999999986,-0.99999999997,-0.99999999997,-1.99999999986,0.99999999997,0.99999999997,-1.999996695537434e-09,-1.999996695537434e-09,-1.999996695537434e-09,1.99999999986,-0.99999999997,-0.99999999997,-1.999996695537434e-09,9.999999999700001e-10,9.999999999700001e-10,-8.000000661922968e-11,-1.999996695537434e-09,8.000000661922968e-11,0,1.999996695537434e-09,1.99999999986,-0.99999999997,-0.99999999997,0,0,0,-1.99999999986,0.99999999997,0.99999999997,-1.999996695537434e-09,9.999999999700001e-10,9.999999999700001e-10
17.3,0,2.999996695507434e-09,2.999996695507434e-09,199.999999986,-99.999999997,-99.999999997,0,0,8.000000661922968e-11,25,-1.99999999986,0.99999999997,0.99999999997,1e-09,1e-09,1e-09,-1.999996695537434e-09,9.999999999700001e-10,9.999999999700001e-10,90,0.9,5,3,2,1,1,1,2,2,2,1,1,1,3,1.99999999986,-0.99999999997,-0.99999999997,-1.99999999986,0.99999999997,0.99999999997,-1.999996695537434e-09,-1.999996695537434e-09,-1.999996695537434e-09,1.99999999986,-0.99999999997,-0.99999999997,-1.999996695537434e-09,9.999999999700001e-10,9.999999999700001e-10,-8.000000661922968e-11,-1.999996695537434e-09,8.000000661922968e-11,0,1.999996695537434e-09,1.99999999986,-0.99999999997,-0.99999999997,0,0,0,-1.99999999986,0.99999999997,0.99999999997,-1.999996695537434e-09,9.999999999700001e-10,9.999999999700001e-10
17.4,0,2.999996695507434e-09,2.999996695507434e-09,199.999999986,-99.999999997,-99.999999997,0,0,8.000000661922968e-11,25,-1.99999999986,0.99999999997,0.99999999997,1e-09,1e-09,1e-09,-1.999996695537434e-09,9.999999999700001e-10,9.999999999700001e-10,90,0.9,5,3,2,1,1,1,2,2,2,1,1,1,3,1.99999999986,-0.99999999997,-0.99999999997,-1.99999999986,0.99999999997,0.99999999997,-1.999996695537434e-09,-1.999996695537434e-09,-1.999996695537434e-09,1.99999999986,-0.99999999997,-0.99999999997,-1.999996695537434e-09,9.999999999700001e-10,9.999999999700001e-10,-8.000000661922968e-11,-1.999996695537434e-09,8.000000661922968e-11,0,1.999996695537434e-09,1.99999999986,-0.99999999997,-0.99999999997,0,0,0,-1.99999999986,0.99999999997,0.99999999997,-1.999996695537434e-09,9.999999999700001e-10,9.999999999700001e-10
17.5,0,2.999996695507434e-09,2.999996695507434e-09,199.999999986,-99.999999997,-99.999999997,0,0,8.000000661922968e-11,25,-1.99999999986,0.99999999997,0.99999999997,1e-09,1e-09,1e-09,-1.999996695537434e-09,9.999999999700001e-10,9.999999999700001e-10,90,0.9,5,3,2,1,1,1,2,2,2,1,1,1,3,1.99999999986,-0.99999999997,-0.99999999997,-1.99999999986,0.99999999997,0.99999999997,-1.999996695537434e-09,-1.999996695537434e-09,-1.999996695537434e-09,1.99999999986,-0.99999999997,-0.99999999997,-1.999996695537434e-09,9.999999999700001e-10,9.999999999700001e-10,-8.000000661922968e-11,-1.999996695537434e-09,8.000000661922968e-11,0,1.999996695537434e-09,1.99999999986,-0.99999999997,-0.99999999997,0,0,0,-1.99999999986,0.99999999997,0.99999999997,-1.999996695537434e-09,9.999999999700001e-10,9.999999999700001e-10
17.6,0,2.999996695507434e-09,2.999996695507434e-09,199.999999986,-99.999999997,-99.999999997,0,0,8.000000661922968e-11,25,-1.99999999986,0.99999999997,0.99999999997,1e-09,1e-09,1e-09,-1.999996695537434e-09,9.999999999700001e-10,9.999999999700001e-10,90,0.9,5,3,2,1,1,1,2,2,2,1,1,1,3,1.99999999986,-0.99999999997,-0.99999999997,-1.99999999986,0.99999999997,0.99999999997,-1.999996695537434e-09,-1.999996695537434e-09,-1.999996695537434e-09,1.99999999986,-0.99999999997,-0.99999999997,-1.999996695537434e-09,9.999999999700001e-10,9.999999999700001e-10,-8.000000661922968e-11,-1.999996695537434e-09,8.000000661922968e-11,0,1.999996695537434e-09,1.99999999986,-0.99999999997,-0.99999999997,0,0,0,-1.99999999986,0.99999999997,0.99999999997,-1.999996695537434e-09,9.999999999700001e-10,9.999999999700001e-10
17.7,0,2.999996695507434e-09,2.999996695507434e-09,199.999999986,-99.999999997,-99.999999997,0,0,8.000000661922968e-11,25,-1.99999999986,0.99999999997,0.99999999997,1e-09,1e-09,1e-09,-1.999996695537434e-09,9.999999999700001e-10,9.999999999700001e-10,90,0.9,5,3,2,1,1,1,2,2,2,1,1,1,3,1.99999999986,-0.99999999997,-0.99999999997,-1.99999999986,0.99999999997,0.99999999997,-1.999996695537434e-09,-1.999996695537434e-09,-1.999996695537434e-09,1.99999999986,-0.99999999997,-0.99999999997,-1.999996695537434e-09,9.999999999700001e-10,9.999999999700001e-10,-8.000000661922968e-11,-1.999996695537434e-09,8.000000661922968e-11,0,1.999996695537434e-09,1.99999999986,-0.99999999997,-0.99999999997,0,0,0,-1.99999999986,0.99999999997,0.99999999997,-1.999996695537434e-09,9.999999999700001e-10,9.999999999700001e-10
17.8,0,2.999996695507434e-09,2.999996695507434e-09,199.999999986,-99.999999997,-99.999999997,0,0,8.000000661922968e-11,25,-1.99999999986,0.99999999997,0.99999999997,1e-09,1e-09,1e-09,-1.999996695537434e-09,9.999999999700001e-10,9.999999999700001e-10,90,0.9,5,3,2,1,1,1,2,2,2,1,1,1,3,1.99999999986,-0.99999999997,-0.99999999997,-1.99999999986,0.99999999997,0.99999999997,-1.999996695537434e-09,-1.999996695537434e-09,-1.999996695537434e-09,1.99999999986,-0.99999999997,-0.99999999997,-1.999996695537434e-09,9.999999999700001e-10,9.999999999700001e-10,-8.000000661922968e-11,-1.999996695537434e-09,8.000000661922968e-11,0,1.999996695537434e-09,1.99999999986,-0.99999999997,-0.99999999997,0,0,0,-1.99999999986,0.99999999997,0.99999999997,-1.999996695537434e-09,9.999999999700001e-10,9.999999999700001e-10
17.9,0,2.999996695507434e-09,2.999996695507434e-09,199.999999986,-99.999999997,-99.999999997,0,0,8.000000661922968e-11,25,-1.99999999986,0.99999999997,0.99999999997,1e-09,1e-09,1e-09,-1.999996695537434e-09,9.999999999700001e-10,9.999999999700001e-10,90,0.9,5,3,2,1,1,1,2,2,2,1,1,1,3,1.99999999986,-0.99999999997,-0.99999999997,-1.99999999986,0.99999999997,0.99999999997,-1.999996695537434e-09,-1.999996695537434e-09,-1.999996695537434e-09,1.99999999986,-0.99999999997,-0.99999999997,-1.999996695537434e-09,9.999999999700001e-10,9.999999999700001e-10,-8.000000661922968e-11,-1.999996695537434e-09,8.000000661922968e-11,0,1.999996695537434e-09,1.99999999986,-0.99999999997,-0.99999999997,0,0,0,-1.99999999986,0.99999999997,0.99999999997,-1.999996695537434e-09,9.999999999700001e-10,9.999999999700001e-10
18,0,2.999996695507434e-09,2.999996695507434e-09,199.999999986,-99.999999997,-99.999999997,0,0,8.000000661922968e-11,25,-1.99999999986,0.99999999997,0.99999999997,1e-09,1e-09,1e-09,-1.999996695537434e-09,9.999999999700001e-10,9.999999999700001e-10,90,0.9,5,3,2,1,1,1,2,2,2,1,1,1,3,1.99999999986,-0.99999999997,-0.99999999997,-1.99999999986,0.99999999997,0.99999999997,-1.999996695537434e-09,-1.999996695537434e-09,-1.999996695537434e-09,1.99999999986,-0.99999999997,-0.99999999997,-1.999996695537434e-09,9.999999999700001e-10,9.999999999700001e-10,-8.000000661922968e-11,-1.999996695537434e-09,8.000000661922968e-11,0,1.999996695537434e-09,1.99999999986,-0.99999999997,-0.99999999997,0,0,0,-1.99999999986,0.99999999997,0.99999999997,-1.999996695537434e-09,9.999999999700001e-10,9.999999999700001e-10
18.00000000360014,0,2.999996695507434e-09,2.999996695507434e-09,199.999999986,-99.999999997,-99.999999997,0,0,8.000000661922968e-11,25,-1.99999999986,0.99999999997,0.99999999997,1e-09,1e-09,1e-09,-1.999996695537434e-09,9.999999999700001e-10,9.999999999700001e-10,90,0.9,5,3,2,1,1,1,2,2,2,1,1,1,3,1.99999999986,-0.99999999997,-0.99999999997,-1.99999999986,0.99999999997,0.99999999997,-1.999996695537434e-09,-1.999996695537434e-09,-1.999996695537434e-09,1.99999999986,-0.99999999997,-0.99999999997,-1.999996695537434e-09,9.999999999700001e-10,9.999999999700001e-10,-8.000000661922968e-11,-1.999996695537434e-09,8.000000661922968e-11,0,1.999996695537434e-09,1.99999999986,-0.99999999997,-0.99999999997,0,0,0,-1.99999999986,0.99999999997,0.99999999997,-1.999996695537434e-09,9.999999999700001e-10,9.999999999700001e-10
18.00000000360014,0,2.999996695507434e-09,2.999996695507434e-09,199.999999993,-99.999999997,-99.999999997,0,0,1.000000082740371e-11,200,-1.99999999993,0.99999999997,0.99999999997,1e-09,1e-09,1e-09,-1.999996695537434e-09,9.999999999700001e-10,9.999999999700001e-10,90,0.9,40,3,2,1,1,1,2,2,2,1,1,1,3,1.99999999993,-0.99999999997,-0.99999999997,-1.99999999993,0.99999999997,0.99999999997,-1.999996695537434e-09,-1.999996695537434e-09,-1.999996695537434e-09,1.99999999993,-0.99999999997,-0.99999999997,-1.999996695537434e-09,9.999999999700001e-10,9.999999999700001e-10,-1.000000082740371e-11,-1.999996695537434e-09,1.000000082740371e-11,0,1.999996695537434e-09,1.99999999993,-0.99999999997,-0.99999999997,0,0,0,-1.99999999993,0.99999999997,0.99999999997,-1.999996695537434e-09,9.999999999700001e-10,9.999999999700001e-10
18.1,0,2.999996695507434e-09,2.999996695507434e-09,199.999999993,-99.999999997,-99.999999997,0,0,1.000000082740371e-11,200,-1.99999999993,0.99999999997,0.99999999997,1e-09,1e-09,1e-09,-1.999996695537434e-09,9.999999999700001e-10,9.999999999700001e-10,90,0.9,40,3,2,1,1,1,2,2,2,1,1,1,3,1.99999999993,-0.99999999997,-0.99999999997,-1.99999999993,0.99999999997,0.99999999997,-1.999996695537434e-09,-1.999996695537434e-09,-1.999996695537434e-09,1.99999999993,-0.99999999997,-0.99999999997,-1.999996695537434e-09,9.999999999700001e-10,9.999999999700001e-10,-1.000000082740371e-11,-1.999996695537434e-09,1.000000082740371e-11,0,1.999996695537434e-09,1.99999999993,-0.99999999997,-0.99999999997,0,0,0,-1.99999999993,0.99999999997,0.99999999997,-1.999996695537434e-09,9.999999999700001e-10,9.999999999700001e-10
18.2,0,2.999996695507434e-09,2.999996695507434e-09,199.999999993,-99.999999997,-99.999999997,0,0,1.000000082740371e-11,200,-1.99999999993,0.99999999997,0.99999999997,1e-09,1e-09,1e-09,-1.999996695537434e-09,9.999999999700001e-10,9.999999999700001e-10,90,0.9,40,3,2,1,1,1,2,2,2,1,1,1,3,1.99999999993,-0.99999999997,-0.99999999997,-1.99999999993,0.99999999997,0.99999999997,-1.999996695537434e-09,-1.999996695537434e-09,-1.999996695537434e-09,1.99999999993,-0.99999999997,-0.99999999997,-1.999996695537434e-09,9.999999999700001e-10,9.999999999700001e-10,-1.000000082740371e-11,-1.999996695537434e-09,1.000000082740371e-11,0,1.999996695537434e-09,1.99999999993,-0.99999999997,-0.99999999997,0,0,0,-1.99999999993,0.99999999997,0.99999999997,-1.999996695537434e-09,9.999999999700001e-10,9.999999999700001e-10
18.3,0,2.999996695507434e-09,2.999996695507434e-09,199.999999993,-99.999999997,-99.999999997,0,0,1.000000082740371e-11,200,-1.99999999993,0.99999999997,0.99999999997,1e-09,1e-09,1e-09,-1.999996695537434e-09,9.999999999700001e-10,9.999999999700001e-10,90,0.9,40,3,2,1,1,1,2,2,2,1,1,1,3,1.99999999993,-0.99999999997,-0.99999999997,-1.99999999993,0.99999999997,0.99999999997,-1.999996695537434e-09,-1.999996695537434e-09,-1.999996695537434e-09,1.99999999993,-0.99999999997,-0.99999999997,-1.999996695537434e-09,9.999999999700001e-10,9.999999999700001e-10,-1.000000082740371e-11,-1.999996695537434e-09,1.000000082740371e-11,0,1.999996695537434e-09,1.99999999993,-0.99999999997,-0.99999999997,0,0,0,-1.99999999993,0.99999999997,0.99999999997,-1.999996695537434e-09,9.999999999700001e-10,9.999999999700001e-10
18.4,0,2.999996695507434e-09,2.999996695507434e-09,199.999999993,-99.999999997,-99.999999997,0,0,1.000000082740371e-11,200,-1.99999999993,0.99999999997,0.99999999997,1e-09,1e-09,1e-09,-1.999996695537434e-09,9.999999999700001e-10,9.999999999700001e-10,90,0.9,40,3,2,1,1,1,2,2,2,1,1,1,3,1.99999999993,-0.99999999997,-0.99999999997,-1.99999999993,0.99999999997,0.99999999997,-1.999996695537434e-09,-1.999996695537434e-09,-1.999996695537434e-09,1.99999999993,-0.99999999997,-0.99999999997,-1.999996695537434e-09,9.999999999700001e-10,9.999999999700001e-10,-1.000000082740371e-11,-1.999996695537434e-09,1.000000082740371e-11,0,1.999996695537434e-09,1.99999999993,-0.99999999997,-0.99999999997,0,0,0,-1.99999999993,0.99999999997,0.99999999997,-1.999996695537434e-09,9.999999999700001e-10,9.999999999700001e-10
18.5,0,2.999996695507434e-09,2.999996695507434e-09,199.999999993,-99.999999997,-99.999999997,0,0,1.000000082740371e-11,200,-1.99999999993,0.99999999997,0.99999999997,1e-09,1e-09,1e-09,-1.999996695537434e-09,9.999999999700001e-10,9.999999999700001e-10,90,0.9,40,3,2,1,1,1,2,2,2,1,1,1,3,1.99999999993,-0.99999999997,-0.99999999997,-1.99999999993,0.99999999997,0.99999999997,-1.999996695537434e-09,-1.999996695537434e-09,-1.999996695537434e-09,1.99999999993,-0.99999999997,-0.99999999997,-1.999996695537434e-09,9.999999999700001e-10,9.999999999700001e-10,-1.000000082740371e-11,-1.999996695537434e-09,1.000000082740371e-11,0,1.999996695537434e-09,1.99999999993,-0.99999999997,-0.99999999997,0,0,0,-1.99999999993,0.99999999997,0.99999999997,-1.999996695537434e-09,9.999999999700001e-10,9.999999999700001e-10
18.6,0,2.999996695507434e-09,2.999996695507434e-09,199.999999993,-99.999999997,-99.999999997,0,0,1.000000082740371e-11,200,-1.99999999993,0.99999999997,0.99999999997,1e-09,1e-09,1e-09,-1.999996695537434e-09,9.999999999700001e-10,9.999999999700001e-10,90,0.9,40,3,2,1,1,1,2,2,2,1,1,1,3,1.99999999993,-0.99999999997,-0.99999999997,-1.99999999993,0.99999999997,0.99999999997,-1.999996695537434e-09,-1.999996695537434e-09,-1.999996695537434e-09,1.99999999993,-0.99999999997,-0.99999999997,-1.999996695537434e-09,9.999999999700001e-10,9.999999999700001e-10,-1.000000082740371e-11,-1.999996695537434e-09,1.000000082740371e-11,0,1.999996695537434e-09,1.99999999993,-0.99999999997,-0.99999999997,0,0,0,-1.99999999993,0.99999999997,0.99999999997,-1.999996695537434e-09,9.999999999700001e-10,9.999999999700001e-10
18.7,0,2.999996695507434e-09,2.999996695507434e-09,199.999999993,-99.999999997,-99.999999997,0,0,1.000000082740371e-11,200,-1.99999999993,0.99999999997,0.99999999997,1e-09,1e-09,1e-09,-1.999996695537434e-09,9.999999999700001e-10,9.999999999700001e-10,90,0.9,40,3,2,1,1,1,2,2,2,1,1,1,3,1.99999999993,-0.99999999997,-0.99999999997,-1.99999999993,0.99999999997,0.99999999997,-1.999996695537434e-09,-1.999996695537434e-09,-1.999996695537434e-09,1.99999999993,-0.99999999997,-0.99999999997,-1.999996695537434e-09,9.999999999700001e-10,9.999999999700001e-10,-1.000000082740371e-11,-1.999996695537434e-09,1.000000082740371e-11,0,1.999996695537434e-09,1.99999999993,-0.99999999997,-0.99999999997,0,0,0,-1.99999999993,0.99999999997,0.99999999997,-1.999996695537434e-09,9.999999999700001e-10,9.999999999700001e-10
18.8,0,2.999996695507434e-09,2.999996695507434e-09,199.999999993,-99.999999997,-99.999999997,0,0,1.000000082740371e-11,200,-1.99999999993,0.99999999997,0.99999999997,1e-09,1e-09,1e-09,-1.999996695537434e-09,9.999999999700001e-10,9.999999999700001e-10,90,0.9,40,3,2,1,1,1,2,2,2,1,1,1,3,1.99999999993,-0.99999999997,-0.99999999997,-1.99999999993,0.99999999997,0.99999999997,-1.999996695537434e-09,-1.999996695537434e-09,-1.999996695537434e-09,1.99999999993,-0.99999999997,-0.99999999997,-1.999996695537434e-09,9.999999999700001e-10,9.999999999700001e-10,-1.000000082740371e-11,-1.999996695537434e-09,1.000000082740371e-11,0,1.999996695537434e-09,1.99999999993,-0.99999999997,-0.99999999997,0,0,0,-1.99999999993,0.99999999997,0.99999999997,-1.999996695537434e-09,9.999999999700001e-10,9.999999999700001e-10
18.9,0,2.999996695507434e-09,2.999996695507434e-09,199.999999993,-99.999999997,-99.999999997,0,0,1.000000082740371e-11,200,-1.99999999993,0.99999999997,0.99999999997,1e-09,1e-09,1e-09,-1.999996695537434e-09,9.999999999700001e-10,9.999999999700001e-10,90,0.9,40,3,2,1,1,1,2,2,2,1,1,1,3,1.99999999993,-0.99999999997,-0.99999999997,-1.99999999993,0.99999999997,0.99999999997,-1.999996695537434e-09,-1.999996695537434e-09,-1.999996695537434e-09,1.99999999993,-0.99999999997,-0.99999999997,-1.999996695537434e-09,9.999999999700001e-10,9.999999999700001e-10,-1.000000082740371e-11,-1.999996695537434e-09,1.000000082740371e-11,0,1.999996695537434e-09,1.99999999993,-0.99999999997,-0.99999999997,0,0,0,-1.99999999993,0.99999999997,0.99999999997,-1.999996695537434e-09,9.999999999700001e-10,9.999999999700001e-10
19,0,2.999996695507434e-09,2.999996695507434e-09,199.999999993,-99.999999997,-99.999999997,0,0,1.000000082740371e-11,200,-1.99999999993,0.99999999997,0.99999999997,1e-09,1e-09,1e-09,-1.999996695537434e-09,9.999999999700001e-10,9.999999999700001e-10,90,0.9,40,3,2,1,1,1,2,2,2,1,1,1,3,1.99999999993,-0.99999999997,-0.99999999997,-1.99999999993,0.99999999997,0.99999999997,-1.999996695537434e-09,-1.999996695537434e-09,-1.999996695537434e-09,1.99999999993,-0.99999999997,-0.99999999997,-1.999996695537434e-09,9.999999999700001e-10,9.999999999700001e-10,-1.000000082740371e-11,-1.999996695537434e-09,1.000000082740371e-11,0,1.999996695537434e-09,1.99999999993,-0.99999999997,-0.99999999997,0,0,0,-1.99999999993,0.99999999997,0.99999999997,-1.999996695537434e-09,9.999999999700001e-10,9.999999999700001e-10
19.00000000380023,0,2.999996695507434e-09,2.999996695507434e-09,199.999999993,-99.999999997,-99.999999997,0,0,1.000000082740371e-11,200,-1.99999999993,0.99999999997,0.99999999997,1e-09,1e-09,1e-09,-1.999996695537434e-09,9.999999999700001e-10,9.999999999700001e-10,90,0.9,40,3,2,1,1,1,2,2,2,1,1,1,3,1.99999999993,-0.99999999997,-0.99999999997,-1.99999999993,0.99999999997,0.99999999997,-1.999996695537434e-09,-1.999996695537434e-09,-1.999996695537434e-09,1.99999999993,-0.99999999997,-0.99999999997,-1.999996695537434e-09,9.999999999700001e-10,9.999999999700001e-10,-1.000000082740371e-11,-1.999996695537434e-09,1.000000082740371e-11,0,1.999996695537434e-09,1.99999999993,-0.99999999997,-0.99999999997,0,0,0,-1.99999999993,0.99999999997,0.99999999997,-1.999996695537434e-09,9.999999999700001e-10,9.999999999700001e-10
19.00000000380023,0,2.999996695507434e-09,2.999996695507434e-09,199.9999999903636,-99.999999997,-99.999999997,0,0,3.636380085936253e-11,55,-1.999999999903636,0.99999999997,0.99999999997,1e-09,1e-09,1e-09,-1.999996695537434e-09,9.999999999700001e-10,9.999999999700001e-10,90,0.9,11,3,2,1,1,1,2,2,2,1,1,1,3,1.999999999903636,-0.99999999997,-0.99999999997,-1.999999999903636,0.99999999997,0.99999999997,-1.999996695537434e-09,-1.999996695537434e-09,-1.999996695537434e-09,1.999999999903636,-0.99999999997,-0.99999999997,-1.999996695537434e-09,9.999999999700001e-10,9.999999999700001e-10,-3.636380085936253e-11,-1.999996695537434e-09,3.636380085936253e-11,0,1.999996695537434e-09,1.999999999903636,-0.99999999997,-0.99999999997,0,0,0,-1.999999999903636,0.99999999997,0.99999999997,-1.999996695537434e-09,9.999999999700001e-10,9.999999999700001e-10
19.1,0,2.999996695507434e-09,2.999996695507434e-09,199.9999999903636,-99.999999997,-99.999999997,0,0,3.636380085936253e-11,55,-1.999999999903636,0.99999999997,0.99999999997,1e-09,1e-09,1e-09,-1.999996695537434e-09,9.999999999700001e-10,9.999999999700001e-10,90,0.9,11,3,2,1,1,1,2,2,2,1,1,1,3,1.999999999903636,-0.99999999997,-0.99999999997,-1.999999999903636,0.99999999997,0.99999999997,-1.999996695537434e-09,-1.999996695537434e-09,-1.999996695537434e-09,1.999999999903636,-0.99999999997,-0.99999999997,-1.999996695537434e-09,9.999999999700001e-10,9.999999999700001e-10,-3.636380085936253e-11,-1.999996695537434e-09,3.636380085936253e-11,0,1.999996695537434e-09,1.999999999903636,-0.99999999997,-0.99999999997,0,0,0,-1.999999999903636,0.99999999997,0.99999999997,-1.999996695537434e-09,9.999999999700001e-10,9.999999999700001e-10
19.2,0,2.999996695507434e-09,2.999996695507434e-09,199.9999999903636,-99.999999997,-99.999999997,0,0,3.636380085936253e-11,55,-1.999999999903636,0.99999999997,0.99999999997,1e-09,1e-09,1e-09,-1.999996695537434e-09,9.999999999700001e-10,9.999999999700001e-10,90,0.9,11,3,2,1,1,1,2,2,2,1,1,1,3,1.999999999903636,-0.99999999997,-0.99999999997,-1.999999999903636,0.99999999997,0.99999999997,-1.999996695537434e-09,-1.999996695537434e-09,-1.999996695537434e-09,1.999999999903636,-0.99999999997,-0.99999999997,-1.999996695537434e-09,9.999999999700001e-10,9.999999999700001e-10,-3.636380085936253e-11,-1.999996695537434e-09,3.636380085936253e-11,0,1.999996695537434e-09,1.999999999903636,-0.99999999997,-0.99999999997,0,0,0,-1.999999999903636,0.99999999997,0.99999999997,-1.999996695537434e-09,9.999999999700001e-10,9.999999999700001e-10
19.3,0,2.999996695507434e-09,2.999996695507434e-09,199.9999999903636,-99.999999997,-99.999999997,0,0,3.636380085936253e-11,55,-1.999999999903636,0.99999999997,0.99999999997,1e-09,1e-09,1e-09,-1.999996695537434e-09,9.999999999700001e-10,9.999999999700001e-10,90,0.9,11,3,2,1,1,1,2,2,2,1,1,1,3,1.999999999903636,-0.99999999997,-0.99999999997,-1.999999999903636,0.99999999997,0.99999999997,-1.999996695537434e-09,-1.999996695537434e-09,-1.999996695537434e-09,1.999999999903636,-0.99999999997,-0.99999999997,-1.999996695537434e-09,9.999999999700001e-10,9.999999999700001e-10,-3.636380085936253e-11,-1.999996695537434e-09,3.636380085936253e-11,0,1.999996695537434e-09,1.999999999903636,-0.99999999997,-0.99999999997,0,0,0,-1.999999999903636,0.99999999997,0.99999999997,-1.999996695537434e-09,9.999999999700001e-10,9.999999999700001e-10
19.4,0,2.999996695507434e-09,2.999996695507434e-09,199.9999999903636,-99.999999997,-99.999999997,0,0,3.636380085936253e-11,55,-1.999999999903636,0.99999999997,0.99999999997,1e-09,1e-09,1e-09,-1.999996695537434e-09,9.999999999700001e-10,9.999999999700001e-10,90,0.9,11,3,2,1,1,1,2,2,2,1,1,1,3,1.999999999903636,-0.99999999997,-0.99999999997,-1.999999999903636,0.99999999997,0.99999999997,-1.999996695537434e-09,-1.999996695537434e-09,-1.999996695537434e-09,1.999999999903636,-0.99999999997,-0.99999999997,-1.999996695537434e-09,9.999999999700001e-10,9.999999999700001e-10,-3.636380085936253e-11,-1.999996695537434e-09,3.636380085936253e-11,0,1.999996695537434e-09,1.999999999903636,-0.99999999997,-0.99999999997,0,0,0,-1.999999999903636,0.99999999997,0.99999999997,-1.999996695537434e-09,9.999999999700001e-10,9.999999999700001e-10
19.5,0,2.999996695507434e-09,2.999996695507434e-09,199.9999999903636,-99.999999997,-99.999999997,0,0,3.636380085936253e-11,55,-1.999999999903636,0.99999999997,0.99999999997,1e-09,1e-09,1e-09,-1.999996695537434e-09,9.999999999700001e-10,9.999999999700001e-10,90,0.9,11,3,2,1,1,1,2,2,2,1,1,1,3,1.999999999903636,-0.99999999997,-0.99999999997,-1.999999999903636,0.99999999997,0.99999999997,-1.999996695537434e-09,-1.999996695537434e-09,-1.999996695537434e-09,1.999999999903636,-0.99999999997,-0.99999999997,-1.999996695537434e-09,9.999999999700001e-10,9.999999999700001e-10,-3.636380085936253e-11,-1.999996695537434e-09,3.636380085936253e-11,0,1.999996695537434e-09,1.999999999903636,-0.99999999997,-0.99999999997,0,0,0,-1.999999999903636,0.99999999997,0.99999999997,-1.999996695537434e-09,9.999999999700001e-10,9.999999999700001e-10
19.6,0,2.999996695507434e-09,2.999996695507434e-09,199.9999999903636,-99.999999997,-99.999999997,0,0,3.636380085936253e-11,55,-1.999999999903636,0.99999999997,0.99999999997,1e-09,1e-09,1e-09,-1.999996695537434e-09,9.999999999700001e-10,9.999999999700001e-10,90,0.9,11,3,2,1,1,1,2,2,2,1,1,1,3,1.999999999903636,-0.99999999997,-0.99999999997,-1.999999999903636,0.99999999997,0.99999999997,-1.999996695537434e-09,-1.999996695537434e-09,-1.999996695537434e-09,1.999999999903636,-0.99999999997,-0.99999999997,-1.999996695537434e-09,9.999999999700001e-10,9.999999999700001e-10,-3.636380085936253e-11,-1.999996695537434e-09,3.636380085936253e-11,0,1.999996695537434e-09,1.999999999903636,-0.99999999997,-0.99999999997,0,0,0,-1.999999999903636,0.99999999997,0.99999999997,-1.999996695537434e-09,9.999999999700001e-10,9.999999999700001e-10
19.7,0,2.999996695507434e-09,2.999996695507434e-09,199.9999999903636,-99.999999997,-99.999999997,0,0,3.636380085936253e-11,55,-1.999999999903636,0.99999999997,0.99999999997,1e-09,1e-09,1e-09,-1.999996695537434e-09,9.999999999700001e-10,9.999999999700001e-10,90,0.9,11,3,2,1,1,1,2,2,2,1,1,1,3,1.999999999903636,-0.99999999997,-0.99999999997,-1.999999999903636,0.99999999997,0.99999999997,-1.999996695537434e-09,-1.999996695537434e-09,-1.999996695537434e-09,1.999999999903636,-0.99999999997,-0.99999999997,-1.999996695537434e-09,9.999999999700001e-10,9.999999999700001e-10,-3.636380085936253e-11,-1.999996695537434e-09,3.636380085936253e-11,0,1.999996695537434e-09,1.999999999903636,-0.99999999997,-0.99999999997,0,0,0,-1.999999999903636,0.99999999997,0.99999999997,-1.999996695537434e-09,9.999999999700001e-10,9.999999999700001e-10
19.8,0,2.999996695507434e-09,2.999996695507434e-09,199.9999999903636,-99.999999997,-99.999999997,0,0,3.636380085936253e-11,55,-1.999999999903636,0.99999999997,0.99999999997,1e-09,1e-09,1e-09,-1.999996695537434e-09,9.999999999700001e-10,9.999999999700001e-10,90,0.9,11,3,2,1,1,1,2,2,2,1,1,1,3,1.999999999903636,-0.99999999997,-0.99999999997,-1.999999999903636,0.99999999997,0.99999999997,-1.999996695537434e-09,-1.999996695537434e-09,-1.999996695537434e-09,1.999999999903636,-0.99999999997,-0.99999999997,-1.999996695537434e-09,9.999999999700001e-10,9.999999999700001e-10,-3.636380085936253e-11,-1.999996695537434e-09,3.636380085936253e-11,0,1.999996695537434e-09,1.999999999903636,-0.99999999997,-0.99999999997,0,0,0,-1.999999999903636,0.99999999997,0.99999999997,-1.999996695537434e-09,9.999999999700001e-10,9.999999999700001e-10
19.9,0,2.999996695507434e-09,2.999996695507434e-09,199.9999999903636,-99.999999997,-99.999999997,0,0,3.636380085936253e-11,55,-1.999999999903636,0.99999999997,0.99999999997,1e-09,1e-09,1e-09,-1.999996695537434e-09,9.999999999700001e-10,9.999999999700001e-10,90,0.9,11,3,2,1,1,1,2,2,2,1,1,1,3,1.999999999903636,-0.99999999997,-0.99999999997,-1.999999999903636,0.99999999997,0.99999999997,-1.999996695537434e-09,-1.999996695537434e-09,-1.999996695537434e-09,1.999999999903636,-0.99999999997,-0.99999999997,-1.999996695537434e-09,9.999999999700001e-10,9.999999999700001e-10,-3.636380085936253e-11,-1.999996695537434e-09,3.636380085936253e-11,0,1.999996695537434e-09,1.999999999903636,-0.99999999997,-0.99999999997,0,0,0,-1.999999999903636,0.99999999997,0.99999999997,-1.999996695537434e-09,9.999999999700001e-10,9.999999999700001e-10
20,0,2.999996695507434e-09,2.999996695507434e-09,199.9999999903636,-99.999999997,-99.999999997,0,0,3.636380085936253e-11,55,-1.999999999903636,0.99999999997,0.99999999997,1e-09,1e-09,1e-09,-1.999996695537434e-09,9.999999999700001e-10,9.999999999700001e-10,90,0.9,11,3,2,1,1,1,2,2,2,1,1,1,3,1.999999999903636,-0.99999999997,-0.99999999997,-1.999999999903636,0.99999999997,0.99999999997,-1.999996695537434e-09,-1.999996695537434e-09,-1.999996695537434e-09,1.999999999903636,-0.99999999997,-0.99999999997,-1.999996695537434e-09,9.999999999700001e-10,9.999999999700001e-10,-3.636380085936253e-11,-1.999996695537434e-09,3.636380085936253e-11,0,1.999996695537434e-09,1.999999999903636,-0.99999999997,-0.99999999997,0,0,0,-1.999999999903636,0.99999999997,0.99999999997,-1.999996695537434e-09,9.999999999700001e-10,9.999999999700001e-10
20.00000000400033,0,2.999996695507434e-09,2.999996695507434e-09,199.9999999903636,-99.999999997,-99.999999997,0,0,3.636380085936253e-11,55,-1.999999999903636,0.99999999997,0.99999999997,1e-09,1e-09,1e-09,-1.999996695537434e-09,9.999999999700001e-10,9.999999999700001e-10,90,0.9,11,3,2,1,1,1,2,2,2,1,1,1,3,1.999999999903636,-0.99999999997,-0.99999999997,-1.999999999903636,0.99999999997,0.99999999997,-1.999996695537434e-09,-1.999996695537434e-09,-1.999996695537434e-09,1.999999999903636,-0.99999999997,-0.99999999997,-1.999996695537434e-09,9.999999999700001e-10,9.999999999700001e-10,-3.636380085936253e-11,-1.999996695537434e-09,3.636380085936253e-11,0,1.999996695537434e-09,1.999999999903636,-0.99999999997,-0.99999999997,0,0,0,-1.999999999903636,0.99999999997,0.99999999997,-1.999996695537434e-09,9.999999999700001e-10,9.999999999700001e-10
20.00000000400033,0,-6.537850446961444e-08,99.99999000000099,100.0000101362173,-100.0000001162093,-9.99999900663795e-06,0,0,-2.000897225684639e-10,365,-1.000000101362173,1.000000001162093,9.99999900663795e-08,1e-09,1e-09,1000000000,6.637850447077653e-08,1.000000001162093e-09,99.9999900663795,90,0.9,73,3,2,1,1,1,2,2,1,1,1,1,2,1.000000101362173,-1.000000001162093,-9.99999900663795e-08,-1.000000101362173,1.000000001162093,9.99999900663795e-08,6.637850447077653e-08,6.637850447077653e-08,6.637850447077653e-08,1.000000101362173,-1.000000001162093,-9.99999900663795e-08,6.637850447077653e-08,1.000000001162093e-09,99.9999900663795,2.000897225684639e-10,6.637850447077653e-08,-2.000897225684639e-10,0,-6.637850447077653e-08,1.000000101362173,-1.000000001162093,-9.99999900663795e-08,0,0,0,-1.000000101362173,1.000000001162093,9.99999900663795e-08,6.637850447077653e-08,1.000000001162093e-09,99.9999900663795
20.1,0,2.00000363543405e-09,99.99999000000101,100.000009997725,-99.99999999799999,-9.999998999900101e-06,0,0,2.739586335565036e-12,365,-1.00000009997725,0.9999999999799999,9.9999989999001e-08,1e-09,1e-09,1000000000,-1.00000363545405e-09,9.999999999799999e-10,99.999989999001,90,0.9,73,3,2,1,1,1,2,2,1,1,1,1,2,1.00000009997725,-0.9999999999799999,-9.9999989999001e-08,-1.00000009997725,0.9999999999799999,9.9999989999001e-08,-1.00000363545405e-09,-1.00000363545405e-09,-1.00000363545405e-09,1.00000009997725,-0.9999999999799999,-9.9999989999001e-08,-1.00000363545405e-09,9.999999999799999e-10,99.999989999001,-2.739586335565036e-12,-1.00000363545405e-09,2.739586335565036e-12,0,1.00000363545405e-09,1.00000009997725,-0.9999999999799999,-9.9999989999001e-08,0,0,0,-1.00000009997725,0.9999999999799999,9.9999989999001e-08,-1.00000363545405e-09,9.999999999799999e-10,99.999989999001
20.2,0,2.00000363543405e-09,99.99999000000101,100.000009997725,-99.99999999799999,-9.999998999900101e-06,0,0,2.739808380169961e-12,365,-1.00000009997725,0.99999999998,9.9999989999001e-08,1e-09,1e-09,1000000000,-1.00000363545405e-09,9.999999999800001e-10,99.999989999001,90,0.9,73,3,2,1,1,1,2,2,1,1,1,1,2,1.00000009997725,-0.99999999998,-9.9999989999001e-08,-1.00000009997725,0.99999999998,9.9999989999001e-08,-1.00000363545405e-09,-1.00000363545405e-09,-1.00000363545405e-09,1.00000009997725,-0.99999999998,-9.9999989999001e-08,-1.00000363545405e-09,9.999999999800001e-10,99.999989999001,-2.739808380169961e-12,-1.00000363545405e-09,2.739808380169961e-12,0,1.00000363545405e-09,1.00000009997725,-0.99999999998,-9.9999989999001e-08,0,0,0,-1.00000009997725,0.99999999998,9.9999989999001e-08,-1.00000363545405e-09,9.999999999800001e-10,99.999989999001
20.3,0,2.00000363543405e-09,99.99999000000101,100.000009997725,-99.99999999800001,-9.999998999900101e-06,0,0,2.739586335565036e-12,365,-1.00000009997725,0.9999999999800001,9.9999989999001e-08,1e-09,1e-09,1000000000,-1.00000363545405e-09,9.999999999800001e-10,99.999989999001,90,0.9,73,3,2,1,1,1,2,2,1,1,1,1,2,1.00000009997725,-0.9999999999800001,-9.9999989999001e-08,-1.00000009997725,0.9999999999800001,9.9999989999001e-08,-1.00000363545405e-09,-1.00000363545405e-09,-1.00000363545405e-09,1.00000009997725,-0.9999999999800001,-9.9999989999001e-08,-1.00000363545405e-09,9.999999999800001e-10,99.999989999001,-2.739586335565036e-12,-1.00000363545405e-09,2.739586335565036e-12,0,1.00000363545405e-09,1.00000009997725,-0.9999999999800001,-9.9999989999001e-08,0,0,0,-1.00000009997725,0.9999999999800001,9.9999989999001e-08,-1.00000363545405e-09,9.999999999800001e-10,99.999989999001
20.4,0,2.00000363543405e-09,99.99999000000101,100.000009997725,-99.99999999799999,-9.999998999900101e-06,0,0,2.739808380169961e-12,365,-1.00000009997725,0.99999999998,9.9999989999001e-08,1e-09,1e-09,1000000000,-1.00000363545405e-09,9.999999999800001e-10,99.999989999001,90,0.9,73,3,2,1,1,1,2,2,1,1,1,1,2,1.00000009997725,-0.99999999998,-9.9999989999001e-08,-1.00000009997725,0.99999999998,9.9999989999001e-08,-1.00000363545405e-09,-1.00000363545405e-09,-1.00000363545405e-09,1.00000009997725,-0.99999999998,-9.9999989999001e-08,-1.00000363545405e-09,9.999999999800001e-10,99.999989999001,-2.739808380169961e-12,-1.00000363545405e-09,2.739808380169961e-12,0,1.00000363545405e-09,1.00000009997725,-0.99999999998,-9.9999989999001e-08,0,0,0,-1.00000009997725,0.99999999998,9.9999989999001e-08,-1.00000363545405e-09,9.999999999800001e-10,99.999989999001
20.5,0,2.00000363543405e-09,99.99999000000101,100.000009997725,-99.99999999800001,-9.999998999900101e-06,0,0,2.739586335565036e-12,365,-1.00000009997725,0.9999999999800001,9.9999989999001e-08,1e-09,1e-09,1000000000,-1.00000363545405e-09,9.999999999800001e-10,99.999989999001,90,0.9,73,3,2,1,1,1,2,2,1,1,1,1,2,1.00000009997725,-0.9999999999800001,-9.9999989999001e-08,-1.00000009997725,0.9999999999800001,9.9999989999001e-08,-1.00000363545405e-09,-1.00000363545405e-09,-1.00000363545405e-09,1.00000009997725,-0.9999999999800001,-9.9999989999001e-08,-1.00000363545405e-09,9.999999999800001e-10,99.999989999001,-2.739586335565036e-12,-1.00000363545405e-09,2.739586335565036e-12,0,1.00000363545405e-09,1.00000009997725,-0.9999999999800001,-9.9999989999001e-08,0,0,0,-1.00000009997725,0.9999999999800001,9.9999989999001e-08,-1.00000363545405e-09,9.999999999800001e-10,99.999989999001
20.6,0,2.00000363543405e-09,99.99999000000101,100.000009997725,-99.99999999799999,-9.999998999900101e-06,0,0,2.739808380169961e-12,365,-1.00000009997725,0.99999999998,9.9999989999001e-08,1e-09,1e-09,1000000000,-1.00000363545405e-09,9.999999999800001e-10,99.999989999001,90,0.9,73,3,2,1,1,1,2,2,1,1,1,1,2,1.00000009997725,-0.99999999998,-9.9999989999001e-08,-1.00000009997725,0.99999999998,9.9999989999001e-08,-1.00000363545405e-09,-1.00000363545405e-09,-1.00000363545405e-09,1.00000009997725,-0.99999999998,-9.9999989999001e-08,-1.00000363545405e-09,9.999999999800001e-10,99.999989999001,-2.739808380169961e-12,-1.00000363545405e-09,2.739808380169961e-12,0,1.00000363545405e-09,1.00000009997725,-0.99999999998,-9.9999989999001e-08,0,0,0,-1.00000009997725,0.99999999998,9.9999989999001e-08,-1.00000363545405e-09,9.999999999800001e-10,99.999989999001
20.7,0,2.00000363543405e-09,99.99999000000101,100.000009997725,-99.99999999800001,-9.999998999900101e-06,0,0,2.739586335565036e-12,365,-1.00000009997725,0.9999999999800001,9.9999989999001e-08,1e-09,1e-09,1000000000,-1.00000363545405e-09,9.999999999800001e-10,99.999989999001,90,0.9,73,3,2,1,1,1,2,2,1,1,1,1,2,1.00000009997725,-0.9999999999800001,-9.9999989999001e-08,-1.00000009997725,0.9999999999800001,9.9999989999001e-08,-1.00000363545405e-09,-1.00000363545405e-09,-1.00000363545405e-09,1.00000009997725,-0.9999999999800001,-9.9999989999001e-08,-1.00000363545405e-09,9.999999999800001e-10,99.999989999001,-2.739586335565036e-12,-1.00000363545405e-09,2.739586335565036e-12,0,1.00000363545405e-09,1.00000009997725,-0.9999999999800001,-9.9999989999001e-08,0,0,0,-1.00000009997725,0.9999999999800001,9.9999989999001e-08,-1.00000363545405e-09,9.999999999800001e-10,99.999989999001
20.8,0,2.00000363543405e-09,99.99999000000101,100.000009997725,-99.99999999799999,-9.999998999900101e-06,0,0,2.739808380169961e-12,365,-1.00000009997725,0.99999999998,9.9999989999001e-08,1e-09,1e-09,1000000000,-1.00000363545405e-09,9.999999999800001e-10,99.999989999001,90,0.9,73,3,2,1,1,1,2,2,1,1,1,1,2,1.00000009997725,-0.99999999998,-9.9999989999001e-08,-1.00000009997725,0.99999999998,9.9999989999001e-08,-1.00000363545405e-09,-1.00000363545405e-09,-1.00000363545405e-09,1.00000009997725,-0.99999999998,-9.9999989999001e-08,-1.00000363545405e-09,9.999999999800001e-10,99.999989999001,-2.739808380169961e-12,-1.00000363545405e-09,2.739808380169961e-12,0,1.00000363545405e-09,1.00000009997725,-0.99999999998,-9.9999989999001e-08,0,0,0,-1.00000009997725,0.99999999998,9.9999989999001e-08,-1.00000363545405e-09,9.999999999800001e-10,99.999989999001
20.9,0,2.00000363543405e-09,99.99999000000101,100.000009997725,-99.99999999800001,-9.999998999900101e-06,0,0,2.739586335565036e-12,365,-1.00000009997725,0.9999999999800001,9.9999989999001e-08,1e-09,1e-09,1000000000,-1.00000363545405e-09,9.999999999800001e-10,99.999989999001,90,0.9,73,3,2,1,1,1,2,2,1,1,1,1,2,1.00000009997725,-0.9999999999800001,-9.9999989999001e-08,-1.00000009997725,0.9999999999800001,9.9999989999001e-08,-1.00000363545405e-09,-1.00000363545405e-09,-1.00000363545405e-09,1.00000009997725,-0.9999999999800001,-9.9999989999001e-08,-1.00000363545405e-09,9.999999999800001e-10,99.999989999001,-2.739586335565036e-12,-1.00000363545405e-09,2.739586335565036e-12,0,1.00000363545405e-09,1.00000009997725,-0.9999999999800001,-9.9999989999001e-08,0,0,0,-1.00000009997725,0.9999999999800001,9.9999989999001e-08,-1.00000363545405e-09,9.999999999800001e-10,99.999989999001
21,0,2.00000363543405e-09,99.99999000000101,100.000009997725,-99.99999999799999,-9.999998999900101e-06,0,0,2.739808380169961e-12,365,-1.00000009997725,0.99999999998,9.9999989999001e-08,1e-09,1e-09,1000000000,-1.00000363545405e-09,9.999999999800001e-10,99.999989999001,90,0.9,73,3,2,1,1,1,2,2,1,1,1,1,2,1.00000009997725,-0.99999999998,-9.9999989999001e-08,-1.00000009997725,0.99999999998,9.9999989999001e-08,-1.00000363545405e-09,-1.00000363545405e-09,-1.00000363545405e-09,1.00000009997725,-0.99999999998,-9.9999989999001e-08,-1.00000363545405e-09,9.999999999800001e-10,99.999989999001,-2.739808380169961e-12,-1.00000363545405e-09,2.739808380169961e-12,0,1.00000363545405e-09,1.00000009997725,-0.99999999998,-9.9999989999001e-08,0,0,0,-1.00000009997725,0.99999999998,9.9999989999001e-08,-1.00000363545405e-09,9.999999999800001e-10,99.999989999001
21.00000000420041,0,2.00000363543405e-09,99.99999000000101,100.000009997725,-99.99999999800001,-9.999998999900101e-06,0,0,2.739586335565036e-12,365,-1.00000009997725,0.9999999999800001,9.9999989999001e-08,1e-09,1e-09,1000000000,-1.00000363545405e-09,9.999999999800001e-10,99.999989999001,90,0.9,73,3,2,1,1,1,2,2,1,1,1,1,2,1.00000009997725,-0.9999999999800001,-9.9999989999001e-08,-1.00000009997725,0.9999999999800001,9.9999989999001e-08,-1.00000363545405e-09,-1.00000363545405e-09,-1.00000363545405e-09,1.00000009997725,-0.9999999999800001,-9.9999989999001e-08,-1.00000363545405e-09,9.999999999800001e-10,99.999989999001,-2.739586335565036e-12,-1.00000363545405e-09,2.739586335565036e-12,0,1.00000363545405e-09,1.00000009997725,-0.9999999999800001,-9.9999989999001e-08,0,0,0,-1.00000009997725,0.9999999999800001,9.9999989999001e-08,-1.00000363545405e-09,9.999999999800001e-10,99.999989999001
21.00000000420041,0,2.999996695507434e-09,2.999996695507434e-09,199.9999999928572,-99.99999999700002,-99.999999997,2.220446049250313e-16,0,1.142841377088644e-11,175,-1.999999999928572,0.9999999999700001,0.99999999997,1e-09,1e-09,1e-09,-1.999996695537434e-09,9.999999999700001e-10,9.999999999700001e-10,90,0.9,35,3,2,1,1,1,2,2,2,1,1,1,3,1.999999999928572,-0.9999999999700001,-0.99999999997,-1.999999999928572,0.9999999999700001,0.99999999997,-1.999996695537434e-09,-1.999996695537434e-09,-1.999996695537434e-09,1.999999999928572,-0.9999999999700001,-0.99999999997,-1.999996695537434e-09,9.999999999700001e-10,9.999999999700001e-10,-1.142841377088644e-11,-1.999996695537434e-09,1.142841377088644e-11,0,1.999996695537434e-09,1.999999999928572,-0.9999999999700001,-0.99999999997,0,0,0,-1.999999999928572,0.9999999999700001,0.99999999997,-1.999996695537434e-09,9.999999999700001e-10,9.999999999700001e-10
21.1,0,2.999996695507434e-09,2.999996695507434e-09,199.9999999928571,-99.99999999699999,-99.999999997,-2.220446049250313e-16,0,1.142885786009629e-11,175,-1.999999999928571,0.9999999999699999,0.99999999997,1e-09,1e-09,1e-09,-1.999996695537434e-09,9.999999999699999e-10,9.999999999700001e-10,90,0.9,35,3,2,1,1,1,2,2,2,1,1,1,3,1.999999999928571,-0.9999999999699999,-0.99999999997,-1.999999999928571,0.9999999999699999,0.99999999997,-1.999996695537434e-09,-1.999996695537434e-09,-1.999996695537434e-09,1.999999999928571,-0.9999999999699999,-0.99999999997,-1.999996695537434e-09,9.999999999699999e-10,9.999999999700001e-10,-1.142885786009629e-11,-1.999996695537434e-09,1.142885786009629e-11,0,1.999996695537434e-09,1.999999999928571,-0.9999999999699999,-0.99999999997,0,0,0,-1.999999999928571,0.9999999999699999,0.99999999997,-1.999996695537434e-09,9.999999999699999e-10,9.999999999700001e-10
21.2,0,2.999996695507434e-09,2.999996695507434e-09,199.9999999928572,-99.999999997,-99.999999997,0,0,1.142841377088644e-11,175,-1.999999999928572,0.99999999997,0.99999999997,1e-09,1e-09,1e-09,-1.999996695537434e-09,9.999999999700001e-10,9.999999999700001e-10,90,0.9,35,3,2,1,1,1,2,2,2,1,1,1,3,1.999999999928572,-0.99999999997,-0.99999999997,-1.999999999928572,0.99999999997,0.99999999997,-1.999996695537434e-09,-1.999996695537434e-09,-1.999996695537434e-09,1.999999999928572,-0.99999999997,-0.99999999997,-1.999996695537434e-09,9.999999999700001e-10,9.999999999700001e-10,-1.142841377088644e-11,-1.999996695537434e-09,1.142841377088644e-11,0,1.999996695537434e-09,1.999999999928572,-0.99999999997,-0.99999999997,0,0,0,-1.999999999928572,0.99999999997,0.99999999997,-1.999996695537434e-09,9.999999999700001e-10,9.999999999700001e-10
21.3,0,2.999996695507434e-09,2.999996695507434e-09,199.9999999928571,-99.999999997,-99.999999997,0,0,1.142863581549136e-11,175,-1.999999999928571,0.99999999997,0.99999999997,1e-09,1e-09,1e-09,-1.999996695537434e-09,9.999999999700001e-10,9.999999999700001e-10,90,0.9,35,3,2,1,1,1,2,2,2,1,1,1,3,1.999999999928571,-0.99999999997,-0.99999999997,-1.999999999928571,0.99999999997,0.99999999997,-1.999996695537434e-09,-1.999996695537434e-09,-1.999996695537434e-09,1.999999999928571,-0.99999999997,-0.99999999997,-1.999996695537434e-09,9.999999999700001e-10,9.999999999700001e-10,-1.142863581549136e-11,-1.999996695537434e-09,1.142863581549136e-11,0,1.999996695537434e-09,1.999999999928571,-0.99999999997,-0.99999999997,0,0,0,-1.999999999928571,0.99999999997,0.99999999997,-1.999996695537434e-09,9.999999999700001e-10,9.999999999700001e-10
21.4,0,2.999996695507434e-09,2.999996695507434e-09,199.9999999928571,-99.999999997,-99.999999997,0,0,1.142863581549136e-11,175,-1.999999999928571,0.99999999997,0.99999999997,1e-09,1e-09,1e-09,-1.999996695537434e-09,9.999999999700001e-10,9.999999999700001e-10,90,0.9,35,3,2,1,1,1,2,2,2,1,1,1,3,1.999999999928571,-0.99999999997,-0.99999999997,-1.999999999928571,0.99999999997,0.99999999997,-1.999996695537434e-09,-1.999996695537434e-09,-1.999996695537434e-09,1.999999999928571,-0.99999999997,-0.99999999997,-1.999996695537434e-09,9.999999999700001e-10,9.999999999700001e-10,-1.142863581549136e-11,-1.999996695537434e-09,1.142863581549136e-11,0,1.999996695537434e-09,1.999999999928571,-0.99999999997,-0.99999999997,0,0,0,-1.999999999928571,0.99999999997,0.99999999997,-1.999996695537434e-09,9.999999999700001e-10,9.999999999700001e-10
21.5,0,2.999996695507434e-09,2.999996695507434e-09,199.9999999928571,-99.999999997,-99.999999997,0,0,1.142863581549136e-11,175,-1.999999999928571,0.99999999997,0.99999999997,1e-09,1e-09,1e-09,-1.999996695537434e-09,9.999999999700001e-10,9.999999999700001e-10,90,0.9,35,3,2,1,1,1,2,2,2,1,1,1,3,1.999999999928571,-0.99999999997,-0.99999999997,-1.999999999928571,0.99999999997,0.99999999997,-1.999996695537434e-09,-1.999996695537434e-09,-1.999996695537434e-09,1.999999999928571,-0.99999999997,-0.99999999997,-1.999996695537434e-09,9.999999999700001e-10,9.999999999700001e-10,-1.142863581549136e-11,-1.999996695537434e-09,1.142863581549136e-11,0,1.999996695537434e-09,1.999999999928571,-0.99999999997,-0.99999999997,0,0,0,-1.999999999928571,0.99999999997,0.99999999997,-1.999996695537434e-09,9.999999999700001e-10,9.999999999700001e-10
21.6,0,2.999996695507434e-09,2.999996695507434e-09,199.9999999928571,-99.999999997,-99.999999997,0,0,1.142863581549136e-11,175,-1.999999999928571,0.99999999997,0.99999999997,1e-09,1e-09,1e-09,-1.999996695537434e-09,9.999999999700001e-10,9.999999999700001e-10,90,0.9,35,3,2,1,1,1,2,2,2,1,1,1,3,1.999999999928571,-0.99999999997,-0.99999999997,-1.999999999928571,0.99999999997,0.99999999997,-1.999996695537434e-09,-1.999996695537434e-09,-1.999996695537434e-09,1.999999999928571,-0.99999999997,-0.99999999997,-1.999996695537434e-09,9.999999999700001e-10,9.999999999700001e-10,-1.142863581549136e-11,-1.999996695537434e-09,1.142863581549136e-11,0,1.999996695537434e-09,1.999999999928571,-0.99999999997,-0.99999999997,0,0,0,-1.999999999928571,0.99999999997,0.99999999997,-1.999996695537434e-09,9.999999999700001e-10,9.999999999700001e-10
21.7,0,2.999996695507434e-09,2.999996695507434e-09,199.9999999928571,-99.999999997,-99.999999997,0,0,1.142863581549136e-11,175,-1.999999999928571,0.99999999997,0.99999999997,1e-09,1e-09,1e-09,-1.999996695537434e-09,9.999999999700001e-10,9.999999999700001e-10,90,0.9,35,3,2,1,1,1,2,2,2,1,1,1,3,1.999999999928571,-0.99999999997,-0.99999999997,-1.999999999928571,0.99999999997,0.99999999997,-1.999996695537434e-09,-1.999996695537434e-09,-1.999996695537434e-09,1.999999999928571,-0.99999999997,-0.99999999997,-1.999996695537434e-09,9.999999999700001e-10,9.999999999700001e-10,-1.142863581549136e-11,-1.999996695537434e-09,1.142863581549136e-11,0,1.999996695537434e-09,1.999999999928571,-0.99999999997,-0.99999999997,0,0,0,-1.999999999928571,0.99999999997,0.99999999997,-1.999996695537434e-09,9.999999999700001e-10,9.999999999700001e-10
21.8,0,2.999996695507434e-09,2.999996695507434e-09,199.9999999928571,-99.999999997,-99.999999997,0,0,1.142863581549136e-11,175,-1.999999999928571,0.99999999997,0.99999999997,1e-09,1e-09,1e-09,-1.999996695537434e-09,9.999999999700001e-10,9.999999999700001e-10,90,0.9,35,3,2,1,1,1,2,2,2,1,1,1,3,1.999999999928571,-0.99999999997,-0.99999999997,-1.999999999928571,0.99999999997,0.99999999997,-1.999996695537434e-09,-1.999996695537434e-09,-1.999996695537434e-09,1.999999999928571,-0.99999999997,-0.99999999997,-1.999996695537434e-09,9.999999999700001e-10,9.999999999700001e-10,-1.142863581549136e-11,-1.999996695537434e-09,1.142863581549136e-11,0,1.999996695537434e-09,1.999999999928571,-0.99999999997,-0.99999999997,0,0,0,-1.999999999928571,0.99999999997,0.99999999997,-1.999996695537434e-09,9.999999999700001e-10,9.999999999700001e-10
21.9,0,2.999996695507434e-09,2.999996695507434e-09,199.9999999928571,-99.999999997,-99.999999997,0,0,1.142863581549136e-11,175,-1.999999999928571,0.99999999997,0.99999999997,1e-09,1e-09,1e-09,-1.999996695537434e-09,9.999999999700001e-10,9.999999999700001e-10,90,0.9,35,3,2,1,1,1,2,2,2,1,1,1,3,1.999999999928571,-0.99999999997,-0.99999999997,-1.999999999928571,0.99999999997,0.99999999997,-1.999996695537434e-09,-1.999996695537434e-09,-1.999996695537434e-09,1.999999999928571,-0.99999999997,-0.99999999997,-1.999996695537434e-09,9.999999999700001e-10,9.999999999700001e-10,-1.142863581549136e-11,-1.999996695537434e-09,1.142863581549136e-11,0,1.999996695537434e-09,1.999999999928571,-0.99999999997,-0.99999999997,0,0,0,-1.999999999928571,0.99999999997,0.99999999997,-1.999996695537434e-09,9.999999999700001e-10,9.999999999700001e-10
22,0,2.999996695507434e-09,2.999996695507434e-09,199.9999999928571,-99.999999997,-99.999999997,0,0,1.142863581549136e-11,175,-1.999999999928571,0.99999999997,0.99999999997,1e-09,1e-09,1e-09,-1.999996695537434e-09,9.999999999700001e-10,9.999999999700001e-10,90,0.9,35,3,2,1,1,1,2,2,2,1,1,1,3,1.999999999928571,-0.99999999997,-0.99999999997,-1.999999999928571,0.99999999997,0.99999999997,-1.999996695537434e-09,-1.999996695537434e-09,-1.999996695537434e-09,1.999999999928571,-0.99999999997,-0.99999999997,-1.999996695537434e-09,9.999999999700001e-10,9.999999999700001e-10,-1.142863581549136e-11,-1.999996695537434e-09,1.142863581549136e-11,0,1.999996695537434e-09,1.999999999928571,-0.99999999997,-0.99999999997,0,0,0,-1.999999999928571,0.99999999997,0.99999999997,-1.999996695537434e-09,9.999999999700001e-10,9.999999999700001e-10
22.0000000044005,0,2.999996695507434e-09,2.999996695507434e-09,199.9999999928571,-99.999999997,-99.999999997,0,0,1.142863581549136e-11,175,-1.999999999928571,0.99999999997,0.99999999997,1e-09,1e-09,1e-09,-1.999996695537434e-09,9.999999999700001e-10,9.999999999700001e-10,90,0.9,35,3,2,1,1,1,2,2,2,1,1,1,3,1.999999999928571,-0.99999999997,-0.99999999997,-1.999999999928571,0.99999999997,0.99999999997,-1.999996695537434e-09,-1.999996695537434e-09,-1.999996695537434e-09,1.999999999928571,-0.99999999997,-0.99999999997,-1.999996695537434e-09,9.999999999700001e-10,9.999999999700001e-10,-1.142863581549136e-11,-1.999996695537434e-09,1.142863581549136e-11,0,1.999996695537434e-09,1.999999999928571,-0.99999999997,-0.99999999997,0,0,0,-1.999999999928571,0.99999999997,0.99999999997,-1.999996695537434e-09,9.999999999700001e-10,9.999999999700001e-10
22.0000000044005,0,99.99999000000101,99.99999000000101,1.999907042193882e-05,-9.999998995535719e-06,-9.999998995535719e-06,0,0,9.275691326138258e-12,460,-1.999907042193882e-07,9.999998995535719e-08,9.999998995535719e-08,1e-09,1000000000,1000000000,-4.464381220259384e-08,99.99998995535719,99.99998995535719,90,0.9,92,3,2,1,1,1,2,1,1,1,1,1,1,1.999907042193882e-07,-9.999998995535719e-08,-9.999998995535719e-08,-1.999907042193882e-07,9.999998995535719e-08,9.999998995535719e-08,-4.464381220259384e-08,-4.464381220259384e-08,-4.464381220259384e-08,1.999907042193882e-07,-9.999998995535719e-08,-9.999998995535719e-08,-4.464381220259384e-08,99.99998995535719,99.99998995535719,-9.275691326138258e-12,-4.464381220259384e-08,9.275691326138258e-12,0,4.464381220259384e-08,1.999907042193882e-07,-9.999998995535719e-08,-9.999998995535719e-08,0,0,0,-1.999907042193882e-07,9.999998995535719e-08,9.999998995535719e-08,-4.464381220259384e-08,99.99998995535719,99.99998995535719
22.1,0,99.99999000000101,99.99999000000101,1.999999799995672e-05,-9.9999990000001e-06,-9.9999990000001e-06,0,0,4.34792599737473e-19,460,-1.999999799995672e-07,9.9999990000001e-08,9.9999990000001e-08,1e-09,1000000000,1000000000,0,99.99999000000101,99.99999000000101,90,0.9,92,3,2,1,1,1,2,1,1,1,1,1,1,1.999999799995672e-07,-9.9999990000001e-08,-9.9999990000001e-08,-1.999999799995672e-07,9.9999990000001e-08,9.9999990000001e-08,0,0,0,1.999999799995672e-07,-9.9999990000001e-08,-9.9999990000001e-08,0,99.99999000000101,99.99999000000101,-4.34792599737473e-19,0,4.34792599737473e-19,0,-0,1.999999799995672e-07,-9.9999990000001e-08,-9.9999990000001e-08,0,0,0,-1.999999799995672e-07,9.9999990000001e-08,9.9999990000001e-08,0,99.99999000000101,99.99999000000101
22.2,0,99.99999000000101,99.99999000000101,1.999999799995672e-05,-9.9999990000001e-06,-9.9999990000001e-06,0,0,4.34792599737473e-19,460,-1.999999799995672e-07,9.9999990000001e-08,9.9999990000001e-08,1e-09,1000000000,1000000000,0,99.99999000000101,99.99999000000101,90,0.9,92,3,2,1,1,1,2,1,1,1,1,1,1,1.999999799995672e-07,-9.9999990000001e-08,-9.9999990000001e-08,-1.999999799995672e-07,9.9999990000001e-08,9.9999990000001e-08,0,0,0,1.999999799995672e-07,-9.9999990000001e-08,-9.9999990000001e-08,0,99.99999000000101,99.99999000000101,-4.34792599737473e-19,0,4.34792599737473e-19,0,-0,1.999999799995672e-07,-9.9999990000001e-08,-9.9999990000001e-08,0,0,0,-1.999999799995672e-07,9.9999990000001e-08,9.9999990000001e-08,0,99.99999000000101,99.99999000000101
22.3,0,99.99999000000101,99.99999000000101,1.999999799995672e-05,-9.9999990000001e-06,-9.9999990000001e-06,0,0,4.34792599737473e-19,460,-1.999999799995672e-07,9.9999990000001e-08,9.9999990000001e-08,1e-09,1000000000,1000000000,0,99.99999000000101,99.99999000000101,90,0.9,92,3,2,1,1,1,2,1,1,1,1,1,1,1.999999799995672e-07,-9.9999990000001e-08,-9.9999990000001e-08,-1.999999799995672e-07,9.9999990000001e-08,9.9999990000001e-08,0,0,0,1.999999799995672e-07,-9.9999990000001e-08,-9.9999990000001e-08,0,99.99999000000101,99.99999000000101,-4.34792599737473e-19,0,4.34792599737473e-19,0,-0,1.999999799995672e-07,-9.9999990000001e-08,-9.9999990000001e-08,0,0,0,-1.999999799995672e-07,9.9999990000001e-08,9.9999990000001e-08,0,99.99999000000101,99.99999000000101
22.4,0,99.99999000000101,99.99999000000101,1.999999799995672e-05,-9.9999990000001e-06,-9.9999990000001e-06,0,0,4.34792599737473e-19,460,-1.999999799995672e-07,9.9999990000001e-08,9.9999990000001e-08,1e-09,1000000000,1000000000,0,99.99999000000101,99.99999000000101,90,0.9,92,3,2,1,1,1,2,1,1,1,1,1,1,1.999999799995672e-07,-9.9999990000001e-08,-9.9999990000001e-08,-1.999999799995672e-07,9.9999990000001e-08,9.9999990000001e-08,0,0,0,1.999999799995672e-07,-9.9999990000001e-08,-9.9999990000001e-08,0,99.99999000000101,99.99999000000101,-4.34792599737473e-19,0,4.34792599737473e-19,0,-0,1.999999799995672e-07,-9.9999990000001e-08,-9.9999990000001e-08,0,0,0,-1.999999799995672e-07,9.9999990000001e-08,9.9999990000001e-08,0,99.99999000000101,99.99999000000101
22.5,0,99.99999000000101,99.99999000000101,1.999999799995672e-05,-9.9999990000001e-06,-9.9999990000001e-06,0,0,4.34792599737473e-19,460,-1.999999799995672e-07,9.9999990000001e-08,9.9999990000001e-08,1e-09,1000000000,1000000000,0,99.99999000000101,99.99999000000101,90,0.9,92,3,2,1,1,1,2,1,1,1,1,1,1,1.999999799995672e-07,-9.9999990000001e-08,-9.9999990000001e-08,-1.999999799995672e-07,9.9999990000001e-08,9.9999990000001e-08,0,0,0,1.999999799995672e-07,-9.9999990000001e-08,-9.9999990000001e-08,0,99.99999000000101,99.99999000000101,-4.34792599737473e-19,0,4.34792599737473e-19,0,-0,1.999999799995672e-07,-9.9999990000001e-08,-9.9999990000001e-08,0,0,0,-1.999999799995672e-07,9.9999990000001e-08,9.9999990000001e-08,0,99.99999000000101,99.99999000000101
22.6,0,99.99999000000101,99.99999000000101,1.999999799995672e-05,-9.9999990000001e-06,-9.9999990000001e-06,0,0,4.34792599737473e-19,460,-1.999999799995672e-07,9.9999990000001e-08,9.9999990000001e-08,1e-09,1000000000,1000000000,0,99.99999000000101,99.99999000000101,90,0.9,92,3,2,1,1,1,2,1,1,1,1,1,1,1.999999799995672e-07,-9.9999990000001e-08,-9.9999990000001e-08,-1.999999799995672e-07,9.9999990000001e-08,9.9999990000001e-08,0,0,0,1.999999799995672e-07,-9.9999990000001e-08,-9.9999990000001e-08,0,99.99999000000101,99.99999000000101,-4.34792599737473e-19,0,4.34792599737473e-19,0,-0,1.999999799995672e-07,-9.9999990000001e-08,-9.9999990000001e-08,0,0,0,-1.999999799995672e-07,9.9999990000001e-08,9.9999990000001e-08,0,99.99999000000101,99.99999000000101
22.7,0,99.99999000000101,99.99999000000101,1.999999799995672e-05,-9.9999990000001e-06,-9.9999990000001e-06,0,0,4.34792599737473e-19,460,-1.999999799995672e-07,9.9999990000001e-08,9.9999990000001e-08,1e-09,1000000000,1000000000,0,99.99999000000101,99.99999000000101,90,0.9,92,3,2,1,1,1,2,1,1,1,1,1,1,1.999999799995672e-07,-9.9999990000001e-08,-9.9999990000001e-08,-1.999999799995672e-07,9.9999990000001e-08,9.9999990000001e-08,0,0,0,1.999999799995672e-07,-9.9999990000001e-08,-9.9999990000001e-08,0,99.99999000000101,99.99999000000101,-4.34792599737473e-19,0,4.34792599737473e-19,0,-0,1.999999799995672e-07,-9.9999990000001e-08,-9.9999990000001e-08,0,0,0,-1.999999799995672e-07,9.9999990000001e-08,9.9999990000001e-08,0,99.99999000000101,99.99999000000101
22.8,0,99.99999000000101,99.99999000000101,1.999999799995672e-05,-9.9999990000001e-06,-9.9999990000001e-06,0,0,4.34792599737473e-19,460,-1.999999799995672e-07,9.9999990000001e-08,9.9999990000001e-08,1e-09,1000000000,1000000000,0,99.99999000000101,99.99999000000101,90,0.9,92,3,2,1,1,1,2,1,1,1,1,1,1,1.999999799995672e-07,-9.9999990000001e-08,-9.9999990000001e-08,-1.999999799995672e-07,9.9999990000001e-08,9.9999990000001e-08,0,0,0,1.999999799995672e-07,-9.9999990000001e-08,-9.9999990000001e-08,0,99.99999000000101,99.99999000000101,-4.34792599737473e-19,0,4.34792599737473e-19,0,-0,1.999999799995672e-07,-9.9999990000001e-08,-9.9999990000001e-08,0,0,0,-1.999999799995672e-07,9.9999990000001e-08,9.9999990000001e-08,0,99.99999000000101,99.99999000000101
22.9,0,99.99999000000101,99.99999000000101,1.999999799995672e-05,-9.9999990000001e-06,-9.9999990000001e-06,0,0,4.34792599737473e-19,460,-1.999999799995672e-07,9.9999990000001e-08,9.9999990000001e-08,1e-09,1000000000,1000000000,0,99.99999000000101,99.99999000000101,90,0.9,92,3,2,1,1,1,2,1,1,1,1,1,1,1.999999799995672e-07,-9.9999990000001e-08,-9.9999990000001e-08,-1.999999799995672e-07,9.9999990000001e-08,9.9999990000001e-08,0,0,0,1.999999799995672e-07,-9.9999990000001e-08,-9.9999990000001e-08,0,99.99999000000101,99.99999000000101,-4.34792599737473e-19,0,4.34792599737473e-19,0,-0,1.999999799995672e-07,-9.9999990000001e-08,-9.9999990000001e-08,0,0,0,-1.999999799995672e-07,9.9999990000001e-08,9.9999990000001e-08,0,99.99999000000101,99.99999000000101
23,0,99.99999000000101,99.99999000000101,1.999999799995672e-05,-9.9999990000001e-06,-9.9999990000001e-06,0,0,4.34792599737473e-19,460,-1.999999799995672e-07,9.9999990000001e-08,9.9999990000001e-08,1e-09,1000000000,1000000000,0,99.99999000000101,99.99999000000101,90,0.9,92,3,2,1,1,1,2,1,1,1,1,1,1,1.999999799995672e-07,-9.9999990000001e-08,-9.9999990000001e-08,-1.999999799995672e-07,9.9999990000001e-08,9.9999990000001e-08,0,0,0,1.999999799995672e-07,-9.9999990000001e-08,-9.9999990000001e-08,0,99.99999000000101,99.99999000000101,-4.34792599737473e-19,0,4.34792599737473e-19,0,-0,1.999999799995672e-07,-9.9999990000001e-08,-9.9999990000001e-08,0,0,0,-1.999999799995672e-07,9.9999990000001e-08,9.9999990000001e-08,0,99.99999000000101,99.99999000000101
23.00000000460059,0,99.99999000000101,99.99999000000101,1.999999799995672e-05,-9.9999990000001e-06,-9.9999990000001e-06,0,0,4.34792599737473e-19,460,-1.999999799995672e-07,9.9999990000001e-08,9.9999990000001e-08,1e-09,1000000000,1000000000,0,99.99999000000101,99.99999000000101,90,0.9,92,3,2,1,1,1,2,1,1,1,1,1,1,1.999999799995672e-07,-9.9999990000001e-08,-9.9999990000001e-08,-1.999999799995672e-07,9.9999990000001e-08,9.9999990000001e-08,0,0,0,1.999999799995672e-07,-9.9999990000001e-08,-9.9999990000001e-08,0,99.99999000000101,99.99999000000101,-4.34792599737473e-19,0,4.34792599737473e-19,0,-0,1.999999799995672e-07,-9.9999990000001e-08,-9.9999990000001e-08,0,0,0,-1.999999799995672e-07,9.9999990000001e-08,9.9999990000001e-08,0,99.99999000000101,99.99999000000101
23.00000000460059,0,3.000010906362149e-09,3.000010906362149e-09,199.9999999930243,-99.99999999699999,-99.99999999699999,0,0,9.756195851196026e-12,205,-1.999999999930244,0.9999999999699999,0.9999999999699999,1e-09,1e-09,1e-09,-2.00001090639215e-09,9.999999999699999e-10,9.999999999699999e-10,90,0.9,41,3,2,1,1,1,2,2,2,1,1,1,3,1.999999999930244,-0.9999999999699999,-0.9999999999699999,-1.999999999930244,0.9999999999699999,0.9999999999699999,-2.00001090639215e-09,-2.00001090639215e-09,-2.00001090639215e-09,1.999999999930244,-0.9999999999699999,-0.9999999999699999,-2.00001090639215e-09,9.999999999699999e-10,9.999999999699999e-10,-9.756195851196026e-12,-2.00001090639215e-09,9.756195851196026e-12,0,2.00001090639215e-09,1.999999999930244,-0.9999999999699999,-0.9999999999699999,0,0,0,-1.999999999930244,0.9999999999699999,0.9999999999699999,-2.00001090639215e-09,9.999999999699999e-10,9.999999999699999e-10
23.1,0,2.999996695507434e-09,2.999996695507434e-09,199.9999999930244,-99.999999997,-99.999999997,0,0,9.756195851196026e-12,205,-1.999999999930244,0.99999999997,0.99999999997,1e-09,1e-09,1e-09,-1.999996695537434e-09,9.999999999700001e-10,9.999999999700001e-10,90,0.9,41,3,2,1,1,1,2,2,2,1,1,1,3,1.999999999930244,-0.99999999997,-0.99999999997,-1.999999999930244,0.99999999997,0.99999999997,-1.999996695537434e-09,-1.999996695537434e-09,-1.999996695537434e-09,1.999999999930244,-0.99999999997,-0.99999999997,-1.999996695537434e-09,9.999999999700001e-10,9.999999999700001e-10,-9.756195851196026e-12,-1.999996695537434e-09,9.756195851196026e-12,0,1.999996695537434e-09,1.999999999930244,-0.99999999997,-0.99999999997,0,0,0,-1.999999999930244,0.99999999997,0.99999999997,-1.999996695537434e-09,9.999999999700001e-10,9.999999999700001e-10
23.2,0,2.999996695507434e-09,2.999996695507434e-09,199.9999999930244,-99.999999997,-99.999999997,0,0,9.756195851196026e-12,205,-1.999999999930244,0.99999999997,0.99999999997,1e-09,1e-09,1e-09,-1.999996695537434e-09,9.999999999700001e-10,9.999999999700001e-10,90,0.9,41,3,2,1,1,1,2,2,2,1,1,1,3,1.999999999930244,-0.99999999997,-0.99999999997,-1.999999999930244,0.99999999997,0.99999999997,-1.999996695537434e-09,-1.999996695537434e-09,-1.999996695537434e-09,1.999999999930244,-0.99999999997,-0.99999999997,-1.999996695537434e-09,9.999999999700001e-10,9.999999999700001e-10,-9.756195851196026e-12,-1.999996695537434e-09,9.756195851196026e-12,0,1.999996695537434e-09,1.999999999930244,-0.99999999997,-0.99999999997,0,0,0,-1.999999999930244,0.99999999997,0.99999999997,-1.999996695537434e-09,9.999999999700001e-10,9.999999999700001e-10
23.3,0,2.999996695507434e-09,2.999996695507434e-09,199.9999999930244,-99.999999997,-99.999999997,0,0,9.756195851196026e-12,205,-1.999999999930244,0.99999999997,0.99999999997,1e-09,1e-09,1e-09,-1.999996695537434e-09,9.999999999700001e-10,9.999999999700001e-10,90,0.9,41,3,2,1,1,1,2,2,2,1,1,1,3,1.999999999930244,-0.99999999997,-0.99999999997,-1.999999999930244,0.99999999997,0.99999999997,-1.999996695537434e-09,-1.999996695537434e-09,-1.999996695537434e-09,1.999999999930244,-0.99999999997,-0.99999999997,-1.999996695537434e-09,9.999999999700001e-10,9.999999999700001e-10,-9.756195851196026e-12,-1.999996695537434e-09,9.756195851196026e-12,0,1.999996695537434e-09,1.999999999930244,-0.99999999997,-0.99999999997,0,0,0,-1.999999999930244,0.99999999997,0.99999999997,-1.999996695537434e-09,9.999999999700001e-10,9.999999999700001e-10
23.4,0,2.999996695507434e-09,2.999996695507434e-09,199.9999999930244,-99.999999997,-99.999999997,0,0,9.756195851196026e-12,205,-1.999999999930244,0.99999999997,0.99999999997,1e-09,1e-09,1e-09,-1.999996695537434e-09,9.999999999700001e-10,9.999999999700001e-10,90,0.9,41,3,2,1,1,1,2,2,2,1,1,1,3,1.999999999930244,-0.99999999997,-0.99999999997,-1.999999999930244,0.99999999997,0.99999999997,-1.999996695537434e-09,-1.999996695537434e-09,-1.999996695537434e-09,1.999999999930244,-0.99999999997,-0.99999999997,-1.999996695537434e-09,9.999999999700001e-10,9.999999999700001e-10,-9.756195851196026e-12,-1.999996695537434e-09,9.756195851196026e-12,0,1.999996695537434e-09,1.999999999930244,-0.99999999997,-0.99999999997,0,0,0,-1.999999999930244,0.99999999997,0.99999999997,-1.999996695537434e-09,9.999999999700001e-10,9.999999999700001e-10
23.5,0,2.999996695507434e-09,2.999996695507434e-09,199.9999999930244,-99.999999997,-99.999999997,0,0,9.756195851196026e-12,205,-1.999999999930244,0.99999999997,0.99999999997,1e-09,1e-09,1e-09,-1.999996695537434e-09,9.999999999700001e-10,9.999999999700001e-10,90,0.9,41,3,2,1,1,1,2,2,2,1,1,1,3,1.999999999930244,-0.99999999997,-0.99999999997,-1.999999999930244,0.99999999997,0.99999999997,-1.999996695537434e-09,-1.999996695537434e-09,-1.999996695537434e-09,1.999999999930244,-0.99999999997,-0.99999999997,-1.999996695537434e-09,9.999999999700001e-10,9.999999999700001e-10,-9.756195851196026e-12,-1.999996695537434e-09,9.756195851196026e-12,0,1.999996695537434e-09,1.999999999930244,-0.99999999997,-0.99999999997,0,0,0,-1.999999999930244,0.99999999997,0.99999999997,-1.999996695537434e-09,9.999999999700001e-10,9.999999999700001e-10
23.6,0,2.999996695507434e-09,2.999996695507434e-09,199.9999999930244,-99.999999997,-99.999999997,0,0,9.756195851196026e-12,205,-1.999999999930244,0.99999999997,0.99999999997,1e-09,1e-09,1e-09,-1.999996695537434e-09,9.999999999700001e-10,9.999999999700001e-10,90,0.9,41,3,2,1,1,1,2,2,2,1,1,1,3,1.999999999930244,-0.99999999997,-0.99999999997,-1.999999999930244,0.99999999997,0.99999999997,-1.999996695537434e-09,-1.999996695537434e-09,-1.999996695537434e-09,1.999999999930244,-0.99999999997,-0.99999999997,-1.999996695537434e-09,9.999999999700001e-10,9.999999999700001e-10,-9.756195851196026e-12,-1.999996695537434e-09,9.756195851196026e-12,0,1.999996695537434e-09,1.999999999930244,-0.99999999997,-0.99999999997,0,0,0,-1.999999999930244,0.99999999997,0.99999999997,-1.999996695537434e-09,9.999999999700001e-10,9.999999999700001e-10
23.7,0,2.999996695507434e-09,2.999996695507434e-09,199.9999999930244,-99.999999997,-99.999999997,0,0,9.756195851196026e-12,205,-1.999999999930244,0.99999999997,0.99999999997,1e-09,1e-09,1e-09,-1.999996695537434e-09,9.999999999700001e-10,9.999999999700001e-10,90,0.9,41,3,2,1,1,1,2,2,2,1,1,1,3,1.999999999930244,-0.99999999997,-0.99999999997,-1.999999999930244,0.99999999997,0.99999999997,-1.999996695537434e-09,-1.999996695537434e-09,-1.999996695537434e-09,1.999999999930244,-0.99999999997,-0.99999999997,-1.999996695537434e-09,9.999999999700001e-10,9.999999999700001e-10,-9.756195851196026e-12,-1.999996695537434e-09,9.756195851196026e-12,0,1.999996695537434e-09,1.999999999930244,-0.99999999997,-0.99999999997,0,0,0,-1.999999999930244,0.99999999997,0.99999999997,-1.999996695537434e-09,9.999999999700001e-10,9.999999999700001e-10
23.8,0,2.999996695507434e-09,2.999996695507434e-09,199.9999999930244,-99.999999997,-99.999999997,0,0,9.756195851196026e-12,205,-1.999999999930244,0.99999999997,0.99999999997,1e-09,1e-09,1e-09,-1.999996695537434e-09,9.999999999700001e-10,9.999999999700001e-10,90,0.9,41,3,2,1,1,1,2,2,2,1,1,1,3,1.999999999930244,-0.99999999997,-0.99999999997,-1.999999999930244,0.99999999997,0.99999999997,-1.999996695537434e-09,-1.999996695537434e-09,-1.999996695537434e-09,1.999999999930244,-0.99999999997,-0.99999999997,-1.999996695537434e-09,9.999999999700001e-10,9.999999999700001e-10,-9.756195851196026e-12,-1.999996695537434e-09,9.756195851196026e-12,0,1.999996695537434e-09,1.999999999930244,-0.99999999997,-0.99999999997,0,0,0,-1.999999999930244,0.99999999997,0.99999999997,-1.999996695537434e-09,9.999999999700001e-10,9.999999999700001e-10
23.9,0,2.999996695507434e-09,2.999996695507434e-09,199.9999999930244,-99.999999997,-99.999999997,0,0,9.756195851196026e-12,205,-1.999999999930244,0.99999999997,0.99999999997,1e-09,1e-09,1e-09,-1.999996695537434e-09,9.999999999700001e-10,9.999999999700001e-10,90,0.9,41,3,2,1,1,1,2,2,2,1,1,1,3,1.999999999930244,-0.99999999997,-0.99999999997,-1.999999999930244,0.99999999997,0.99999999997,-1.999996695537434e-09,-1.999996695537434e-09,-1.999996695537434e-09,1.999999999930244,-0.99999999997,-0.99999999997,-1.999996695537434e-09,9.999999999700001e-10,9.999999999700001e-10,-9.756195851196026e-12,-1.999996695537434e-09,9.756195851196026e-12,0,1.999996695537434e-09,1.999999999930244,-0.99999999997,-0.99999999997,0,0,0,-1.999999999930244,0.99999999997,0.99999999997,-1.999996695537434e-09,9.999999999700001e-10,9.999999999700001e-10
24,0,2.999996695507434e-09,2.999996695507434e-09,199.9999999930244,-99.999999997,-99.999999997,0,0,9.756195851196026e-12,205,-1.999999999930244,0.99999999997,0.99999999997,1e-09,1e-09,1e-09,-1.999996695537434e-09,9.999999999700001e-10,9.999999999700001e-10,90,0.9,41,3,2,1,1,1,2,2,2,1,1,1,3,1.999999999930244,-0.99999999997,-0.99999999997,-1.999999999930244,0.99999999997,0.99999999997,-1.999996695537434e-09,-1.999996695537434e-09,-1.999996695537434e-09,1.999999999930244,-0.99999999997,-0.99999999997,-1.999996695537434e-09,9.999999999700001e-10,9.999999999700001e-10,-9.756195851196026e-12,-1.999996695537434e-09,9.756195851196026e-12,0,1.999996695537434e-09,1.999999999930244,-0.99999999997,-0.99999999997,0,0,0,-1.999999999930244,0.99999999997,0.99999999997,-1.999996695537434e-09,9.999999999700001e-10,9.999999999700001e-10
24.00000000480068,0,2.999996695507434e-09,2.999996695507434e-09,199.9999999930244,-99.999999997,-99.999999997,0,0,9.756195851196026e-12,205,-1.999999999930244,0.99999999997,0.99999999997,1e-09,1e-09,1e-09,-1.999996695537434e-09,9.999999999700001e-10,9.999999999700001e-10,90,0.9,41,3,2,1,1,1,2,2,2,1,1,1,3,1.999999999930244,-0.99999999997,-0.99999999997,-1.999999999930244,0.99999999997,0.99999999997,-1.999996695537434e-09,-1.999996695537434e-09,-1.999996695537434e-09,1.999999999930244,-0.99999999997,-0.99999999997,-1.999996695537434e-09,9.999999999700001e-10,9.999999999700001e-10,-9.756195851196026e-12,-1.999996695537434e-09,9.756195851196026e-12,0,1.999996695537434e-09,1.999999999930244,-0.99999999997,-0.99999999997,0,0,0,-1.999999999930244,0.99999999997,0.99999999997,-1.999996695537434e-09,9.999999999700001e-10,9.999999999700001e-10
24.00000000480068,0,4.564381220256383e-08,99.99999000000101,100.000009978962,-99.999999997,-9.999998995535719e-06,0,0,1.803703852942817e-10,345,-1.00000009978962,0.99999999997,9.999998995535719e-08,1e-09,1e-09,1000000000,-4.464381220259384e-08,9.999999999700001e-10,99.99998995535719,90,0.9,69,3,2,1,1,1,2,2,1,1,1,1,2,1.00000009978962,-0.99999999997,-9.999998995535719e-08,-1.00000009978962,0.99999999997,9.999998995535719e-08,-4.464381220259384e-08,-4.464381220259384e-08,-4.464381220259384e-08,1.00000009978962,-0.99999999997,-9.999998995535719e-08,-4.464381220259384e-08,9.999999999700001e-10,99.99998995535719,-1.803703852942817e-10,-4.464381220259384e-08,1.803703852942817e-10,0,4.464381220259384e-08,1.00000009978962,-0.99999999997,-9.999998995535719e-08,0,0,0,-1.00000009978962,0.99999999997,9.999998995535719e-08,-4.464381220259384e-08,9.999999999700001e-10,99.99998995535719
24.1,0,2.00000363543405e-09,99.99999000000101,100.0000099977092,-99.99999999799999,-9.999998999900101e-06,0,0,2.898570272691359e-12,345,-1.000000099977091,0.99999999998,9.9999989999001e-08,1e-09,1e-09,1000000000,-1.00000363545405e-09,9.999999999800001e-10,99.999989999001,90,0.9,69,3,2,1,1,1,2,2,1,1,1,1,2,1.000000099977091,-0.99999999998,-9.9999989999001e-08,-1.000000099977091,0.99999999998,9.9999989999001e-08,-1.00000363545405e-09,-1.00000363545405e-09,-1.00000363545405e-09,1.000000099977091,-0.99999999998,-9.9999989999001e-08,-1.00000363545405e-09,9.999999999800001e-10,99.999989999001,-2.898570272691359e-12,-1.00000363545405e-09,2.898570272691359e-12,0,1.00000363545405e-09,1.000000099977091,-0.99999999998,-9.9999989999001e-08,0,0,0,-1.000000099977091,0.99999999998,9.9999989999001e-08,-1.00000363545405e-09,9.999999999800001e-10,99.999989999001
24.2,0,2.00000363543405e-09,99.99999000000101,100.0000099977092,-99.99999999800001,-9.999998999900101e-06,0,0,2.898570272691359e-12,345,-1.000000099977091,0.9999999999800001,9.9999989999001e-08,1e-09,1e-09,1000000000,-1.00000363545405e-09,9.999999999800001e-10,99.999989999001,90,0.9,69,3,2,1,1,1,2,2,1,1,1,1,2,1.000000099977091,-0.9999999999800001,-9.9999989999001e-08,-1.000000099977091,0.9999999999800001,9.9999989999001e-08,-1.00000363545405e-09,-1.00000363545405e-09,-1.00000363545405e-09,1.000000099977091,-0.9999999999800001,-9.9999989999001e-08,-1.00000363545405e-09,9.999999999800001e-10,99.999989999001,-2.898570272691359e-12,-1.00000363545405e-09,2.898570272691359e-12,0,1.00000363545405e-09,1.000000099977091,-0.9999999999800001,-9.9999989999001e-08,0,0,0,-1.000000099977091,0.9999999999800001,9.9999989999001e-08,-1.00000363545405e-09,9.999999999800001e-10,99.999989999001
24.3,0,2.00000363543405e-09,99.99999000000101,100.0000099977092,-99.99999999799999,-9.999998999900101e-06,0,0,2.898570272691359e-12,345,-1.000000099977091,0.99999999998,9.9999989999001e-08,1e-09,1e-09,1000000000,-1.00000363545405e-09,9.999999999800001e-10,99.999989999001,90,0.9,69,3,2,1,1,1,2,2,1,1,1,1,2,1.000000099977091,-0.99999999998,-9.9999989999001e-08,-1.000000099977091,0.99999999998,9.9999989999001e-08,-1.00000363545405e-09,-1.00000363545405e-09,-1.00000363545405e-09,1.000000099977091,-0.99999999998,-9.9999989999001e-08,-1.00000363545405e-09,9.999999999800001e-10,99.999989999001,-2.898570272691359e-12,-1.00000363545405e-09,2.898570272691359e-12,0,1.00000363545405e-09,1.000000099977091,-0.99999999998,-9.9999989999001e-08,0,0,0,-1.000000099977091,0.99999999998,9.9999989999001e-08,-1.00000363545405e-09,9.999999999800001e-10,99.999989999001
24.4,0,2.00000363543405e-09,99.99999000000101,100.0000099977092,-99.99999999800001,-9.999998999900101e-06,0,0,2.898570272691359e-12,345,-1.000000099977091,0.9999999999800001,9.9999989999001e-08,1e-09,1e-09,1000000000,-1.00000363545405e-09,9.999999999800001e-10,99.999989999001,90,0.9,69,3,2,1,1,1,2,2,1,1,1,1,2,1.000000099977091,-0.9999999999800001,-9.9999989999001e-08,-1.000000099977091,0.9999999999800001,9.9999989999001e-08,-1.00000363545405e-09,-1.00000363545405e-09,-1.00000363545405e-09,1.000000099977091,-0.9999999999800001,-9.9999989999001e-08,-1.00000363545405e-09,9.999999999800001e-10,99.999989999001,-2.898570272691359e-12,-1.00000363545405e-09,2.898570272691359e-12,0,1.00000363545405e-09,1.000000099977091,-0.9999999999800001,-9.9999989999001e-08,0,0,0,-1.000000099977091,0.9999999999800001,9.9999989999001e-08,-1.00000363545405e-09,9.999999999800001e-10,99.999989999001
24.5,0,2.00000363543405e-09,99.99999000000101,100.0000099977092,-99.99999999799999,-9.999998999900101e-06,0,0,2.898570272691359e-12,345,-1.000000099977091,0.99999999998,9.9999989999001e-08,1e-09,1e-09,1000000000,-1.00000363545405e-09,9.999999999800001e-10,99.999989999001,90,0.9,69,3,2,1,1,1,2,2,1,1,1,1,2,1.000000099977091,-0.99999999998,-9.9999989999001e-08,-1.000000099977091,0.99999999998,9.9999989999001e-08,-1.00000363545405e-09,-1.00000363545405e-09,-1.00000363545405e-09,1.000000099977091,-0.99999999998,-9.9999989999001e-08,-1.00000363545405e-09,9.999999999800001e-10,99.999989999001,-2.898570272691359e-12,-1.00000363545405e-09,2.898570272691359e-12,0,1.00000363545405e-09,1.000000099977091,-0.99999999998,-9.9999989999001e-08,0,0,0,-1.000000099977091,0.99999999998,9.9999989999001e-08,-1.00000363545405e-09,9.999999999800001e-10,99.999989999001
24.6,0,2.00000363543405e-09,99.99999000000101,100.0000099977092,-99.99999999800001,-9.999998999900101e-06,0,0,2.898570272691359e-12,345,-1.000000099977091,0.9999999999800001,9.9999989999001e-08,1e-09,1e-09,1000000000,-1.00000363545405e-09,9.999999999800001e-10,99.999989999001,90,0.9,69,3,2,1,1,1,2,2,1,1,1,1,2,1.000000099977091,-0.9999999999800001,-9.9999989999001e-08,-1.000000099977091,0.9999999999800001,9.9999989999001e-08,-1.00000363545405e-09,-1.00000363545405e-09,-1.00000363545405e-09,1.000000099977091,-0.9999999999800001,-9.9999989999001e-08,-1.00000363545405e-09,9.999999999800001e-10,99.999989999001,-2.898570272691359e-12,-1.00000363545405e-09,2.898570272691359e-12,0,1.00000363545405e-09,1.000000099977091,-0.9999999999800001,-9.9999989999001e-08,0,0,0,-1.000000099977091,0.9999999999800001,9.9999989999001e-08,-1.00000363545405e-09,9.999999999800001e-10,99.999989999001
24.7,0,2.00000363543405e-09,99.99999000000101,100.0000099977092,-99.99999999799999,-9.999998999900101e-06,0,0,2.898570272691359e-12,345,-1.000000099977091,0.99999999998,9.9999989999001e-08,1e-09,1e-09,1000000000,-1.00000363545405e-09,9.999999999800001e-10,99.999989999001,90,0.9,69,3,2,1,1,1,2,2,1,1,1,1,2,1.000000099977091,-0.99999999998,-9.9999989999001e-08,-1.000000099977091,0.99999999998,9.9999989999001e-08,-1.00000363545405e-09,-1.00000363545405e-09,-1.00000363545405e-09,1.000000099977091,-0.99999999998,-9.9999989999001e-08,-1.00000363545405e-09,9.999999999800001e-10,99.999989999001,-2.898570272691359e-12,-1.00000363545405e-09,2.898570272691359e-12,0,1.00000363545405e-09,1.000000099977091,-0.99999999998,-9.9999989999001e-08,0,0,0,-1.000000099977091,0.99999999998,9.9999989999001e-08,-1.00000363545405e-09,9.999999999800001e-10,99.999989999001
24.8,0,2.00000363543405e-09,99.99999000000101,100.0000099977092,-99.99999999800001,-9.999998999900101e-06,0,0,2.898570272691359e-12,345,-1.000000099977091,0.9999999999800001,9.9999989999001e-08,1e-09,1e-09,1000000000,-1.00000363545405e-09,9.999999999800001e-10,99.999989999001,90,0.9,69,3,2,1,1,1,2,2,1,1,1,1,2,1.000000099977091,-0.9999999999800001,-9.9999989999001e-08,-1.000000099977091,0.9999999999800001,9.9999989999001e-08,-1.00000363545405e-09,-1.00000363545405e-09,-1.00000363545405e-09,1.000000099977091,-0.9999999999800001,-9.9999989999001e-08,-1.00000363545405e-09,9.999999999800001e-10,99.999989999001,-2.898570272691359e-12,-1.00000363545405e-09,2.898570272691359e-12,0,1.00000363545405e-09,1.000000099977091,-0.9999999999800001,-9.9999989999001e-08,0,0,0,-1.000000099977091,0.9999999999800001,9.9999989999001e-08,-1.00000363545405e-09,9.999999999800001e-10,99.999989999001
24.9,0,2.00000363543405e-09,99.99999000000101,100.0000099977092,-99.99999999799999,-9.999998999900101e-06,0,0,2.898570272691359e-12,345,-1.000000099977091,0.99999999998,9.9999989999001e-08,1e-09,1e-09,1000000000,-1.00000363545405e-09,9.999999999800001e-10,99.999989999001,90,0.9,69,3,2,1,1,1,2,2,1,1,1,1,2,1.000000099977091,-0.99999999998,-9.9999989999001e-08,-1.000000099977091,0.99999999998,9.9999989999001e-08,-1.00000363545405e-09,-1.00000363545405e-09,-1.00000363545405e-09,1.000000099977091,-0.99999999998,-9.9999989999001e-08,-1.00000363545405e-09,9.999999999800001e-10,99.999989999001,-2.898570272691359e-12,-1.00000363545405e-09,2.898570272691359e-12,0,1.00000363545405e-09,1.000000099977091,-0.99999999998,-9.9999989999001e-08,0,0,0,-1.000000099977091,0.99999999998,9.9999989999001e-08,-1.00000363545405e-09,9.999999999800001e-10,99.999989999001
25,0,2.00000363543405e-09,99.99999000000101,100.0000099977092,-99.99999999800001,-9.999998999900101e-06,0,0,2.898570272691359e-12,345,-1.000000099977091,0.9999999999800001,9.9999989999001e-08,1e-09,1e-09,1000000000,-1.00000363545405e-09,9.999999999800001e-10,99.999989999001,90,0.9,69,3,2,1,1,1,2,2,1,1,1,1,2,1.000000099977091,-0.9999999999800001,-9.9999989999001e-08,-1.000000099977091,0.9999999999800001,9.9999989999001e-08,-1.00000363545405e-09,-1.00000363545405e-09,-1.00000363545405e-09,1.000000099977091,-0.9999999999800001,-9.9999989999001e-08,-1.00000363545405e-09,9.999999999800001e-10,99.999989999001,-2.898570272691359e-12,-1.00000363545405e-09,2.898570272691359e-12,0,1.00000363545405e-09,1.000000099977091,-0.9999999999800001,-9.9999989999001e-08,0,0,0,-1.000000099977091,0.9999999999800001,9.9999989999001e-08,-1.00000363545405e-09,9.999999999800001e-10,99.999989999001
25.00000000500004,0,2.00000363543405e-09,99.99999000000101,100.0000099977092,-99.99999999799999,-9.999998999900101e-06,0,0,2.898570272691359e-12,345,-1.000000099977091,0.99999999998,9.9999989999001e-08,1e-09,1e-09,1000000000,-1.00000363545405e-09,9.999999999800001e-10,99.999989999001,90,0.9,69,3,2,1,1,1,2,2,1,1,1,1,2,1.000000099977091,-0.99999999998,-9.9999989999001e-08,-1.000000099977091,0.99999999998,9.9999989999001e-08,-1.00000363545405e-09,-1.00000363545405e-09,-1.00000363545405e-09,1.000000099977091,-0.99999999998,-9.9999989999001e-08,-1.00000363545405e-09,9.999999999800001e-10,99.999989999001,-2.898570272691359e-12,-1.00000363545405e-09,2.898570272691359e-12,0,1.00000363545405e-09,1.000000099977091,-0.99999999998,-9.9999989999001e-08,0,0,0,-1.000000099977091,0.99999999998,9.9999989999001e-08,-1.00000363545405e-09,9.999999999800001e-10,99.999989999001
25.00000000500004,0,3.000010906362149e-09,3.000010906362149e-09,199.9999999927096,-99.99999999699999,-99.99999999699999,0,0,1.290345608140342e-11,155,-1.999999999927096,0.9999999999699999,0.9999999999699999,1e-09,1e-09,1e-09,-2.00001090639215e-09,9.999999999699999e-10,9.999999999699999e-10,90,0.9,31,3,2,1,1,1,2,2,2,1,1,1,3,1.999999999927096,-0.9999999999699999,-0.9999999999699999,-1.999999999927096,0.9999999999699999,0.9999999999699999,-2.00001090639215e-09,-2.00001090639215e-09,-2.00001090639215e-09,1.999999999927096,-0.9999999999699999,-0.9999999999699999,-2.00001090639215e-09,9.999999999699999e-10,9.999999999699999e-10,-1.290345608140342e-11,-2.00001090639215e-09,1.290345608140342e-11,0,2.00001090639215e-09,1.999999999927096,-0.9999999999699999,-0.9999999999699999,0,0,0,-1.999999999927096,0.9999999999699999,0.9999999999699999,-2.00001090639215e-09,9.999999999699999e-10,9.999999999699999e-10
25.1,0,2.999996695507434e-09,2.999996695507434e-09,199.9999999927097,-99.999999997,-99.999999997,0,0,1.290323403679849e-11,155,-1.999999999927097,0.99999999997,0.99999999997,1e-09,1e-09,1e-09,-1.999996695537434e-09,9.999999999700001e-10,9.999999999700001e-10,90,0.9,31,3,2,1,1,1,2,2,2,1,1,1,3,1.999999999927097,-0.99999999997,-0.99999999997,-1.999999999927097,0.99999999997,0.99999999997,-1.999996695537434e-09,-1.999996695537434e-09,-1.999996695537434e-09,1.999999999927097,-0.99999999997,-0.99999999997,-1.999996695537434e-09,9.999999999700001e-10,9.999999999700001e-10,-1.290323403679849e-11,-1.999996695537434e-09,1.290323403679849e-11,0,1.999996695537434e-09,1.999999999927097,-0.99999999997,-0.99999999997,0,0,0,-1.999999999927097,0.99999999997,0.99999999997,-1.999996695537434e-09,9.999999999700001e-10,9.999999999700001e-10
25.2,0,2.999996695507434e-09,2.999996695507434e-09,199.9999999927097,-99.999999997,-99.999999997,0,0,1.290323403679849e-11,155,-1.999999999927097,0.99999999997,0.99999999997,1e-09,1e-09,1e-09,-1.999996695537434e-09,9.999999999700001e-10,9.999999999700001e-10,90,0.9,31,3,2,1,1,1,2,2,2,1,1,1,3,1.999999999927097,-0.99999999997,-0.99999999997,-1.999999999927097,0.99999999997,0.99999999997,-1.999996695537434e-09,-1.999996695537434e-09,-1.999996695537434e-09,1.999999999927097,-0.99999999997,-0.99999999997,-1.999996695537434e-09,9.999999999700001e-10,9.999999999700001e-10,-1.290323403679849e-11,-1.999996695537434e-09,1.290323403679849e-11,0,1.999996695537434e-09,1.999999999927097,-0.99999999997,-0.99999999997,0,0,0,-1.999999999927097,0.99999999997,0.99999999997,-1.999996695537434e-09,9.999999999700001e-10,9.999999999700001e-10
25.3,0,2.999996695507434e-09,2.999996695507434e-09,199.9999999927097,-99.999999997,-99.999999997,0,0,1.290323403679849e-11,155,-1.999999999927097,0.99999999997,0.99999999997,1e-09,1e-09,1e-09,-1.999996695537434e-09,9.999999999700001e-10,9.999999999700001e-10,90,0.9,31,3,2,1,1,1,2,2,2,1,1,1,3,1.999999999927097,-0.99999999997,-0.99999999997,-1.999999999927097,0.99999999997,0.99999999997,-1.999996695537434e-09,-1.999996695537434e-09,-1.999996695537434e-09,1.999999999927097,-0.99999999997,-0.99999999997,-1.999996695537434e-09,9.999999999700001e-10,9.999999999700001e-10,-1.290323403679849e-11,-1.999996695537434e-09,1.290323403679849e-11,0,1.999996695537434e-09,1.999999999927097,-0.99999999997,-0.99999999997,0,0,0,-1.999999999927097,0.99999999997,0.99999999997,-1.999996695537434e-09,9.999999999700001e-10,9.999999999700001e-10
25.4,0,2.999996695507434e-09,2.999996695507434e-09,199.9999999927097,-99.999999997,-99.999999997,0,0,1.290323403679849e-11,155,-1.999999999927097,0.99999999997,0.99999999997,1e-09,1e-09,1e-09,-1.999996695537434e-09,9.999999999700001e-10,9.999999999700001e-10,90,0.9,31,3,2,1,1,1,2,2,2,1,1,1,3,1.999999999927097,-0.99999999997,-0.99999999997,-1.999999999927097,0.99999999997,0.99999999997,-1.999996695537434e-09,-1.999996695537434e-09,-1.999996695537434e-09,1.999999999927097,-0.99999999997,-0.99999999997,-1.999996695537434e-09,9.999999999700001e-10,9.999999999700001e-10,-1.290323403679849e-11,-1.999996695537434e-09,1.290323403679849e-11,0,1.999996695537434e-09,1.999999999927097,-0.99999999997,-0.99999999997,0,0,0,-1.999999999927097,0.99999999997,0.99999999997,-1.999996695537434e-09,9.999999999700001e-10,9.999999999700001e-10
25.5,0,2.999996695507434e-09,2.999996695507434e-09,199.9999999927097,-99.999999997,-99.999999997,0,0,1.290323403679849e-11,155,-1.999999999927097,0.99999999997,0.99999999997,1e-09,1e-09,1e-09,-1.999996695537434e-09,9.999999999700001e-10,9.999999999700001e-10,90,0.9,31,3,2,1,1,1,2,2,2,1,1,1,3,1.999999999927097,-0.99999999997,-0.99999999997,-1.999999999927097,0.99999999997,0.99999999997,-1.999996695537434e-09,-1.999996695537434e-09,-1.999996695537434e-09,1.999999999927097,-0.99999999997,-0.99999999997,-1.999996695537434e-09,9.999999999700001e-10,9.999999999700001e-10,-1.290323403679849e-11,-1.999996695537434e-09,1.290323403679849e-11,0,1.999996695537434e-09,1.999999999927097,-0.99999999997,-0.99999999997,0,0,0,-1.999999999927097,0.99999999997,0.99999999997,-1.999996695537434e-09,9.999999999700001e-10,9.999999999700001e-10
25.6,0,2.999996695507434e-09,2.999996695507434e-09,199.9999999927097,-99.999999997,-99.999999997,0,0,1.290323403679849e-11,155,-1.999999999927097,0.99999999997,0.99999999997,1e-09,1e-09,1e-09,-1.999996695537434e-09,9.999999999700001e-10,9.999999999700001e-10,90,0.9,31,3,2,1,1,1,2,2,2,1,1,1,3,1.999999999927097,-0.99999999997,-0.99999999997,-1.999999999927097,0.99999999997,0.99999999997,-1.999996695537434e-09,-1.999996695537434e-09,-1.999996695537434e-09,1.999999999927097,-0.99999999997,-0.99999999997,-1.999996695537434e-09,9.999999999700001e-10,9.999999999700001e-10,-1.290323403679849e-11,-1.999996695537434e-09,1.290323403679849e-11,0,1.999996695537434e-09,1.999999999927097,-0.99999999997,-0.99999999997,0,0,0,-1.999999999927097,0.99999999997,0.99999999997,-1.999996695537434e-09,9.999999999700001e-10,9.999999999700001e-10
25.7,0,2.999996695507434e-09,2.999996695507434e-09,199.9999999927097,-99.999999997,-99.999999997,0,0,1.290323403679849e-11,155,-1.999999999927097,0.99999999997,0.99999999997,1e-09,1e-09,1e-09,-1.999996695537434e-09,9.999999999700001e-10,9.999999999700001e-10,90,0.9,31,3,2,1,1,1,2,2,2,1,1,1,3,1.999999999927097,-0.99999999997,-0.99999999997,-1.999999999927097,0.99999999997,0.99999999997,-1.999996695537434e-09,-1.999996695537434e-09,-1.999996695537434e-09,1.999999999927097,-0.99999999997,-0.99999999997,-1.999996695537434e-09,9.999999999700001e-10,9.999999999700001e-10,-1.290323403679849e-11,-1.999996695537434e-09,1.290323403679849e-11,0,1.999996695537434e-09,1.999999999927097,-0.99999999997,-0.99999999997,0,0,0,-1.999999999927097,0.99999999997,0.99999999997,-1.999996695537434e-09,9.999999999700001e-10,9.999999999700001e-10
25.8,0,2.999996695507434e-09,2.999996695507434e-09,199.9999999927097,-99.999999997,-99.999999997,0,0,1.290323403679849e-11,155,-1.999999999927097,0.99999999997,0.99999999997,1e-09,1e-09,1e-09,-1.999996695537434e-09,9.999999999700001e-10,9.999999999700001e-10,90,0.9,31,3,2,1,1,1,2,2,2,1,1,1,3,1.999999999927097,-0.99999999997,-0.99999999997,-1.999999999927097,0.99999999997,0.99999999997,-1.999996695537434e-09,-1.999996695537434e-09,-1.999996695537434e-09,1.999999999927097,-0.99999999997,-0.99999999997,-1.999996695537434e-09,9.999999999700001e-10,9.999999999700001e-10,-1.290323403679849e-11,-1.999996695537434e-09,1.290323403679849e-11,0,1.999996695537434e-09,1.999999999927097,-0.99999999997,-0.99999999997,0,0,0,-1.999999999927097,0.99999999997,0.99999999997,-1.999996695537434e-09,9.999999999700001e-10,9.999999999700001e-10
25.9,0,2.999996695507434e-09,2.999996695507434e-09,199.9999999927097,-99.999999997,-99.999999997,0,0,1.290323403679849e-11,155,-1.999999999927097,0.99999999997,0.99999999997,1e-09,1e-09,1e-09,-1.999996695537434e-09,9.999999999700001e-10,9.999999999700001e-10,90,0.9,31,3,2,1,1,1,2,2,2,1,1,1,3,1.999999999927097,-0.99999999997,-0.99999999997,-1.999999999927097,0.99999999997,0.99999999997,-1.999996695537434e-09,-1.999996695537434e-09,-1.999996695537434e-09,1.999999999927097,-0.99999999997,-0.99999999997,-1.999996695537434e-09,9.999999999700001e-10,9.999999999700001e-10,-1.290323403679849e-11,-1.999996695537434e-09,1.290323403679849e-11,0,1.999996695537434e-09,1.999999999927097,-0.99999999997,-0.99999999997,0,0,0,-1.999999999927097,0.99999999997,0.99999999997,-1.999996695537434e-09,9.999999999700001e-10,9.999999999700001e-10
26,0,2.999996695507434e-09,2.999996695507434e-09,199.9999999927097,-99.999999997,-99.999999997,0,0,1.290323403679849e-11,155,-1.999999999927097,0.99999999997,0.99999999997,1e-09,1e-09,1e-09,-1.999996695537434e-09,9.999999999700001e-10,9.999999999700001e-10,90,0.9,31,3,2,1,1,1,2,2,2,1,1,1,3,1.999999999927097,-0.99999999997,-0.99999999997,-1.999999999927097,0.99999999997,0.99999999997,-1.999996695537434e-09,-1.999996695537434e-09,-1.999996695537434e-09,1.999999999927097,-0.99999999997,-0.99999999997,-1.999996695537434e-09,9.999999999700001e-10,9.999999999700001e-10,-1.290323403679849e-11,-1.999996695537434e-09,1.290323403679849e-11,0,1.999996695537434e-09,1.999999999927097,-0.99999999997,-0.99999999997,0,0,0,-1.999999999927097,0.99999999997,0.99999999997,-1.999996695537434e-09,9.999999999700001e-10,9.999999999700001e-10
26.00000000520013,0,2.999996695507434e-09,2.999996695507434e-09,199.9999999927097,-99.999999997,-99.999999997,0,0,1.290323403679849e-11,155,-1.999999999927097,0.99999999997,0.99999999997,1e-09,1e-09,1e-09,-1.999996695537434e-09,9.999999999700001e-10,9.999999999700001e-10,90,0.9,31,3,2,1,1,1,2,2,2,1,1,1,3,1.999999999927097,-0.99999999997,-0.99999999997,-1.999999999927097,0.99999999997,0.99999999997,-1.999996695537434e-09,-1.999996695537434e-09,-1.999996695537434e-09,1.999999999927097,-0.99999999997,-0.99999999997,-1.999996695537434e-09,9.999999999700001e-10,9.999999999700001e-10,-1.290323403679849e-11,-1.999996695537434e-09,1.290323403679849e-11,0,1.999996695537434e-09,1.999999999927097,-0.99999999997,-0.99999999997,0,0,0,-1.999999999927097,0.99999999997,0.99999999997,-1.999996695537434e-09,9.999999999700001e-10,9.999999999700001e-10
26.00000000520013,0,4.564381220256383e-08,99.99999000000101,100.0000099946598,-99.999999997,-9.999998995535719e-06,0,0,2.33919550396422e-11,410,-1.000000099946598,0.99999999997,9.999998995535719e-08,1e-09,1e-09,1000000000,-4.464381220259384e-08,9.999999999700001e-10,99.99998995535719,90,0.9,82,3,2,1,1,1,2,2,1,1,1,1,2,1.000000099946598,-0.99999999997,-9.999998995535719e-08,-1.000000099946598,0.99999999997,9.999998995535719e-08,-4.464381220259384e-08,-4.464381220259384e-08,-4.464381220259384e-08,1.000000099946598,-0.99999999997,-9.999998995535719e-08,-4.464381220259384e-08,9.999999999700001e-10,99.99998995535719,-2.33919550396422e-11,-4.464381220259384e-08,2.33919550396422e-11,0,4.464381220259384e-08,1.000000099946598,-0.99999999997,-9.999998995535719e-08,0,0,0,-1.000000099946598,0.99999999997,9.999998995535719e-08,-4.464381220259384e-08,9.999999999700001e-10,99.99998995535719
26.1,0,2.00000363543405e-09,99.99999000000101,100.0000099977551,-99.99999999799999,-9.999998999900101e-06,0,0,2.438937940496544e-12,410,-1.000000099977551,0.99999999998,9.9999989999001e-08,1e-09,1e-09,1000000000,-1.00000363545405e-09,9.999999999800001e-10,99.999989999001,90,0.9,82,3,2,1,1,1,2,2,1,1,1,1,2,1.000000099977551,-0.99999999998,-9.9999989999001e-08,-1.000000099977551,0.99999999998,9.9999989999001e-08,-1.00000363545405e-09,-1.00000363545405e-09,-1.00000363545405e-09,1.000000099977551,-0.99999999998,-9.9999989999001e-08,-1.00000363545405e-09,9.999999999800001e-10,99.999989999001,-2.438937940496544e-12,-1.00000363545405e-09,2.438937940496544e-12,0,1.00000363545405e-09,1.000000099977551,-0.99999999998,-9.9999989999001e-08,0,0,0,-1.000000099977551,0.99999999998,9.9999989999001e-08,-1.00000363545405e-09,9.999999999800001e-10,99.999989999001
26.2,0,2.00000363543405e-09,99.99999000000101,100.0000099977551,-99.99999999800001,-9.999998999900101e-06,0,0,2.438937940496544e-12,410,-1.000000099977551,0.9999999999800001,9.9999989999001e-08,1e-09,1e-09,1000000000,-1.00000363545405e-09,9.999999999800001e-10,99.999989999001,90,0.9,82,3,2,1,1,1,2,2,1,1,1,1,2,1.000000099977551,-0.9999999999800001,-9.9999989999001e-08,-1.000000099977551,0.9999999999800001,9.9999989999001e-08,-1.00000363545405e-09,-1.00000363545405e-09,-1.00000363545405e-09,1.000000099977551,-0.9999999999800001,-9.9999989999001e-08,-1.00000363545405e-09,9.999999999800001e-10,99.999989999001,-2.438937940496544e-12,-1.00000363545405e-09,2.438937940496544e-12,0,1.00000363545405e-09,1.000000099977551,-0.9999999999800001,-9.9999989999001e-08,0,0,0,-1.000000099977551,0.9999999999800001,9.9999989999001e-08,-1.00000363545405e-09,9.999999999800001e-10,99.999989999001
26.3,0,2.00000363543405e-09,99.99999000000101,100.0000099977551,-99.99999999799999,-9.999998999900101e-06,0,0,2.439159985101469e-12,410,-1.000000099977551,0.99999999998,9.9999989999001e-08,1e-09,1e-09,1000000000,-1.00000363545405e-09,9.999999999800001e-10,99.999989999001,90,0.9,82,3,2,1,1,1,2,2,1,1,1,1,2,1.000000099977551,-0.99999999998,-9.9999989999001e-08,-1.000000099977551,0.99999999998,9.9999989999001e-08,-1.00000363545405e-09,-1.00000363545405e-09,-1.00000363545405e-09,1.000000099977551,-0.99999999998,-9.9999989999001e-08,-1.00000363545405e-09,9.999999999800001e-10,99.999989999001,-2.439159985101469e-12,-1.00000363545405e-09,2.439159985101469e-12,0,1.00000363545405e-09,1.000000099977551,-0.99999999998,-9.9999989999001e-08,0,0,0,-1.000000099977551,0.99999999998,9.9999989999001e-08,-1.00000363545405e-09,9.999999999800001e-10,99.999989999001
26.4,0,2.00000363543405e-09,99.99999000000101,100.0000099977551,-99.99999999800001,-9.999998999900101e-06,0,0,2.438937940496544e-12,410,-1.000000099977551,0.9999999999800001,9.9999989999001e-08,1e-09,1e-09,1000000000,-1.00000363545405e-09,9.999999999800001e-10,99.999989999001,90,0.9,82,3,2,1,1,1,2,2,1,1,1,1,2,1.000000099977551,-0.9999999999800001,-9.9999989999001e-08,-1.000000099977551,0.9999999999800001,9.9999989999001e-08,-1.00000363545405e-09,-1.00000363545405e-09,-1.00000363545405e-09,1.000000099977551,-0.9999999999800001,-9.9999989999001e-08,-1.00000363545405e-09,9.999999999800001e-10,99.999989999001,-2.438937940496544e-12,-1.00000363545405e-09,2.438937940496544e-12,0,1.00000363545405e-09,1.000000099977551,-0.9999999999800001,-9.9999989999001e-08,0,0,0,-1.000000099977551,0.9999999999800001,9.9999989999001e-08,-1.00000363545405e-09,9.999999999800001e-10,99.999989999001
26.5,0,2.00000363543405e-09,99.99999000000101,100.0000099977551,-99.99999999799999,-9.999998999900101e-06,0,0,2.439159985101469e-12,410,-1.000000099977551,0.99999999998,9.9999989999001e-08,1e-09,1e-09,1000000000,-1.00000363545405e-09,9.999999999800001e-10,99.999989999001,90,0.9,82,3,2,1,1,1,2,2,1,1,1,1,2,1.000000099977551,-0.99999999998,-9.9999989999001e-08,-1.000000099977551,0.99999999998,9.9999989999001e-08,-1.00000363545405e-09,-1.00000363545405e-09,-1.00000363545405e-09,1.000000099977551,-0.99999999998,-9.9999989999001e-08,-1.00000363545405e-09,9.999999999800001e-10,99.999989999001,-2.439159985101469e-12,-1.00000363545405e-09,2.439159985101469e-12,0,1.00000363545405e-09,1.000000099977551,-0.99999999998,-9.9999989999001e-08,0,0,0,-1.000000099977551,0.99999999998,9.9999989999001e-08,-1.00000363545405e-09,9.999999999800001e-10,99.999989999001
26.6,0,2.00000363543405e-09,99.99999000000101,100.0000099977551,-99.99999999800001,-9.999998999900101e-06,0,0,2.438937940496544e-12,410,-1.000000099977551,0.9999999999800001,9.9999989999001e-08,1e-09,1e-09,1000000000,-1.00000363545405e-09,9.999999999800001e-10,99.999989999001,90,0.9,82,3,2,1,1,1,2,2,1,1,1,1,2,1.000000099977551,-0.9999999999800001,-9.9999989999001e-08,-1.000000099977551,0.9999999999800001,9.9999989999001e-08,-1.00000363545405e-09,-1.00000363545405e-09,-1.00000363545405e-09,1.000000099977551,-0.9999999999800001,-9.9999989999001e-08,-1.00000363545405e-09,9.999999999800001e-10,99.999989999001,-2.438937940496544e-12,-1.00000363545405e-09,2.438937940496544e-12,0,1.00000363545405e-09,1.000000099977551,-0.9999999999800001,-9.9999989999001e-08,0,0,0,-1.000000099977551,0.9999999999800001,9.9999989999001e-08,-1.00000363545405e-09,9.999999999800001e-10,99.999989999001
26.7,0,2.00000363543405e-09,99.99999000000101,100.0000099977551,-99.99999999799999,-9.999998999900101e-06,0,0,2.439159985101469e-12,410,-1.000000099977551,0.99999999998,9.9999989999001e-08,1e-09,1e-09,1000000000,-1.00000363545405e-09,9.999999999800001e-10,99.999989999001,90,0.9,82,3,2,1,1,1,2,2,1,1,1,1,2,1.000000099977551,-0.99999999998,-9.9999989999001e-08,-1.000000099977551,0.99999999998,9.9999989999001e-08,-1.00000363545405e-09,-1.00000363545405e-09,-1.00000363545405e-09,1.000000099977551,-0.99999999998,-9.9999989999001e-08,-1.00000363545405e-09,9.999999999800001e-10,99.999989999001,-2.439159985101469e-12,-1.00000363545405e-09,2.439159985101469e-12,0,1.00000363545405e-09,1.000000099977551,-0.99999999998,-9.9999989999001e-08,0,0,0,-1.000000099977551,0.99999999998,9.9999989999001e-08,-1.00000363545405e-09,9.999999999800001e-10,99.999989999001
26.8,0,2.00000363543405e-09,99.99999000000101,100.0000099977551,-99.99999999800001,-9.999998999900101e-06,0,0,2.438937940496544e-12,410,-1.000000099977551,0.9999999999800001,9.9999989999001e-08,1e-09,1e-09,1000000000,-1.00000363545405e-09,9.999999999800001e-10,99.999989999001,90,0.9,82,3,2,1,1,1,2,2,1,1,1,1,2,1.000000099977551,-0.9999999999800001,-9.9999989999001e-08,-1.000000099977551,0.9999999999800001,9.9999989999001e-08,-1.00000363545405e-09,-1.00000363545405e-09,-1.00000363545405e-09,1.000000099977551,-0.9999999999800001,-9.9999989999001e-08,-1.00000363545405e-09,9.999999999800001e-10,99.999989999001,-2.438937940496544e-12,-1.00000363545405e-09,2.438937940496544e-12,0,1.00000363545405e-09,1.000000099977551,-0.9999999999800001,-9.9999989999001e-08,0,0,0,-1.000000099977551,0.9999999999800001,9.9999989999001e-08,-1.00000363545405e-09,9.999999999800001e-10,99.999989999001
26.9,0,2.00000363543405e-09,99.99999000000101,100.0000099977551,-99.99999999799999,-9.999998999900101e-06,0,0,2.439159985101469e-12,410,-1.000000099977551,0.99999999998,9.9999989999001e-08,1e-09,1e-09,1000000000,-1.00000363545405e-09,9.999999999800001e-10,99.999989999001,90,0.9,82,3,2,1,1,1,2,2,1,1,1,1,2,1.000000099977551,-0.99999999998,-9.9999989999001e-08,-1.000000099977551,0.99999999998,9.9999989999001e-08,-1.00000363545405e-09,-1.00000363545405e-09,-1.00000363545405e-09,1.000000099977551,-0.99999999998,-9.9999989999001e-08,-1.00000363545405e-09,9.999999999800001e-10,99.999989999001,-2.439159985101469e-12,-1.00000363545405e-09,2.439159985101469e-12,0,1.00000363545405e-09,1.000000099977551,-0.99999999998,-9.9999989999001e-08,0,0,0,-1.000000099977551,0.99999999998,9.9999989999001e-08,-1.00000363545405e-09,9.999999999800001e-10,99.999989999001
27,0,2.00000363543405e-09,99.99999000000101,100.0000099977551,-99.99999999800001,-9.999998999900101e-06,0,0,2.438937940496544e-12,410,-1.000000099977551,0.9999999999800001,9.9999989999001e-08,1e-09,1e-09,1000000000,-1.00000363545405e-09,9.999999999800001e-10,99.999989999001,90,0.9,82,3,2,1,1,1,2,2,1,1,1,1,2,1.000000099977551,-0.9999999999800001,-9.9999989999001e-08,-1.000000099977551,0.9999999999800001,9.9999989999001e-08,-1.00000363545405e-09,-1.00000363545405e-09,-1.00000363545405e-09,1.000000099977551,-0.9999999999800001,-9.9999989999001e-08,-1.00000363545405e-09,9.999999999800001e-10,99.999989999001,-2.438937940496544e-12,-1.00000363545405e-09,2.438937940496544e-12,0,1.00000363545405e-09,1.000000099977551,-0.9999999999800001,-9.9999989999001e-08,0,0,0,-1.000000099977551,0.9999999999800001,9.9999989999001e-08,-1.00000363545405e-09,9.999999999800001e-10,99.999989999001
27.00000000540022,0,2.00000363543405e-09,99.99999000000101,100.0000099977551,-99.99999999799999,-9.999998999900101e-06,0,0,2.439159985101469e-12,410,-1.000000099977551,0.99999999998,9.9999989999001e-08,1e-09,1e-09,1000000000,-1.00000363545405e-09,9.999999999800001e-10,99.999989999001,90,0.9,82,3,2,1,1,1,2,2,1,1,1,1,2,1.000000099977551,-0.99999999998,-9.9999989999001e-08,-1.000000099977551,0.99999999998,9.9999989999001e-08,-1.00000363545405e-09,-1.00000363545405e-09,-1.00000363545405e-09,1.000000099977551,-0.99999999998,-9.9999989999001e-08,-1.00000363545405e-09,9.999999999800001e-10,99.999989999001,-2.439159985101469e-12,-1.00000363545405e-09,2.439159985101469e-12,0,1.00000363545405e-09,1.000000099977551,-0.99999999998,-9.9999989999001e-08,0,0,0,-1.000000099977551,0.99999999998,9.9999989999001e-08,-1.00000363545405e-09,9.999999999800001e-10,99.999989999001
27.00000000540022,0,2.999996695507434e-09,2.999996695507434e-09,199.9999999921818,-99.99999999700002,-99.999999997,0,0,1.818190042968126e-11,110,-1.999999999921818,0.9999999999700001,0.99999999997,1e-09,1e-09,1e-09,-1.999996695537434e-09,9.999999999700001e-10,9.999999999700001e-10,90,0.9,22,3,2,1,1,1,2,2,2,1,1,1,3,1.999999999921818,-0.9999999999700001,-0.99999999997,-1.999999999921818,0.9999999999700001,0.99999999997,-1.999996695537434e-09,-1.999996695537434e-09,-1.999996695537434e-09,1.999999999921818,-0.9999999999700001,-0.99999999997,-1.999996695537434e-09,9.999999999700001e-10,9.999999999700001e-10,-1.818190042968126e-11,-1.999996695537434e-09,1.818190042968126e-11,0,1.999996695537434e-09,1.999999999921818,-0.9999999999700001,-0.99999999997,0,0,0,-1.999999999921818,0.9999999999700001,0.99999999997,-1.999996695537434e-09,9.999999999700001e-10,9.999999999700001e-10
27.1,0,2.999996695507434e-09,2.999996695507434e-09,199.9999999921818,-99.99999999699999,-99.999999997,-2.220446049250313e-16,0,1.818212247428619e-11,110,-1.999999999921818,0.9999999999699999,0.99999999997,1e-09,1e-09,1e-09,-1.999996695537434e-09,9.999999999699999e-10,9.999999999700001e-10,90,0.9,22,3,2,1,1,1,2,2,2,1,1,1,3,1.999999999921818,-0.9999999999699999,-0.99999999997,-1.999999999921818,0.9999999999699999,0.99999999997,-1.999996695537434e-09,-1.999996695537434e-09,-1.999996695537434e-09,1.999999999921818,-0.9999999999699999,-0.99999999997,-1.999996695537434e-09,9.999999999699999e-10,9.999999999700001e-10,-1.818212247428619e-11,-1.999996695537434e-09,1.818212247428619e-11,0,1.999996695537434e-09,1.999999999921818,-0.9999999999699999,-0.99999999997,0,0,0,-1.999999999921818,0.9999999999699999,0.99999999997,-1.999996695537434e-09,9.999999999699999e-10,9.999999999700001e-10
27.2,0,2.999996695507434e-09,2.999996695507434e-09,199.9999999921818,-99.999999997,-99.999999997,0,0,1.818167838507634e-11,110,-1.999999999921818,0.99999999997,0.99999999997,1e-09,1e-09,1e-09,-1.999996695537434e-09,9.999999999700001e-10,9.999999999700001e-10,90,0.9,22,3,2,1,1,1,2,2,2,1,1,1,3,1.999999999921818,-0.99999999997,-0.99999999997,-1.999999999921818,0.99999999997,0.99999999997,-1.999996695537434e-09,-1.999996695537434e-09,-1.999996695537434e-09,1.999999999921818,-0.99999999997,-0.99999999997,-1.999996695537434e-09,9.999999999700001e-10,9.999999999700001e-10,-1.818167838507634e-11,-1.999996695537434e-09,1.818167838507634e-11,0,1.999996695537434e-09,1.999999999921818,-0.99999999997,-0.99999999997,0,0,0,-1.999999999921818,0.99999999997,0.99999999997,-1.999996695537434e-09,9.999999999700001e-10,9.999999999700001e-10
27.3,0,2.999996695507434e-09,2.999996695507434e-09,199.9999999921818,-99.999999997,-99.999999997,0,0,1.818190042968126e-11,110,-1.999999999921818,0.99999999997,0.99999999997,1e-09,1e-09,1e-09,-1.999996695537434e-09,9.999999999700001e-10,9.999999999700001e-10,90,0.9,22,3,2,1,1,1,2,2,2,1,1,1,3,1.999999999921818,-0.99999999997,-0.99999999997,-1.999999999921818,0.99999999997,0.99999999997,-1.999996695537434e-09,-1.999996695537434e-09,-1.999996695537434e-09,1.999999999921818,-0.99999999997,-0.99999999997,-1.999996695537434e-09,9.999999999700001e-10,9.999999999700001e-10,-1.818190042968126e-11,-1.999996695537434e-09,1.818190042968126e-11,0,1.999996695537434e-09,1.999999999921818,-0.99999999997,-0.99999999997,0,0,0,-1.999999999921818,0.99999999997,0.99999999997,-1.999996695537434e-09,9.999999999700001e-10,9.999999999700001e-10
27.4,0,2.999996695507434e-09,2.999996695507434e-09,199.9999999921818,-99.999999997,-99.999999997,0,0,1.818190042968126e-11,110,-1.999999999921818,0.99999999997,0.99999999997,1e-09,1e-09,1e-09,-1.999996695537434e-09,9.999999999700001e-10,9.999999999700001e-10,90,0.9,22,3,2,1,1,1,2,2,2,1,1,1,3,1.999999999921818,-0.99999999997,-0.99999999997,-1.999999999921818,0.99999999997,0.99999999997,-1.999996695537434e-09,-1.999996695537434e-09,-1.999996695537434e-09,1.999999999921818,-0.99999999997,-0.99999999997,-1.999996695537434e-09,9.999999999700001e-10,9.999999999700001e-10,-1.818190042968126e-11,-1.999996695537434e-09,1.818190042968126e-11,0,1.999996695537434e-09,1.999999999921818,-0.99999999997,-0.99999999997,0,0,0,-1.999999999921818,0.99999999997,0.99999999997,-1.999996695537434e-09,9.999999999700001e-10,9.999999999700001e-10
27.5,0,2.999996695507434e-09,2.999996695507434e-09,199.9999999921818,-99.999999997,-99.999999997,0,0,1.818190042968126e-11,110,-1.999999999921818,0.99999999997,0.99999999997,1e-09,1e-09,1e-09,-1.999996695537434e-09,9.999999999700001e-10,9.999999999700001e-10,90,0.9,22,3,2,1,1,1,2,2,2,1,1,1,3,1.999999999921818,-0.99999999997,-0.99999999997,-1.999999999921818,0.99999999997,0.99999999997,-1.999996695537434e-09,-1.999996695537434e-09,-1.999996695537434e-09,1.999999999921818,-0.99999999997,-0.99999999997,-1.999996695537434e-09,9.999999999700001e-10,9.999999999700001e-10,-1.818190042968126e-11,-1.999996695537434e-09,1.818190042968126e-11,0,1.999996695537434e-09,1.999999999921818,-0.99999999997,-0.99999999997,0,0,0,-1.999999999921818,0.99999999997,0.99999999997,-1.999996695537434e-09,9.999999999700001e-10,9.999999999700001e-10
27.6,0,2.999996695507434e-09,2.999996695507434e-09,199.9999999921818,-99.999999997,-99.999999997,0,0,1.818190042968126e-11,110,-1.999999999921818,0.99999999997,0.99999999997,1e-09,1e-09,1e-09,-1.999996695537434e-09,9.999999999700001e-10,9.999999999700001e-10,90,0.9,22,3,2,1,1,1,2,2,2,1,1,1,3,1.999999999921818,-0.99999999997,-0.99999999997,-1.999999999921818,0.99999999997,0.99999999997,-1.999996695537434e-09,-1.999996695537434e-09,-1.999996695537434e-09,1.999999999921818,-0.99999999997,-0.99999999997,-1.999996695537434e-09,9.999999999700001e-10,9.999999999700001e-10,-1.818190042968126e-11,-1.999996695537434e-09,1.818190042968126e-11,0,1.999996695537434e-09,1.999999999921818,-0.99999999997,-0.99999999997,0,0,0,-1.999999999921818,0.99999999997,0.99999999997,-1.999996695537434e-09,9.999999999700001e-10,9.999999999700001e-10
27.7,0,2.999996695507434e-09,2.999996695507434e-09,199.9999999921818,-99.999999997,-99.999999997,0,0,1.818190042968126e-11,110,-1.999999999921818,0.99999999997,0.99999999997,1e-09,1e-09,1e-09,-1.999996695537434e-09,9.999999999700001e-10,9.999999999700001e-10,90,0.9,22,3,2,1,1,1,2,2,2,1,1,1,3,1.999999999921818,-0.99999999997,-0.99999999997,-1.999999999921818,0.99999999997,0.99999999997,-1.999996695537434e-09,-1.999996695537434e-09,-1.999996695537434e-09,1.999999999921818,-0.99999999997,-0.99999999997,-1.999996695537434e-09,9.999999999700001e-10,9.999999999700001e-10,-1.818190042968126e-11,-1.999996695537434e-09,1.818190042968126e-11,0,1.999996695537434e-09,1.999999999921818,-0.99999999997,-0.99999999997,0,0,0,-1.999999999921818,0.99999999997,0.99999999997,-1.999996695537434e-09,9.999999999700001e-10,9.999999999700001e-10
27.8,0,2.999996695507434e-09,2.999996695507434e-09,199.9999999921818,-99.999999997,-99.999999997,0,0,1.818190042968126e-11,110,-1.999999999921818,0.99999999997,0.99999999997,1e-09,1e-09,1e-09,-1.999996695537434e-09,9.999999999700001e-10,9.999999999700001e-10,90,0.9,22,3,2,1,1,1,2,2,2,1,1,1,3,1.999999999921818,-0.99999999997,-0.99999999997,-1.999999999921818,0.99999999997,0.99999999997,-1.999996695537434e-09,-1.999996695537434e-09,-1.999996695537434e-09,1.999999999921818,-0.99999999997,-0.99999999997,-1.999996695537434e-09,9.999999999700001e-10,9.999999999700001e-10,-1.818190042968126e-11,-1.999996695537434e-09,1.818190042968126e-11,0,1.999996695537434e-09,1.999999999921818,-0.99999999997,-0.99999999997,0,0,0,-1.999999999921818,0.99999999997,0.99999999997,-1.999996695537434e-09,9.999999999700001e-10,9.999999999700001e-10
27.9,0,2.999996695507434e-09,2.999996695507434e-09,199.9999999921818,-99.999999997,-99.999999997,0,0,1.818190042968126e-11,110,-1.999999999921818,0.99999999997,0.99999999997,1e-09,1e-09,1e-09,-1.999996695537434e-09,9.999999999700001e-10,9.999999999700001e-10,90,0.9,22,3,2,1,1,1,2,2,2,1,1,1,3,1.999999999921818,-0.99999999997,-0.99999999997,-1.999999999921818,0.99999999997,0.99999999997,-1.999996695537434e-09,-1.999996695537434e-09,-1.999996695537434e-09,1.999999999921818,-0.99999999997,-0.99999999997,-1.999996695537434e-09,9.999999999700001e-10,9.999999999700001e-10,-1.818190042968126e-11,-1.999996695537434e-09,1.818190042968126e-11,0,1.999996695537434e-09,1.999999999921818,-0.99999999997,-0.99999999997,0,0,0,-1.999999999921818,0.99999999997,0.99999999997,-1.999996695537434e-09,9.999999999700001e-10,9.999999999700001e-10
28,0,2.999996695507434e-09,2.999996695507434e-09,199.9999999921818,-99.999999997,-99.999999997,0,0,1.818190042968126e-11,110,-1.999999999921818,0.99999999997,0.99999999997,1e-09,1e-09,1e-09,-1.999996695537434e-09,9.999999999700001e-10,9.999999999700001e-10,90,0.9,22,3,2,1,1,1,2,2,2,1,1,1,3,1.999999999921818,-0.99999999997,-0.99999999997,-1.999999999921818,0.99999999997,0.99999999997,-1.999996695537434e-09,-1.999996695537434e-09,-1.999996695537434e-09,1.999999999921818,-0.99999999997,-0.99999999997,-1.999996695537434e-09,9.999999999700001e-10,9.999999999700001e-10,-1.818190042968126e-11,-1.999996695537434e-09,1.818190042968126e-11,0,1.999996695537434e-09,1.999999999921818,-0.99999999997,-0.99999999997,0,0,0,-1.999999999921818,0.99999999997,0.99999999997,-1.999996695537434e-09,9.999999999700001e-10,9.999999999700001e-10
28.00000000560031,0,2.999996695507434e-09,2.999996695507434e-09,199.9999999921818,-99.999999997,-99.999999997,0,0,1.818190042968126e-11,110,-1.999999999921818,0.99999999997,0.99999999997,1e-09,1e-09,1e-09,-1.999996695537434e-09,9.999999999700001e-10,9.999999999700001e-10,90,0.9,22,3,2,1,1,1,2,2,2,1,1,1,3,1.999999999921818,-0.99999999997,-0.99999999997,-1.999999999921818,0.99999999997,0.99999999997,-1.999996695537434e-09,-1.999996695537434e-09,-1.999996695537434e-09,1.999999999921818,-0.99999999997,-0.99999999997,-1.999996695537434e-09,9.999999999700001e-10,9.999999999700001e-10,-1.818190042968126e-11,-1.999996695537434e-09,1.818190042968126e-11,0,1.999996695537434e-09,1.999999999921818,-0.99999999997,-0.99999999997,0,0,0,-1.999999999921818,0.99999999997,0.99999999997,-1.999996695537434e-09,9.999999999700001e-10,9.999999999700001e-10
28.00000000560031,0,2.999996695507434e-09,2.999996695507434e-09,199.9999999930476,-99.999999997,-99.999999997,0,0,9.523937194444443e-12,210,-1.999999999930476,0.99999999997,0.99999999997,1e-09,1e-09,1e-09,-1.999996695537434e-09,9.999999999700001e-10,9.999999999700001e-10,90,0.9,42,3,2,1,1,1,2,2,2,1,1,1,3,1.999999999930476,-0.99999999997,-0.99999999997,-1.999999999930476,0.99999999997,0.99999999997,-1.999996695537434e-09,-1.999996695537434e-09,-1.999996695537434e-09,1.999999999930476,-0.99999999997,-0.99999999997,-1.999996695537434e-09,9.999999999700001e-10,9.999999999700001e-10,-9.523937194444443e-12,-1.999996695537434e-09,9.523937194444443e-12,0,1.999996695537434e-09,1.999999999930476,-0.99999999997,-0.99999999997,0,0,0,-1.999999999930476,0.99999999997,0.99999999997,-1.999996695537434e-09,9.999999999700001e-10,9.999999999700001e-10
28.1,0,2.999996695507434e-09,2.999996695507434e-09,199.9999999930476,-99.999999997,-99.999999997,0,0,9.523937194444443e-12,210,-1.999999999930476,0.99999999997,0.99999999997,1e-09,1e-09,1e-09,-1.999996695537434e-09,9.999999999700001e-10,9.999999999700001e-10,90,0.9,42,3,2,1,1,1,2,2,2,1,1,1,3,1.999999999930476,-0.99999999997,-0.99999999997,-1.999999999930476,0.99999999997,0.99999999997,-1.999996695537434e-09,-1.999996695537434e-09,-1.999996695537434e-09,1.999999999930476,-0.99999999997,-0.99999999997,-1.999996695537434e-09,9.999999999700001e-10,9.999999999700001e-10,-9.523937194444443e-12,-1.999996695537434e-09,9.523937194444443e-12,0,1.999996695537434e-09,1.999999999930476,-0.99999999997,-0.99999999997,0,0,0,-1.999999999930476,0.99999999997,0.99999999997,-1.999996695537434e-09,9.999999999700001e-10,9.999999999700001e-10
28.2,0,2.999996695507434e-09,2.999996695507434e-09,199.9999999930476,-99.999999997,-99.999999997,0,0,9.523937194444443e-12,210,-1.999999999930476,0.99999999997,0.99999999997,1e-09,1e-09,1e-09,-1.999996695537434e-09,9.999999999700001e-10,9.999999999700001e-10,90,0.9,42,3,2,1,1,1,2,2,2,1,1,1,3,1.999999999930476,-0.99999999997,-0.99999999997,-1.999999999930476,0.99999999997,0.99999999997,-1.999996695537434e-09,-1.999996695537434e-09,-1.999996695537434e-09,1.999999999930476,-0.99999999997,-0.99999999997,-1.999996695537434e-09,9.999999999700001e-10,9.999999999700001e-10,-9.523937194444443e-12,-1.999996695537434e-09,9.523937194444443e-12,0,1.999996695537434e-09,1.999999999930476,-0.99999999997,-0.99999999997,0,0,0,-1.999999999930476,0.99999999997,0.99999999997,-1.999996695537434e-09,9.999999999700001e-10,9.999999999700001e-10
28.3,0,2.999996695507434e-09,2.999996695507434e-09,199.9999999930476,-99.999999997,-99.999999997,0,0,9.523937194444443e-12,210,-1.999999999930476,0.99999999997,0.99999999997,1e-09,1e-09,1e-09,-1.999996695537434e-09,9.999999999700001e-10,9.999999999700001e-10,90,0.9,42,3,2,1,1,1,2,2,2,1,1,1,3,1.999999999930476,-0.99999999997,-0.99999999997,-1.999999999930476,0.99999999997,0.99999999997,-1.999996695537434e-09,-1.999996695537434e-09,-1.999996695537434e-09,1.999999999930476,-0.99999999997,-0.99999999997,-1.999996695537434e-09,9.999999999700001e-10,9.999999999700001e-10,-9.523937194444443e-12,-1.999996695537434e-09,9.523937194444443e-12,0,1.999996695537434e-09,1.999999999930476,-0.99999999997,-0.99999999997,0,0,0,-1.999999999930476,0.99999999997,0.99999999997,-1.999996695537434e-09,9.999999999700001e-10,9.999999999700001e-10
28.4,0,2.999996695507434e-09,2.999996695507434e-09,199.9999999930476,-99.999999997,-99.999999997,0,0,9.523937194444443e-12,210,-1.999999999930476,0.99999999997,0.99999999997,1e-09,1e-09,1e-09,-1.999996695537434e-09,9.999999999700001e-10,9.999999999700001e-10,90,0.9,42,3,2,1,1,1,2,2,2,1,1,1,3,1.999999999930476,-0.99999999997,-0.99999999997,-1.999999999930476,0.99999999997,0.99999999997,-1.999996695537434e-09,-1.999996695537434e-09,-1.999996695537434e-09,1.999999999930476,-0.99999999997,-0.99999999997,-1.999996695537434e-09,9.999999999700001e-10,9.999999999700001e-10,-9.523937194444443e-12,-1.999996695537434e-09,9.523937194444443e-12,0,1.999996695537434e-09,1.999999999930476,-0.99999999997,-0.99999999997,0,0,0,-1.999999999930476,0.99999999997,0.99999999997,-1.999996695537434e-09,9.999999999700001e-10,9.999999999700001e-10
28.5,0,2.999996695507434e-09,2.999996695507434e-09,199.9999999930476,-99.999999997,-99.999999997,0,0,9.523937194444443e-12,210,-1.999999999930476,0.99999999997,0.99999999997,1e-09,1e-09,1e-09,-1.999996695537434e-09,9.999999999700001e-10,9.999999999700001e-10,90,0.9,42,3,2,1,1,1,2,2,2,1,1,1,3,1.999999999930476,-0.99999999997,-0.99999999997,-1.999999999930476,0.99999999997,0.99999999997,-1.999996695537434e-09,-1.999996695537434e-09,-1.999996695537434e-09,1.999999999930476,-0.99999999997,-0.99999999997,-1.999996695537434e-09,9.999999999700001e-10,9.999999999700001e-10,-9.523937194444443e-12,-1.999996695537434e-09,9.523937194444443e-12,0,1.999996695537434e-09,1.999999999930476,-0.99999999997,-0.99999999997,0,0,0,-1.999999999930476,0.99999999997,0.99999999997,-1.999996695537434e-09,9.999999999700001e-10,9.999999999700001e-10
28.6,0,2.999996695507434e-09,2.999996695507434e-09,199.9999999930476,-99.999999997,-99.999999997,0,0,9.523937194444443e-12,210,-1.999999999930476,0.99999999997,0.99999999997,1e-09,1e-09,1e-09,-1.999996695537434e-09,9.999999999700001e-10,9.999999999700001e-10,90,0.9,42,3,2,1,1,1,2,2,2,1,1,1,3,1.999999999930476,-0.99999999997,-0.99999999997,-1.999999999930476,0.99999999997,0.99999999997,-1.999996695537434e-09,-1.999996695537434e-09,-1.999996695537434e-09,1.999999999930476,-0.99999999997,-0.99999999997,-1.999996695537434e-09,9.999999999700001e-10,9.999999999700001e-10,-9.523937194444443e-12,-1.999996695537434e-09,9.523937194444443e-12,0,1.999996695537434e-09,1.999999999930476,-0.99999999997,-0.99999999997,0,0,0,-1.999999999930476,0.99999999997,0.99999999997,-1.999996695537434e-09,9.999999999700001e-10,9.999999999700001e-10
28.7,0,2.999996695507434e-09,2.999996695507434e-09,199.9999999930476,-99.999999997,-99.999999997,0,0,9.523937194444443e-12,210,-1.999999999930476,0.99999999997,0.99999999997,1e-09,1e-09,1e-09,-1.999996695537434e-09,9.999999999700001e-10,9.999999999700001e-10,90,0.9,42,3,2,1,1,1,2,2,2,1,1,1,3,1.999999999930476,-0.99999999997,-0.99999999997,-1.999999999930476,0.99999999997,0.99999999997,-1.999996695537434e-09,-1.999996695537434e-09,-1.999996695537434e-09,1.999999999930476,-0.99999999997,-0.99999999997,-1.999996695537434e-09,9.999999999700001e-10,9.999999999700001e-10,-9.523937194444443e-12,-1.999996695537434e-09,9.523937194444443e-12,0,1.999996695537434e-09,1.999999999930476,-0.99999999997,-0.99999999997,0,0,0,-1.999999999930476,0.99999999997,0.99999999997,-1.999996695537434e-09,9.999999999700001e-10,9.999999999700001e-10
28.8,0,2.999996695507434e-09,2.999996695507434e-09,199.9999999930476,-99.999999997,-99.999999997,0,0,9.523937194444443e-12,210,-1.999999999930476,0.99999999997,0.99999999997,1e-09,1e-09,1e-09,-1.999996695537434e-09,9.999999999700001e-10,9.999999999700001e-10,90,0.9,42,3,2,1,1,1,2,2,2,1,1,1,3,1.999999999930476,-0.99999999997,-0.99999999997,-1.999999999930476,0.99999999997,0.99999999997,-1.999996695537434e-09,-1.999996695537434e-09,-1.999996695537434e-09,1.999999999930476,-0.99999999997,-0.99999999997,-1.999996695537434e-09,9.999999999700001e-10,9.999999999700001e-10,-9.523937194444443e-12,-1.999996695537434e-09,9.523937194444443e-12,0,1.999996695537434e-09,1.999999999930476,-0.99999999997,-0.99999999997,0,0,0,-1.999999999930476,0.99999999997,0.99999999997,-1.999996695537434e-09,9.999999999700001e-10,9.999999999700001e-10
28.9,0,2.999996695507434e-09,2.999996695507434e-09,199.9999999930476,-99.999999997,-99.999999997,0,0,9.523937194444443e-12,210,-1.999999999930476,0.99999999997,0.99999999997,1e-09,1e-09,1e-09,-1.999996695537434e-09,9.999999999700001e-10,9.999999999700001e-10,90,0.9,42,3,2,1,1,1,2,2,2,1,1,1,3,1.999999999930476,-0.99999999997,-0.99999999997,-1.999999999930476,0.99999999997,0.99999999997,-1.999996695537434e-09,-1.999996695537434e-09,-1.999996695537434e-09,1.999999999930476,-0.99999999997,-0.99999999997,-1.999996695537434e-09,9.999999999700001e-10,9.999999999700001e-10,-9.523937194444443e-12,-1.999996695537434e-09,9.523937194444443e-12,0,1.999996695537434e-09,1.999999999930476,-0.99999999997,-0.99999999997,0,0,0,-1.999999999930476,0.99999999997,0.99999999997,-1.999996695537434e-09,9.999999999700001e-10,9.999999999700001e-10
29,0,2.999996695507434e-09,2.999996695507434e-09,199.9999999930476,-99.999999997,-99.999999997,0,0,9.523937194444443e-12,210,-1.999999999930476,0.99999999997,0.99999999997,1e-09,1e-09,1e-09,-1.999996695537434e-09,9.999999999700001e-10,9.999999999700001e-10,90,0.9,42,3,2,1,1,1,2,2,2,1,1,1,3,1.999999999930476,-0.99999999997,-0.99999999997,-1.999999999930476,0.99999999997,0.99999999997,-1.999996695537434e-09,-1.999996695537434e-09,-1.999996695537434e-09,1.999999999930476,-0.99999999997,-0.99999999997,-1.999996695537434e-09,9.999999999700001e-10,9.999999999700001e-10,-9.523937194444443e-12,-1.999996695537434e-09,9.523937194444443e-12,0,1.999996695537434e-09,1.999999999930476,-0.99999999997,-0.99999999997,0,0,0,-1.999999999930476,0.99999999997,0.99999999997,-1.999996695537434e-09,9.999999999700001e-10,9.999999999700001e-10
29.00000000580039,0,2.999996695507434e-09,2.999996695507434e-09,199.9999999930476,-99.999999997,-99.999999997,0,0,9.523937194444443e-12,210,-1.999999999930476,0.99999999997,0.99999999997,1e-09,1e-09,1e-09,-1.999996695537434e-09,9.999999999700001e-10,9.999999999700001e-10,90,0.9,42,3,2,1,1,1,2,2,2,1,1,1,3,1.999999999930476,-0.99999999997,-0.99999999997,-1.999999999930476,0.99999999997,0.99999999997,-1.999996695537434e-09,-1.999996695537434e-09,-1.999996695537434e-09,1.999999999930476,-0.99999999997,-0.99999999997,-1.999996695537434e-09,9.999999999700001e-10,9.999999999700001e-10,-9.523937194444443e-12,-1.999996695537434e-09,9.523937194444443e-12,0,1.999996695537434e-09,1.999999999930476,-0.99999999997,-0.99999999997,0,0,0,-1.999999999930476,0.99999999997,0.99999999997,-1.999996695537434e-09,9.999999999700001e-10,9.999999999700001e-10
29.00000000580039,0,4.564381220256383e-08,99.99999000000101,100.000009985591,-99.999999997,-9.999998995535719e-06,-2.220446049250313e-16,0,1.140800787169383e-10,340,-1.00000009985591,0.99999999997,9.999998995535719e-08,1e-09,1e-09,1000000000,-4.464381220259384e-08,9.999999999700001e-10,99.99998995535719,90,0.9,68,3,2,1,1,1,2,2,1,1,1,1,2,1.00000009985591,-0.99999999997,-9.999998995535719e-08,-1.00000009985591,0.99999999997,9.999998995535719e-08,-4.464381220259384e-08,-4.464381220259384e-08,-4.464381220259384e-08,1.00000009985591,-0.99999999997,-9.999998995535719e-08,-4.464381220259384e-08,9.999999999700001e-10,99.99998995535719,-1.140800787169383e-10,-4.464381220259384e-08,1.140800787169383e-10,0,4.464381220259384e-08,1.00000009985591,-0.99999999997,-9.999998995535719e-08,0,0,0,-1.00000009985591,0.99999999997,9.999998995535719e-08,-4.464381220259384e-08,9.999999999700001e-10,99.99998995535719
29.1,0,2.00000363543405e-09,99.99999000000101,100.0000099977049,-99.99999999799999,-9.999998999900101e-06,0,0,2.941202836836965e-12,340,-1.000000099977049,0.99999999998,9.9999989999001e-08,1e-09,1e-09,1000000000,-1.00000363545405e-09,9.999999999800001e-10,99.999989999001,90,0.9,68,3,2,1,1,1,2,2,1,1,1,1,2,1.000000099977049,-0.99999999998,-9.9999989999001e-08,-1.000000099977049,0.99999999998,9.9999989999001e-08,-1.00000363545405e-09,-1.00000363545405e-09,-1.00000363545405e-09,1.000000099977049,-0.99999999998,-9.9999989999001e-08,-1.00000363545405e-09,9.999999999800001e-10,99.999989999001,-2.941202836836965e-12,-1.00000363545405e-09,2.941202836836965e-12,0,1.00000363545405e-09,1.000000099977049,-0.99999999998,-9.9999989999001e-08,0,0,0,-1.000000099977049,0.99999999998,9.9999989999001e-08,-1.00000363545405e-09,9.999999999800001e-10,99.999989999001
29.2,0,2.00000363543405e-09,99.99999000000101,100.0000099977049,-99.99999999800001,-9.999998999900101e-06,0,0,2.941202836836965e-12,340,-1.000000099977049,0.9999999999800001,9.9999989999001e-08,1e-09,1e-09,1000000000,-1.00000363545405e-09,9.999999999800001e-10,99.999989999001,90,0.9,68,3,2,1,1,1,2,2,1,1,1,1,2,1.000000099977049,-0.9999999999800001,-9.9999989999001e-08,-1.000000099977049,0.9999999999800001,9.9999989999001e-08,-1.00000363545405e-09,-1.00000363545405e-09,-1.00000363545405e-09,1.000000099977049,-0.9999999999800001,-9.9999989999001e-08,-1.00000363545405e-09,9.999999999800001e-10,99.999989999001,-2.941202836836965e-12,-1.00000363545405e-09,2.941202836836965e-12,0,1.00000363545405e-09,1.000000099977049,-0.9999999999800001,-9.9999989999001e-08,0,0,0,-1.000000099977049,0.9999999999800001,9.9999989999001e-08,-1.00000363545405e-09,9.999999999800001e-10,99.999989999001
29.3,0,2.00000363543405e-09,99.99999000000101,100.0000099977049,-99.99999999799999,-9.999998999900101e-06,0,0,2.941202836836965e-12,340,-1.000000099977049,0.99999999998,9.9999989999001e-08,1e-09,1e-09,1000000000,-1.00000363545405e-09,9.999999999800001e-10,99.999989999001,90,0.9,68,3,2,1,1,1,2,2,1,1,1,1,2,1.000000099977049,-0.99999999998,-9.9999989999001e-08,-1.000000099977049,0.99999999998,9.9999989999001e-08,-1.00000363545405e-09,-1.00000363545405e-09,-1.00000363545405e-09,1.000000099977049,-0.99999999998,-9.9999989999001e-08,-1.00000363545405e-09,9.999999999800001e-10,99.999989999001,-2.941202836836965e-12,-1.00000363545405e-09,2.941202836836965e-12,0,1.00000363545405e-09,1.000000099977049,-0.99999999998,-9.9999989999001e-08,0,0,0,-1.000000099977049,0.99999999998,9.9999989999001e-08,-1.00000363545405e-09,9.999999999800001e-10,99.999989999001
29.4,0,2.00000363543405e-09,99.99999000000101,100.0000099977049,-99.99999999800001,-9.999998999900101e-06,0,0,2.941202836836965e-12,340,-1.000000099977049,0.9999999999800001,9.9999989999001e-08,1e-09,1e-09,1000000000,-1.00000363545405e-09,9.999999999800001e-10,99.999989999001,90,0.9,68,3,2,1,1,1,2,2,1,1,1,1,2,1.000000099977049,-0.9999999999800001,-9.9999989999001e-08,-1.000000099977049,0.9999999999800001,9.9999989999001e-08,-1.00000363545405e-09,-1.00000363545405e-09,-1.00000363545405e-09,1.000000099977049,-0.9999999999800001,-9.9999989999001e-08,-1.00000363545405e-09,9.999999999800001e-10,99.999989999001,-2.941202836836965e-12,-1.00000363545405e-09,2.941202836836965e-12,0,1.00000363545405e-09,1.000000099977049,-0.9999999999800001,-9.9999989999001e-08,0,0,0,-1.000000099977049,0.9999999999800001,9.9999989999001e-08,-1.00000363545405e-09,9.999999999800001e-10,99.999989999001
29.5,0,2.00000363543405e-09,99.99999000000101,100.0000099977049,-99.99999999799999,-9.999998999900101e-06,0,0,2.941202836836965e-12,340,-1.000000099977049,0.99999999998,9.9999989999001e-08,1e-09,1e-09,1000000000,-1.00000363545405e-09,9.999999999800001e-10,99.999989999001,90,0.9,68,3,2,1,1,1,2,2,1,1,1,1,2,1.000000099977049,-0.99999999998,-9.9999989999001e-08,-1.000000099977049,0.99999999998,9.9999989999001e-08,-1.00000363545405e-09,-1.00000363545405e-09,-1.00000363545405e-09,1.000000099977049,-0.99999999998,-9.9999989999001e-08,-1.00000363545405e-09,9.999999999800001e-10,99.999989999001,-2.941202836836965e-12,-1.00000363545405e-09,2.941202836836965e-12,0,1.00000363545405e-09,1.000000099977049,-0.99999999998,-9.9999989999001e-08,0,0,0,-1.000000099977049,0.99999999998,9.9999989999001e-08,-1.00000363545405e-09,9.999999999800001e-10,99.999989999001
29.6,0,2.00000363543405e-09,99.99999000000101,100.0000099977049,-99.99999999800001,-9.999998999900101e-06,0,0,2.941202836836965e-12,340,-1.000000099977049,0.9999999999800001,9.9999989999001e-08,1e-09,1e-09,1000000000,-1.00000363545405e-09,9.999999999800001e-10,99.999989999001,90,0.9,68,3,2,1,1,1,2,2,1,1,1,1,2,1.000000099977049,-0.9999999999800001,-9.9999989999001e-08,-1.000000099977049,0.9999999999800001,9.9999989999001e-08,-1.00000363545405e-09,-1.00000363545405e-09,-1.00000363545405e-09,1.000000099977049,-0.9999999999800001,-9.9999989999001e-08,-1.00000363545405e-09,9.999999999800001e-10,99.999989999001,-2.941202836836965e-12,-1.00000363545405e-09,2.941202836836965e-12,0,1.00000363545405e-09,1.000000099977049,-0.9999999999800001,-9.9999989999001e-08,0,0,0,-1.000000099977049,0.9999999999800001,9.9999989999001e-08,-1.00000363545405e-09,9.999999999800001e-10,99.999989999001
29.7,0,2.00000363543405e-09,99.99999000000101,100.0000099977049,-99.99999999799999,-9.999998999900101e-06,0,0,2.941202836836965e-12,340,-1.000000099977049,0.99999999998,9.9999989999001e-08,1e-09,1e-09,1000000000,-1.00000363545405e-09,9.999999999800001e-10,99.999989999001,90,0.9,68,3,2,1,1,1,2,2,1,1,1,1,2,1.000000099977049,-0.99999999998,-9.9999989999001e-08,-1.000000099977049,0.99999999998,9.9999989999001e-08,-1.00000363545405e-09,-1.00000363545405e-09,-1.00000363545405e-09,1.000000099977049,-0.99999999998,-9.9999989999001e-08,-1.00000363545405e-09,9.999999999800001e-10,99.999989999001,-2.941202836836965e-12,-1.00000363545405e-09,2.941202836836965e-12,0,1.00000363545405e-09,1.000000099977049,-0.99999999998,-9.9999989999001e-08,0,0,0,-1.000000099977049,0.99999999998,9.9999989999001e-08,-1.00000363545405e-09,9.999999999800001e-10,99.999989999001
29.8,0,2.00000363543405e-09,99.99999000000101,100.0000099977049,-99.99999999800001,-9.999998999900101e-06,0,0,2.941202836836965e-12,340,-1.000000099977049,0.9999999999800001,9.9999989999001e-08,1e-09,1e-09,1000000000,-1.00000363545405e-09,9.999999999800001e-10,99.999989999001,90,0.9,68,3,2,1,1,1,2,2,1,1,1,1,2,1.000000099977049,-0.9999999999800001,-9.9999989999001e-08,-1.000000099977049,0.9999999999800001,9.9999989999001e-08,-1.00000363545405e-09,-1.00000363545405e-09,-1.00000363545405e-09,1.000000099977049,-0.9999999999800001,-9.9999989999001e-08,-1.00000363545405e-09,9.999999999800001e-10,99.999989999001,-2.941202836836965e-12,-1.00000363545405e-09,2.941202836836965e-12,0,1.00000363545405e-09,1.000000099977049,-0.9999999999800001,-9.9999989999001e-08,0,0,0,-1.000000099977049,0.9999999999800001,9.9999989999001e-08,-1.00000363545405e-09,9.999999999800001e-10,99.999989999001
29.9,0,2.00000363543405e-09,99.99999000000101,100.0000099977049,-99.99999999799999,-9.999998999900101e-06,0,0,2.941202836836965e-12,340,-1.000000099977049,0.99999999998,9.9999989999001e-08,1e-09,1e-09,1000000000,-1.00000363545405e-09,9.999999999800001e-10,99.999989999001,90,0.9,68,3,2,1,1,1,2,2,1,1,1,1,2,1.000000099977049,-0.99999999998,-9.9999989999001e-08,-1.000000099977049,0.99999999998,9.9999989999001e-08,-1.00000363545405e-09,-1.00000363545405e-09,-1.00000363545405e-09,1.000000099977049,-0.99999999998,-9.9999989999001e-08,-1.00000363545405e-09,9.999999999800001e-10,99.999989999001,-2.941202836836965e-12,-1.00000363545405e-09,2.941202836836965e-12,0,1.00000363545405e-09,1.000000099977049,-0.99999999998,-9.9999989999001e-08,0,0,0,-1.000000099977049,0.99999999998,9.9999989999001e-08,-1.00000363545405e-09,9.999999999800001e-10,99.999989999001
30,0,2.00000363543405e-09,99.99999000000101,100.0000099977049,-99.99999999800001,-9.999998999900101e-06,0,0,2.941202836836965e-12,340,-1.000000099977049,0.9999999999800001,9.9999989999001e-08,1e-09,1e-09,1000000000,-1.00000363545405e-09,9.999999999800001e-10,99.999989999001,90,0.9,68,3,2,1,1,1,2,2,1,1,1,1,2,1.000000099977049,-0.9999999999800001,-9.9999989999001e-08,-1.000000099977049,0.9999999999800001,9.9999989999001e-08,-1.00000363545405e-09,-1.00000363545405e-09,-1.00000363545405e-09,1.000000099977049,-0.9999999999800001,-9.9999989999001e-08,-1.00000363545405e-09,9.999999999800001e-10,99.999989999001,-2.941202836836965e-12,-1.00000363545405e-09,2.941202836836965e-12,0,1.00000363545405e-09,1.000000099977049,-0.9999999999800001,-9.9999989999001e-08,0,0,0,-1.000000099977049,0.9999999999800001,9.9999989999001e-08,-1.00000363545405e-09,9.999999999800001e-10,99.999989999001
30,0,2.00000363543405e-09,99.99999000000101,100.0000099977049,-99.99999999800001,-9.999998999900101e-06,0,0,2.941202836836965e-12,340,-1.000000099977049,0.9999999999800001,9.9999989999001e-08,1e-09,1e-09,1000000000,-1.00000363545405e-09,9.999999999800001e-10,99.999989999001,90,0.9,68,3,2,1,1,1,2,2,1,1,1,1,2,1.000000099977049,-0.9999999999800001,-9.9999989999001e-08,-1.000000099977049,0.9999999999800001,9.9999989999001e-08,-1.00000363545405e-09,-1.00000363545405e-09,-1.00000363545405e-09,1.000000099977049,-0.9999999999800001,-9.9999989999001e-08,-1.00000363545405e-09,9.999999999800001e-10,99.999989999001,-2.941202836836965e-12,-1.00000363545405e-09,2.941202836836965e-12,0,1.00000363545405e-09,1.000000099977049,-0.9999999999800001,-9.9999989999001e-08,0,0,0,-1.000000099977049,0.9999999999800001,9.9999989999001e-08,-1.00000363545405e-09,9.999999999800001e-10,99.999989999001
